Activity ID,Activity Date,Activity Name,Activity Type,Activity Description,Elapsed Time,Distance,Max Heart Rate,Relative Effort,Commute,Activity Private Note,Activity Gear,Filename,Athlete Weight,Bike Weight,Elapsed Time,Moving Time,Distance,Max Speed,Average Speed,Elevation Gain,Elevation Loss,Elevation Low,Elevation High,Max Grade,Average Grade,Average Positive Grade,Average Negative Grade,Max Cadence,Average Cadence,Max Heart Rate,Average Heart Rate,Max Watts,Average Watts,Calories,Max Temperature,Average Temperature,Relative Effort,Total Work,Number of Runs,Uphill Time,Downhill Time,Other Time,Perceived Exertion,Type,Start Time,Weighted Average Power,Power Count,Prefer Perceived Exertion,Perceived Relative Effort,Commute,Total Weight Lifted,From Upload,Grade Adjusted Distance,Weather Observation Time,Weather Condition,Weather Temperature,Apparent Temperature,Dewpoint,Humidity,Weather Pressure,Wind Speed,Wind Gust,Wind Bearing,Precipitation Intensity,Sunrise Time,Sunset Time,Moon Phase,Bike,Gear,Precipitation Probability,Precipitation Type,Cloud Cover,Weather Visibility,UV Index,Weather Ozone,Jump Count,Total Grit,Average Flow,Flagged,Average Elapsed Speed,Dirt Distance,Newly Explored Distance,Newly Explored Dirt Distance,Activity Count,Total Steps,Carbon Saved,Pool Length,Training Load,Intensity,Average Grade Adjusted Pace,Timer Time,Total Cycles,Recovery,With Pet,Competition,Long Run,For a Cause,Media
2457709932,"Jun 17, 2019, 3:13:02 PM",Morning Ride,Ride,,1941,10.39,,,false,,,activities/2457709932.gpx,0.0,,,1536.0,10393.6,18.0,,152.8,,1345.4,1449.5,14.4,0.0,,,,,,,,,,,,,,,,,,,,,,,,,,,,,,,,,,,,,,,,,,,,,,,,,,,,,,,,,,,,,,,,,,,,,,,,,""
2601842849,"Jul 30, 2019, 3:51:46 PM",Morning Run,Run,,778039,3.58,,,false,,,activities/2601842849.gpx,0.0,,778039.0,855.0,3587.1,6.6,,18.2,,1337.4,1345.8,11.1,0.0,,,,,,,,,0.0,,,,,,,,,,,,,,,,,,,,,,,,,,,,,,,,,,,,,,,,,,,,,,,,,,,,,,,,,,,,,,,,""
2601897999,"Aug 8, 2019, 4:01:34 PM",Morning Run,Run,,635,1.62,,,false,,,activities/2601897999.gpx,0.0,,635.0,470.0,1627.0,7.6,,2.8,,1341.2,1345.7,2.2,-0.2,,,,,,,,,0.0,,,,,,,,,,,,,,,,,,,,,,,,,,,,,,,,,,,,,,,,,,,,,,,,,,,,,,,,,,,,,,,,""
2654637892,"Aug 26, 2019, 11:54:52 PM",Afternoon Ride,Ride,,4722,33.57,,,false,,,activities/2654637892.gpx,0.0,,4722.0,4454.0,33575.9,17.1,,318.8,,766.0,919.6,10.2,0.0,,,,,,,,,,,,,,,,,,,,,,,,,,,,,,,,,,,,,,,,,,,,,,,,,,,,,,,,,,,,,,,,,,,,,,,,,""
3790529692,"Jul 20, 2020, 1:55:59 PM",Ochtendloop,Run,,2124,6.69,,,false,,,activities/3790529692.gpx,,,2124.0,1789.0,6694.9,6.1,3.742,13.8,13.8,755.7,763.8,6.8,0.0,,,,,,,,,,,,,,,,,,,,,,,,,0.0,,1.0,6711.2,,,,,,,,,,,,,,,,,,,,,,,,,,,,,,,,,,,,,,,,,,,,,""
3790542176,"Jul 20, 2020, 1:56:28 PM",Morning Run,Run,,2102,6.50,197.0,105,false,,,activities/3790542176.gpx,,,2102.0,1739.0,6506.1,5.9,3.741,13.8,14.2,755.7,763.8,6.6,0.0,,,,,,180.0,,,,,,105.0,,,,,,,,,,,,,0.0,,1.0,6519.8,,,,,,,,,,,,,,,,,,,,,,,,,,,,,,,,,,,,,,,,,,,,,""
3790672072,"Jul 18, 2020, 3:06:08 PM",Morning Ride,Ride,,4526,31.03,177.0,100,false,,,activities/4051622245.fit.gz,,,4526.0,3703.0,31031.3,12.8,8.38,158.5,158.7,757.3,819.3,14.4,0.0,,,,,,153.0,,,814.0,,,100.0,,,,,,,,,,,,,0.0,,1.0,,,,,,,,,,,,,,,,,,,,,,,,,,,,,,,,,,,,,,,,,,,,,,""
3790672368,"Jul 17, 2020, 2:15:20 AM",Evening Ride,Ride,,5481,42.09,182.0,147,false,,,activities/4051622751.fit.gz,,,5481.0,5389.0,42090.8,17.8,7.811,212.3,212.7,751.2,814.9,10.3,0.0,,,,,,154.0,,,1093.0,,,147.0,,,,,,,,,,,,,0.0,,1.0,,,,,,,,,,,,,,,,,,,,,,,,,,,,,,,,,,,,,,,,,,,,,,""
3790672639,"Jul 16, 2020, 1:16:57 AM",Evening Ride,Ride,,5487,40.39,186.0,162,false,,,activities/4051623021.fit.gz,,,5487.0,4859.0,40395.5,17.3,8.314,194.2,194.4,757.3,888.5,14.4,0.0,,,,,,159.0,,,1029.0,,,162.0,,,,,,,,,,,,,0.0,,1.0,,,,,,,,,,,,,,,,,,,,,,,,,,,,,,,,,,,,,,,,,,,,,,""
3790672659,"Jul 14, 2020, 2:34:04 PM",Morning Ride,Ride,,4191,27.82,175.0,102,false,,,activities/4051623138.fit.gz,,,4191.0,3383.0,27822.8,13.0,8.224,123.8,123.9,757.3,818.5,7.6,0.0,,,,,,156.0,,,752.0,,,102.0,,,,,,,,,,,,,0.0,,1.0,,,,,,,,,,,,,,,,,,,,,,,,,,,,,,,,,,,,,,,,,,,,,,""
3790672766,"Jul 11, 2020, 3:06:14 PM",Morning Ride,Ride,,3566,30.04,182.0,130,false,,,activities/4051623292.fit.gz,,,3566.0,3566.0,30042.5,13.3,8.425,133.5,133.8,757.3,820.4,14.2,0.0,,,,,,161.0,,,747.0,,,130.0,,,,,,,,,,,,,0.0,,1.0,,,,,,,,,,,,,,,,,,,,,,,,,,,,,,,,,,,,,,,,,,,,,,""
3790672879,"Jul 10, 2020, 11:22:26 PM",Afternoon Run,Run,,843,2.72,198.0,25,false,,,activities/4051623453.fit.gz,,,843.0,452.0,2720.0,5.0,6.018,17.4,17.8,756.5,767.0,24.6,0.0,,,,,,179.0,,,168.0,,,25.0,,,,,,,,,,,,,0.0,,1.0,2760.8,,,,,,,,,,,,,,,,,,,,,,,,,,,,,,,,,,,,,,,,,,,,,""
3790673581,"Jul 8, 2020, 2:00:09 AM",Evening Ride,Ride,,5570,30.78,185.0,56,false,,,activities/4051624083.fit.gz,,,5570.0,4360.0,30779.5,18.6,7.06,112.9,157.0,815.2,938.9,11.8,-0.1,,,,,,139.0,,,679.0,,,56.0,,,,,,,,,,,,,0.0,,1.0,,,,,,,,,,,,,,,,,,,,,,,,,,,,,,,,,,,,,,,,,,,,,,""
3790673756,"Jul 8, 2020, 1:18:13 AM",Evening Ride,Ride,,2244,16.50,176.0,30,false,,,activities/4051624426.fit.gz,,,2244.0,2244.0,16501.2,12.1,7.353,58.5,18.7,823.6,866.9,28.6,0.2,,,,,,138.0,,,434.0,,,30.0,,,,,,,,,,,,,0.0,,1.0,,,,,,,,,,,,,,,,,,,,,,,,,,,,,,,,,,,,,,,,,,,,,,""
3790674025,"Jul 7, 2020, 1:13:05 AM",Evening Ride,Ride,,4964,31.88,186.0,168,false,,,activities/4051624585.fit.gz,,,4964.0,3863.0,31882.4,12.1,8.253,180.7,180.8,757.3,828.8,40.0,0.0,,,,,,167.0,,,810.0,,,168.0,,,,,,,,,,,,,0.0,,1.0,,,,,,,,,,,,,,,,,,,,,,,,,,,,,,,,,,,,,,,,,,,,,,""
3790674755,"Jul 1, 2020, 1:40:54 PM",Morning Ride,Ride,,1006,0,158.0,18,false,,,activities/4051625593.fit.gz,,,1006.0,1006.0,0.0,0.0,0.0,0.0,,,,0.0,0.0,,,,,,145.0,,,162.0,,,18.0,,,,,,,,,,,,,0.0,,1.0,,,,,,,,,,,,,,,,,,,,,,,,,,,,,,,,,,,,,,,,,,,,,,""
3790674766,"Jul 1, 2020, 1:26:55 PM",Morning Run,Run,,699,2.50,196.0,35,false,,,activities/4051625601.fit.gz,,,699.0,699.0,2501.8,4.6,3.579,0.0,,,,0.0,0.0,,,,,,173.0,,,160.0,,,35.0,,,,,,,,,,,,,0.0,,1.0,,,,,,,,,,,,,,,,,,,,,,,,,,,,,,,,,,,,,,,,,,,,,,""
3790674768,"Jul 1, 2020, 3:27:52 AM",Night Run,Run,,600,2.14,188.0,26,false,,,activities/4051625604.fit.gz,,,600.0,600.0,2145.1,4.2,3.575,0.0,,,,0.0,0.0,,,,,,166.0,,,131.0,,,26.0,,,,,,,,,,,,,0.0,,1.0,,,,,,,,,,,,,,,,,,,,,,,,,,,,,,,,,,,,,,,,,,,,,,""
3790674772,"Jul 1, 2020, 3:46:42 AM",Night Ride,Ride,,1805,0,181.0,48,false,,,activities/4051625582.fit.gz,,,1805.0,1805.0,0.0,0.0,0.0,0.0,,,,0.0,0.0,,,,,,154.0,,,317.0,,,48.0,,,,,,,,,,,,,0.0,,1.0,,,,,,,,,,,,,,,,,,,,,,,,,,,,,,,,,,,,,,,,,,,,,,""
3790674849,"Jul 3, 2020, 2:04:30 PM",Morning Run,Run,,2981,5.68,195.0,39,false,,,activities/4051625595.fit.gz,,,2981.0,1064.0,5681.1,6.9,5.339,9.1,63.3,1394.7,1458.0,5.9,-1.0,,,,,,165.0,,,238.0,,,39.0,,,,,,,,,,,,,0.0,,1.0,5626.6,,,,,,,,,,,,,,,,,,,,,,,,,,2.0,,1287.2,,,,,,,,,,,,,,,,,""
3790674945,"Jun 30, 2020, 2:06:23 AM",Evening Run,Run,,1479,4.87,204.0,75,false,,,activities/4051625810.fit.gz,,,1479.0,1479.0,4876.6,4.6,3.297,0.0,,,,0.0,0.0,,,,,,175.0,,,307.0,,,75.0,,,,,,,,,,,,,0.0,,1.0,,,,,,,,,,,,,,,,,,,,,,,,,,,,,,,,,,,,,,,,,,,,,,""
3790674975,"Jun 25, 2020, 1:33:37 PM",Morning Ride,Ride,,1795,0,170.0,30,false,,,activities/4051625865.fit.gz,,,1795.0,1795.0,0.0,0.0,0.0,0.0,,,,0.0,0.0,,,,,,145.0,,,295.0,,,30.0,,,,,,,,,,,,,0.0,,1.0,,,,,,,,,,,,,,,,,,,,,,,,,,,,,,,,,,,,,,,,,,,,,,""
3790674987,"Jun 25, 2020, 1:15:55 PM",Morning Run,Run,,888,3.26,195.0,43,false,,,activities/4051625899.fit.gz,,,888.0,888.0,3261.8,4.2,3.673,0.0,,,,0.0,0.0,,,,,,172.0,,,203.0,,,43.0,,,,,,,,,,,,,0.0,,1.0,,,,,,,,,,,,,,,,,,,,,,,,,,,,,,,,,,,,,,,,,,,,,,""
3790675039,"Jul 4, 2020, 3:02:38 PM",Morning Walk,Walk,,7862,7.34,142.0,15,false,,,activities/4051625554.fit.gz,,,7862.0,6437.0,7342.1,3.1,1.141,237.6,237.3,1893.7,2099.3,22.1,0.0,,,,,,97.0,,,509.0,,,15.0,,,,,,,,,,,,,0.0,,1.0,,,,,,,,,,,,,,,,,,,,,,,,,,,,,,,,,,,,,,,,,,,,,,""
3790675949,"Jun 24, 2020, 2:18:53 AM",Evening Activity,Workout,,2745,0,152.0,7,false,,,activities/4051626895.fit.gz,,,2745.0,2745.0,0.0,0.0,0.0,0.0,,,,0.0,0.0,,,,,,88.0,,,214.0,,,7.0,,,,,,,,,,,,,0.0,,1.0,,,,,,,,,,,,,,,,,,,,,,,,,,,,,,,,,,,,,,,,,,,,,,""
3797618438,"Jul 21, 2020, 7:11:07 PM",Afternoon Run,Run,,1947,5.22,197.0,87,false,,,activities/3797618438.gpx,,,1947.0,1413.0,5219.5,6.8,3.694,38.2,41.2,773.5,811.8,5.5,-0.1,,,,,,182.0,,,,,,87.0,,,,,,,,,,,,,0.0,,1.0,5238.9,,,,,,,,,,,,,,,,,,,,,,,,,,,,,,,,,,,,,,,,,,,,,""
3821241170,"Jul 23, 2020, 3:40:15 PM",Morning Run,Run,,318,1.20,171.0,8,false,,,activities/3821241170.gpx,,,318.0,318.0,1203.1,5.5,3.783,0.0,-0.9,737.3,739.1,1.3,0.1,,,,,,151.0,,,,,,8.0,,,,,,,,,,,,,0.0,,1.0,1186.6,,,,,,,,,,,,,,,,,,,,,,,,,,,,,,,,,,,,,,,,,,,,,""
3821465720,"Jul 27, 2020, 3:05:08 PM",Morning Run,Run,,1915,5.73,200.0,104,false,,,activities/3821465720.gpx,,,1915.0,1518.0,5730.0,6.5,3.775,12.5,12.7,756.3,763.8,6.2,0.0,,,,,,184.0,,,,,,104.0,,,,,,,,,,,,,0.0,,1.0,5741.4,,,,,,,,,,,,,,,,,,,,,,,,,,,,,,,,,,,,,,,,,,,,,""
3868824770,"Aug 5, 2020, 2:16:11 PM",Morning Ride,Ride,,7745,59.53,173.0,109,false,,,activities/3868824770.gpx,,,7745.0,7578.0,59531.3,14.6,7.856,208.3,208.3,739.3,786.1,20.7,0.0,,,,,,141.0,,,,,,109.0,,,,,,,,,,,,,0.0,,1.0,,,,,,,,,,,,,,,,,,,,,,,,,,,,,,,,,,,,,,,,,,,,,,""
3885698865,"Aug 7, 2020, 9:05:50 PM",Boulder Lake Hike,Walk,"",11462,7.07,156.0,22,false,,,activities/4158472708.fit.gz,,,11462.0,5318.0,7072.5,3.3,1.33,256.8,258.8,1915.5,2155.5,38.1,0.0,,,,,,115.0,,,459.0,,,22.0,,,,,,,,,,,0.0,,0.0,,1.0,,,,,,,,,,,,,,,,,,,,,,,,,,,,,,,,,,,,,,,,,,,,,,""
3900081618,"Aug 12, 2020, 12:22:54 AM",Evening Run,Run,,1331,4.13,204.0,65,false,,,activities/3900081618.gpx,,,1331.0,1029.0,4129.3,5.8,4.013,11.3,11.6,756.3,763.8,6.2,0.0,,,,,,184.0,,,,,,65.0,,,,,,,,,,,,,0.0,,1.0,4104.6,,,,,,,,,,,,,,,,,,,,,,,,,,,,,,,,,,,,,,,,,,,,,""
3914266725,"Aug 14, 2020, 8:13:07 PM",Afternoon Ride,Ride,,7070,52.23,190.0,238,false,,,activities/3914266725.gpx,,,7070.0,6784.0,52234.1,16.3,7.7,292.6,292.7,757.3,888.5,12.8,0.0,,,,,,161.0,,,,,,238.0,,,,,,,,,,,,,0.0,,1.0,,,,,,,,,,,,,,,,,,,,,,,,,,,,,,,,,,,,,,,,,,,,,,""
4025427176,"Sep 7, 2020, 2:16:14 PM",Morning Ride,Ride,,3375,24.52,186.0,115,false,,,activities/4025427176.gpx,,,3375.0,3282.0,24522.4,16.1,7.472,134.8,134.8,757.3,822.4,7.5,0.0,,,,,,160.0,,,,,,115.0,,,,,,,,,,,,,0.0,,1.0,,,,,,,,,,,,,,,,,,,,,,,,,,,,,,,,,,,,,,,,,,,,,,""
4044248649,"Sep 11, 2020, 2:38:52 PM",Morning Run,Run,,1660,5.22,186.0,84,false,,,activities/4044248649.gpx,,,1660.0,1390.0,5226.7,6.3,3.76,61.9,63.3,1480.2,1518.6,5.9,0.0,,,,,,177.0,,,,,,84.0,,,,,,,,,,,,,0.0,,1.0,5298.5,,,,,,,,,,,,,,,,,,,,,,,,,,,,,,,,,,,,,,,,,,,,,""
4266798748,"Oct 31, 2020, 2:15:16 PM",Morning Run,Run,,1434,4.27,187.0,48,false,,,activities/4266798748.gpx,,,1434.0,1202.0,4277.5,6.3,3.559,58.0,61.3,1486.3,1518.4,5.8,-0.1,,,,,,167.0,,,,,,48.0,,,,,,,,,,,,,0.0,,1.0,4282.3,,,,,,,,,,,,,,,,,,,,,,,,,,,,,,,,,,,,,,,,,,,,,""
5120820725,"Apr 13, 2021, 4:58:14 PM",Morning Run,Run,,1549,4.34,204.0,61,false,,,activities/5120820725.gpx,,,1549.0,1258.0,4342.4,5.6,3.452,33.2,33.2,2.3,29.3,11.3,0.0,,,,,,177.0,,,,,,61.0,,,,,,,,,,,,,0.0,,1.0,4403.9,,,,,,,,,,,,,,,,,,,,,,,,,,,,,,,,,,,,,,,,,,,,,""
5121251916,"Apr 13, 2021, 5:43:23 PM",Morning Ride,Ride,,2853,15.12,157.0,14,false,,,activities/5121251916.gpx,,,2853.0,2556.0,15119.5,10.2,5.915,92.4,92.4,2.1,31.8,16.0,0.0,,,,,,125.0,,,,,,14.0,,,,,,,,,,,,,0.0,,1.0,,,,,,,,,,,,,,,,,,,,,,,,,,,,,,,,,,,,,,,,,,,,,,""
5127142130,"Apr 14, 2021, 5:55:55 PM",Morning Run,Run,,664,1.67,180.0,6,false,,,activities/5127142130.gpx,,,664.0,458.0,1673.5,5.1,3.654,16.5,16.6,15.3,29.2,8.1,0.0,,,,,,140.0,,,,,,6.0,,,,,,,,,,,,,0.0,,1.0,1704.7,,,,,,,,,,,,,,,,,,,,,,,,,,,,,,,,,,,,,,,,,,,,,""
5127432915,"Apr 14, 2021, 6:41:22 PM",Lunch Ride,Ride,,1266,0,184.0,31,false,,,activities/5127432915.gpx,,,1266.0,1266.0,0.0,0.0,0.0,0.0,,,,0.0,0.0,,,,,,150.0,,,,,,31.0,,,,,,,,,,,,,0.0,,1.0,,,,,,,,,,,,,,,,,,,,,,,,,,,,,,,,,,,,,,,,,,,,,,""
5129307945,"Apr 15, 2021, 4:30:59 AM",Evening Ride,Ride,,4026,22.45,122.0,7,false,,,activities/5129307945.gpx,,,4026.0,3794.0,22456.3,10.7,5.919,144.5,144.0,2.1,45.9,10.6,0.0,,,,,,91.0,,,,,,7.0,,,,,,,,,,,,,0.0,,1.0,,,,,,,,,,,,,,,,,,,,,,,,,,,,,,,,,,,,,,,,,,,,,,""
5132914347,"Apr 15, 2021, 6:13:18 PM",Lunch Ride,Ride,,1909,0,180.0,24,false,,,activities/5132914347.gpx,,,1909.0,1909.0,0.0,0.0,0.0,0.0,,,,0.0,0.0,,,,,,134.0,,,,,,24.0,,,,,,,,,,,,,0.0,,1.0,,,,,,,,,,,,,,,,,,,,,,,,,,,,,,,,,,,,,,,,,,,,,,""
5138160500,"Apr 16, 2021, 5:55:54 PM",Lunch Ride,Ride,,2851,0,174.0,17,false,,,activities/5138160500.gpx,,,2851.0,2851.0,0.0,0.0,0.0,0.0,,,,0.0,0.0,,,,,,118.0,,,,,,17.0,,,,,,,,,,,,,0.0,,1.0,,,,,,,,,,,,,,,,,,,,,,,,,,,,,,,,,,,,,,,,,,,,,,""
5144437601,"Apr 17, 2021, 6:20:45 PM",Morning Ride,Ride,,1641,9.49,114.0,3,false,,,activities/5144437601.gpx,,,1641.0,1605.0,9491.6,9.8,5.914,75.9,76.0,3.1,31.8,8.6,0.0,,,,,,87.0,,,,,,3.0,,,,,,,,,,,,,0.0,,1.0,,,,,,,,,,,,,,,,,,,,,,,,,,,,,,,,,,,,,,,,,,,,,,""
5156102367,"Apr 19, 2021, 5:39:43 PM",Lunch Ride,Ride,,2029,0,182.0,31,false,,,activities/5156102367.gpx,,,2029.0,2029.0,0.0,0.0,0.0,0.0,,,,0.0,0.0,,,,,,137.0,,,,,,31.0,,,,,,,,,,,,,0.0,,1.0,,,,,,,,,,,,,,,,,,,,,,,,,,,,,,,,,,,,,,,,,,,,,,""
5162121395,"Apr 20, 2021, 5:31:01 PM",Morning Run,Run,,1626,4.87,200.0,89,false,,,activities/5162121395.gpx,,,1626.0,1435.0,4870.9,5.4,3.394,36.5,36.5,3.1,29.3,8.9,0.0,,,,,,181.0,,,,,,89.0,,,,,,,,,,,,,0.0,,1.0,4923.3,,,,,,,,,,,,,,,,,,,,,,,,,,,,,,,,,,,,,,,,,,,,,""
5168259154,"Apr 21, 2021, 5:43:04 PM",Lunch Ride,Ride,,2531,0,173.0,30,false,,,activities/5168259154.gpx,,,2531.0,2531.0,0.0,0.0,0.0,0.0,,,,0.0,0.0,,,,,,129.0,,,,,,30.0,,,,,,,,,,,,,0.0,,1.0,,,,,,,,,,,,,,,,,,,,,,,,,,,,,,,,,,,,,,,,,,,,,,""
5179052109,"Apr 22, 2021, 5:38:45 PM",Morning Run,Run,,1528,4.72,196.0,70,false,,,activities/5179052109.gpx,,,1528.0,1370.0,4720.5,5.5,3.446,36.6,36.6,3.1,29.2,8.6,0.0,,,,,,176.0,,,,,,70.0,,,,,,,,,,,,,0.0,,1.0,4772.1,,,,,,,,,,,,,,,,,,,,,,,,,,,,,,,,,,,,,,,,,,,,,""
5179337135,"Apr 23, 2021, 5:43:20 PM",Lunch Ride,Ride,,1568,0,173.0,11,false,,,activities/5179337135.gpx,,,1568.0,1568.0,0.0,0.0,0.0,0.0,,,,0.0,0.0,,,,,,127.0,,,,,,11.0,,,,,,,,,,,,,0.0,,1.0,,,,,,,,,,,,,,,,,,,,,,,,,,,,,,,,,,,,,,,,,,,,,,""
5185655810,"Apr 24, 2021, 6:08:46 PM",Lunch Ride,Ride,,1189,0,167.0,21,false,,,activities/5185655810.gpx,,,1189.0,1189.0,0.0,0.0,0.0,0.0,,,,0.0,0.0,,,,,,144.0,,,,,,21.0,,,,,,,,,,,,,0.0,,1.0,,,,,,,,,,,,,,,,,,,,,,,,,,,,,,,,,,,,,,,,,,,,,,""
5186440465,"Apr 24, 2021, 6:37:15 PM",Morning Run,Run,,2896,4.64,200.0,71,false,,,activities/5186440465.gpx,,,2896.0,1312.0,4649.0,5.4,3.543,31.8,25.5,3.1,29.2,9.1,0.2,,,,,,183.0,,,,,,71.0,,,,,,,,,,,,,0.0,,1.0,4149.3,,,,,,,,,,,,,,,,,,,,,,,,,,,,,,,,,,,,,,,,,,,,,""
5197672732,"Apr 26, 2021, 6:06:06 PM",Lunch Ride,Ride,,4660,0,178.0,22,false,,,activities/5197672732.gpx,,,4660.0,4660.0,0.0,0.0,0.0,0.0,,,,0.0,0.0,,,,,,100.0,,,,,,22.0,,,,,,,,,,,,,0.0,,1.0,,,,,,,,,,,,,,,,,,,,,,,,,,,,,,,,,,,,,,,,,,,,,,""
5203795795,"Apr 27, 2021, 7:22:38 PM",Afternoon Ride,Ride,,1833,0,168.0,21,false,,,activities/5203795795.gpx,,,1833.0,1833.0,0.0,0.0,0.0,0.0,,,,0.0,0.0,,,,,,135.0,,,,,,21.0,,,,,,,,,,,,,0.0,,1.0,,,,,,,,,,,,,,,,,,,,,,,,,,,,,,,,,,,,,,,,,,,,,,""
5209038131,"Apr 28, 2021, 6:14:53 PM",Morning Run,Run,,978,3.58,194.0,56,false,,,activities/5209038131.gpx,,,978.0,967.0,3580.8,7.0,3.703,21.1,18.7,23.0,39.4,7.5,0.1,,,,,,177.0,,,,,,56.0,,,,,,,,,,,,,0.0,,1.0,3600.5,,,,,,,,,,,,,,,,,,,,,,,,,,,,,,,,,,,,,,,,,,,,,""
5210915242,"Apr 29, 2021, 2:34:37 AM",Afternoon Ride,Ride,,1018,5.49,108.0,1,false,,,activities/5210915242.gpx,,,1018.0,974.0,5495.5,10.6,5.642,25.7,25.7,23.0,41.1,7.6,0.0,,,,,,76.0,,,,,,1.0,,,,,,,,,,,,,0.0,,1.0,,,,,,,,,,,,,,,,,,,,,,,,,,,,,,,,,,,,,,,,,,,,,,""
5219507157,"Apr 30, 2021, 6:13:20 PM",Morning Run,Run,,1017,3.39,194.0,52,false,,,activities/5219507157.gpx,,,1017.0,926.0,3398.9,4.9,3.671,20.2,17.1,23.0,43.7,3.1,0.1,,,,,,177.0,,,,,,52.0,,,,,,,,,,,,,0.0,,1.0,3412.1,,,,,,,,,,,,,,,,,,,,,,,,,,,,,,,,,,,,,,,,,,,,,""
5219535110,"Apr 30, 2021, 6:36:42 PM",Lunch Ride,Ride,,404,0,137.0,1,false,,,activities/5219535110.gpx,,,404.0,404.0,0.0,0.0,0.0,0.0,,,,0.0,0.0,,,,,,128.0,,,,,,1.0,,,,,,,,,,,,,0.0,,1.0,,,,,,,,,,,,,,,,,,,,,,,,,,,,,,,,,,,,,,,,,,,,,,""
5219616228,"Apr 30, 2021, 6:47:31 PM",Lunch Activity,Workout,,331,0,175.0,10,false,,,activities/5219616228.gpx,,,331.0,331.0,0.0,0.0,0.0,0.0,,,,0.0,0.0,,,,,,161.0,,,,,,10.0,,,,,,,,,,,,,0.0,,1.0,,,,,,,,,,,,,,,,,,,,,,,,,,,,,,,,,,,,,,,,,,,,,,""
5225731753,"May 1, 2021, 6:19:10 PM",Morning Run,Run,,1173,3.40,195.0,49,false,,,activities/5225731753.gpx,,,1173.0,907.0,3406.9,6.2,3.756,20.0,17.0,23.0,43.8,3.3,0.1,,,,,,175.0,,,,,,49.0,,,,,,,,,,,,,0.0,,1.0,3417.4,,,,,,,,,,,,,,,,,,,,,,,,,,,,,,,,,,,,,,,,,,,,,""
5225768037,"May 1, 2021, 7:03:25 PM",Afternoon Activity,Workout,,505,0,175.0,24,false,,,activities/5225768037.gpx,,,505.0,505.0,0.0,0.0,0.0,0.0,,,,0.0,0.0,,,,,,169.0,,,,,,24.0,,,,,,,,,,,,,0.0,,1.0,,,,,,,,,,,,,,,,,,,,,,,,,,,,,,,,,,,,,,,,,,,,,,""
5237160949,"May 3, 2021, 6:45:00 PM",Morning Run,Run,,1103,3.36,195.0,50,false,,,activities/5237160949.gpx,,,1103.0,905.0,3364.5,6.0,3.718,19.5,17.1,23.8,43.7,3.3,0.1,,,,,,178.0,,,,,,50.0,,,,,,,,,,,,,0.0,,1.0,3336.2,,,,,,,,,,,,,,,,,,,,,,,,,,,,,,,,,,,,,,,,,,,,,""
5242131805,"May 4, 2021, 6:10:38 PM",Morning Run,Run,,1084,3.39,191.0,44,false,,,activities/5242131805.gpx,,,1084.0,885.0,3395.2,5.8,3.836,20.2,17.2,23.1,43.7,3.3,0.1,,,,,,172.0,,,,,,44.0,,,,,,,,,,,,,0.0,,1.0,3405.6,,,,,,,,,,,,,,,,,,,,,,,,,,,,,,,,,,,,,,,,,,,,,""
5247655184,"May 5, 2021, 6:03:38 PM",Lunch Ride,Ride,,2630,0,173.0,11,false,,,activities/5247655184.gpx,,,2630.0,2630.0,0.0,0.0,0.0,0.0,,,,0.0,0.0,,,,,,102.0,,,,,,11.0,,,,,,,,,,,,,0.0,,1.0,,,,,,,,,,,,,,,,,,,,,,,,,,,,,,,,,,,,,,,,,,,,,,""
5253110007,"May 6, 2021, 6:53:45 PM",Morning Run,Run,,1210,3.62,193.0,55,false,,,activities/5253110007.gpx,,,1210.0,932.0,3624.9,5.3,3.889,20.3,20.4,23.0,43.7,3.2,0.0,,,,,,178.0,,,,,,55.0,,,,,,,,,,,,,0.0,,1.0,3639.3,,,,,,,,,,,,,,,,,,,,,,,,,,,,,,,,,,,,,,,,,,,,,""
5258199062,"May 7, 2021, 6:45:48 PM",Lunch Ride,Ride,,1519,0,169.0,16,false,,,activities/5258199062.gpx,,,1519.0,1519.0,0.0,0.0,0.0,0.0,,,,0.0,0.0,,,,,,133.0,,,,,,16.0,,,,,,,,,,,,,0.0,,1.0,,,,,,,,,,,,,,,,,,,,,,,,,,,,,,,,,,,,,,,,,,,,,,""
5302418831,"May 15, 2021, 3:31:41 PM",Morning Ride,Ride,,6275,36.03,188.0,137,false,,,activities/5302418831.gpx,,,6275.0,5599.0,36038.4,16.9,6.437,417.3,417.2,1365.6,1540.0,15.7,0.0,,,,,,152.0,,,,,,137.0,,,,,,,,,,,,,0.0,,1.0,,,,,,,,,,,,,,,,,,,,,,,,,,,,,,,,,,,,,,,,,,,,,,""
5324532986,"May 19, 2021, 4:55:03 PM",Morning Ride,Ride,,1862,0,182.0,48,false,,,activities/5324532986.gpx,,,1862.0,1862.0,0.0,0.0,0.0,0.0,,,,0.0,0.0,,,,,,152.0,,,,,,48.0,,,,,,,,,,,,,0.0,,1.0,,,,,,,,,,,,,,,,,,,,,,,,,,,,,,,,,,,,,,,,,,,,,,""
5554457056,"Jun 30, 2021, 6:18:08 PM",Lunch Run,Run,,952,2.56,203.0,42,false,,,activities/5554457056.gpx,,,952.0,666.0,2564.5,6.7,3.851,7.4,7.4,756.2,763.7,3.5,0.0,,,,,,184.0,,,,,,42.0,,,,,,,,,,,,,0.0,,1.0,2572.2,,,,,,,,,,,,,,,,,,,,,,,,,,,,,,,,,,,,,,,,,,,,,""
5558238999,"Jul 1, 2021, 1:05:00 PM",Morning Run,Run,,1093,3.37,202.0,50,false,,,activities/5558238999.gpx,,,1093.0,921.0,3376.4,5.3,3.666,10.3,10.3,756.2,763.7,4.2,0.0,,,,,,178.0,,,,,,50.0,,,,,,,,,,,,,0.0,,1.0,3383.7,,,,,,,,,,,,,,,,,,,,,,,,,,,,,,,,,,,,,,,,,,,,,""
5563316101,"Jul 2, 2021, 1:08:59 PM",Morning Run,Run,,1071,3.11,200.0,46,false,,,activities/5563316101.gpx,,,1071.0,834.0,3116.8,5.3,3.737,19.4,19.4,756.4,769.0,12.5,0.0,,,,,,177.0,,,,,,46.0,,,,,,,,,,,,,0.0,,1.0,3156.0,,,,,,,,,,,,,,,,,,,,,,,,,,,,,,,,,,,,,,,,,,,,,""
5594641850,"Jul 8, 2021, 1:08:48 PM",Morning Run,Run,,1026,3.39,199.0,47,false,,,activities/5594641850.gpx,,,1026.0,889.0,3393.1,5.5,3.817,10.3,10.3,756.2,763.7,3.4,0.0,,,,,,175.0,,,,,,47.0,,,,,,,,,,,,,0.0,,1.0,3400.7,,,,,,,,,,,,,,,,,,,,,,,,,,,,,,,,,,,,,,,,,,,,,""
5605875728,"Jul 10, 2021, 3:46:35 PM",Morning Run,Run,,1866,5.06,201.0,74,false,,,activities/5605875728.gpx,,,1866.0,1372.0,5065.0,5.2,3.692,12.2,12.2,756.2,763.7,3.6,0.0,,,,,,177.0,,,,,,74.0,,,,,,,,,,,,,0.0,,1.0,5073.3,,,,,,,,,,,,,,,,,,,,,,,,,,,2.714,,,,,,,,,,,,,,,,,,""
5623415157,"Jul 13, 2021, 10:23:21 PM",Afternoon Run,Run,,1801,4.81,204.0,83,false,,,activities/5623415157.gpx,,,1801.0,1320.0,4812.4,5.3,3.646,17.9,17.8,756.2,765.5,5.2,0.0,,,,,,184.0,,,,,,83.0,,,,,,,,,,,,,0.0,,1.0,4827.3,,,,,,,,,,,,,,,,,,,,,,,,,,,2.672,,,,,,,,,,,,,,,,,,""
5658057567,"Jul 20, 2021, 1:12:01 PM",Morning Run,Run,,1566,4.28,201.0,57,false,,,activities/5658057567.gpx,,,1566.0,1236.0,4282.9,6.3,3.465,19.4,19.0,1331.8,1345.3,7.2,0.0,,,,,,173.0,,,,,,57.0,,,,,,,,,,,,,0.0,,1.0,4312.8,,,,,,,,,,,,,,,,,,,,,,,,,,,2.735,,,,,,,,,,,,,,,,,,""
5766345629,"Aug 9, 2021, 8:24:09 PM",Afternoon Run,Run,,1078,3.42,205.0,58,false,,,activities/5766345629.gpx,,,1078.0,933.0,3424.9,5.6,3.671,28.7,28.7,81.4,90.6,6.3,0.0,,,,,,184.0,,,,,,58.0,,,,,,,,,,,,,0.0,,1.0,3465.8,,,,,,,,,,,,,,,,,,,,,,,,,,,3.177,,,,,,,,,,,,,,,,,,""
5771686825,"Aug 10, 2021, 8:18:15 PM",Afternoon Run,Run,,981,2.97,204.0,47,false,,,activities/5771686825.gpx,,,981.0,784.0,2973.8,5.8,3.793,26.3,26.3,81.9,102.1,7.5,0.0,,,,,,183.0,,,,,,47.0,,,,,,,,,,,,,0.0,,1.0,3022.9,,,,,,,,,,,,,,,,,,,,,,,,,,,3.031,,,,,,,,,,,,,,,,,,""
5831233210,"Aug 21, 2021, 9:30:55 PM",Afternoon Run,Run,,1574,4.50,201.0,57,false,,,activities/5831233210.gpx,,,1574.0,1260.0,4501.7,5.7,3.573,14.2,14.4,76.9,92.1,1.8,0.0,,,,,,172.0,,,,,,57.0,,,,,,,,,,,,,0.0,,1.0,4503.6,,,,,,,,,,,,,,,,,,,,,,,,,,,2.86,,,,,,,,,,,,,,,,,,""
5841594699,"Aug 23, 2021, 6:19:07 PM",Afternoon Run,Run,,1123,3.68,206.0,62,false,,,activities/5841594699.gpx,,,1123.0,962.0,3680.3,6.9,3.826,9.1,8.9,76.9,86.0,1.9,0.0,,,,,,185.0,,,,,,62.0,,,,,,,,,,,,,0.0,,1.0,3681.0,,,,,,,,,,,,,,,,,,,,,,,,,,,3.277,,,,,,,,,,,,,,,,,,""
5887703039,"Aug 28, 2021, 6:51:51 PM",Afternoon Run,Run,Never stopped recording,325073,4.87,205.0,83,false,,,activities/5887703039.gpx,,,325073.0,2139.0,4872.8,5.8,2.278,16.4,13.4,76.9,93.5,17.4,0.1,,,,,,184.0,,,,,,83.0,,,,,,,,,,,0.0,,0.0,,1.0,4894.0,,,,,,,,,,,,,,,,,,,,,,,,,,,0.015,,,,,,,,,,,,,,,,,,""
5888622830,"Sep 1, 2021, 4:05:13 PM",Lunch Run,Run,,1288,4.02,204.0,74,false,,,activities/5888622830.gpx,,,1288.0,1077.0,4023.3,6.0,3.736,12.0,11.2,76.9,89.1,1.8,0.0,,,,,,185.0,,,,,,74.0,,,,,,,,,,,,,0.0,,1.0,3912.7,,,,,,,,,,,,,,,,,,,,,,,,,,,3.124,,,,,,,,,,,,,,,,,,""
5917447461,"Sep 4, 2021, 1:54:56 PM",Morning Run,Run,,1198,4.15,203.0,48,false,,,activities/5917447461.gpx,,,1198.0,1070.0,4152.6,6.3,3.881,11.4,12.0,76.9,88.5,1.8,0.0,,,,,,173.0,,,,,,48.0,,,,,,,,,,,,,0.0,,1.0,4149.0,,,,,,,,,,,,,,,,,,,,,,,,,,0.0,3.466,,,,,,,,,,,,,,,,,,""
5917447463,"Sep 6, 2021, 7:49:22 PM",Afternoon Run,Run,,1432,4.60,202.0,76,false,,,activities/5917447463.gpx,,,1432.0,1212.0,4602.1,5.9,3.797,13.9,14.2,76.9,92.0,2.6,0.0,,,,,,186.0,,,,,,76.0,,,,,,,,,,,,,0.0,,1.0,4169.6,,,,,,,,,,,,,,,,,,,,,,,,,,0.0,3.214,,,,,,,,,,,,,,,,,,""
5931645978,"Sep 8, 2021, 4:09:30 PM",Lunch Run,Run,,238,0.86,169.0,1,false,,,activities/5931645978.gpx,,,238.0,236.0,862.9,5.9,3.656,0.0,0.4,77.1,79.0,2.1,0.0,,,,,,128.0,,,,,,1.0,,,,,,,,,,,,,0.0,,1.0,864.0,,,,,,,,,,,,,,,,,,,,,,,,,,0.0,3.626,,,,,,,,,,,,,,,,,,""
5931646002,"Sep 8, 2021, 4:13:26 PM",Lunch Run,Run,,938,2.58,190.0,41,false,,,activities/5931646002.gpx,,,938.0,665.0,2581.1,6.1,3.881,5.8,6.8,76.8,82.2,5.9,0.0,,,,,,179.0,,,,,,41.0,,,,,,,,,,,,,0.0,,1.0,2590.0,,,,,,,,,,,,,,,,,,,,,,,,,,0.0,2.752,,,,,,,,,,,,,,,,,,""
5961681692,"Sep 14, 2021, 11:17:45 PM",Evening Run,Run,,1452,4.13,196.0,74,false,,,activities/5961681692.gpx,,,1452.0,1121.0,4134.3,6.2,3.688,10.2,10.7,76.9,88.6,1.3,0.0,,,,,,180.0,,,,,,74.0,,,,,,,,,,,,,0.0,,1.0,4136.5,,,,,,,,,,,,,,,,,,,,,,,,,,0.0,2.847,,,,,,,,,,,,,,,,,,""
5980399419,"Sep 18, 2021, 1:23:59 PM",Morning Run,Run,,2374,8.15,203.0,136,false,,,activities/5980399419.gpx,,,2374.0,2262.0,8152.2,6.1,3.604,34.9,35.3,76.9,95.6,2.5,0.0,,,,,,183.0,,,,,,136.0,,,,,,,,,,,,,0.0,,1.0,8173.3,,,,,,,,,,,,,,,,,,,,,,,,,,0.0,3.434,,,,,,,,,,,,,,,,,,""
6006312851,"Sep 22, 2021, 3:49:51 PM",Lunch Run,Run,,1657,4.92,203.0,64,false,,,activities/6006312851.gpx,,,1657.0,1302.0,4922.3,5.7,3.781,16.5,17.0,76.9,93.6,1.8,0.0,,,,,,176.0,,,,,,64.0,,,,,,,,,,,,,0.0,,1.0,4931.6,,,,,,,,,,,,,,,,,,,,,,,,,,0.0,2.971,,,,,,,,,,,,,,,,,,""
6040785935,"Sep 29, 2021, 9:09:25 PM",Afternoon Run,Run,,1689,5.49,203.0,88,false,,,activities/6040785935.gpx,,,1689.0,1416.0,5499.0,5.7,3.883,21.8,21.6,76.9,98.7,7.5,0.0,,,,,,182.0,,,,,,88.0,,,,,,,,,,,,,0.0,,1.0,5504.3,,,,,,,,,,,,,,,,,,,,,,,,,,0.0,3.256,,,,,,,,,,,,,,,,,,""
6043462863,"Sep 30, 2021, 3:56:21 PM",Lunch Run,Run,,2677,8.11,201.0,131,false,,,activities/6043462863.gpx,,,2677.0,2268.0,8117.4,6.4,3.579,32.8,32.6,76.8,93.0,2.1,0.0,,,,,,177.0,,,,,,131.0,,,,,,,,,,,,,0.0,,1.0,8117.6,,,,,,,,,,,,,,,,,,,,,,,,,,0.0,3.032,,,,,,,,,,,,,,,,,,""
6048864208,"Oct 1, 2021, 7:41:53 PM",Afternoon Run,Run,,1496,5.00,192.0,58,false,,,activities/6048864208.gpx,,,1496.0,1322.0,5001.0,7.8,3.783,23.5,24.0,76.8,93.9,2.1,0.0,,,,,,166.0,,,,,,58.0,,,,,,,,,,,,,0.0,,1.0,4967.9,,,,,,,,,,,,,,,,,,,,,,,,,,0.0,3.343,,,,,,,,,,,,,,,,,,""
6064040500,"Oct 4, 2021, 7:41:00 PM",Afternoon Run,Run,,1913,5.51,196.0,72,false,,,activities/6064040500.gpx,,,1913.0,1485.0,5511.8,7.3,3.712,14.4,20.5,76.9,98.7,7.0,-0.1,,,,,,177.0,,,,,,72.0,,,,,,,,,,,,,0.0,,1.0,4574.1,,,,,,,,,,,,,,,,,,,,,,,,,,0.0,2.881,,,,,,,,,,,,,,,,,,""
6083819863,"Oct 6, 2021, 4:21:11 PM",Lunch Run,Run,,1133,4.12,194.0,66,false,,,activities/6083819863.gpx,,,1133.0,1044.0,4121.9,6.3,3.948,10.5,11.4,76.9,88.6,1.6,0.0,,,,,,178.0,,,,,,66.0,,,,,,,,,,,,,0.0,,1.0,4107.3,,,,,,,,,,,,,,,,,,,,,,,,,,0.0,3.638,,,,,,,,,,,,,,,,,,""
6083819869,"Oct 5, 2021, 9:59:33 PM",Afternoon Run,Run,,1530,4.89,196.0,61,false,,,activities/6083819869.gpx,,,1530.0,1280.0,4898.7,6.9,3.827,23.0,22.9,76.8,93.6,2.2,0.0,,,,,,171.0,,,,,,61.0,,,,,,,,,,,,,0.0,,1.0,4904.9,,,,,,,,,,,,,,,,,,,,,,,,,,0.0,3.202,,,,,,,,,,,,,,,,,,""
6084030628,"Oct 8, 2021, 10:23:16 PM",Evening Run,Run,,1463,4.92,202.0,64,false,,,activities/6084030628.gpx,,,1463.0,1272.0,4927.2,7.4,3.874,22.9,22.7,76.8,93.9,2.2,0.0,,,,,,172.0,,,,,,64.0,,,,,,,,,,,,,0.0,,1.0,4930.8,,,,,,,,,,,,,,,,,,,,,,,,,,0.0,3.368,,,,,,,,,,,,,,,,,,""
6084485437,"Oct 8, 2021, 11:07:19 PM",Evening Run,Run,,2871,4.90,157.0,13,false,,,activities/6084485437.gpx,,,2871.0,2779.0,4905.5,3.5,1.765,18.2,22.8,76.8,98.6,7.3,-0.1,,,,,,116.0,,,,,,13.0,,,,,,,,,,,,,0.0,,1.0,4936.8,,,,,,,,,,,,,,,,,,,,,,,,,,0.0,1.709,,,,,,,,,,,,,,,,,,""
6321554652,"Nov 29, 2021, 1:51:41 PM",Morning Run,Run,,1440,4.16,201.0,38,false,,,activities/6321554652.gpx,,,1440.0,1163.0,4162.5,6.721,3.579,10.5,11.3,76.9,89.1,1.5,0.0,,,,,,167.0,,,,,,38.0,,,,,,,,,,,,,0.0,,1.0,3626.2,,,,,,,,,,,,,,,,,,,,,,,,,,0.0,2.891,0.0,,,,,,,,,,,,,,,,,""
6325721858,"Nov 30, 2021, 1:52:34 PM",Morning Run,Run,,1316,4.26,199.0,69,false,,,activities/6325721858.gpx,,,1316.0,1142.0,4268.5,5.669,3.738,12.0,11.9,76.9,89.2,2.1,0.0,,,,,,179.0,,,,,,69.0,,,,,,,,,,,,,0.0,,1.0,4278.4,,,,,,,,,,,,,,,,,,,,,,,,,,0.0,3.244,0.0,,,,,,,,,,,,,,,,,""
6331499131,"Dec 1, 2021, 8:30:02 PM",Afternoon Run,Run,,1656,5.33,206.0,98,false,,,activities/6331499131.gpx,,,1656.0,1431.0,5329.1,6.666,3.724,21.6,20.9,76.9,98.7,6.5,0.0,,,,,,189.0,,,,,,98.0,,,,,,,,,,,,,0.0,,1.0,5086.4,,,,,,,,,,,,,,,,,,,,,,,,,,0.0,3.218,0.0,,,,,,,,,,,,,,,,,""
6354527121,"Dec 7, 2021, 1:40:01 PM",Morning Run,Run,,1350,4.11,188.0,54,false,,,activities/6354527121.gpx,,,1350.0,1119.0,4115.2,7.309,3.678,11.5,11.0,76.9,89.2,1.5,0.0,,,,,,174.0,,,,,,54.0,,,,,,,,,,,,,0.0,,1.0,4052.7,,,,,,,,,,,,,,,,,,,,,,,,,,0.0,3.048,0.0,,,,,,,,,,,,,,,,,""
6379157855,"Dec 13, 2021, 2:37:58 PM",Morning Run,Run,,1533,4.90,201.0,65,false,,,activities/6379157855.gpx,,,1533.0,1326.0,4902.7,7.479,3.697,12.5,15.2,76.9,92.6,1.7,-0.1,,,,,,175.0,,,,,,65.0,,,,,,,,,,,,,0.0,,1.0,4185.1,,,,,,,,,,,,,,,,,,,,,,,,,,0.0,3.198,0.0,,,,,,,,,,,,,,,,,""
6383014802,"Dec 14, 2021, 2:46:33 PM",Morning Run,Run,,1496,4.86,184.0,65,false,,,activities/6383014802.gpx,,,1496.0,1246.0,4859.3,6.55,3.9,15.5,15.1,76.9,92.8,1.9,0.0,,,,,,171.0,,,,,,65.0,,,,,,,,,,,,,0.0,,1.0,4825.7,,,,,,,,,,,,,,,,,,,,,,,,,,0.0,3.248,0.0,,,,,,,,,,,,,,,,,""
6398842003,"Dec 18, 2021, 2:15:40 PM",Morning Run,Run,,1564,4.85,205.0,95,false,,,activities/6398842003.gpx,,,1564.0,1327.0,4850.8,5.678,3.655,16.6,15.4,76.9,93.8,1.7,0.0,,,,,,190.0,,,,,,95.0,,,,,,,,,,,,,0.0,,1.0,4764.9,,,,,,,,,,,,,,,,,,,,,,,,,,0.0,3.102,0.0,,,,,,,,,,,,,,,,,""
6477972786,"Jan 5, 2022, 6:57:18 PM",Afternoon Run,Run,,1292,4.14,201.0,59,false,,,activities/6477972786.gpx,,,1292.0,1099.0,4144.6,6.706,3.771,11.8,11.2,76.9,89.3,1.1,0.0,,,,,,184.0,,,,,,59.0,,,,,,,,,,,,,0.0,,1.0,3871.9,,,,,,,,,,,,,,,,,,,,,,,,,,0.0,3.208,0.0,,,,,,,,,,,,,,,,,""
6491659593,"Jan 8, 2022, 2:57:12 PM",Morning Run,Run,,1344,4.26,181.0,53,false,,,activities/6491659593.gpx,,,1344.0,1097.0,4265.5,6.372,3.888,10.4,14.1,76.9,88.9,1.7,-0.1,,,,,,172.0,,,,,,53.0,,,,,,,,,,,,,0.0,,1.0,4029.8,,,,,,,,,,,,,,,,,,,,,,,,,,0.0,3.174,0.0,,,,,,,,,,,,,,,,,""
7142781876,"May 2, 2022, 3:45:13 PM",Lunch Run,Run,,1679,4.67,196.0,67,false,,,activities/7605047213.fit.gz,,,1679.0,1319.0,4669.3,7.244,3.54,76.7,75.6,85.5,121.5,17.0,0.0,,,,,,175.0,,,312.0,,,67.0,,,,,,,,,,,,,0.0,,1.0,4843.5,,,,,,,,,,,,,,,,,,,,,,,,,,0.0,2.781,4619.6,,,,,,,,,,,,,,,,,""
7142781948,"May 7, 2022, 1:33:04 PM",Morning Run,Run,,1520,4.63,198.0,83,false,,,activities/7605047378.fit.gz,,,1520.0,1342.0,4632.8,8.326,3.452,76.4,77.1,85.5,122.4,19.8,0.0,,,,,,182.0,,,333.0,,,83.0,,,,,,,,,,,,,0.0,,1.0,4831.2,,,,,,,,,,,,,,,,,,,,,,,,,,0.0,3.048,4584.3,,,,,,,,,,,,,,,,,""
7142782115,"May 9, 2022, 2:24:51 PM",Morning Run,Run,,1425,4.58,200.0,93,false,,,activities/7605047513.fit.gz,,,1425.0,1280.0,4582.3,5.955,3.58,75.1,73.4,85.5,122.5,42.7,0.0,,,,,,189.0,,,335.0,,,93.0,,,,,,,,,,,,,0.0,,1.0,4771.3,,,,,,,,,,,,,,,,,,,,,,,,,,0.0,3.216,4536.6,,,,,,,,,,,,,,,,,""
7142782178,"May 10, 2022, 2:30:30 PM",Morning Run,Run,,1508,4.61,196.0,50,false,,,activities/7605047650.fit.gz,,,1508.0,1349.0,4618.2,5.476,3.423,77.5,76.4,85.5,122.4,20.0,0.0,,,,,,163.0,,,335.0,,,50.0,,,,,,,,,,,,,0.0,,1.0,4817.0,,,,,,,,,,,,,,,,,,,,,,,,,,0.0,3.062,4576.3,,,,,,,,,,,,,,,,,""
7142782317,"May 14, 2022, 9:20:07 AM",Lunch Run,Run,,2350,5.35,189.0,69,false,,,activities/7605047755.fit.gz,,,2350.0,1490.0,5354.1,5.086,3.593,5.8,5.4,12.1,15.7,2.7,0.0,,,,,,170.0,,,315.0,,,69.0,,,,,,,,,,,,,0.0,,1.0,5360.2,,,,,,,,,,,,,,,,,,,,,,,,,,0.0,2.278,2882.1,,,,,,,,,,,,,,,,,""
7192015017,"May 17, 2022, 9:26:06 AM",Lunch Run,Run,,1568,4.64,194.0,50,false,,,activities/7658721226.fit.gz,,,1568.0,1216.0,4643.7,5.218,3.819,0.0,0.0,8.0,9.2,2.4,0.0,,,,,,166.0,,,267.0,,,50.0,,,,,,,,,,,,,0.0,,1.0,4644.5,,,,,,,,,,,,,,,,,,,,,,,,,,0.0,2.962,0.0,,,,,,,,,,,,,,,,,""
7192015138,"May 16, 2022, 11:44:52 AM",Afternoon Walk,Walk,,10424,9.17,106.0,11,false,,,activities/7658721221.fit.gz,,,10424.0,5907.0,9177.2,5.117,1.554,16.5,16.6,5.8,12.6,17.2,0.0,,,,,,87.0,,,449.0,,,11.0,,,,,,,,,,,,,0.0,,1.0,,,,,,,,,,,,,,,,,,,,,,,,,,,0.0,0.88,551.0,,,,,,,,,,,,,,,,,""
7192015340,"May 17, 2022, 12:00:37 PM",Afternoon Walk,Walk,,1079,0.83,109.0,1,false,,,activities/7658721598.fit.gz,,,1079.0,799.0,839.0,1.908,1.05,9.0,-0.1,-2.0,8.2,42.9,1.1,,,,,,96.0,,,80.0,,,1.0,,,,,,,,,,,,,0.0,,1.0,,,,,,,,,,,,,,,,,,,,,,,,,,,0.0,0.778,0.0,,,,,,,,,,,,,,,,,""
7192015613,"May 17, 2022, 2:00:25 PM",Afternoon Ride,Ride,,5933,14.92,125.0,9,false,,,activities/7658721834.fit.gz,,,5933.0,3095.0,14923.1,6.76,4.822,0.0,-1.1,8.2,10.2,13.0,0.0,,,,,,111.0,,,231.0,,,9.0,,,,,,,,,,,,,0.0,,1.0,,,,,,,,,,,,,,,,,,,,,,,,,,,0.0,2.515,48.7,,,,,,,,,,,,,,,,,""
7192015719,"May 19, 2022, 12:47:42 PM",Afternoon Walk,Walk,,4130,2.53,100.0,1,false,,,activities/7658722012.fit.gz,,,4130.0,782.0,2534.7,2.909,3.241,8.6,-0.5,20.2,29.6,49.9,0.4,,,,,,89.0,,,112.0,,,1.0,,,,,,,,,,,,,0.0,,1.0,,,,,,,,,,,,,,,,,,,,,,,,,,,0.0,0.614,0.0,,,,,,,,,,,,,,,,,""
7192016152,"May 23, 2022, 7:31:58 AM",Morning Run,Run,,1732,5.02,191.0,81,false,,,activities/7658722428.fit.gz,,,1732.0,1429.0,5027.1,5.281,3.518,5.8,6.4,12.1,15.7,3.1,0.0,,,,,,176.0,,,325.0,,,81.0,,,,,,,,,,,,,0.0,,1.0,5032.8,,,,,,,,,,,,,,,,,,,,,,,,,,0.0,2.902,3260.2,,,,,,,,,,,,,,,,,""
7209926037,"May 26, 2022, 2:13:55 PM",Morning Run,Run,,1434,4.05,200.0,75,false,,,activities/7678150109.fit.gz,,,1434.0,1133.0,4057.4,7.525,3.581,62.6,62.6,322.0,347.9,18.0,0.0,,,,,,183.0,,,265.0,,,75.0,,,,,,,,,,,,,0.0,,1.0,4189.6,,,,,,,,,,,,,,,,,,,,,,,,,,0.0,2.829,0.0,,,,,,,,,,,,,,,,,""
7314281142,"May 27, 2022, 1:43:25 PM",Morning Run,Run,,1614,4.31,193.0,40,false,,,activities/7792032940.fit.gz,,,1614.0,1122.0,4316.2,5.884,3.847,42.6,41.9,322.0,360.1,10.7,0.0,,,,,,165.0,,,258.0,,,40.0,,,,,,,,,,,,,0.0,,1.0,4389.6,,,,,,,,,,,,,,,,,,,,,,,,,,0.0,2.674,0.0,,,,,,,,,,,,,,,,,""
7314281256,"May 28, 2022, 7:30:38 PM",Afternoon Walk,Walk,,1488,1.49,93.0,2,false,,,activities/7792033063.fit.gz,,,1488.0,1342.0,1497.1,8.229,1.116,0.0,5.1,180.3,186.1,6.9,-0.3,,,,,,80.0,,,115.0,,,2.0,,,,,,,,,,,,,0.0,,1.0,,,,,,,,,,,,,,,,,,,,,,,,,,,0.0,1.006,0.0,,,,,,,,,,,,,,,,,""
7314281515,"May 28, 2022, 11:36:01 PM",Evening Walk,Walk,,2671,2.71,112.0,4,false,,,activities/7792033275.fit.gz,,,2671.0,2179.0,2717.5,2.655,1.247,13.0,12.8,177.3,191.0,8.5,0.0,,,,,,90.0,,,190.0,,,4.0,,,,,,,,,,,,,0.0,,1.0,,,,,,,,,,,,,,,,,,,,,,,,,,,0.0,1.017,22.1,,,,,,,,,,,,,,,,,""
7314281726,"Jun 2, 2022, 11:39:49 AM",Morning Run,Run,,1491,4.66,199.0,84,false,,,activities/7792033553.fit.gz,,,1491.0,1319.0,4666.6,6.758,3.538,77.3,77.3,85.5,122.5,17.4,0.0,,,,,,182.0,,,326.0,,,84.0,,,,,,,,,,,,,0.0,,1.0,4863.9,,,,,,,,,,,,,,,,,,,,,,,,,,0.0,3.13,4611.8,,,,,,,,,,,,,,,,,""
7314281813,"Jun 3, 2022, 11:41:12 AM",Morning Run,Run,,1473,4.62,200.0,91,false,,,activities/7792033714.fit.gz,,,1473.0,1317.0,4624.0,5.322,3.511,76.8,77.4,85.5,122.5,20.0,0.0,,,,,,185.0,,,327.0,,,91.0,,,,,,,,,,,,,0.0,,1.0,4822.2,,,,,,,,,,,,,,,,,,,,,,,,,,0.0,3.139,4570.5,,,,,,,,,,,,,,,,,""
7314281965,"May 29, 2022, 5:01:09 AM",Night Walk,Walk,,1754,2.29,124.0,2,false,,,activities/7792033774.fit.gz,,,1754.0,1519.0,2296.9,3.832,1.512,23.6,11.1,177.3,190.7,47.9,0.5,,,,,,87.0,,,168.0,,,2.0,,,,,,,,,,,,,0.0,,1.0,,,,,,,,,,,,,,,,,,,,,,,,,,,0.0,1.31,0.0,,,,,,,,,,,,,,,,,""
7314282121,"Jun 4, 2022, 2:05:09 PM",Morning Run,Run,,1436,4.59,199.0,73,false,,,activities/7792033966.fit.gz,,,1436.0,1290.0,4589.2,6.048,3.558,76.4,75.8,85.5,122.5,18.5,0.0,,,,,,177.0,,,325.0,,,73.0,,,,,,,,,,,,,0.0,,1.0,4788.5,,,,,,,,,,,,,,,,,,,,,,,,,,0.0,3.196,4531.0,,,,,,,,,,,,,,,,,""
7314282214,"Jun 6, 2022, 10:01:09 PM",Evening Run,Run,,1458,4.60,197.0,81,false,,,activities/7792034090.fit.gz,,,1458.0,1325.0,4605.5,6.381,3.476,77.1,76.7,85.5,122.4,19.4,0.0,,,,,,180.0,,,318.0,,,81.0,,,,,,,,,,,,,0.0,,1.0,4802.3,,,,,,,,,,,,,,,,,,,,,,,,,,0.0,3.159,4552.5,,,,,,,,,,,,,,,,,""
7314282302,"Jun 6, 2022, 3:22:07 PM",Lunch Walk,Walk,,4598,2.85,126.0,5,false,,,activities/7792034067.fit.gz,,,4598.0,2043.0,2852.1,4.894,1.396,42.0,49.1,101.6,121.6,29.3,-0.2,,,,,,103.0,,,217.0,,,5.0,,,,,,,,,,,,,0.0,,1.0,,,,,,,,,,,,,,,,,,,,,,,,,,,0.0,0.62,279.7,,,,,,,,,,,,,,,,,""
7314284049,"Jun 8, 2022, 9:19:33 PM",Afternoon Workout,Workout,,1654,0,150.0,5,false,,,activities/7792035998.fit.gz,,,1654.0,1654.0,0.0,0.0,0.0,0.0,,,,0.0,0.0,,,,,,108.0,,,146.0,,,5.0,,,,,,,,,,,,,0.0,,1.0,,,,,,,,,,,,,,,,,,,,,,,,,,,0.0,0.0,0.0,,,,,,,,,,,,,,,,,""
7314284097,"Jun 10, 2022, 7:46:03 PM",Afternoon Ride,Ride,,1522,0,170.0,23,false,,,activities/7792036238.fit.gz,,,1522.0,1522.0,0.0,0.0,0.0,0.0,,,,0.0,0.0,,,,,,141.0,,,217.0,,,23.0,,,,,,,,,,,,,0.0,,1.0,,,,,,,,,,,,,,,,,,,,,,,,,,,0.0,0.0,0.0,,,,,,,,,,,,,,,,,""
7314284172,"Jun 9, 2022, 11:00:35 AM",Morning Run,Run,,1511,4.66,194.0,57,false,,,activities/7792036129.fit.gz,,,1511.0,1336.0,4659.8,9.599,3.488,76.7,75.7,85.5,122.4,17.0,0.0,,,,,,168.0,,,313.0,,,57.0,,,,,,,,,,,,,0.0,,1.0,4855.5,,,,,,,,,,,,,,,,,,,,,,,,,,0.0,3.084,4608.9,,,,,,,,,,,,,,,,,""
7314284189,"Jun 10, 2022, 8:11:34 PM",Afternoon Ride,Ride,,291,0,161.0,8,false,,,activities/7792036311.fit.gz,,,291.0,291.0,0.0,0.0,0.0,0.0,,,,0.0,0.0,,,,,,153.0,,,52.0,,,8.0,,,,,,,,,,,,,0.0,,1.0,,,,,,,,,,,,,,,,,,,,,,,,,,,0.0,0.0,0.0,,,,,,,,,,,,,,,,,""
7314284565,"Jun 10, 2022, 8:21:31 PM",Afternoon Row,Rowing,,370,0,174.0,6,false,,,activities/7792036639.fit.gz,,,370.0,370.0,0.0,0.0,0.0,0.0,,,,0.0,0.0,,,,,,145.0,,,42.0,,,6.0,,,,,,,,,,,,,0.0,,1.0,,,,,,,,,,,,,,,,,,,,,,,,,,,0.0,0.0,0.0,,,,,,,,,,,,,,,,,""
7314285445,"Jun 13, 2022, 9:38:34 PM",Afternoon Ride,Ride,,3013,0,184.0,121,false,,,activities/7792037573.fit.gz,,,3013.0,3013.0,0.0,0.0,0.0,0.0,,,,0.0,0.0,,,,,,165.0,,,574.0,,,121.0,,,,,,,,,,,,,0.0,,1.0,,,,,,,,,,,,,,,,,,,,,,,,,,,0.0,0.0,0.0,,,,,,,,,,,,,,,,,""
7314285529,"Jun 11, 2022, 1:05:39 PM",Morning Run,Run,,1404,4.55,199.0,75,false,,,activities/7792037554.fit.gz,,,1404.0,1260.0,4553.7,9.595,3.614,77.0,76.2,85.5,122.6,27.4,0.0,,,,,,179.0,,,317.0,,,75.0,,,,,,,,,,,,,0.0,,1.0,4758.8,,,,,,,,,,,,,,,,,,,,,,,,,,0.0,3.243,4515.4,,,,,,,,,,,,,,,,,""
7314285619,"Jun 13, 2022, 10:33:20 PM",Afternoon Row,Rowing,,310,0,175.0,9,false,,,activities/7792037761.fit.gz,,,310.0,310.0,0.0,0.0,0.0,0.0,,,,0.0,0.0,,,,,,158.0,,,43.0,,,9.0,,,,,,,,,,,,,0.0,,1.0,,,,,,,,,,,,,,,,,,,,,,,,,,,0.0,0.0,0.0,,,,,,,,,,,,,,,,,""
7314285775,"Jun 13, 2022, 10:42:09 PM",Afternoon Run,Run,,515,1.63,179.0,22,false,,,activities/7792037995.fit.gz,,,515.0,515.0,1631.8,3.77,3.169,0.0,,,,0.0,0.0,,,,,,167.0,,,101.0,,,22.0,,,,,,,,,,,,,0.0,,1.0,,,,,,,,,,,,,,,,,,,,,,,,,,,0.0,3.169,0.0,,,,,,,,,,,,,,,,,""
7314285794,"Jun 14, 2022, 8:22:24 PM",Afternoon Ride,Ride,,2583,0,173.0,52,false,,,activities/7792038028.fit.gz,,,2583.0,2583.0,0.0,0.0,0.0,0.0,,,,0.0,0.0,,,,,,147.0,,,450.0,,,52.0,,,,,,,,,,,,,0.0,,1.0,,,,,,,,,,,,,,,,,,,,,,,,,,,0.0,0.0,0.0,,,,,,,,,,,,,,,,,""
7314285991,"Jun 14, 2022, 9:18:17 PM",Afternoon Run,Run,,518,1.66,185.0,25,false,,,activities/7792038282.fit.gz,,,518.0,518.0,1659.3,3.982,3.203,0.0,,,,0.0,0.0,,,,,,169.0,,,103.0,,,25.0,,,,,,,,,,,,,0.0,,1.0,,,,,,,,,,,,,,,,,,,,,,,,,,,0.0,3.203,0.0,,,,,,,,,,,,,,,,,""
7314285993,"Jun 14, 2022, 9:09:29 PM",Afternoon Row,Rowing,,350,0,174.0,7,false,,,activities/7792038185.fit.gz,,,350.0,350.0,0.0,0.0,0.0,0.0,,,,0.0,0.0,,,,,,147.0,,,42.0,,,7.0,,,,,,,,,,,,,0.0,,1.0,,,,,,,,,,,,,,,,,,,,,,,,,,,0.0,0.0,0.0,,,,,,,,,,,,,,,,,""
7314286800,"Jun 15, 2022, 11:47:10 AM",Morning Run,Run,,1461,4.69,199.0,68,false,,,activities/7792039104.fit.gz,,,1461.0,1213.0,4693.8,9.837,3.87,75.6,75.7,85.5,122.4,16.5,0.0,,,,,,177.0,,,312.0,,,68.0,,,,,,,,,,,,,0.0,,1.0,4884.6,,,,,,,,,,,,,,,,,,,,,,,,,,0.0,3.213,4635.3,,,,,,,,,,,,,,,,,""
7339878701,"Jun 16, 2022, 8:40:59 PM",Afternoon Ride,Ride,,2411,0,178.0,58,false,,,activities/7820148957.fit.gz,,,2411.0,2411.0,0.0,0.0,0.0,0.0,,,,0.0,0.0,,,,,,150.0,,,432.0,,,58.0,,,,,,,,,,,,,0.0,,1.0,,,,,,,,,,,,,,,,,,,,,,,,,,,0.0,0.0,0.0,,,,,,,,,,,,,,,,,""
7339879155,"Jun 16, 2022, 9:29:04 PM",Afternoon Row,Rowing,,392,0,175.0,7,false,,,activities/7820149455.fit.gz,,,392.0,392.0,0.0,0.0,0.0,0.0,,,,0.0,0.0,,,,,,141.0,,,38.0,,,7.0,,,,,,,,,,,,,0.0,,1.0,,,,,,,,,,,,,,,,,,,,,,,,,,,0.0,0.0,0.0,,,,,,,,,,,,,,,,,""
7339879264,"Jun 16, 2022, 9:39:53 PM",Afternoon Run,Run,,692,2.26,187.0,33,false,,,activities/7820149555.fit.gz,,,692.0,692.0,2268.6,4.014,3.278,0.0,,,,0.0,0.0,,,,,,170.0,,,143.0,,,33.0,,,,,,,,,,,,,0.0,,1.0,,,,,,,,,,,,,,,,,,,,,,,,,,,0.0,3.278,0.0,,,,,,,,,,,,,,,,,""
7339879316,"Jun 17, 2022, 8:21:03 PM",Afternoon Ride,Ride,,2475,0,161.0,29,false,,,activities/7820149641.fit.gz,,,2475.0,2475.0,0.0,0.0,0.0,0.0,,,,0.0,0.0,,,,,,137.0,,,339.0,,,29.0,,,,,,,,,,,,,0.0,,1.0,,,,,,,,,,,,,,,,,,,,,,,,,,,0.0,0.0,0.0,,,,,,,,,,,,,,,,,""
7339879492,"Jun 17, 2022, 9:09:26 PM",Afternoon Row,Rowing,,639,0,186.0,9,false,,,activities/7820149852.fit.gz,,,639.0,639.0,0.0,0.0,0.0,0.0,,,,0.0,0.0,,,,,,135.0,,,60.0,,,9.0,,,,,,,,,,,,,0.0,,1.0,,,,,,,,,,,,,,,,,,,,,,,,,,,0.0,0.0,0.0,,,,,,,,,,,,,,,,,""
7339879674,"Jun 18, 2022, 1:02:45 PM",Morning Run,Run,,1503,4.61,194.0,64,false,,,activities/7820149951.fit.gz,,,1503.0,1251.0,4617.5,6.422,3.691,77.2,76.4,85.5,122.4,17.1,0.0,,,,,,173.0,,,311.0,,,64.0,,,,,,,,,,,,,0.0,,1.0,4821.6,,,,,,,,,,,,,,,,,,,,,,,,,,0.0,3.072,4556.1,,,,,,,,,,,,,,,,,""
7339879994,"Jun 20, 2022, 11:54:56 AM",Morning Run,Run,,1352,4.39,189.0,59,false,,,activities/7820150339.fit.gz,,,1352.0,1168.0,4394.3,9.69,3.762,73.3,73.2,85.5,122.4,15.1,0.0,,,,,,172.0,,,303.0,,,59.0,,,,,,,,,,,,,0.0,,1.0,4569.7,,,,,,,,,,,,,,,,,,,,,,,,,,0.0,3.25,4389.0,,,,,,,,,,,,,,,,,""
7382113756,"Jun 21, 2022, 8:07:59 PM",Afternoon Ride,Ride,,1817,0,174.0,24,false,,,activities/7866384712.fit.gz,,,1817.0,1817.0,0.0,0.0,0.0,0.0,,,,0.0,0.0,,,,,,139.0,,,303.0,,,24.0,,,,,,,,,,,,,0.0,,1.0,,,,,,,,,,,,,,,,,,,,,,,,,,,0.0,0.0,0.0,,,,,,,,,,,,,,,,,""
7382114002,"Jun 21, 2022, 8:44:24 PM",Afternoon Row,Rowing,,602,0,170.0,9,false,,,activities/7866384913.fit.gz,,,602.0,602.0,0.0,0.0,0.0,0.0,,,,0.0,0.0,,,,,,139.0,,,60.0,,,9.0,,,,,,,,,,,,,0.0,,1.0,,,,,,,,,,,,,,,,,,,,,,,,,,,0.0,0.0,0.0,,,,,,,,,,,,,,,,,""
7382114239,"Jun 23, 2022, 9:17:24 PM",Afternoon Ride,Ride,,1835,0,176.0,36,false,,,activities/7866385178.fit.gz,,,1835.0,1835.0,0.0,0.0,0.0,0.0,,,,0.0,0.0,,,,,,146.0,,,315.0,,,36.0,,,,,,,,,,,,,0.0,,1.0,,,,,,,,,,,,,,,,,,,,,,,,,,,0.0,0.0,0.0,,,,,,,,,,,,,,,,,""
7382114301,"Jun 22, 2022, 11:49:33 AM",Morning Run,Run,,1415,4.63,192.0,69,false,,,activities/7866385105.fit.gz,,,1415.0,1258.0,4630.9,5.836,3.681,77.0,76.3,85.5,122.5,18.5,0.0,,,,,,175.0,,,314.0,,,69.0,,,,,,,,,,,,,0.0,,1.0,4822.3,,,,,,,,,,,,,,,,,,,,,,,,,,0.0,3.273,4575.1,,,,,,,,,,,,,,,,,""
7382114358,"Jun 24, 2022, 11:57:39 AM",Morning Run,Run,,1367,4.53,195.0,80,false,,,activities/7866385279.fit.gz,,,1367.0,1219.0,4530.6,8.395,3.717,76.0,75.6,85.5,122.6,18.6,0.0,,,,,,181.0,,,308.0,,,80.0,,,,,,,,,,,,,0.0,,1.0,4733.1,,,,,,,,,,,,,,,,,,,,,,,,,,0.0,3.314,4499.4,,,,,,,,,,,,,,,,,""
7382114467,"Jun 28, 2022, 11:50:27 AM",Morning Run,Run,,1253,4.54,194.0,71,false,,,activities/7866385470.fit.gz,,,1253.0,1237.0,4545.6,5.851,3.675,76.6,76.6,85.5,122.4,15.6,0.0,,,,,,177.0,,,311.0,,,71.0,,,,,,,,,,,,,0.0,,1.0,4741.1,,,,,,,,,,,,,,,,,,,,,,,,,,0.0,3.628,4496.9,,,,,,,,,,,,,,,,,""
7382114480,"Jun 25, 2022, 1:06:23 PM",Morning Run,Run,,1264,4.67,194.0,79,false,,,activities/7866385391.fit.gz,,,1264.0,1253.0,4673.7,7.271,3.73,72.9,73.3,85.5,122.4,15.7,0.0,,,,,,180.0,,,320.0,,,79.0,,,,,,,,,,,,,0.0,,1.0,4853.4,,,,,,,,,,,,,,,,,,,,,,,,,,0.0,3.698,4633.2,,,,,,,,,,,,,,,,,""
7430420366,"Jun 30, 2022, 11:41:05 AM",Morning Run after leg day,Run,"",1467,4.64,200.0,89,false,,,activities/7919276473.fit.gz,,,1467.0,1291.0,4640.7,5.853,3.595,83.0,76.5,85.5,122.6,16.7,0.1,,,,,,184.0,,,328.0,,,89.0,,,,,,,,,,,0.0,,0.0,,1.0,4826.8,,,,,,,,,,,,,,,,,,,,,,,,,,0.0,3.163,4611.1,,,,,,,,,,,,,,,,,""
7430420557,"Jul 3, 2022, 12:33:59 PM",Morning Run,Run,,1715,5.49,195.0,89,false,,,activities/7919276703.fit.gz,,,1715.0,1462.0,5490.1,5.176,3.755,6.5,6.4,254.6,261.0,4.3,0.0,,,,,,180.0,,,327.0,,,89.0,,,,,,,,,,,,,0.0,,1.0,5497.8,,,,,,,,,,,,,,,,,,,,,,,,,,0.0,3.201,0.0,,,,,,,,,,,,,,,,,""
7430420725,"Jul 4, 2022, 10:34:07 AM",Morning Run,Run,,1215,4.12,189.0,44,false,,,activities/7919276928.fit.gz,,,1215.0,1090.0,4121.3,5.516,3.781,6.5,6.4,254.5,261.0,5.1,0.0,,,,,,166.0,,,247.0,,,44.0,,,,,,,,,,,,,0.0,,1.0,4125.5,,,,,,,,,,,,,,,,,,,,,,,,,,0.0,3.392,0.0,,,,,,,,,,,,,,,,,""
7430420834,"Jul 7, 2022, 11:47:52 AM",Morning Run,Run,,1257,4.65,201.0,83,false,,,activities/7919277053.fit.gz,,,1257.0,1239.0,4652.1,13.544,3.755,76.9,76.2,85.5,122.4,18.3,0.0,,,,,,186.0,,,319.0,,,83.0,,,,,,,,,,,,,0.0,,1.0,4847.6,,,,,,,,,,,,,,,,,,,,,,,,,,0.0,3.701,4580.1,,,,,,,,,,,,,,,,,""
7623610395,"Jul 13, 2022, 11:48:12 AM",Morning Run,Run,,1317,4.46,197.0,90,false,,,activities/8133207847.fit.gz,,,1317.0,1289.0,4466.5,10.117,3.465,76.0,76.0,85.5,122.5,18.0,0.0,,,,,,184.0,,,321.0,,,90.0,,,,,,,,,,,,,0.0,,1.0,4663.4,,,,,,,,,,,,,,,,,,,,,,,,,,0.0,3.391,4399.5,,,,,,,,,,,,,,,,,""
7623610447,"Jul 16, 2022, 1:38:25 PM",Morning Run,Run,,1301,4.31,201.0,77,false,,,activities/8133207943.fit.gz,,,1301.0,1256.0,4316.6,7.96,3.437,74.5,76.4,85.5,122.6,41.8,0.0,,,,,,182.0,,,317.0,,,77.0,,,,,,,,,,,,,0.0,,1.0,4521.0,,,,,,,,,,,,,,,,,,,,,,,,,,0.0,3.318,4235.5,,,,,,,,,,,,,,,,,""
7623610501,"Jul 19, 2022, 11:54:03 AM",Morning Run,Run,,1286,4.45,201.0,84,false,,,activities/8133208039.fit.gz,,,1286.0,1275.0,4453.5,6.63,3.493,74.4,73.5,85.5,122.5,23.2,0.0,,,,,,184.0,,,302.0,,,84.0,,,,,,,,,,,,,0.0,,1.0,4664.3,,,,,,,,,,,,,,,,,,,,,,,,,,0.0,3.463,4409.7,,,,,,,,,,,,,,,,,""
7623610606,"Jul 21, 2022, 11:53:33 AM",Morning Run,Run,,1324,4.59,198.0,80,false,,,activities/8133208155.fit.gz,,,1324.0,1320.0,4593.7,6.02,3.48,75.7,76.2,85.5,122.5,18.9,0.0,,,,,,179.0,,,320.0,,,80.0,,,,,,,,,,,,,0.0,,1.0,4784.1,,,,,,,,,,,,,,,,,,,,,,,,,,0.0,3.47,4531.2,,,,,,,,,,,,,,,,,""
7623610655,"Jul 23, 2022, 11:52:11 AM",Morning Run,Run,,1259,4.43,197.0,85,false,,,activities/8133208212.fit.gz,,,1259.0,1234.0,4429.0,6.264,3.589,71.9,72.3,85.5,122.5,18.1,0.0,,,,,,182.0,,,301.0,,,85.0,,,,,,,,,,,,,0.0,,1.0,4630.1,,,,,,,,,,,,,,,,,,,,,,,,,,0.0,3.518,4377.1,,,,,,,,,,,,,,,,,""
7623610821,"Jul 27, 2022, 11:41:35 AM",Morning Run,Run,,1306,4.57,200.0,75,false,,,activities/8133208390.fit.gz,,,1306.0,1282.0,4572.5,9.628,3.567,75.3,76.2,85.5,122.5,18.2,0.0,,,,,,179.0,,,330.0,,,75.0,,,,,,,,,,,,,0.0,,1.0,4748.9,,,,,,,,,,,,,,,,,,,,,,,,,,0.0,3.501,4524.1,,,,,,,,,,,,,,,,,""
7623611007,"Jul 30, 2022, 1:30:00 PM",Morning Run,Run,,1334,4.49,200.0,68,false,,,activities/8133208604.fit.gz,,,1334.0,1251.0,4494.8,5.31,3.593,76.3,76.3,85.5,122.5,19.7,0.0,,,,,,177.0,,,330.0,,,68.0,,,,,,,,,,,,,0.0,,1.0,4689.4,,,,,,,,,,,,,,,,,,,,,,,,,,0.0,3.369,4443.3,,,,,,,,,,,,,,,,,""
7623611376,"Aug 3, 2022, 11:54:36 AM",Morning Run,Run,,1413,4.60,194.0,78,false,,,activities/8133209033.fit.gz,,,1413.0,1265.0,4608.4,5.63,3.643,83.7,83.6,90.4,122.5,16.4,0.0,,,,,,179.0,,,338.0,,,78.0,,,,,,,,,,,,,0.0,,1.0,4840.1,,,,,,,,,,,,,,,,,,,,,,,,,,0.0,3.261,4506.0,,,,,,,,,,,,,,,,,""
7623611489,"Aug 6, 2022, 1:36:47 PM",Morning Run,Run,,1315,4.51,199.0,79,false,,,activities/8133209145.fit.gz,,,1315.0,1290.0,4513.5,5.044,3.499,77.1,75.9,85.5,122.4,17.6,0.0,,,,,,181.0,,,321.0,,,79.0,,,,,,,,,,,,,0.0,,1.0,4730.1,,,,,,,,,,,,,,,,,,,,,,,,,,0.0,3.432,4469.2,,,,,,,,,,,,,,,,,""
8224053259,"Dec 6, 2022, 3:25:13 PM",Morning Run,Run,,1827,5.08,199.0,81,false,,,activities/8811907180.fit.gz,,,1827.0,1458.0,5081.4,5.074,3.485,7.8,7.4,1.0,6.8,10.0,0.0,,,,,,177.0,,,320.0,,,81.0,,,,,,,,,,,,,0.0,,1.0,5099.6,,,,,,,,,,,,,,,,,,,,,,,,,,0.0,2.781,0.0,,,,,,,,,,,,,,,,,""
8449457698,"Jan 20, 2023, 6:20:14 PM",Afternoon Run,Run,,2320,8.13,193.0,118,false,,,activities/9065207343.fit.gz,,,2320.0,2320.0,8138.9,4.846,3.508,35.6,37.4,75.8,97.0,9.9,0.0,,,,,,173.0,,,549.0,,,118.0,,,,,,,,,,,,,0.0,,1.0,8194.1,,,,,,,,,,,,,,,,,,,,,,,,,,0.0,3.508,0.0,,,,,,,,,,,,,,,,,""
8449459070,"Jan 19, 2023, 8:49:33 PM",Afternoon Run,Run,,1513,4.85,193.0,79,false,,,activities/9065208821.fit.gz,,,1513.0,1513.0,4858.4,4.652,3.211,0.0,,,,0.0,0.0,,,,,,174.0,,,352.0,,,79.0,,,,,,,,,,,,,0.0,,1.0,,,,,,,,,,,,,,,,,,,,,,,,,,,0.0,3.211,0.0,,,,,,,,,,,,,,,,,""
8449460600,"Jan 15, 2023, 1:28:53 PM",Morning Run,Run,,981,3.24,186.0,34,false,,,activities/9065210584.fit.gz,,,981.0,860.0,3244.8,5.458,3.773,24.4,24.2,78.8,96.8,26.0,0.0,,,,,,164.0,,,216.0,,,34.0,,,,,,,,,,,,,0.0,,1.0,3283.3,,,,,,,,,,,,,,,,,,,,,,,,,,0.0,3.308,0.0,,,,,,,,,,,,,,,,,""
8449460721,"Jan 13, 2023, 9:52:16 PM",Afternoon Run,Run,,1538,5.01,192.0,58,false,,,activities/9065210684.fit.gz,,,1538.0,1425.0,5009.3,6.236,3.515,23.8,22.4,77.2,98.8,9.4,0.0,,,,,,168.0,,,328.0,,,58.0,,,,,,,,,,,,,0.0,,1.0,5053.2,,,,,,,,,,,,,,,,,,,,,,,,,,0.0,3.257,0.0,,,,,,,,,,,,,,,,,""
8449460842,"Jan 12, 2023, 10:10:56 PM",Afternoon Run,Run,,1490,4.93,196.0,61,false,,,activities/9065210789.fit.gz,,,1490.0,1410.0,4935.1,5.106,3.5,30.4,30.0,76.0,98.0,12.2,0.0,,,,,,170.0,,,327.0,,,61.0,,,,,,,,,,,,,0.0,,1.0,4986.3,,,,,,,,,,,,,,,,,,,,,,,,,,0.0,3.312,0.0,,,,,,,,,,,,,,,,,""
8449461733,"Jan 10, 2023, 2:16:01 PM",Morning Run,Run,,2545,8.13,189.0,77,false,,,activities/9065211787.fit.gz,,,2545.0,2541.0,8131.8,5.256,3.2,44.8,44.8,75.8,100.0,31.7,0.0,,,,,,159.0,,,528.0,,,77.0,,,,,,,,,,,,,0.0,,1.0,8205.3,,,,,,,,,,,,,,,,,,,,,,,,,,0.0,3.195,0.0,,,,,,,,,,,,,,,,,""
8449462345,"Jan 9, 2023, 10:55:26 PM",Afternoon Run,Run,,1509,4.68,196.0,59,false,,,activities/9065212486.fit.gz,,,1509.0,1509.0,4679.5,3.976,3.101,0.0,,,,0.0,0.0,,,,,,168.0,,,320.0,,,59.0,,,,,,,,,,,,,0.0,,1.0,,,,,,,,,,,,,,,,,,,,,,,,,,,0.0,3.101,0.0,,,,,,,,,,,,,,,,,""
8449463363,"Jan 7, 2023, 5:43:47 PM",Lunch Hike,Hike,,8534,6.59,168.0,38,false,,,activities/9065213373.fit.gz,,,8534.0,6149.0,6597.6,2.264,1.073,509.6,514.6,520.6,962.6,49.9,-0.1,,,,,,119.0,,,622.0,,,38.0,,,,,,,,,,,,,0.0,,1.0,,,,,,,,,,,,,,,,,,,,,,,,,,,0.0,0.773,6597.6,,,,,,,,,,,,,,,,,""
8449464118,"Dec 26, 2022, 4:21:48 PM",Morning Run,Run,,1328,4.32,194.0,47,false,,,activities/9065214483.fit.gz,,,1328.0,1125.0,4320.3,8.383,3.84,4.4,4.4,1293.0,1297.6,11.3,0.0,,,,,,167.0,,,264.0,,,47.0,,,,,,,,,,,,,0.0,,1.0,4326.8,,,,,,,,,,,,,,,,,,,,,,,,,,0.0,3.253,0.0,,,,,,,,,,,,,,,,,""
8583432129,"Feb 18, 2023, 12:53:09 PM",Morning Run,Run,,4440,14.64,178.0,98,false,,,activities/9214959199.fit.gz,,,4440.0,4429.0,14644.6,5.696,3.307,103.2,103.4,72.4,97.0,7.3,0.0,,,,,,151.0,,,959.0,,,98.0,,,,,,,,,,,,,0.0,,1.0,14769.1,,,,,,,,,,,,,,,,,,,,,,,,,,0.0,3.298,128.6,,,,,,,,,,,,,,,,,""
8583432160,"Feb 16, 2023, 8:28:53 PM",Afternoon Run,Run,,1880,6.44,198.0,112,false,,,activities/9214959295.fit.gz,,,1880.0,1814.0,6449.0,5.317,3.555,23.4,32.4,75.6,97.2,8.2,-0.1,,,,,,180.0,,,442.0,,,112.0,,,,,,,,,,,,,0.0,,1.0,6420.6,,,,,,,,,,,,,,,,,,,,,,,,,,0.0,3.43,0.0,,,,,,,,,,,,,,,,,""
8583432301,"Feb 11, 2023, 12:57:45 PM",Morning Run,Run,,3337,11.46,189.0,121,false,,,activities/9214959423.fit.gz,,,3337.0,3334.0,11462.0,6.114,3.438,55.2,60.4,73.0,101.4,9.5,0.0,,,,,,160.0,,,749.0,,,121.0,,,,,,,,,,,,,0.0,,1.0,11511.1,,,,,,,,,,,,,,,,,,,,,,,,,,0.0,3.435,0.0,,,,,,,,,,,,,,,,,""
8583432375,"Feb 7, 2023, 8:48:19 PM",Afternoon Run,Run,,1010,3.24,182.0,51,false,,,activities/9214959546.fit.gz,,,1010.0,1010.0,3246.5,3.652,3.214,0.0,,,,0.0,0.0,,,,,,171.0,,,212.0,,,51.0,,,,,,,,,,,,,0.0,,1.0,,,,,,,,,,,,,,,,,,,,,,,,,,,0.0,3.214,0.0,,,,,,,,,,,,,,,,,""
8583432591,"Feb 5, 2023, 3:53:59 PM",Morning Run,Run,,3077,9.75,186.0,158,false,,,activities/9214959747.fit.gz,,,3077.0,2888.0,9751.3,5.006,3.376,43.6,49.4,73.8,102.0,45.4,-0.1,,,,,,172.0,,,640.0,,,158.0,,,,,,,,,,,,,0.0,,1.0,9775.3,,,,,,,,,,,,,,,,,,,,,,,,,,0.0,3.169,0.0,,,,,,,,,,,,,,,,,""
8583432607,"Feb 3, 2023, 6:19:48 PM",Lunch Run,Run,,1016,3.43,188.0,53,false,,,activities/9214959818.fit.gz,,,1016.0,1016.0,3430.9,3.944,3.377,0.0,,,,0.0,0.0,,,,,,172.0,,,225.0,,,53.0,,,,,,,,,,,,,0.0,,1.0,,,,,,,,,,,,,,,,,,,,,,,,,,,0.0,3.377,0.0,,,,,,,,,,,,,,,,,""
8583432798,"Jan 31, 2023, 1:41:28 PM",Morning Run,Run,,1521,4.91,192.0,64,false,,,activities/9214959980.fit.gz,,,1521.0,1368.0,4917.4,6.8,3.595,26.0,28.2,76.8,98.4,12.3,0.0,,,,,,169.0,,,321.0,,,64.0,,,,,,,,,,,,,0.0,,1.0,5041.9,,,,,,,,,,,,,,,,,,,,,,,,,,0.0,3.233,0.0,,,,,,,,,,,,,,,,,""
8583432957,"Jan 26, 2023, 9:07:26 PM",Afternoon Run,Run,,1495,4.86,191.0,58,false,,,activities/9214960133.fit.gz,,,1495.0,1262.0,4862.3,8.852,3.853,35.4,37.0,73.4,98.8,9.9,0.0,,,,,,168.0,,,310.0,,,58.0,,,,,,,,,,,,,0.0,,1.0,4980.7,,,,,,,,,,,,,,,,,,,,,,,,,,0.0,3.252,0.0,,,,,,,,,,,,,,,,,""
8583432988,"Jan 28, 2023, 1:14:56 PM",Morning Run,Run,,3333,11.35,189.0,80,false,,,activities/9214960124.fit.gz,,,3333.0,3308.0,11350.2,6.478,3.431,65.2,71.2,72.6,102.2,32.3,-0.1,,,,,,157.0,,,743.0,,,80.0,,,,,,,,,,,,,0.0,,1.0,11399.4,,,,,,,,,,,,,,,,,,,,,,,,,,0.0,3.405,0.0,,,,,,,,,,,,,,,,,""
8583433023,"Jan 24, 2023, 8:52:10 PM",Afternoon Run,Run,,936,3.07,192.0,52,false,,,activities/9214960250.fit.gz,,,936.0,936.0,3073.1,3.82,3.283,0.0,,,,0.0,0.0,,,,,,175.0,,,215.0,,,52.0,,,,,,,,,,,,,0.0,,1.0,,,,,,,,,,,,,,,,,,,,,,,,,,,0.0,3.283,0.0,,,,,,,,,,,,,,,,,""
8654302173,"Feb 25, 2023, 2:29:05 PM",Morning Run,Run,,4792,16.17,188.0,275,false,,,activities/9289738175.fit.gz,,,4792.0,4767.0,16178.6,6.048,3.394,112.8,111.4,72.4,96.4,26.4,0.0,,,,,,175.0,,,1092.0,,,275.0,,,,,,,,,,,,,0.0,,1.0,16293.9,,,,,,,,,,,,,,,,,,,,,,,,,,0.0,3.376,123.5,,,,,,,,,,,,,,,,,""
8654302266,"Feb 22, 2023, 10:20:41 PM",Afternoon Run,Run,,1890,6.49,189.0,87,false,,,activities/9289738328.fit.gz,,,1890.0,1881.0,6498.9,5.2,3.455,40.8,46.0,76.2,103.4,30.4,-0.1,,,,,,169.0,,,437.0,,,87.0,,,,,,,,,,,,,0.0,,1.0,6534.2,,,,,,,,,,,,,,,,,,,,,,,,,,0.0,3.439,0.0,,,,,,,,,,,,,,,,,""
8654302369,"Feb 21, 2023, 9:00:18 PM",Afternoon Run,Run,,1506,4.86,189.0,84,false,,,activities/9289738437.fit.gz,,,1506.0,1506.0,4861.8,3.752,3.228,0.0,,,,0.0,0.0,,,,,,175.0,,,350.0,,,84.0,,,,,,,,,,,,,0.0,,1.0,,,,,,,,,,,,,,,,,,,,,,,,,,,0.0,3.228,0.0,,,,,,,,,,,,,,,,,""
8654302884,"Feb 28, 2023, 9:00:44 PM",Afternoon Run,Run,,996,3.28,186.0,50,false,,,activities/9289738953.fit.gz,,,996.0,996.0,3281.8,4.054,3.295,0.0,,,,0.0,0.0,,,,,,171.0,,,219.0,,,50.0,,,,,,,,,,,,,0.0,,1.0,,,,,,,,,,,,,,,,,,,,,,,,,,,0.0,3.295,0.0,,,,,,,,,,,,,,,,,""
8678437487,"Mar 4, 2023, 2:21:44 PM",Morning Run,Run,Empty stomach and on 5 hours of sleep… rough last few miles,5417,17.72,189.0,331,false,,,activities/9315603923.fit.gz,,,5417.0,5408.0,17721.9,4.902,3.277,128.4,130.8,72.2,96.6,12.0,0.0,,,,,,178.0,,,1319.0,,,331.0,,,,,,,,,,,0.0,,0.0,,1.0,17900.2,,,,,,,,,,,,,,,,,,,,,,,,,,0.0,3.272,111.9,,,,,,,,,,,,,,,,,""
8844638629,"Apr 6, 2023, 7:58:07 PM",Afternoon Run,Run,,2314,6.45,195.0,116,false,,,activities/9490623289.fit.gz,,,2314.0,1933.0,6449.1,5.008,3.336,21.8,32.4,75.8,96.8,8.4,-0.2,,,,,,178.0,,,470.0,,,116.0,,,,,,,,,,,,,0.0,,1.0,6576.4,,,,,,,,,,,,,,,,,,,,,,,,,,0.0,2.787,0.0,,,,,,,,,,,,,,,,,""
8844638968,"Apr 2, 2023, 12:15:28 PM",Morning Run,Run,,5627,19.39,186.0,269,false,,,activities/9490623613.fit.gz,,,5627.0,5613.0,19398.1,6.196,3.456,129.0,128.2,72.6,97.4,28.0,0.0,,,,,,170.0,,,1298.0,,,269.0,,,,,,,,,,,,,0.0,,1.0,19544.7,,,,,,,,,,,,,,,,,,,,,,,,,,0.0,3.447,119.7,,,,,,,,,,,,,,,,,""
8844638970,"Mar 30, 2023, 8:08:12 PM",Afternoon Run,Run,,2586,8.37,196.0,130,false,,,activities/9490623656.fit.gz,,,2586.0,2458.0,8369.4,5.1,3.405,33.4,39.8,76.4,103.0,10.0,-0.1,,,,,,173.0,,,579.0,,,130.0,,,,,,,,,,,,,0.0,,1.0,8419.6,,,,,,,,,,,,,,,,,,,,,,,,,,0.0,3.236,0.0,,,,,,,,,,,,,,,,,""
8844639231,"Mar 25, 2023, 12:17:57 PM",Morning Run,Run,,4787,16.12,190.0,304,false,,,activities/9490623926.fit.gz,,,4787.0,4780.0,16125.3,5.078,3.374,110.0,108.6,71.4,95.8,7.8,0.0,,,,,,179.0,,,1093.0,,,304.0,,,,,,,,,,,,,0.0,,1.0,16273.0,,,,,,,,,,,,,,,,,,,,,,,,,,0.0,3.369,116.5,,,,,,,,,,,,,,,,,""
8844639261,"Mar 23, 2023, 8:09:23 PM",Afternoon Run,Run,,2513,8.05,202.0,153,false,,,activities/9490623949.fit.gz,,,2513.0,2358.0,8055.7,5.599,3.416,26.4,41.4,75.0,100.2,7.1,-0.2,,,,,,184.0,,,567.0,,,153.0,,,,,,,,,,,,,0.0,,1.0,8040.3,,,,,,,,,,,,,,,,,,,,,,,,,,0.0,3.206,0.0,,,,,,,,,,,,,,,,,""
8844639419,"Mar 20, 2023, 9:43:30 PM",Afternoon Run,Run,,2362,8.09,188.0,120,false,,,activities/9490624127.fit.gz,,,2362.0,2243.0,8093.2,6.721,3.608,36.0,49.4,72.8,97.0,6.6,-0.2,,,,,,173.0,,,520.0,,,120.0,,,,,,,,,,,,,0.0,,1.0,8124.9,,,,,,,,,,,,,,,,,,,,,,,,,,0.0,3.426,0.0,,,,,,,,,,,,,,,,,""
8844639572,"Mar 13, 2023, 7:17:25 PM",Afternoon Run,Run,,1389,3.52,194.0,46,false,,,activities/9490624350.fit.gz,,,1389.0,1051.0,3523.3,4.23,3.352,0.0,,,,0.0,0.0,,,,,,157.0,,,239.0,,,46.0,,,,,,,,,,,,,0.0,,1.0,,,,,,,,,,,,,,,,,,,,,,,,,,,0.0,2.537,0.0,,,,,,,,,,,,,,,,,""
8844639978,"Mar 8, 2023, 10:18:10 PM",Afternoon Run,Run,,2448,6.53,186.0,55,false,,,activities/9490624685.fit.gz,,,2448.0,1830.0,6536.4,6.92,3.572,49.6,53.4,73.2,95.2,7.2,-0.1,,,,,,160.0,,,428.0,,,55.0,,,,,,,,,,,,,0.0,,1.0,7238.8,,,,,,,,,,,,,,,,,,,,,,,,,,0.0,2.67,0.0,,,,,,,,,,,,,,,,,""
8860679603,"Apr 9, 2023, 12:19:35 PM",Morning Run,Run,"First half, training for race in May. Ran at same time as Brandon and Shannon.",6179,21.22,188.0,402,false,,,activities/9507550578.fit.gz,,,6179.0,6175.0,21227.5,5.496,3.438,164.6,165.0,72.0,96.6,13.4,0.0,,,,,,180.0,,,1466.0,,,402.0,,,,,,,,,,,0.0,,0.0,,1.0,21419.0,,,,,,,,,,,,,,,,,,,,,,,,,,0.0,3.435,232.2,,,,,,,,,,,,,,,,,""
8914492995,"Apr 16, 2023, 1:41:50 PM",Morning Run,Run,,3861,12.99,189.0,205,false,,,activities/9565156181.fit.gz,,,3861.0,3853.0,12995.6,6.106,3.373,92.4,94.4,72.4,96.6,7.9,0.0,,,,,,168.0,,,906.0,,,205.0,,,,,,,,,,,,,0.0,,1.0,13082.4,,,,,,,,,,,,,,,,,,,,,,,,,,0.0,3.366,115.3,,,,,,,,,,,,,,,,,""
8914494027,"Apr 13, 2023, 7:56:26 PM",Afternoon Run,Run,,2126,5.83,193.0,96,false,,,activities/9565156338.fit.gz,,,2126.0,1775.0,5832.1,6.045,3.286,85.0,84.6,83.2,121.0,13.5,0.0,,,,,,175.0,,,427.0,,,96.0,,,,,,,,,,,,,0.0,,1.0,6019.1,,,,,,,,,,,,,,,,,,,,,,,,,,0.0,2.743,5810.2,,,,,,,,,,,,,,,,,""
9429794117,"Jun 11, 2023, 12:42:36 PM",Morning Run,Run,,3332,9.67,193.0,194,false,,,activities/10113911445.fit.gz,,,3332.0,3100.0,9673.5,9.203,3.12,29.8,44.0,73.2,99.2,6.6,-0.1,,,,,,180.0,,,739.0,,,194.0,,,,,,,,,,,,,0.0,,1.0,9685.1,,,,,,,,,,,,,,,,,,,,,,,,,,0.0,2.903,0.0,,,,,,,,,,,,,,,,,""
9429796008,"Jun 11, 2023, 8:16:36 PM",Afternoon Run,Run,,552,0.82,143.0,1,false,,,activities/10113913631.fit.gz,,,552.0,552.0,824.7,11.402,1.494,0.0,,,,0.0,0.0,,,,,,112.0,,,60.0,,,1.0,,,,,,,,,,,,,0.0,,1.0,,,,,,,,,,,,,,,,,,,,,,,,,,,0.0,1.494,0.0,,,,,,,,,,,,,,,,,""
9429796746,"Jun 24, 2023, 12:57:48 PM",Morning Run,Run,,4399,10.77,199.0,210,false,,,activities/10113914298.fit.gz,,,4399.0,3593.0,10769.9,6.052,2.997,57.6,58.0,73.6,97.2,22.6,0.0,,,,,,179.0,,,828.0,,,210.0,,,,,,,,,,,,,0.0,,1.0,11540.2,,,,,,,,,,,,,,,,,,,,,,,,,,0.0,2.448,0.0,,,,,,,,,,,,,,,,,""
9429796832,"Jun 29, 2023, 6:25:27 PM",Afternoon Run,Run,,3637,7.21,194.0,114,false,,,activities/10113914375.fit.gz,,,3637.0,2320.0,7211.6,6.587,3.108,111.0,112.2,90.0,124.6,25.3,0.0,,,,,,168.0,,,536.0,,,114.0,,,,,,,,,,,,,0.0,,1.0,7617.2,,,,,,,,,,,,,,,,,,,,,,,,,,0.0,1.983,3018.4,,,,,,,,,,,,,,,,,""
9429797003,"Jul 3, 2023, 1:14:37 PM",Morning Run,Run,,2633,7.08,197.0,127,false,,,activities/10113914670.fit.gz,,,2633.0,2139.0,7088.8,4.894,3.314,0.0,0.6,1.4,4.0,13.1,0.0,,,,,,181.0,,,488.0,,,127.0,,,,,,,,,,,,,0.0,,1.0,7301.9,,,,,,,,,,,,,,,,,,,,,,,,,,0.0,2.692,3498.3,,,,,,,,,,,,,,,,,""
9429797349,"Jul 11, 2023, 10:29:00 AM",Morning Run,Run,,1771,5.74,194.0,109,false,,,activities/10113914999.fit.gz,,,1771.0,1765.0,5745.9,5.34,3.255,8.4,9.0,2.4,8.4,3.9,0.0,,,,,,182.0,,,400.0,,,109.0,,,,,,,,,,,,,0.0,,1.0,5756.2,,,,,,,,,,,,,,,,,,,,,,,,,,0.0,3.244,470.4,,,,,,,,,,,,,,,,,""
9674628136,"Aug 17, 2023, 9:02:31 PM",Afternoon Run,Run,,1765,5.75,177.0,74,false,,,activities/10372454753.fit.gz,,,1765.0,1745.0,5749.6,6.144,3.295,8.2,7.8,2.4,8.2,4.2,0.0,,,,,,166.0,,,383.0,,,74.0,,,,,,,,,,,,,0.0,,1.0,5737.2,,,,,,,,,,,,,,,,,,,,,,,,,,0.0,3.258,337.3,,,,,,,,,,,,,,,,,""
9674628187,"Aug 15, 2023, 8:53:04 PM",Afternoon Run,Run,,1693,5.72,187.0,64,false,,,activities/10372454838.fit.gz,,,1693.0,1688.0,5719.1,6.092,3.388,8.2,8.2,2.6,8.4,23.9,0.0,,,,,,164.0,,,384.0,,,64.0,,,,,,,,,,,,,0.0,,1.0,5706.2,,,,,,,,,,,,,,,,,,,,,,,,,,0.0,3.378,319.9,,,,,,,,,,,,,,,,,""
9674628245,"Aug 14, 2023, 9:05:48 PM",Afternoon Run,Run,,1689,5.69,192.0,92,false,,,activities/10372454860.fit.gz,,,1689.0,1638.0,5692.6,6.488,3.475,8.4,7.4,2.6,8.4,5.0,0.0,,,,,,175.0,,,385.0,,,92.0,,,,,,,,,,,,,0.0,,1.0,5656.2,,,,,,,,,,,,,,,,,,,,,,,,,,0.0,3.37,333.1,,,,,,,,,,,,,,,,,""
9674628378,"Aug 11, 2023, 9:01:19 PM",Afternoon Run,Run,,1641,5.65,189.0,82,false,,,activities/10372455020.fit.gz,,,1641.0,1631.0,5656.6,5.846,3.468,8.6,8.4,2.4,8.4,5.4,0.0,,,,,,170.0,,,385.0,,,82.0,,,,,,,,,,,,,0.0,,1.0,5643.8,,,,,,,,,,,,,,,,,,,,,,,,,,0.0,3.447,322.3,,,,,,,,,,,,,,,,,""
9674628423,"Aug 9, 2023, 9:44:25 PM",Afternoon Run,Run,,1749,5.72,187.0,87,false,,,activities/10372455079.fit.gz,,,1749.0,1721.0,5722.7,13.274,3.325,8.2,7.6,2.6,8.4,3.6,0.0,,,,,,172.0,,,396.0,,,87.0,,,,,,,,,,,,,0.0,,1.0,5712.3,,,,,,,,,,,,,,,,,,,,,,,,,,0.0,3.272,318.4,,,,,,,,,,,,,,,,,""
9674628440,"Aug 8, 2023, 8:57:28 PM",Afternoon Run,Run,,1646,5.62,196.0,103,false,,,activities/10372455121.fit.gz,,,1646.0,1627.0,5624.1,5.304,3.457,8.8,8.4,2.4,8.2,4.0,0.0,,,,,,181.0,,,403.0,,,103.0,,,,,,,,,,,,,0.0,,1.0,5635.8,,,,,,,,,,,,,,,,,,,,,,,,,,0.0,3.417,301.2,,,,,,,,,,,,,,,,,""
9674628501,"Aug 7, 2023, 9:09:15 PM",Afternoon Run,Run,,1641,5.67,194.0,95,false,,,activities/10372455170.fit.gz,,,1641.0,1632.0,5674.9,5.218,3.477,8.4,9.0,2.4,8.2,3.1,0.0,,,,,,176.0,,,395.0,,,95.0,,,,,,,,,,,,,0.0,,1.0,5661.5,,,,,,,,,,,,,,,,,,,,,,,,,,0.0,3.458,319.2,,,,,,,,,,,,,,,,,""
9674628671,"Aug 3, 2023, 9:06:41 PM",Afternoon Run,Run,,1648,5.62,196.0,99,false,,,activities/10372455348.fit.gz,,,1648.0,1634.0,5624.6,5.262,3.442,8.8,8.8,2.4,8.2,3.6,0.0,,,,,,178.0,,,375.0,,,99.0,,,,,,,,,,,,,0.0,,1.0,5635.8,,,,,,,,,,,,,,,,,,,,,,,,,,0.0,3.413,316.5,,,,,,,,,,,,,,,,,""
9674628776,"Aug 2, 2023, 10:45:30 AM",Morning Run,Run,,1414,4.98,196.0,60,false,,,activities/10372455448.fit.gz,,,1414.0,1410.0,4981.3,5.707,3.533,2.4,3.2,2.4,5.4,3.4,0.0,,,,,,169.0,,,326.0,,,60.0,,,,,,,,,,,,,0.0,,1.0,4973.9,,,,,,,,,,,,,,,,,,,,,,,,,,0.0,3.523,319.3,,,,,,,,,,,,,,,,,""
9674628854,"Jul 30, 2023, 12:46:58 PM",Morning Run,Run,,1674,5.71,195.0,90,false,,,activities/10372455492.fit.gz,,,1674.0,1664.0,5718.9,6.278,3.437,8.6,8.6,2.2,8.2,4.7,0.0,,,,,,175.0,,,390.0,,,90.0,,,,,,,,,,,,,0.0,,1.0,5718.4,,,,,,,,,,,,,,,,,,,,,,,,,,0.0,3.416,318.8,,,,,,,,,,,,,,,,,""
9674629008,"Jul 19, 2023, 9:24:42 PM",Afternoon Run,Run,,1746,5.67,199.0,113,false,,,activities/10372455665.fit.gz,,,1746.0,1738.0,5673.3,4.682,3.264,8.6,8.4,2.6,8.2,4.8,0.0,,,,,,184.0,,,439.0,,,113.0,,,,,,,,,,,,,0.0,,1.0,5664.6,,,,,,,,,,,,,,,,,,,,,,,,,,0.0,3.249,1124.3,,,,,,,,,,,,,,,,,""
9674629062,"Jul 23, 2023, 1:01:55 PM",Morning Run,Run,,1209,3.95,198.0,60,false,,,activities/10372455711.fit.gz,,,1209.0,1205.0,3949.4,5.04,3.278,8.2,8.4,2.6,8.0,6.8,0.0,,,,,,173.0,,,300.0,,,60.0,,,,,,,,,,,,,0.0,,1.0,3950.0,,,,,,,,,,,,,,,,,,,,,,,,,,0.0,3.267,234.5,,,,,,,,,,,,,,,,,""
9765655329,"Aug 21, 2023, 9:17:54 PM",Afternoon Run,Run,,1636,5.69,184.0,83,false,,,activities/10469410160.fit.gz,,,1636.0,1622.0,5694.9,5.182,3.511,8.4,8.0,2.4,8.2,5.6,0.0,,,,,,172.0,,,377.0,,,83.0,,,,,,,,,,,,,0.0,,1.0,5708.9,,,,,,,,,,,,,,,,,,,,,,,,,,0.0,3.481,80.4,,,,,,,,,,,,,,,,,""
9765655338,"Aug 24, 2023, 9:45:18 PM",Afternoon Run,Run,,1607,5.71,193.0,76,false,,,activities/10469410204.fit.gz,,,1607.0,1600.0,5716.5,6.0,3.573,8.6,8.4,2.4,8.2,5.7,0.0,,,,,,171.0,,,371.0,,,76.0,,,,,,,,,,,,,0.0,,1.0,5721.5,,,,,,,,,,,,,,,,,,,,,,,,,,0.0,3.557,76.6,,,,,,,,,,,,,,,,,""
9765655344,"Aug 20, 2023, 11:56:46 AM",Morning Run,Run,,2349,8.02,196.0,121,false,,,activities/10469410101.fit.gz,,,2349.0,2328.0,8024.6,6.838,3.447,11.4,11.0,2.0,8.2,10.7,0.0,,,,,,174.0,,,535.0,,,121.0,,,,,,,,,,,,,0.0,,1.0,8012.5,,,,,,,,,,,,,,,,,,,,,,,,,,0.0,3.416,439.8,,,,,,,,,,,,,,,,,""
9765655434,"Aug 26, 2023, 5:13:02 PM",Afternoon Run,Run,,2451,8.05,198.0,159,false,,,activities/10469410254.fit.gz,,,2451.0,2424.0,8056.7,6.569,3.324,19.4,15.0,1.0,10.6,5.7,0.1,,,,,,183.0,,,592.0,,,159.0,,,,,,,,,,,,,0.0,,1.0,8083.6,,,,,,,,,,,,,,,,,,,,,,,,,,0.0,3.287,320.1,,,,,,,,,,,,,,,,,""
9765655448,"Aug 28, 2023, 9:24:35 PM",Afternoon Run,Run,,1715,5.66,175.0,56,false,,,activities/10469410333.fit.gz,,,1715.0,1708.0,5662.6,5.052,3.315,8.2,7.4,2.4,8.2,4.2,0.0,,,,,,160.0,,,367.0,,,56.0,,,,,,,,,,,,,0.0,,1.0,5670.6,,,,,,,,,,,,,,,,,,,,,,,,,,0.0,3.302,325.9,,,,,,,,,,,,,,,,,""
9765655473,"Aug 29, 2023, 9:07:55 PM",Afternoon Run,Run,,1647,5.66,188.0,69,false,,,activities/10469410349.fit.gz,,,1647.0,1639.0,5660.9,5.7,3.454,8.2,7.8,2.4,8.2,3.3,0.0,,,,,,167.0,,,376.0,,,69.0,,,,,,,,,,,,,0.0,,1.0,5654.8,,,,,,,,,,,,,,,,,,,,,,,,,,0.0,3.437,332.9,,,,,,,,,,,,,,,,,""
9765655554,"Aug 27, 2023, 12:36:22 PM",Morning Run,Run,,3481,11.42,191.0,203,false,,,activities/10469410316.fit.gz,,,3481.0,3470.0,11419.2,5.598,3.291,20.0,19.8,1.0,8.2,19.9,0.0,,,,,,176.0,,,811.0,,,203.0,,,,,,,,,,,,,0.0,,1.0,11423.1,,,,,,,,,,,,,,,,,,,,,,,,,,0.0,3.28,574.1,,,,,,,,,,,,,,,,,""
9765655560,"Sep 1, 2023, 2:37:14 PM",Morning Run,Run,,2600,7.57,187.0,90,false,,,activities/10469410400.fit.gz,,,2600.0,2201.0,7578.0,6.906,3.443,32.6,28.6,759.0,769.6,45.6,0.1,,,,,,166.0,,,495.0,,,90.0,,,,,,,,,,,,,0.0,,1.0,7695.6,,,,,,,,,,,,,,,,,,,,,,,,,,0.0,2.915,0.0,,,,,,,,,,,,,,,,,""
9784472166,"Sep 3, 2023, 9:52:47 PM",Afternoon Run,Run,,2055,7.02,179.0,104,false,,,activities/10489355311.fit.gz,,,2055.0,2055.0,7023.4,4.892,3.418,41.8,39.6,809.4,822.8,9.3,0.0,,,,,,170.0,,,455.0,,,104.0,,,,,,,,,,,,,0.0,,1.0,7072.6,,,,,,,,,,,,,,,,,,,,,,,,,,0.0,3.418,191.0,,,,,,,,,,,,,,,,,""
9784472195,"Sep 2, 2023, 2:46:37 PM",Morning Run,Run,,4665,14.50,181.0,213,false,,,activities/10489355324.fit.gz,,,4665.0,4347.0,14501.6,5.014,3.336,46.4,49.0,823.4,840.2,9.4,0.0,,,,,,170.0,,,938.0,,,213.0,,,,,,,,,,,,,0.0,,1.0,14536.5,,,,,,,,,,,,,,,,,,,,,,,,,,0.0,3.109,8111.5,,,,,,,,,,,,,,,,,""
9799447968,"Sep 6, 2023, 11:44:29 PM",Afternoon Run,Run,,2531,6.45,192.0,127,false,,,activities/10505087098.fit.gz,,,2531.0,2131.0,6457.5,7.152,3.03,191.4,192.0,1569.8,1613.0,48.8,0.0,,,,,,177.0,,,511.0,,,127.0,,,,,,,,,,,,,0.0,,1.0,7211.7,,,,,,,,,,,,,,,,,,,,,,,,,,0.0,2.551,6573.7,,,,,,,,,,,,,,,,,""
9808412112,"Sep 7, 2023, 9:05:11 PM",Speed work,Run,4x800 @ 6:00,2331,5.40,193.0,71,false,,,activities/10514539951.fit.gz,,,2331.0,1462.0,5404.5,5.754,3.697,4.2,5.8,1293.2,1297.6,2.0,0.0,,,,,,171.0,,,366.0,,,71.0,,,,,,,,,,,0.0,,0.0,,1.0,6491.2,1694120448.0,1.0,28.8,27.4,6.6,0.25,1012.8,2.5,5.4,253.0,0.0,1694091648.0,1694137856.0,0.875,,,0.0,1.0,0.0,29903.8,7.0,,,,,2.0,2.319,0.0,,,,,,,,,,,,,,,,,""
9825424870,"Sep 10, 2023, 12:37:07 PM",Morning Run,Run,,4842,16.11,183.0,245,false,,,activities/10532491959.fit.gz,,,4842.0,4830.0,16112.2,5.97,3.336,36.4,36.8,2.0,8.4,7.0,0.0,,,,,,171.0,,,1052.0,,,245.0,,,,,,,,,,,,,0.0,,1.0,16143.3,1694347264.0,3.0,22.7,24.8,21.5,0.93,1020.0,1.2,3.7,156.0,0.0,1694341120.0,1694386944.0,0.875,,,0.63,5.0,0.85,15123.0,1.0,,,,,0.0,3.328,359.6,,,,,,,,,,,,,,,,,""
9830834136,"Sep 11, 2023, 9:19:19 PM",Afternoon Run,Run,,1599,5.66,188.0,69,false,,,activities/10538188366.fit.gz,,,1599.0,1574.0,5659.2,6.752,3.595,9.0,9.4,2.4,8.6,3.4,0.0,,,,,,166.0,,,374.0,,,69.0,,,,,,,,,,,,,0.0,,1.0,5669.1,1694466048.0,5.0,23.0,24.9,20.7,0.87,1015.6,2.2,4.8,93.0,0.9,1694427648.0,1694473344.0,0.875,,,0.8,5.0,0.92,13000.0,1.0,,,,,0.0,3.539,494.9,,,,,,,,,,,,,,,,,""
9838420355,"Sep 12, 2023, 9:22:51 PM",Afternoon Run,Run,,2583,8.85,193.0,127,false,,,activities/10546140695.fit.gz,,,2583.0,2548.0,8853.9,5.474,3.475,16.8,16.8,1.6,10.6,7.3,0.0,,,,,,171.0,,,603.0,,,127.0,,,,,,,,,,,,,0.0,,1.0,8893.0,1694552448.0,3.0,25.0,27.2,21.1,0.79,1014.1,1.9,3.4,102.0,0.6,1694514048.0,1694559616.0,0.0,,,0.63,5.0,0.64,14856.0,1.0,,,,,0.0,3.428,313.5,,,,,,,,,,,,,,,,,""
9851364539,"Sep 14, 2023, 8:47:38 PM",Afternoon Run,Run,,1575,5.65,191.0,71,false,,,activities/10559680829.fit.gz,,,1575.0,1575.0,5653.4,5.498,3.589,8.4,8.6,2.4,8.2,4.5,0.0,,,,,,169.0,,,372.0,,,71.0,,,,,,,,,,,,,0.0,,1.0,5645.1,1694721536.0,1.0,24.3,24.1,13.0,0.49,1015.3,3.3,6.5,311.0,0.0,1694686976.0,1694732160.0,0.0,,,0.0,1.0,0.11,35589.0,2.0,,,,,0.0,3.589,314.8,,,,,,,,,,,,,,,,,""
9857505520,"Sep 15, 2023, 9:04:05 PM",Afternoon Run,Run,,1559,5.67,187.0,77,false,,,activities/10566138401.fit.gz,,,1559.0,1552.0,5669.4,7.81,3.653,8.8,8.6,2.0,8.2,6.0,0.0,,,,,,171.0,,,360.0,,,77.0,,,,,,,,,,,,,0.0,,1.0,5660.5,1694811648.0,3.0,20.2,19.9,12.0,0.59,1015.0,5.4,10.7,24.0,0.0,1694773504.0,1694818432.0,0.0,,,0.0,1.0,0.96,35750.0,1.0,,,,,0.0,3.637,323.3,,,,,,,,,,,,,,,,,""
9877029887,"Sep 17, 2023, 3:54:21 PM",Lunch Run,Run,,2523,8.79,194.0,142,false,,,activities/10586643095.fit.gz,,,2523.0,2475.0,8792.7,5.582,3.553,16.0,15.2,1.6,10.0,6.4,0.0,,,,,,177.0,,,586.0,,,142.0,,,,,,,,,,,,,0.0,,1.0,8786.6,1694962816.0,1.0,21.0,20.4,10.9,0.53,1012.6,3.1,5.9,273.0,0.0,1694946432.0,1694991104.0,0.125,,,0.0,1.0,0.0,36291.0,5.0,,,,,0.0,3.485,315.5,,,,,,,,,,,,,,,,,""
9883548101,"Sep 19, 2023, 8:23:23 PM",Afternoon Run,Run,,2495,8.83,189.0,146,false,,,activities/10593462148.fit.gz,,,2495.0,2486.0,8838.2,6.114,3.555,19.8,19.4,1.4,9.4,6.3,0.0,,,,,,176.0,,,581.0,,,146.0,,,,,,,,,,,,,0.0,,1.0,8878.7,1695153664.0,1.0,22.5,22.4,13.9,0.58,1010.2,5.6,11.8,269.0,0.0,1695119360.0,1695163648.0,0.125,,,0.66,5.0,0.16,26359.0,2.0,,,,,0.0,3.542,322.3,,,,,,,,,,,,,,,,,""
9890189466,"Sep 20, 2023, 8:19:46 PM",Afternoon Run,Run,,3344,11.56,186.0,166,false,,,activities/10600395119.fit.gz,,,3344.0,3330.0,11568.3,5.51,3.474,26.8,26.6,0.2,8.4,10.5,0.0,,,,,,170.0,,,758.0,,,166.0,,,,,,,,,,,,,0.0,,1.0,11598.5,1695239936.0,1.0,23.3,22.8,11.2,0.46,1017.7,3.3,6.5,284.0,0.0,1695205760.0,1695249920.0,0.125,,,0.0,1.0,0.14,39271.0,2.0,,,,,0.0,3.459,217.8,,,,,,,,,,,,,,,,,""
9896177108,"Sep 21, 2023, 9:37:10 PM",Afternoon Run,Run,,1541,5.67,184.0,72,false,,,activities/10606650959.fit.gz,,,1541.0,1524.0,5676.5,5.636,3.725,8.4,8.6,2.4,8.0,4.6,0.0,,,,,,168.0,,,375.0,,,72.0,,,,,,,,,,,,,0.0,,1.0,5675.2,1695330048.0,1.0,21.5,21.1,11.6,0.53,1024.3,2.2,4.3,99.0,0.0,1695292160.0,1695336192.0,0.125,,,0.0,1.0,0.06,34572.0,1.0,,,,,0.0,3.684,316.2,,,,,,,,,,,,,,,,,""
9905163610,"Sep 23, 2023, 12:24:06 PM",Morning Run,Run,,5308,18.13,181.0,294,false,,,activities/10616111470.fit.gz,,,5308.0,5264.0,18137.3,5.718,3.446,39.0,39.8,1.4,8.2,10.0,0.0,,,,,,173.0,,,1194.0,,,294.0,,,,,,,,,,,,,0.0,,1.0,18210.7,1695470336.0,3.0,14.5,14.1,11.2,0.81,1026.8,2.6,6.3,72.0,0.0,1695465216.0,1695508864.0,0.375,,,0.81,5.0,0.98,24562.0,1.0,,,,,0.0,3.417,1493.0,,,,,,,,,,,,,,,,,""
9915109987,"Sep 24, 2023, 1:41:02 PM",Morning Run,Run,,1720,5.75,181.0,71,false,,,activities/10626569956.fit.gz,,,1720.0,1655.0,5753.2,7.602,3.476,8.4,7.8,2.4,8.2,4.8,0.0,,,,,,166.0,,,370.0,,,71.0,,,,,,,,,,,,,0.0,,1.0,5756.8,1695560448.0,3.0,16.0,16.0,14.0,0.88,1021.6,4.6,9.7,63.0,0.0,1695551616.0,1695595136.0,0.375,,,0.61,5.0,0.99,18712.0,1.0,,,,,0.0,3.345,338.4,,,,,,,,,,,,,,,,,""
9927262032,"Sep 26, 2023, 8:27:40 PM",Afternoon Run,Run,Legs hurt,2597,8.75,176.0,106,false,,,activities/10639322743.fit.gz,,,2597.0,2527.0,8756.1,5.808,3.465,19.4,19.2,0.2,11.4,8.9,0.0,,,,,,166.0,,,576.0,,,106.0,,,,,,,,,,,0.0,,0.0,,1.0,8818.5,1695758336.0,3.0,15.6,15.0,9.6,0.68,1029.2,4.5,8.5,51.0,0.0,1695724544.0,1695767680.0,0.375,,,0.0,1.0,0.66,30479.0,2.0,,,,,0.0,3.372,421.7,,,,,,,,,,,,,,,,,""
9934553316,"Sep 27, 2023, 8:10:29 PM",Afternoon Run,Run,Legs still hurt,1574,5.68,186.0,89,false,,,activities/10646966893.fit.gz,,,1574.0,1563.0,5682.3,5.59,3.636,8.4,8.0,2.4,8.0,7.7,0.0,,,,,,174.0,,,380.0,,,89.0,,,,,,,,,,,0.0,,0.0,,1.0,5668.7,1695844864.0,1.0,18.2,17.7,10.7,0.62,1026.8,3.6,6.8,72.0,0.0,1695811072.0,1695853952.0,0.375,,,0.0,1.0,0.22,32530.0,2.0,,,,,0.0,3.61,292.9,,,,,,,,,,,,,,,,,""
9949768738,"Sep 30, 2023, 1:24:18 PM",Morning Run,Run,,3246,11.27,185.0,216,false,,,activities/10662835303.fit.gz,,,3246.0,3242.0,11275.3,6.376,3.478,29.4,30.2,-0.2,8.4,9.6,0.0,,,,,,180.0,,,749.0,,,216.0,,,,,,,,,,,,,0.0,,1.0,11312.0,1696078848.0,3.0,14.2,14.0,12.6,0.9,1022.9,3.2,7.3,20.0,0.0,1696070400.0,1696112896.0,0.625,,,0.79,5.0,0.99,18006.0,1.0,,,,,0.0,3.474,159.1,,,,,,,,,,,,,,,,,""
9957845531,"Oct 1, 2023, 1:14:33 PM",Morning Run,Run,,4909,16.10,183.0,230,false,,,activities/10671314974.fit.gz,,,4909.0,4633.0,16104.4,5.202,3.476,44.2,45.0,1.6,8.6,20.9,0.0,,,,,,169.0,,,1039.0,,,230.0,,,,,,,,,,,,,0.0,,1.0,16335.1,1696165248.0,1.0,14.1,13.9,12.2,0.88,1022.3,3.2,7.3,2.0,0.0,1696156928.0,1696199168.0,0.625,,,0.0,1.0,0.07,23796.0,2.0,,,,,0.0,3.281,1102.5,,,,,,,,,,,,,,,,,""
9981486376,"Oct 4, 2023, 8:37:27 PM",Afternoon Run,Run,,1590,5.54,189.0,78,false,,,activities/10696098772.fit.gz,,,1590.0,1530.0,5546.1,5.765,3.625,8.2,8.0,2.4,8.2,3.7,0.0,,,,,,172.0,,,367.0,,,78.0,,,,,,,,,,,,,0.0,,1.0,5612.0,1696449536.0,1.0,25.4,26.5,18.2,0.64,1021.9,2.6,4.4,96.0,0.0,1696416256.0,1696458112.0,0.625,,,0.0,1.0,0.02,25438.0,2.0,,,,,0.0,3.488,295.2,,,,,,,,,,,,,,,,,""
9984975703,"Oct 5, 2023, 8:37:30 PM",Afternoon Run,Run,,2376,8.35,187.0,121,false,,,activities/10699704078.fit.gz,,,2376.0,2354.0,8351.8,5.9,3.548,15.8,17.2,2.4,8.4,5.8,0.0,,,,,,172.0,,,552.0,,,121.0,,,,,,,,,,,,,0.0,,1.0,8381.7,1696536064.0,1.0,25.7,26.4,16.4,0.56,1021.9,3.3,6.3,165.0,0.0,1696502784.0,1696544384.0,0.75,,,0.0,1.0,0.15,29153.0,1.0,,,,,0.0,3.515,47.2,,,,,,,,,,,,,,,,,""
9994529044,"Oct 7, 2023, 1:16:06 PM",Morning Run,Run,,5852,19.33,182.0,327,false,,,activities/10709680617.fit.gz,,,5852.0,5673.0,19330.3,5.076,3.407,41.6,42.4,1.8,8.2,25.2,0.0,,,,,,173.0,,,1264.0,,,327.0,,,,,,,,,,,,,0.0,,1.0,19386.9,1696683648.0,3.0,18.8,19.5,17.2,0.9,1010.3,4.2,9.3,122.0,0.0,1696675712.0,1696716928.0,0.875,,,0.93,5.0,0.99,19249.0,1.0,,,,,0.0,3.303,1726.4,,,,,,,,,,,,,,,,,""
10012946604,"Oct 9, 2023, 2:06:58 PM",Morning Run,Run,,3424,11.41,183.0,131,false,,,activities/10728911694.fit.gz,,,3424.0,3417.0,11413.0,7.174,3.34,25.6,26.4,2.0,8.4,30.7,0.0,,,,,,163.0,,,739.0,,,131.0,,,,,,,,,,,,,0.0,,1.0,11450.4,,,,,,,,,,,,,,,,,,,,,,,,,,0.0,3.333,216.6,,,,,,,,,,,,,,,,,""
10015581210,"Oct 10, 2023, 8:45:56 PM",Afternoon Run,Run,,1521,5.64,189.0,71,false,,,activities/10731620207.fit.gz,,,1521.0,1495.0,5645.4,5.916,3.776,8.2,8.2,2.4,8.2,5.9,0.0,,,,,,169.0,,,374.0,,,71.0,,,,,,,,,,,,,0.0,,1.0,5637.4,,,,,,,,,,,,,,,,,,,,,,,,,,0.0,3.712,323.8,,,,,,,,,,,,,,,,,""
10021686695,"Oct 11, 2023, 8:32:16 PM",Afternoon Run,Run,,2516,8.71,182.0,116,false,,,activities/10737941880.fit.gz,,,2516.0,2422.0,8713.0,6.106,3.597,20.0,19.8,1.4,11.6,7.2,0.0,,,,,,169.0,,,574.0,,,116.0,,,,,,,,,,,,,0.0,,1.0,8783.9,,,,,,,,,,,,,,,,,,,,,,,,,,0.0,3.463,287.6,,,,,,,,,,,,,,,,,""
10033146557,"Oct 13, 2023, 8:10:08 PM",Afternoon Run,Run,,2850,9.84,178.0,118,false,,,activities/10749850040.fit.gz,,,2850.0,2836.0,9842.8,5.484,3.471,18.0,17.4,2.4,8.4,8.7,0.0,,,,,,166.0,,,644.0,,,118.0,,,,,,,,,,,,,0.0,,1.0,9847.1,,,,,,,,,,,,,,,,,,,,,,,,,,0.0,3.454,373.9,,,,,,,,,,,,,,,,,""
10037506180,"Oct 14, 2023, 12:42:05 PM",Morning Run,Run,,6502,22.55,176.0,296,false,,,activities/10754390010.fit.gz,,,6502.0,6421.0,22558.9,7.714,3.513,49.6,50.0,0.6,8.4,10.3,0.0,,,,,,169.0,,,1449.0,,,296.0,,,,,,,,,,,,,0.0,,1.0,22609.3,,,,,,,,,,,,,,,,,,,,,,,,,,0.0,3.47,1186.7,,,,,,,,,,,,,,,,,""
10046315188,"Oct 15, 2023, 1:30:51 PM",Morning Run,Run,,1686,5.69,168.0,45,false,,,activities/10763587254.fit.gz,,,1686.0,1668.0,5690.8,5.29,3.412,8.4,8.0,2.4,8.2,5.4,0.0,,,,,,153.0,,,374.0,,,45.0,,,,,,,,,,,,,0.0,,1.0,5677.5,,,,,,,,,,,,,,,,,,,,,,,,,,0.0,3.375,286.1,,,,,,,,,,,,,,,,,""
10058716387,"Oct 17, 2023, 8:09:58 PM",Afternoon Run,Run,,2307,8.51,183.0,111,false,,,activities/10776481440.fit.gz,,,2307.0,2250.0,8511.7,8.299,3.783,16.0,15.2,2.2,8.4,7.4,0.0,,,,,,170.0,,,554.0,,,111.0,,,,,,,,,,,,,0.0,,1.0,8445.8,,,,,,,,,,,,,,,,,,,,,,,,,,0.0,3.69,45.5,,,,,,,,,,,,,,,,,""
10064325534,"Oct 18, 2023, 10:07:36 PM",Evening Run,Run,,1565,5.65,179.0,74,false,,,activities/10782290723.fit.gz,,,1565.0,1559.0,5655.1,5.84,3.627,8.6,8.8,2.4,8.2,3.9,0.0,,,,,,168.0,,,374.0,,,74.0,,,,,,,,,,,,,0.0,,1.0,5643.0,,,,,,,,,,,,,,,,,,,,,,,,,,0.0,3.614,287.2,,,,,,,,,,,,,,,,,""
10078343796,"Oct 21, 2023, 1:05:44 PM",Morning Run,Run,,3369,11.47,180.0,138,false,,,activities/10796887378.fit.gz,,,3369.0,3365.0,11473.7,6.166,3.41,93.4,97.6,159.4,204.4,19.3,0.0,,,,,,166.0,,,762.0,,,138.0,,,,,,,,,,,,,0.0,,1.0,11671.0,,,,,,,,,,,,,,,,,,,,,,,,,,0.0,3.406,10750.1,,,,,,,,,,,,,,,,,""
10092257017,"Oct 23, 2023, 6:07:16 PM",Afternoon Run,Run,,4646,16.12,180.0,230,false,,,activities/10811429180.fit.gz,,,4646.0,4514.0,16125.0,5.884,3.572,41.4,42.0,1.0,10.6,16.7,0.0,,,,,,171.0,,,1049.0,,,230.0,,,,,,,,,,,,,0.0,,1.0,16152.9,,,,,,,,,,,,,,,,,,,,,,,,,,0.0,3.471,171.9,,,,,,,,,,,,,,,,,""
10104737712,"Oct 25, 2023, 8:45:42 PM",Afternoon Run,Run,,2305,8.38,193.0,114,false,,,activities/10824365514.fit.gz,,,2305.0,2288.0,8387.7,5.784,3.666,17.8,17.4,-0.4,8.0,6.6,0.0,,,,,,172.0,,,549.0,,,114.0,,,,,,,,,,,,,0.0,,1.0,8398.0,,,,,,,,,,,,,,,,,,,,,,,,,,0.0,3.639,45.0,,,,,,,,,,,,,,,,,""
10110095941,"Oct 26, 2023, 8:27:42 PM",Afternoon Run,Run,,1546,5.64,185.0,78,false,,,activities/10829947263.fit.gz,,,1546.0,1537.0,5642.8,5.875,3.671,8.6,7.8,2.6,8.4,6.4,0.0,,,,,,171.0,,,369.0,,,78.0,,,,,,,,,,,,,0.0,,1.0,5643.7,,,,,,,,,,,,,,,,,,,,,,,,,,0.0,3.65,333.5,,,,,,,,,,,,,,,,,""
10119309162,"Oct 27, 2023, 8:22:18 PM",Afternoon Run,Run,Just trying to work out some soreness,926,2.94,163.0,22,false,,,activities/10839596767.fit.gz,,,926.0,904.0,2944.7,4.72,3.257,3.2,3.6,3.0,6.2,3.8,0.0,,,,,,154.0,,,187.0,,,22.0,,,,,,,,,,,0.0,,0.0,,1.0,2963.0,,,,,,,,,,,,,,,,,,,,,,,,,,0.0,3.18,237.3,,,,,,,,,,,,,,,,,""
10119310053,"Oct 28, 2023, 11:48:33 AM",Morning Run,Run,,7139,24.15,186.0,382,false,,,activities/10839597453.fit.gz,,,7139.0,6981.0,24154.2,7.093,3.46,62.8,63.6,1.0,8.4,17.9,0.0,,,,,,173.0,,,1548.0,,,382.0,,,,,,,,,,,,,0.0,,1.0,24288.9,,,,,,,,,,,,,,,,,,,,,,,,,,0.0,3.383,2179.1,,,,,,,,,,,,,,,,,""
10136834258,"Oct 31, 2023, 2:09:58 PM",Morning Run,Run,,3218,10.73,167.0,109,false,,,activities/10857994407.fit.gz,,,3218.0,3205.0,10732.2,4.66,3.349,17.8,17.8,2.0,8.2,6.9,0.0,,,,,,162.0,,,684.0,,,109.0,,,,,,,,,,,,,0.0,,1.0,10744.4,,,,,,,,,,,,,,,,,,,,,,,,,,0.0,3.335,1330.7,,,,,,,,,,,,,,,,,""
10144835545,"Nov 1, 2023, 8:48:12 PM",Afternoon Run,Run,,3097,10.85,181.0,155,false,,,activities/10866374756.fit.gz,,,3097.0,3083.0,10851.1,5.214,3.52,26.0,26.6,2.2,8.8,6.3,0.0,,,,,,171.0,,,709.0,,,155.0,,,,,,,,,,,,,0.0,,1.0,10876.1,,,,,,,,,,,,,,,,,,,,,,,,,,0.0,3.504,353.2,,,,,,,,,,,,,,,,,""
10150053258,"Nov 2, 2023, 8:47:52 PM",Afternoon Run,Run,,1503,5.66,185.0,100,false,,,activities/10871850697.fit.gz,,,1503.0,1492.0,5660.2,6.81,3.794,8.4,8.6,2.4,8.2,5.9,0.0,,,,,,180.0,,,372.0,,,100.0,,,,,,,,,,,,,0.0,,1.0,5642.2,,,,,,,,,,,,,,,,,,,,,,,,,,0.0,3.766,291.4,,,,,,,,,,,,,,,,,""
10159119095,"Nov 4, 2023, 12:21:54 PM",Morning Run,Run,,7387,25.76,180.0,339,false,,,activities/10881372993.fit.gz,,,7387.0,7323.0,25760.1,5.799,3.518,56.6,57.2,1.8,9.0,7.6,0.0,,,,,,168.0,,,1656.0,,,339.0,,,,,,,,,,,,,0.0,,1.0,25850.3,,,,,,,,,,,,,,,,,,,,,,,,,,0.0,3.487,713.6,,,,,,,,,,,,,,,,,""
10173063052,"Nov 6, 2023, 8:57:05 PM",Afternoon Run,Run,,3153,10.88,177.0,118,false,,,activities/10896033162.fit.gz,,,3153.0,3096.0,10887.9,5.92,3.517,23.6,23.6,1.8,9.8,7.0,0.0,,,,,,162.0,,,705.0,,,118.0,,,,,,,,,,,,,0.0,,1.0,10919.6,,,,,,,,,,,,,,,,,,,,,,,,,,0.0,3.453,374.7,,,,,,,,,,,,,,,,,""
10179322579,"Nov 7, 2023, 9:34:17 PM",Afternoon Run,Run,,1530,5.65,182.0,66,false,,,activities/10902525147.fit.gz,,,1530.0,1502.0,5656.8,6.102,3.766,8.2,8.0,2.4,8.2,6.0,0.0,,,,,,165.0,,,370.0,,,66.0,,,,,,,,,,,,,0.0,,1.0,5653.7,,,,,,,,,,,,,,,,,,,,,,,,,,0.0,3.697,322.1,,,,,,,,,,,,,,,,,""
10190908124,"Nov 9, 2023, 8:56:11 PM",Afternoon Run,Run,,2277,8.07,177.0,102,false,,,activities/10914496867.fit.gz,,,2277.0,2251.0,8074.1,5.694,3.587,13.0,13.4,2.6,8.2,8.4,0.0,,,,,,166.0,,,534.0,,,102.0,,,,,,,,,,,,,0.0,,1.0,8075.5,,,,,,,,,,,,,,,,,,,,,,,,,,0.0,3.546,36.6,,,,,,,,,,,,,,,,,""
10200062856,"Nov 11, 2023, 12:40:42 PM",Morning Run,Run,,5233,18.45,182.0,244,false,,,activities/10923997944.fit.gz,,,5233.0,5119.0,18455.6,5.848,3.605,39.2,38.8,-0.2,8.0,7.7,0.0,,,,,,169.0,,,1199.0,,,244.0,,,,,,,,,,,,,0.0,,1.0,18494.7,,,,,,,,,,,,,,,,,,,,,,,,,,0.0,3.527,280.3,,,,,,,,,,,,,,,,,""
10206904496,"Nov 12, 2023, 3:25:08 PM",Morning Run,Run,,2449,8.94,173.0,90,false,,,activities/10931111385.fit.gz,,,2449.0,2445.0,8944.6,6.0,3.658,17.2,17.6,1.2,10.2,4.9,0.0,,,,,,162.0,,,584.0,,,90.0,,,,,,,,,,,,,0.0,,1.0,8973.3,,,,,,,,,,,,,,,,,,,,,,,,,,0.0,3.652,1451.0,,,,,,,,,,,,,,,,,""
10225684123,"Nov 14, 2023, 8:59:22 PM",Afternoon Run,Run,,3001,10.88,179.0,118,false,,,activities/10950562958.fit.gz,,,3001.0,2949.0,10879.6,7.07,3.689,29.2,29.0,0.2,10.8,9.2,0.0,,,,,,165.0,,,704.0,,,118.0,,,,,,,,,,,,,0.0,,1.0,10921.2,,,,,,,,,,,,,,,,,,,,,,,,,,0.0,3.625,310.8,,,,,,,,,,,,,,,,,""
10225684185,"Nov 15, 2023, 8:58:14 PM",Afternoon Run,Run,,2584,8.93,164.0,72,false,,,activities/10950562992.fit.gz,,,2584.0,2551.0,8931.5,6.638,3.501,21.2,21.0,1.4,10.6,5.0,0.0,,,,,,155.0,,,579.0,,,72.0,,,,,,,,,,,,,0.0,,1.0,8984.4,,,,,,,,,,,,,,,,,,,,,,,,,,0.0,3.456,287.1,,,,,,,,,,,,,,,,,""
10231083782,"Nov 16, 2023, 9:10:17 PM",Afternoon Run,Run,,2502,8.72,171.0,92,false,,,activities/10956213576.fit.gz,,,2502.0,2497.0,8726.3,5.392,3.495,14.4,15.2,1.6,9.0,7.2,0.0,,,,,,165.0,,,569.0,,,92.0,,,,,,,,,,,,,0.0,,1.0,8752.4,,,,,,,,,,,,,,,,,,,,,,,,,,0.0,3.488,327.0,,,,,,,,,,,,,,,,,""
10236031237,"Nov 17, 2023, 8:44:42 PM",Afternoon Run,Run,,1677,5.71,174.0,50,false,,,activities/10961356430.fit.gz,,,1677.0,1666.0,5711.9,4.898,3.429,8.2,8.4,2.4,8.2,5.3,0.0,,,,,,157.0,,,374.0,,,50.0,,,,,,,,,,,,,0.0,,1.0,5705.5,,,,,,,,,,,,,,,,,,,,,,,,,,0.0,3.406,322.8,,,,,,,,,,,,,,,,,""
10239816096,"Nov 18, 2023, 12:28:50 PM",Morning Run,Run,Rainy… working on doing better recovery runs,5787,19.67,177.0,221,false,,,activities/10965292440.fit.gz,,,5787.0,5734.0,19677.8,5.063,3.432,40.2,39.8,1.2,8.2,7.1,0.0,,,,,,165.0,,,1270.0,,,221.0,,,,,,,,,,,0.0,,0.0,,1.0,19654.0,,,,,,,,,,,,,,,,,,,,,,,,,,0.0,3.4,239.2,,,,,,,,,,,,,,,,,""
10253694174,"Nov 20, 2023, 9:22:01 PM",Afternoon Run,Run,"",2361,8.48,175.0,80,false,,On Cloudmonster Mint,activities/10979748809.fit.gz,,,2361.0,2351.0,8486.2,5.17,3.61,17.2,17.6,1.2,8.2,5.2,0.0,,,,,,159.0,,,554.0,,,80.0,,,,,,,,,,,,,0.0,,1.0,8485.2,,,,,,,,,,,,,,,,17166300.0,,,,,,,,,,0.0,3.594,42.8,,,,,,,,,,,,,,,,,""
10259468685,"Nov 21, 2023, 9:05:21 PM",Afternoon Run,Run,"",3057,10.84,178.0,120,false,,On Cloudmonster Mint,activities/10985747884.fit.gz,,,3057.0,2961.0,10843.2,6.588,3.662,21.4,26.4,1.4,8.0,5.6,0.0,,,,,,164.0,,,706.0,,,120.0,,,,,,,,,,,,,0.0,,1.0,10936.3,,,,,,,,,,,,,,,,17166300.0,,,,,,,,,,0.0,3.547,375.7,,,,,,,,,,,,,,,,,""
10268194765,"Nov 23, 2023, 1:12:12 PM",Morning Run,Run,"Leg workout yesterday, tired today. Despite the map, this was not a swim.",1622,5.59,177.0,82,false,"",On Cloudmonster Mint,activities/10994801632.fit.gz,,,1622.0,1619.0,5595.0,5.173,3.456,5.6,8.0,2.0,5.4,5.9,0.0,,,,,,170.0,,,343.0,,,82.0,,,,,,,,,,,0.0,,0.0,,1.0,5585.6,,,,,,,,,,,,,,,,17166300.0,,,,,,,,,,0.0,3.449,818.5,,,,,,,,,,,,,,,,,""
10274054724,"Nov 24, 2023, 2:19:09 PM",Morning Run,Run,"",2435,8.62,185.0,119,false,,On Cloudmonster Mint,activities/11000935803.fit.gz,,,2435.0,2405.0,8620.2,5.908,3.584,15.2,16.8,1.6,9.2,6.0,0.0,,,,,,170.0,,,558.0,,,119.0,,,,,,,,,,,,,0.0,,1.0,8636.8,,,,,,,,,,,,,,,,17166300.0,,,,,,,,,,0.0,3.54,899.7,,,,,,,,,,,,,,,,,""
10279899243,"Nov 25, 2023, 1:30:29 PM",Morning Run,Run,Very cold.,8164,27.47,160.0,213,false,,On Cloudmonster Mint,activities/11006999486.fit.gz,,,8164.0,8076.0,27472.9,5.492,3.402,67.6,67.8,1.2,8.4,13.8,0.0,,,,,,152.0,,,1777.0,,,213.0,,,,,,,,,,,0.0,,0.0,,1.0,27566.5,,,,,,,,,,,,,,,,17166300.0,,,,,,,,,,0.0,3.365,332.4,,,,,,,,,,,,,,,,,""
10292138336,"Nov 27, 2023, 9:19:24 PM",Afternoon Run,Run,"",2470,8.48,167.0,72,false,,On Cloudmonster Mint,activities/11019719710.fit.gz,,,2470.0,2460.0,8481.6,5.96,3.448,16.6,16.6,1.0,8.2,5.7,0.0,,,,,,156.0,,,555.0,,,72.0,,,,,,,,,,,,,0.0,,1.0,8478.6,,,,,,,,,,,,,,,,17166300.0,,,,,,,,,,0.0,3.434,266.2,,,,,,,,,,,,,,,,,""
10297823362,"Nov 28, 2023, 9:22:38 PM",Afternoon Run,Run,6x800@~6:10 w/ 400 jog between,2728,9.75,183.0,91,false,,On Cloudmonster Mint,activities/11025601908.fit.gz,,,2728.0,2714.0,9752.8,7.502,3.594,16.4,16.6,1.2,8.2,4.7,0.0,,,,,,161.0,,,656.0,,,91.0,,,,,,,,,,,0.0,,0.0,,1.0,9756.7,,,,,,,,,,,,,,,,17166300.0,,,,,,,,,,0.0,3.575,155.5,,,,,,,,,,,,,,,,,""
10303798466,"Nov 29, 2023, 9:09:21 PM",Afternoon Run,Run,"",1871,6.45,160.0,51,false,,On Cloudmonster Mint,activities/11031779259.fit.gz,,,1871.0,1861.0,6452.2,7.953,3.467,11.0,11.2,2.2,8.2,6.7,0.0,,,,,,154.0,,,427.0,,,51.0,,,,,,,,,,,,,0.0,,1.0,6442.1,,,,,,,,,,,,,,,,17166300.0,,,,,,,,,,0.0,3.449,31.7,,,,,,,,,,,,,,,,,""
10308402213,"Nov 30, 2023, 8:53:02 PM",Afternoon Run,Run,"",2972,10.73,180.0,128,false,,On Cloudmonster Mint,activities/11036549604.fit.gz,,,2972.0,2847.0,10731.7,6.794,3.769,28.4,28.4,0.8,9.6,7.6,0.0,,,,,,167.0,,,693.0,,,128.0,,,,,,,,,,,,,0.0,,1.0,10811.5,,,,,,,,,,,,,,,,17166300.0,,,,,,,,,,0.0,3.611,403.3,,,,,,,,,,,,,,,,,""
10312148448,"Dec 1, 2023, 1:15:34 PM",Morning Run,Run,"",1772,5.47,155.0,28,false,,On Cloudmonster Mint,activities/11040441557.fit.gz,,,1772.0,1759.0,5469.2,4.506,3.109,8.2,8.4,2.2,8.2,8.0,0.0,,,,,,142.0,,,358.0,,,28.0,,,,,,,,,,,,,0.0,,1.0,5474.2,,,,,,,,,,,,,,,,17166300.0,,,,,,,,,,0.0,3.086,95.8,,,,,,,,,,,,,,,,,""
10316738027,"Dec 2, 2023, 12:55:12 PM",Morning Run,Run,,4682,16.53,178.0,185,false,,,activities/11045200352.fit.gz,,,4682.0,4659.0,16533.3,6.474,3.549,37.0,37.8,2.4,9.8,12.1,0.0,,,,,,165.0,,,1073.0,,,185.0,,,,,,,,,,,,,0.0,,1.0,16555.3,,,,,,,,,,,,,,,,,,,,,,,,,,0.0,3.531,268.0,,,,,,,,,,,,,,,,,""
10329168934,"Dec 4, 2023, 9:14:58 PM",Afternoon Run,Run,"",2335,8.52,173.0,91,false,,On Cloudmonster Mint,activities/11058143953.fit.gz,,,2335.0,2335.0,8520.7,5.83,3.649,16.2,16.4,1.0,8.4,5.1,0.0,,,,,,164.0,,,568.0,,,91.0,,,,,,,,,,,,,0.0,,1.0,8521.9,,,,,,,,,,,,,,,,17166300.0,,,,,,,,,,0.0,3.649,42.7,,,,,,,,,,,,,,,,,""
10334552613,"Dec 5, 2023, 9:19:46 PM",Afternoon Run,Run,8x2 minute fartlek @5k pace w/ 1 min jog in between,1549,5.80,177.0,56,false,,On Cloudmonster Mint,activities/11063746280.fit.gz,,,1549.0,1526.0,5807.9,7.082,3.806,10.4,10.2,2.6,8.4,6.4,0.0,,,,,,162.0,,,401.0,,,56.0,,,,,,,,,,,0.0,,0.0,,1.0,5794.5,,,,,,,,,,,,,,,,17166300.0,,,,,,,,,,0.0,3.749,897.0,,,,,,,,,,,,,,,,,""
10340117571,"Dec 6, 2023, 9:14:31 PM",Afternoon Run,Run,"",3013,10.97,172.0,96,false,,On Cloudmonster Mint,activities/11069505928.fit.gz,,,3013.0,2935.0,10971.4,6.542,3.738,25.0,26.0,2.0,8.0,12.4,0.0,,,,,,161.0,,,717.0,,,96.0,,,,,,,,,,,,,0.0,,1.0,10974.3,,,,,,,,,,,,,,,,17166300.0,,,,,,,,,,0.0,3.641,514.5,,,,,,,,,,,,,,,,,""
10345062748,"Dec 7, 2023, 9:01:04 PM",Afternoon Run,Run,"",2408,8.54,165.0,70,false,,On Cloudmonster Mint,activities/11074625971.fit.gz,,,2408.0,2405.0,8548.5,6.694,3.554,15.6,15.8,2.2,8.4,11.2,0.0,,,,,,155.0,,,549.0,,,70.0,,,,,,,,,,,,,0.0,,1.0,8535.5,,,,,,,,,,,,,,,,17166300.0,,,,,,,,,,0.0,3.55,127.5,,,,,,,,,,,,,,,,,""
10349876230,"Dec 8, 2023, 8:52:34 PM",Afternoon Run,Run,"",2256,8.46,179.0,75,false,,On Cloudmonster Mint,activities/11079619740.fit.gz,,,2256.0,2248.0,8462.2,5.932,3.764,15.4,15.4,2.4,8.2,7.9,0.0,,,,,,159.0,,,565.0,,,75.0,,,,,,,,,,,,,0.0,,1.0,8461.7,,,,,,,,,,,,,,,,17166300.0,,,,,,,,,,0.0,3.751,39.2,,,,,,,,,,,,,,,,,""
10359558691,"Dec 10, 2023, 2:10:54 PM",Morning Run,Run,First run with Tracksmith,5786,19.56,171.0,174,false,,On Cloudmonster Mint,activities/11089823920.fit.gz,,,5786.0,5592.0,19560.0,5.165,3.498,77.6,76.6,0.4,15.2,20.4,0.0,,,,,,159.0,,,1271.0,,,174.0,,,,,,,,,,,0.0,,0.0,,1.0,19678.0,,,,,,,,,,,,,,,,17166300.0,,,,,,,,,,0.0,3.381,0.0,,,,,,,,,,,,,,,,,""
10371036704,"Dec 12, 2023, 9:19:22 PM",Afternoon Run,Run,"",2342,8.47,174.0,92,false,,On Cloudmonster Mint,activities/11101769743.fit.gz,,,2342.0,2329.0,8476.0,9.86,3.639,16.6,16.2,2.0,8.4,10.2,0.0,,,,,,164.0,,,549.0,,,92.0,,,,,,,,,,,,,0.0,,1.0,8499.1,,,,,,,,,,,,,,,,17166300.0,,,,,,,,,,0.0,3.619,113.4,,,,,,,,,,,,,,,,,""
10376353022,"Dec 13, 2023, 9:29:33 PM",Afternoon Run,Run,Cold and windy 4 mile tempo,2626,9.52,178.0,112,false,,On Cloudmonster Mint,activities/11107302754.fit.gz,,,2626.0,2531.0,9519.2,7.98,3.761,31.8,31.4,0.6,8.8,11.9,0.0,,,,,,167.0,,,613.0,,,112.0,,,,,,,,,,,0.0,,0.0,,1.0,9557.6,,,,,,,,,,,,,,,,17166300.0,,,,,,,,,,0.0,3.625,513.1,,,,,,,,,,,,,,,,,""
10381335823,"Dec 14, 2023, 9:21:58 PM",Afternoon Run,Run,Z2,3133,9.67,153.0,49,false,,On Cloudmonster Mint,activities/11112473395.fit.gz,,,3133.0,3055.0,9677.2,8.454,3.168,26.2,24.6,0.8,9.0,7.9,0.0,,,,,,144.0,,,612.0,,,49.0,,,,,,,,,,,0.0,,0.0,,1.0,9720.2,,,,,,,,,,,,,,,,17166300.0,,,,,,,,,,0.0,3.089,486.6,,,,,,,,,,,,,,,,,""
10385929281,"Dec 15, 2023, 9:09:54 PM",Afternoon Run,Run,Z2,1760,5.66,159.0,27,false,,On Cloudmonster Mint,activities/11117277911.fit.gz,,,1760.0,1756.0,5665.5,5.293,3.226,8.0,8.6,2.2,8.0,5.8,0.0,,,,,,144.0,,,365.0,,,27.0,,,,,,,,,,,0.0,,0.0,,1.0,5612.7,,,,,,,,,,,,,,,,17166300.0,,,,,,,,,,0.0,3.219,310.5,,,,,,,,,,,,,,,,,""
10389738370,"Dec 16, 2023, 1:19:43 PM",Morning Run,Run,"",7079,24.16,174.0,206,false,,On Cloudmonster Mint,activities/11121251218.fit.gz,,,7079.0,6920.0,24161.7,5.238,3.492,71.4,69.8,1.8,15.0,25.8,0.0,,,,,,156.0,,,1573.0,,,206.0,,,,,,,,,,,,,0.0,,1.0,24285.2,,,,,,,,,,,,,,,,17166300.0,,,,,,,,,,0.0,3.413,1415.1,,,,,,,,,,,,,,,,,""
10402902702,"Dec 18, 2023, 10:47:24 PM",Afternoon Run,Run,"",3126,10.78,166.0,93,false,,On Cloudmonster Mint,activities/11135104613.fit.gz,,,3126.0,3109.0,10783.4,7.76,3.468,31.8,32.4,1292.8,1319.8,5.9,0.0,,,,,,156.0,,,701.0,,,93.0,,,,,,,,,,,,,0.0,,1.0,10833.5,,,,,,,,,,,,,,,,17166300.0,,,,,,,,,,0.0,3.45,0.0,,,,,,,,,,,,,,,,,""
10413074655,"Dec 20, 2023, 11:13:22 PM",Afternoon Run,Run,"- 1 mile warmup
- 6x400m @ 5:40
- 1 mile cooldown",2106,5.71,182.0,52,false,,On Cloudmonster Mint,activities/11145618190.fit.gz,,,2106.0,1506.0,5713.7,8.692,3.794,24.2,25.4,1344.4,1355.4,19.4,0.0,,,,,,161.0,,,373.0,,,52.0,,,,,,,,,,,0.0,,0.0,,1.0,6001.3,,,,,,,,,,,,,,,,17166300.0,,,,,,,,,,0.0,2.713,0.0,,,,,,,,,,,,,,,,,""
10417203960,"Dec 21, 2023, 10:52:30 PM",Afternoon Run,Run,Z2 is tougher at altitude,3418,10.25,159.0,68,false,,On Cloudmonster Mint,activities/11149900078.fit.gz,,,3418.0,3415.0,10253.2,4.26,3.002,10.4,10.4,1288.0,1296.0,3.9,0.0,,,,,,147.0,,,653.0,,,68.0,,,,,,,,,,,0.0,,0.0,,1.0,10240.6,,,,,,,,,,,,,,,,17166300.0,,,,,,,,,,0.0,3.0,382.2,,,,,,,,,,,,,,,,,""
10422364615,"Dec 22, 2023, 10:39:25 PM",Afternoon Run,Run,Z2,2764,8.24,155.0,45,false,,On Cloudmonster Mint,activities/11154907558.fit.gz,,,2764.0,2761.0,8242.8,4.408,2.985,27.0,27.0,1292.8,1316.2,5.9,0.0,,,,,,144.0,,,531.0,,,45.0,,,,,,,,,,,0.0,,0.0,,1.0,8263.5,,,,,,,,,,,,,,,,17166300.0,,,,,,,,,,0.0,2.982,0.0,,,,,,,,,,,,,,,,,""
10426290621,"Dec 23, 2023, 3:16:33 PM",Run,Run,Watch split up the first 13 miles into 2 runs and then died but the run was actually 18 miles,5400,18.05,161.0,156,false,,,activities/11158989998.fit.gz,,,5400.0,5341.0,18051.4,4.71,3.38,24.0,60.8,1290.6,1334.4,6.1,-0.2,,,,,,155.0,,,1035.0,,,156.0,,,,,,,,,,,0.0,,0.0,,1.0,18007.6,,,,,,,,,,,,,,,,,,,,,,,,,,0.0,3.343,0.0,,,,,,,,,,,,,,,,,""
10426290799,"Dec 23, 2023, 4:46:32 PM",Morning Run,Run,Actually part of an 18 miler,1693,5.80,159.0,51,false,,On Cloudmonster Mint,activities/11158990264.fit.gz,,,1693.0,1693.0,5799.8,4.42,3.426,0.0,0.0,0.0,0.0,0.0,0.0,,,,,,156.0,,,376.0,,,51.0,,,,,,,,,,,0.0,,0.0,,1.0,5799.8,,,,,,,,,,,,,,,,17166300.0,,,,,,,,,,0.0,3.426,0.0,,,,,,,,,,,,,,,,,""
10431669022,"Dec 24, 2023, 5:04:24 PM",Morning Run,Run,Z2,1632,4.97,151.0,26,false,,On Cloudmonster Mint,activities/11164591823.fit.gz,,,1632.0,1620.0,4971.3,5.404,3.069,12.8,13.0,1292.8,1301.0,32.8,0.0,,,,,,144.0,,,315.0,,,26.0,,,,,,,,,,,0.0,,0.0,,1.0,4945.7,,,,,,,,,,,,,,,,17166300.0,,,,,,,,,,0.0,3.046,183.8,,,,,,,,,,,,,,,,,""
10439995077,"Dec 25, 2023, 3:32:08 PM",Morning Run,Run,Easy run with my sister,1851,4.46,141.0,7,false,,On Cloudmonster Mint,activities/11173311900.fit.gz,,,1851.0,1704.0,4461.8,3.996,2.618,11.6,11.6,1293.2,1301.0,9.2,0.0,,,,,,129.0,,,280.0,,,7.0,,,,,,,,,,,0.0,,0.0,,1.0,4483.3,,,,,,,,,,,,,,,,17166300.0,,,,,,,,,,0.0,2.41,0.0,,,,,,,,,,,,,,,,,""
10440781897,"Dec 26, 2023, 4:27:45 PM",Morning Run,Run,"- 1 mile warmup
- 4 miles tempo",2166,8.08,185.0,94,false,,On Cloudmonster Mint,activities/11174123782.fit.gz,,,2166.0,2162.0,8083.5,5.106,3.739,21.4,21.4,1293.2,1305.6,8.8,0.0,,,,,,167.0,,,524.0,,,94.0,,,,,,,,,,,0.0,,0.0,,1.0,8066.7,,,,,,,,,,,,,,,,17166300.0,,,,,,,,,,0.0,3.732,0.0,,,,,,,,,,,,,,,,,""
10446419158,"Dec 27, 2023, 4:48:18 PM",Morning Run,Run,Z2,4060,11.28,157.0,59,false,,On Cloudeclipse Black,activities/11179980078.fit.gz,,,4060.0,3903.0,11288.5,4.456,2.892,42.2,42.2,1293.0,1331.2,5.7,0.0,,,,,,144.0,,,739.0,,,59.0,,,,,,,,,,,0.0,,0.0,,1.0,11320.2,,,,,,,,,,,,,,,,17166280.0,,,,,,,,,,0.0,2.78,0.0,,,,,,,,,,,,,,,,,""
10463657805,"Dec 30, 2023, 4:04:25 PM",Morning Run,Run,"",4363,13.91,174.0,131,false,,On Cloudeclipse Black,activities/11197848190.fit.gz,,,4363.0,4140.0,13914.0,5.4,3.361,55.0,59.0,1285.0,1325.0,10.0,0.0,,,87.0,82.0,,158.0,,257.0,738.0,,,131.0,,,,,,,,,252.0,4364.0,,,0.0,,1.0,14084.0,,,,,,,,,,,,,,,,17166280.0,,,,,,,,,,0.0,3.189,0.0,,,,11404.0,,,,,,,,,,,,,""
10474495152,"Jan 1, 2024, 2:46:27 PM",Morning Run,Run,"",5418,18.25,169.0,161,false,,On Cloudeclipse Black,activities/11209147626.fit.gz,,,5418.0,5357.0,18249.5,7.2,3.407,66.0,74.0,3.0,19.0,15.4,0.0,,,89.0,83.0,,157.0,,260.0,1339.0,,,161.0,,,,,,,,,259.0,5419.0,,,0.0,,1.0,18510.5,,,,,,,,,,,,,,,,17166280.0,,,,,,,,,,0.0,3.368,221.5,,,,14864.0,,,,,,,,,,,,,""
10482024696,"Jan 2, 2024, 8:52:25 PM",Afternoon Run,Run,"",2598,8.72,176.0,82,false,,On Cloudeclipse Black,activities/11216952099.fit.gz,,,2598.0,2548.0,8724.5,7.8,3.424,37.0,37.0,8.0,22.0,20.0,0.0,,,89.0,82.0,,159.0,,264.0,670.0,,,82.0,,,,,,,,,263.0,2600.0,,,0.0,,1.0,8854.4,,,,,,,,,,,,,,,,17166280.0,,,,,,,,,,0.0,3.358,40.0,,,,6998.0,,,,,,,,,,,,,""
10488584952,"Jan 3, 2024, 9:01:48 PM",Afternoon Run,Run,"-5 min warmup

- 2 minutes ~5:55
- 1 minute job
X8

-Cool down",1923,6.96,186.0,87,false,"",On Cloudmonster Mint,activities/11223711878.fit.gz,,,1923.0,1921.0,6964.6,5.6,3.626,23.0,28.0,9.0,21.0,10.0,0.0,,,106.0,85.0,,167.0,,288.0,548.0,,,87.0,,,,,,,,,295.0,1924.0,0.0,,0.0,,1.0,7049.4,,,,,,,,,,,,,,,,17166300.0,,,,,,,,,,0.0,3.622,231.0,,,,5458.0,,,,,,,,,,,,,""
10495305813,"Jan 4, 2024, 9:05:12 PM",Afternoon Run,Run,Z2,3452,10.94,170.0,73,false,,On Cloudeclipse Black,activities/11230719215.fit.gz,,,3452.0,3392.0,10946.5,6.0,3.227,33.0,47.0,-3.0,16.0,14.3,-0.1,,,87.0,82.0,,149.0,,246.0,825.0,,,73.0,,,,,,,,,244.0,3454.0,0.0,,0.0,,1.0,11078.7,,,,,,,,,,,,,,,,17166280.0,,,,,,,,,,0.0,3.171,289.5,,,,9306.0,,,,,,,,,,,,,""
10501180434,"Jan 5, 2024, 9:13:17 PM",Afternoon Run,Run,Cold Z2,2711,8.51,165.0,60,false,,On Cloudeclipse Black,activities/11236837396.fit.gz,,,2711.0,2711.0,8515.5,4.8,3.141,32.0,34.0,1.0,15.0,9.5,0.0,,,86.0,82.0,,149.0,,240.0,649.0,,,60.0,,,,,,,,,241.0,2712.0,0.0,,0.0,,1.0,8643.6,,,,,,,,,,,,,,,,17166280.0,,,,,,,,,,0.0,3.141,0.0,,,,7456.0,,,,,,,,,,,,,""
10506687381,"Jan 6, 2024, 2:28:11 PM",Morning Run,Run,"",10128,32.19,174.0,269,false,"",On Cloudmonster Mint,activities/11242818733.fit.gz,,,10128.0,9849.0,32190.0,5.9,3.268,96.0,98.0,-14.0,13.0,23.4,0.0,,,88.0,82.0,,154.0,,251.0,2509.0,,,269.0,,,,,,,,,248.0,10129.0,,,0.0,,1.0,32674.6,,,,,,,,,,,,,,,,17166300.0,,,,,,,,,,0.0,3.178,1219.5,,,,27232.0,,,,,,,,,,,,,""
10513021933,"Jan 7, 2024, 3:36:34 PM",Morning Ride,Ride,,1825,0,161.0,12,false,,,activities/11249558381.fit.gz,,,1825.0,1825.0,0.0,0.0,0.0,0.0,0.0,0.0,0.0,0.0,0.0,,,,0.0,,128.0,,,250.0,,,12.0,0.0,,,,,,,,,,,,0.0,,1.0,,,,,,,,,,,,,,,,,,,,,,,,,,,0.0,0.0,0.0,,,,,,,,,,,,,,,,,""
10521422173,"Jan 8, 2024, 9:21:23 PM",Afternoon Run,Run,Icy Z2,2626,8.16,173.0,58,false,,On Cloudeclipse Black,activities/11258248643.fit.gz,,,2626.0,2621.0,8159.0,5.9,3.113,46.0,47.0,0.0,15.0,16.7,0.0,,,90.0,83.0,,149.0,,240.0,639.0,,,58.0,,,,,,,,,242.0,2627.0,0.0,,0.0,,1.0,8320.2,,,,,,,,,,,,,,,,17166280.0,,,,,,,,,,0.0,3.107,0.0,,,,7348.0,,,,,,,,,,,,,""
10527389901,"Jan 9, 2024, 9:12:40 PM",Afternoon Run,Run,"- 1 mile warm up
- 5 miles at 6:40
- warm down",2965,10.95,184.0,140,false,"",On Cloudmonster Mint,activities/11264391336.fit.gz,,,2965.0,2867.0,10950.5,12.1,3.819,47.0,34.0,14.0,38.0,11.8,0.1,,,97.0,84.0,,170.0,,295.0,859.0,,,140.0,,,,,,,,,293.0,2967.0,0.0,,0.0,,1.0,11121.7,,,,,,,,,,,,,,,,17166300.0,,,,,,,,,,0.0,3.693,1091.5,,,,8076.0,,,,,,,,,,,,,""
10533785545,"Jan 10, 2024, 9:12:07 PM",Afternoon Run,Run,"",1706,5.74,172.0,54,false,,On Cloudeclipse Black,activities/11271040841.fit.gz,,,1706.0,1703.0,5747.9,6.7,3.375,36.0,41.0,-2.0,15.0,15.4,-0.1,,,86.0,82.0,,159.0,,261.0,467.0,,,54.0,,,,,,,,,261.0,1707.0,,,0.0,,1.0,5859.4,,,,,,,,,,,,,,,,17166280.0,,,,,,,,,,0.0,3.369,238.5,,,,4698.0,,,,,,,,,,,,,""
10540027683,"Jan 11, 2024, 8:50:28 PM",Afternoon Run,Run,"",1671,5.80,187.0,73,false,"",On Cloudmonster Mint,activities/11277846672.fit.gz,,,1671.0,1574.0,5806.1,7.2,3.689,26.0,30.0,6.0,19.0,13.3,0.0,,,94.0,84.0,,168.0,,280.0,472.0,,,73.0,,,,,,,,,279.0,1673.0,,,0.0,,1.0,5887.8,,,,,,,,,,,,,,,,17166300.0,,,,,,,,,,0.0,3.475,243.0,,,,4418.0,,,,,,,,,,,,,""
10546148175,"Jan 12, 2024, 9:21:25 PM",Afternoon Run,Run,"",2536,8.40,165.0,63,false,,On Cloudeclipse Black,activities/11284262453.fit.gz,,,2536.0,2536.0,8400.5,5.9,3.313,32.0,36.0,4.0,18.0,10.0,0.0,,,85.0,82.0,,151.0,,257.0,633.0,,,63.0,,,,,,,,,257.0,2537.0,,,0.0,,1.0,8497.2,,,,,,,,,,,,,,,,17166280.0,,,,,,,,,,0.0,3.313,0.0,,,,6958.0,,,,,,,,,,,,,""
10554131063,"Jan 13, 2024, 3:03:30 PM",Morning Run,Run,"",3925,13.54,186.0,196,false,"",On Cloudmonster Mint,activities/11292583378.fit.gz,,,3925.0,3725.0,13544.0,5.0,3.636,70.0,49.0,0.0,28.0,15.4,0.1,,,92.0,84.0,,172.0,,280.0,1139.0,,,196.0,,,,,,,,,279.0,3927.0,,,0.0,,1.0,13820.4,,,,,,,,,,,,,,,,17166300.0,,,,,,,,,,0.0,3.451,327.0,,,,10520.0,,,,,,,,,,,,,""
10566797806,"Jan 15, 2024, 5:15:58 PM",Lunch Run,Run,"",5324,16.41,159.0,97,false,,On Cloudeclipse Black,activities/11305797723.fit.gz,,,5324.0,4998.0,16410.4,5.2,3.283,50.0,60.0,-4.0,8.0,18.8,0.0,,,87.0,82.0,,147.0,,252.0,1185.0,,,97.0,,,,,,,,,243.0,5326.0,,,0.0,,1.0,16668.2,,,,,,,,,,,,,,,,17166280.0,,,,,,,,,,0.0,3.082,470.0,,,,13742.0,,,,,,,,,,,,,""
10572516091,"Jan 16, 2024, 9:22:56 PM",Afternoon Run,Run,"",2780,8.48,163.0,46,false,,On Cloudeclipse Black,activities/11311674404.fit.gz,,,2780.0,2654.0,8485.0,7.1,3.197,43.0,36.0,4.0,21.0,16.0,-0.1,,,103.0,83.0,,145.0,,249.0,627.0,,,46.0,,,,,,,,,241.0,2781.0,,,0.0,,1.0,8675.1,,,,,,,,,,,,,,,,17166280.0,,,,,,,,,,0.0,3.052,90.0,,,,7412.0,,,,,,,,,,,,,""
10579112108,"Jan 17, 2024, 10:54:57 PM",Afternoon Ride,Ride,,1822,0,165.0,8,false,,,activities/11318530926.fit.gz,,,1822.0,1822.0,0.0,0.0,0.0,0.0,0.0,0.0,0.0,0.0,0.0,,,,0.0,,119.0,,,220.0,,,8.0,0.0,,,,,,,,,,,,0.0,,1.0,,,,,,,,,,,,,,,,,,,,,,,,,,,0.0,0.0,0.0,,,,,,,,,,,,,,,,,""
10585019524,"Jan 18, 2024, 9:22:08 PM",Afternoon Run,Run,"",2962,10.29,179.0,118,false,"",On Cloudmonster Mint,activities/11324636265.fit.gz,,,2962.0,2814.0,10297.0,6.75,3.659,30.0,34.0,7.0,18.0,10.0,0.0,,,98.0,84.0,,164.0,,281.0,804.0,,,118.0,,,,,,,,,278.0,2963.0,,,0.0,,1.0,10409.3,,,,,,,,,,,,,,,,17166300.0,,,,,,,,,,0.0,3.476,534.5,,,,7934.0,,,,,,,,,,,,,""
10590511878,"Jan 19, 2024, 9:04:22 PM",Afternoon Run,Run,"",1772,5.76,165.0,35,false,,On Cloudeclipse Black,activities/11330301687.fit.gz,,,1772.0,1767.0,5762.7,5.6,3.261,26.0,27.0,7.0,28.0,45.0,0.2,,,87.0,83.0,,147.0,,252.0,430.0,,,35.0,,,,,,,,,252.0,1775.0,,,0.0,,1.0,5922.8,,,,,,,,,,,,,,,,17166280.0,,,,,,,,,,0.0,3.252,244.0,,,,4906.0,,,,,,,,,,,,,""
10594615049,"Jan 20, 2024, 12:25:33 PM",Morning Run,Run,"",5027,16.65,180.0,170,false,,On Cloudeclipse Black,activities/11334528696.fit.gz,,,5027.0,5000.0,16652.0,14.7,3.33,79.0,85.0,4.0,21.0,15.4,0.0,,,89.0,84.0,,160.0,,256.0,1292.0,,,170.0,,,,,,,,,256.0,5029.0,,,0.0,,1.0,16893.5,,,,,,,,,,,,,,,,17166280.0,,,,,,,,,,0.0,3.313,133.0,,,,14062.0,,,,,,,,,,,,,""
10610476290,"Jan 22, 2024, 10:34:22 PM",Afternoon Run,Run,"",4408,13.37,166.0,54,false,,On Cloudeclipse Black,activities/11350881917.fit.gz,,,4408.0,4182.0,13369.2,5.8,3.197,40.0,39.0,2.0,21.0,16.7,0.0,,,87.0,82.0,,142.0,,247.0,963.0,,,54.0,,,,,,,,,240.0,4409.0,,,0.0,,1.0,13554.0,,,,,,,,,,,,,,,,17166280.0,,,,,,,,,,0.0,3.033,305.0,,,,11486.0,,,,,,,,,,,,,""
10617989723,"Jan 23, 2024, 9:19:00 PM",Afternoon Run,Run,"",2763,8.51,158.0,47,false,,On Cloudeclipse Black,activities/11358564978.fit.gz,,,2763.0,2715.0,8512.6,5.5,3.135,28.0,31.0,2.0,17.0,10.0,0.0,,,87.0,82.0,,145.0,,241.0,637.0,,,47.0,,,,,,,,,239.0,2764.0,,,0.0,,1.0,8629.5,,,,,,,,,,,,,,,,17166280.0,,,,,,,,,,0.0,3.081,0.0,,,,7446.0,,,,,,,,,,,,,""
10623327300,"Jan 24, 2024, 9:33:29 PM",Afternoon Run,Run,"",2422,8.53,176.0,78,false,,On Cloudeclipse Black,activities/11364030334.fit.gz,,,2422.0,2310.0,8535.3,5.8,3.695,44.0,39.0,-4.0,12.0,12.5,0.0,,,114.0,84.0,,160.0,,281.0,635.0,,,78.0,,,,,,,,,277.0,2424.0,,,0.0,,1.0,8683.3,,,,,,,,,,,,,,,,17166280.0,,,,,,,,,,0.0,3.524,301.5,,,,6522.0,,,,,,,,,,,,,""
10629806012,"Jan 25, 2024, 9:14:32 PM",Afternoon Run,Run,"",1832,5.71,162.0,38,false,,On Cloudeclipse Black,activities/11370666719.fit.gz,,,1832.0,1787.0,5718.7,5.4,3.2,25.0,29.0,-1.0,11.0,10.0,0.0,,,85.0,81.0,,148.0,,244.0,430.0,,,38.0,,,,,,,,,241.0,1834.0,,,0.0,,1.0,5792.1,,,,,,,,,,,,,,,,17166280.0,,,,,,,,,,0.0,3.122,323.5,,,,4832.0,,,,,,,,,,,,,""
10640862031,"Jan 27, 2024, 12:48:10 PM",Morning Run,Run,"",11264,35.76,166.0,246,false,"",On Cloudmonster Mint,activities/11382086439.fit.gz,,,11264.0,10964.0,35761.5,6.3,3.262,90.0,105.0,-3.0,16.0,26.7,0.0,,,88.0,82.0,,149.0,,250.0,2679.0,,,246.0,,,,,,,,,247.0,11265.0,,,0.0,,1.0,36145.5,,,,,,,,,,,,,,,,17166300.0,,,,,,,,,,0.0,3.175,906.5,,,,30034.0,,,,,,,,,,,,,""
10656476321,"Jan 29, 2024, 9:17:34 PM",Afternoon Run,Run,"",2643,8.05,149.0,25,false,,On Cloudeclipse Black,activities/11398416659.fit.gz,,,2643.0,2638.0,8053.0,5.4,3.053,33.0,38.0,1.0,19.0,16.7,-0.1,,,86.0,80.0,,139.0,,236.0,582.0,,,25.0,,,,,,,,,235.0,2644.0,,,0.0,,1.0,8182.7,,,,,,,,,,,,,,,,17166280.0,,,,,,,,,,0.0,3.047,0.0,,,,7132.0,,,,,,,,,,,,,""
10663909371,"Jan 30, 2024, 10:03:50 PM",Afternoon Run,Run,"",2494,8.81,183.0,81,false,,On Cloudeclipse Black,activities/11406042987.fit.gz,,,2494.0,2395.0,8814.2,5.6,3.68,39.0,36.0,2.0,16.0,13.8,0.0,,,103.0,84.0,,159.0,,283.0,675.0,,,81.0,,,,,,,,,280.0,2496.0,,,0.0,,1.0,8971.3,,,,,,,,,,,,,,,,17166280.0,,,,,,,,,,0.0,3.534,236.5,,,,6804.0,,,,,,,,,,,,,""
10670655731,"Jan 31, 2024, 9:32:18 PM",Afternoon Run,Run,"",2290,7.06,157.0,29,false,,On Cloudeclipse Black,activities/11412954679.fit.gz,,,2290.0,2240.0,7061.5,5.2,3.152,12.0,16.0,3.0,10.0,10.0,0.0,,,89.0,81.0,,141.0,,239.0,511.0,,,29.0,,,,,,,,,236.0,2292.0,,,0.0,,1.0,7131.6,,,,,,,,,,,,,,,,17166280.0,,,,,,,,,,0.0,3.084,468.0,,,,6100.0,,,,,,,,,,,,,""
10686758424,"Feb 2, 2024, 9:10:06 PM",Afternoon Run,Run,"",1797,5.74,158.0,25,false,,On Cloudeclipse Black,activities/11429510430.fit.gz,,,1797.0,1794.0,5748.4,5.2,3.204,24.0,27.0,4.0,17.0,9.1,0.0,,,85.0,81.0,,142.0,,245.0,411.0,,,25.0,,,,,,,,,245.0,1799.0,,,0.0,,1.0,5830.0,,,,,,,,,,,,,,,,17166280.0,,,,,,,,,,0.0,3.199,240.5,,,,4856.0,,,,,,,,,,,,,""
10687830924,"Feb 3, 2024, 12:42:06 PM",Morning Run,Run,"",6604,24.33,177.0,279,false,"",On Cloudmonster White (blisters),activities/11430617444.fit.gz,,,6604.0,6580.0,24335.5,9.2,3.698,50.0,54.0,0.0,15.0,14.3,0.0,,,90.0,85.0,,165.0,,284.0,1875.0,,,279.0,,,,,,,,,287.0,6605.0,,,0.0,,1.0,24553.9,,,,,,,,,,,,,,,,17166304.0,,,,,,,,,,0.0,3.685,519.5,,,,18674.0,,,,,,,,,,,,,""
10704264533,"Feb 5, 2024, 9:49:27 PM",Afternoon Run,Run,"",4390,7.49,154.0,31,false,,On Cloudeclipse Black,activities/11447776225.fit.gz,,,4390.0,2279.0,7491.6,7.3,3.287,24.0,30.0,7.0,22.0,15.4,-0.1,,,88.0,83.0,,142.0,,253.0,523.0,,,31.0,,,,,,,,,242.0,2532.0,,,0.0,,1.0,7576.5,,,,,,,,,,,,,,,,17166280.0,,,,,,,,,,0.0,1.707,470.5,,,,6352.0,,,,,,,,,,,,,""
10717757500,"Feb 7, 2024, 9:32:13 PM",Afternoon Run,Run,"",2656,8.78,169.0,64,false,,On Cloudeclipse Black,activities/11461615892.fit.gz,,,2656.0,2589.0,8785.8,5.8,3.394,32.0,33.0,8.0,19.0,13.3,0.0,,,104.0,82.0,,152.0,,260.0,653.0,,,64.0,,,,,,,,,257.0,2657.0,,,0.0,,1.0,8884.1,,,,,,,,,,,,,,,,17166280.0,,,,,,,,,,0.0,3.308,236.0,,,,7146.0,,,,,,,,,,,,,""
10725228579,"Feb 8, 2024, 9:42:34 PM",Afternoon Run,Run,"",1877,7.01,185.0,84,false,"",On Cloudmonster Mint,activities/11469288117.fit.gz,,,1877.0,1812.0,7018.0,5.9,3.873,18.0,21.0,-2.0,7.0,10.0,0.0,,,93.0,84.0,,168.0,,292.0,533.0,,,84.0,,,,,,,,,292.0,1879.0,,,0.0,,1.0,7080.7,,,,,,,,,,,,,,,,17166300.0,,,,,,,,,,0.0,3.739,474.5,,,,5110.0,,,,,,,,,,,,,""
10729743849,"Feb 9, 2024, 9:10:33 PM",Afternoon Run,Run,"",1731,5.68,159.0,34,false,,New Balance 1080 Timberwolf,activities/11473946395.fit.gz,,,1731.0,1678.0,5682.0,5.2,3.386,26.0,26.0,32.0,47.0,9.1,0.1,,,87.0,82.0,,147.0,,260.0,404.0,,,34.0,,,,,,,,,256.0,1732.0,,,0.0,,1.0,5773.8,,,,,,,,,,,,,,,,17166304.0,,,,,,,,,,0.0,3.282,421.0,,,,4610.0,,,,,,,,,,,,,""
10734988056,"Feb 10, 2024, 1:56:03 PM",Morning Run,Run,"",5061,16.25,177.0,184,false,"",On Cloudmonster Mint,activities/11479359159.fit.gz,,,5061.0,4796.0,16250.5,5.0,3.388,27.0,39.0,-2.0,9.0,10.0,-0.1,,,86.0,82.0,,164.0,,260.0,1352.0,,,184.0,,,,,,,,,254.0,5063.0,,,0.0,,1.0,16427.5,,,,,,,,,,,,,,,,17166300.0,,,,,,,,,,0.0,3.211,7032.8,,,,13226.0,,,,,,,,,,,,,""
10741766132,"Feb 11, 2024, 2:30:13 PM",Morning Run,Run,"",2564,8.05,182.0,87,false,"",On Cloudmonster Mint,activities/11486380838.fit.gz,,,2564.0,2105.0,8056.1,6.7,3.827,12.0,14.0,2.0,7.0,10.0,0.0,,,92.0,85.0,,165.0,,291.0,600.0,,,87.0,,,,,,,,,274.0,2538.0,,,0.0,,1.0,8111.5,,,,,,,,,,,,,,,,17166300.0,,,,,,,,,,0.0,3.142,26.5,,,,5984.0,,,,,,,,,,,,,""
10754173732,"Feb 13, 2024, 2:57:15 PM",Morning Run,Run,"",2751,8.13,176.0,84,false,"",On Cloudmonster Mint,activities/11499158874.fit.gz,,,2751.0,2415.0,8130.0,5.2,3.366,14.0,15.0,-3.0,4.0,14.3,0.0,,,85.0,82.0,,161.0,,256.0,651.0,,,84.0,,,,,,,,,246.0,2665.0,,,0.0,,1.0,8203.5,,,,,,,,,,,,,,,,17166300.0,,,,,,,,,,0.0,2.955,619.0,,,,6650.0,,,,,,,,,,,,,""
10766934557,"Feb 14, 2024, 9:49:10 PM",Afternoon Run,Run,"",2134,7.03,169.0,55,false,,New Balance 1080 Timberwolf,activities/11512290420.fit.gz,,,2134.0,2126.0,7031.0,5.2,3.307,23.0,26.0,-1.0,10.0,13.3,-0.1,,,88.0,83.0,,152.0,,253.0,529.0,,,55.0,,,,,,,,,252.0,2135.0,,,0.0,,1.0,7122.2,,,,,,,,,,,,,,,,17166304.0,,,,,,,,,,0.0,3.295,475.5,,,,5914.0,,,,,,,,,,,,,""
10769695358,"Feb 15, 2024, 9:21:43 PM",Afternoon Run,Run,"",2161,8.15,187.0,95,false,"",On Cloudmonster Mint,activities/11515112862.fit.gz,,,2161.0,2161.0,8150.9,11.76,3.772,18.0,17.0,0.0,13.0,43.2,0.1,,,91.0,84.0,,165.0,,289.0,631.0,,,95.0,,,,,,,,,293.0,2162.0,,,0.0,,1.0,8265.5,,,,,,,,,,,,,,,,17166300.0,,,,,,,,,,0.0,3.772,470.0,,,,6066.0,,,,,,,,,,,,,""
10781167013,"Feb 17, 2024, 2:11:09 PM",Morning Run,Run,"",5028,16.09,170.0,108,false,,On Cloudeclipse Black,activities/11526937723.fit.gz,,,5028.0,4992.0,16095.8,4.5,3.224,216.0,210.0,179.0,239.0,25.0,0.0,,,92.0,84.0,,149.0,,254.0,1223.0,,,108.0,,,,,,,,,257.0,5029.0,,,0.0,,1.0,16808.8,,,,,,,,,,,,,,,,17166280.0,,,,,,,,,,0.0,3.201,7779.0,,,,13974.0,,,,,,,,,,,,,""
10788647314,"Feb 18, 2024, 2:31:25 PM",Morning Run,Run,"",3502,10.25,179.0,78,false,,On Cloudeclipse Black,activities/11534735084.fit.gz,,,3502.0,2967.0,10249.5,5.6,3.454,155.0,170.0,207.0,298.0,35.6,0.0,,,94.0,86.0,,153.0,,271.0,772.0,,,78.0,,,,,,,,,263.0,3503.0,,,0.0,,1.0,10821.1,,,,,,,,,,,,,,,,17166280.0,,,,,,,,,,0.0,2.927,7529.5,,,,8582.0,,,,,,,,,,,,,""
10796513744,"Feb 19, 2024, 9:09:09 PM",Afternoon Run,Run,"",2086,7.03,163.0,50,false,,New Balance 1080 Timberwolf,activities/11542850208.fit.gz,,,2086.0,2053.0,7029.4,8.6,3.424,19.0,25.0,2.0,10.0,11.0,-0.1,,,88.0,83.0,,151.0,,260.0,512.0,,,50.0,,,,,,,,,257.0,2087.0,,,0.0,,1.0,7098.8,,,,,,,,,,,,,,,,17166304.0,,,,,,,,,,0.0,3.37,343.0,,,,5712.0,,,,,,,,,,,,,""
10804409809,"Feb 20, 2024, 9:48:26 PM",Afternoon Run,Run,"",1836,7.07,189.0,84,false,"",On Cloudmonster White (blisters),activities/11550959147.fit.gz,,,1836.0,1828.0,7078.5,8.4,3.872,12.0,16.0,6.0,14.0,10.0,0.0,,,91.0,85.0,,168.0,,294.0,549.0,,,84.0,,,,,,,,,299.0,1838.0,,,0.0,,1.0,7130.0,,,,,,,,,,,,,,,,17166304.0,,,,,,,,,,0.0,3.855,477.5,,,,5210.0,,,,,,,,,,,,,""
10810531536,"Feb 21, 2024, 9:39:41 PM",Afternoon Run,Run,"",1697,5.69,157.0,35,false,,New Balance 1080 Timberwolf,activities/11557249575.fit.gz,,,1697.0,1694.0,5698.5,5.0,3.364,31.0,26.0,5.0,21.0,9.1,0.1,,,87.0,82.0,,147.0,,257.0,428.0,,,35.0,,,,,,,,,257.0,1698.0,,,0.0,,1.0,5798.2,,,,,,,,,,,,,,,,17166304.0,,,,,,,,,,0.0,3.358,331.5,,,,4688.0,,,,,,,,,,,,,""
10817662994,"Feb 22, 2024, 9:52:41 PM",Afternoon Run,Run,"",3717,11.63,157.0,54,false,,On Cloudeclipse Black,activities/11564566085.fit.gz,,,3717.0,3572.0,11632.5,5.3,3.257,36.0,37.0,2.0,18.0,10.9,0.0,,,86.0,81.0,,143.0,,250.0,867.0,,,54.0,,,,,,,,,245.0,3719.0,,,0.0,,1.0,11781.0,,,,,,,,,,,,,,,,17166280.0,,,,,,,,,,0.0,3.13,302.0,,,,9718.0,,,,,,,,,,,,,""
10823102679,"Feb 23, 2024, 11:00:16 PM",Evening Ride,Ride,,1555,0,154.0,10,false,,,activities/11570180408.fit.gz,,,1555.0,1555.0,0.0,0.0,0.0,0.0,0.0,0.0,0.0,0.0,0.0,,,,0.0,,124.0,,,206.0,,,10.0,0.0,,,,,,,,,,,,0.0,,1.0,,,,,,,,,,,,,,,,,,,,,,,,,,,0.0,0.0,0.0,,,,,,,,,,,,,,,,,""
10827409062,"Feb 24, 2024, 1:06:17 PM",Morning Run,Run,"",6307,23.62,182.0,309,false,"",On Cloudmonster Mint,activities/11574628340.fit.gz,,,6307.0,6258.0,23628.0,6.1,3.776,52.0,70.0,4.0,23.0,11.7,-0.1,,,89.0,84.0,,169.0,,290.0,1922.0,,,309.0,,,,,,,,,291.0,6308.0,,,0.0,,1.0,23821.9,,,,,,,,,,,,,,,,17166300.0,,,,,,,,,,0.0,3.746,368.5,,,,17674.0,,,,,,,,,,,,,""
10835191074,"Feb 25, 2024, 1:55:48 PM",Morning Run,Run,"",2080,6.96,175.0,53,false,,New Balance 1080 Timberwolf,activities/11582767375.fit.gz,,,2080.0,2037.0,6961.4,7.7,3.417,23.0,25.0,1.0,9.0,14.3,0.0,,,88.0,84.0,,153.0,,263.0,532.0,,,53.0,,,,,,,,,258.0,2082.0,,,0.0,,1.0,7070.9,,,,,,,,,,,,,,,,17166304.0,,,,,,,,,,0.0,3.347,478.5,,,,5740.0,,,,,,,,,,,,,""
10843669827,"Feb 26, 2024, 9:33:35 PM",Afternoon Run,Run,"",3013,10.92,181.0,115,false,,New Balance 1080 Timberwolf,activities/11591519704.fit.gz,,,3013.0,2991.0,10928.5,5.6,3.654,47.0,46.0,4.0,19.0,13.3,0.0,,,89.0,83.0,,163.0,,281.0,882.0,,,115.0,,,,,,,,,280.0,3015.0,,,0.0,,1.0,11045.6,,,,,,,,,,,,,,,,17166304.0,,,,,,,,,,0.0,3.627,306.0,,,,8362.0,,,,,,,,,,,,,""
10850812053,"Feb 27, 2024, 9:48:01 PM",Afternoon Run,Run,"",1490,5.72,188.0,75,false,"",On Cloudmonster White (blisters),activities/11598854479.fit.gz,,,1490.0,1469.0,5725.5,5.5,3.898,22.0,21.0,3.0,16.0,10.0,0.0,,,92.0,84.0,,170.0,,297.0,463.0,,,75.0,,,,,,,,,300.0,1491.0,,,0.0,,1.0,5807.0,,,,,,,,,,,,,,,,17166304.0,,,,,,,,,,0.0,3.843,234.0,,,,4152.0,,,,,,,,,,,,,""
10864597202,"Feb 29, 2024, 9:54:43 PM",Afternoon Run,Run,"",2574,8.84,181.0,84,false,,On Cloudeclipse Black,activities/11613036279.fit.gz,,,2574.0,2493.0,8843.5,6.3,3.547,37.0,43.0,7.0,24.0,16.0,-0.1,,,118.0,83.0,,159.0,,273.0,691.0,,,84.0,,,,,,,,,273.0,2576.0,,,0.0,,1.0,8971.8,,,,,,,,,,,,,,,,17166280.0,,,,,,,,,,0.0,3.436,233.0,,,,6952.0,,,,,,,,,,,,,""
10870080122,"Mar 1, 2024, 9:17:58 PM",Afternoon Run,Run,"",2096,6.96,159.0,48,false,,New Balance 1080 Timberwolf,activities/11618696129.fit.gz,,,2096.0,2066.0,6959.5,4.9,3.369,25.0,27.0,21.0,29.0,10.0,0.0,,,87.0,83.0,,150.0,,258.0,522.0,,,48.0,,,,,,,,,255.0,2097.0,,,0.0,,1.0,7049.2,,,,,,,,,,,,,,,,17166304.0,,,,,,,,,,0.0,3.32,467.0,,,,5728.0,,,,,,,,,,,,,""
10875942320,"Mar 2, 2024, 4:16:26 PM",Lunch Run,Run,"",5549,20.95,180.0,268,false,"",On Cloudmonster Mint,activities/11624743945.fit.gz,,,5549.0,5537.0,20956.5,4.9,3.785,39.0,30.0,2.0,16.0,10.0,0.1,,,90.0,85.0,,169.0,,290.0,1691.0,,,268.0,,,,,,,,,292.0,5550.0,,,0.0,,1.0,21145.2,,,,,,,,,,,,,,,,17166300.0,,,,,,,,,,0.0,3.777,598.5,,,,15694.0,,,,,,,,,,,,,""
10881742334,"Mar 3, 2024, 2:01:14 PM",Morning Run,Run,"",2635,10.23,178.0,128,false,"",On Cloudmonster Mint,activities/11630836882.fit.gz,,,2635.0,2603.0,10235.5,7.2,3.932,9.0,19.0,9.0,18.0,8.3,-0.1,,,90.0,86.0,,168.0,,299.0,805.0,,,128.0,,,,,,,,,298.0,2636.0,,,0.0,,1.0,10296.4,,,,,,,,,,,,,,,,17166300.0,,,,,,,,,,0.0,3.884,546.7,,,,7486.0,,,,,,,,,,,,,""
10899134116,"Mar 5, 2024, 10:41:14 PM",Afternoon Run,Run,"",1929,5.74,156.0,32,false,,On Cloudeclipse Black,activities/11654616356.fit.gz,,,1929.0,1892.0,5746.8,5.9,3.037,25.0,28.0,5.0,17.0,10.0,0.0,,,86.0,80.0,,144.0,,234.0,447.0,,,32.0,,,,,,,,,231.0,1930.0,,,0.0,,1.0,5846.3,,,,,,,,,,,,,,,,17166280.0,,,,,,,,,,0.0,2.979,228.5,,,,5110.0,,,,,,,,,,,,,""
10905934205,"Mar 6, 2024, 9:32:28 PM",Afternoon Run,Run,"",1768,5.59,177.0,45,false,"",On Cloudmonster Mint,activities/11661856399.fit.gz,,,1768.0,1591.0,5592.5,5.2,3.515,18.0,27.0,2.0,13.0,19.4,0.0,,,91.0,83.0,,155.0,,268.0,422.0,,,45.0,,,,,,,,,259.0,1770.0,,,0.0,,1.0,5689.6,,,,,,,,,,,,,,,,17166300.0,,,,,,,,,,0.0,3.163,0.0,,,,4420.0,,,,,,,,,,,,,""
10913161116,"Mar 7, 2024, 9:57:13 PM",Afternoon Run,Run,"",3453,12.19,171.0,96,false,,New Balance 1080 Timberwolf,activities/11669387253.fit.gz,,,3453.0,3365.0,12195.9,5.6,3.624,32.0,49.0,13.0,24.0,18.8,-0.1,,,92.0,84.0,,156.0,,276.0,907.0,,,96.0,,,,,,,,,273.0,3455.0,,,0.0,,1.0,12316.7,,,,,,,,,,,,,,,,17166304.0,,,,,,,,,,0.0,3.532,529.5,,,,9502.0,,,,,,,,,,,,,""
10918971311,"Mar 8, 2024, 9:29:31 PM",Afternoon Run,Run,"",2080,7.01,157.0,44,false,,New Balance 1080 Timberwolf,activities/11675429834.fit.gz,,,2080.0,2030.0,7017.3,6.0,3.457,29.0,27.0,3.0,12.0,13.3,0.0,,,87.0,83.0,,148.0,,265.0,509.0,,,44.0,,,,,,,,,261.0,2081.0,,,0.0,,1.0,7122.1,,,,,,,,,,,,,,,,17166304.0,,,,,,,,,,0.0,3.374,463.5,,,,5628.0,,,,,,,,,,,,,""
10923716749,"Mar 9, 2024, 12:56:06 PM",Morning Run,Run,"",7211,26.36,179.0,244,false,,On Cloudeclipse Black,activities/11680363052.fit.gz,,,7211.0,7169.0,26366.3,6.4,3.678,73.0,69.0,3.0,20.0,15.8,0.0,,,90.0,84.0,,160.0,,282.0,2026.0,,,244.0,,,,,,,,,283.0,7213.0,,,0.0,,1.0,26687.6,,,,,,,,,,,,,,,,17166280.0,,,,,,,,,,0.0,3.656,1031.5,,,,20296.0,,,,,,,,,,,,,""
10939151858,"Mar 11, 2024, 8:37:08 PM",Afternoon Run,Run,"",2120,6.96,174.0,44,false,,New Balance 1080 Timberwolf,activities/11696492891.fit.gz,,,2120.0,2054.0,6964.0,5.5,3.39,42.0,53.0,-4.0,10.0,16.7,-0.1,,,87.0,83.0,,149.0,,258.0,488.0,,,44.0,,,,,,,,,256.0,2122.0,,,0.0,,1.0,7095.7,,,,,,,,,,,,,,,,17166304.0,,,,,,,,,,0.0,3.285,466.0,,,,5714.0,,,,,,,,,,,,,""
10946511192,"Mar 12, 2024, 8:37:30 PM",Afternoon Run,Run,"",3306,11.40,182.0,115,false,,On Cloudeclipse Black,activities/11704083895.fit.gz,,,3306.0,3193.0,11407.0,5.4,3.573,33.0,41.0,8.0,15.0,17.6,0.0,,,90.0,83.0,,161.0,,279.0,878.0,,,115.0,,,,,,,,,277.0,3307.0,,,0.0,,1.0,11538.5,,,,,,,,,,,,,,,,17166280.0,,,,,,,,,,0.0,3.45,289.0,,,,8806.0,,,,,,,,,,,,,""
10953846804,"Mar 13, 2024, 8:56:04 PM",Afternoon Run,Run,"",2113,6.92,150.0,22,false,,New Balance 1080 Timberwolf,activities/11711660061.fit.gz,,,2113.0,2051.0,6922.0,5.4,3.375,16.0,18.0,7.0,13.0,13.3,0.0,,,86.0,82.0,,139.0,,258.0,454.0,,,22.0,,,,,,,,,252.0,2115.0,,,0.0,,1.0,6997.4,,,,,,,,,,,,,,,,17166304.0,,,,,,,,,,0.0,3.276,458.0,,,,5620.0,,,,,,,,,,,,,""
10956941858,"Mar 14, 2024, 10:09:13 AM",Morning Run,Run,"",4414,11.16,185.0,103,false,"",On Cloudmonster White (blisters),activities/11714872021.fit.gz,,,4414.0,2560.0,11168.5,7.0,4.363,23.0,17.0,7.0,13.0,9.1,0.0,,,95.0,88.0,,164.0,,328.0,767.0,,,103.0,,,,,,,,,277.0,4416.0,,,0.0,,1.0,11239.3,,,,,,,,,,,,,,,,17166304.0,,,,,,,,,,0.0,2.53,0.0,,,,7554.0,,,,,,,,,,,,,""
10971662771,"Mar 16, 2024, 12:36:53 PM",Morning Run,Run,"",4194,10.69,173.0,80,false,,New Balance 1080 Timberwolf,activities/11730093118.fit.gz,,,4194.0,4038.0,10690.8,4.5,2.648,201.0,197.0,74.0,136.0,45.5,-0.1,,,91.0,81.0,,148.0,,219.0,977.0,,,80.0,,,,,,,,,224.0,4196.0,,,0.0,,1.0,11425.2,,,,,,,,,,,,,,,,17166304.0,,,,,,,,,,0.0,2.549,9747.8,,,,10412.0,,,,,,,,,,,,,""
10985759641,"Mar 18, 2024, 11:57:02 AM",Morning Run,Run,"",3874,12.84,169.0,85,false,,New Balance 1080 Timberwolf,activities/11745104975.fit.gz,,,3874.0,3667.0,12848.7,6.2,3.504,142.0,156.0,97.0,154.0,36.8,0.0,,,100.0,83.0,,150.0,,274.0,936.0,,,85.0,,,,,,,,,267.0,3875.0,,,0.0,,1.0,13263.6,,,,,,,,,,,,,,,,17166304.0,,,,,,,,,,0.0,3.317,619.0,,,,10242.0,,,,,,,,,,,,,""
10996705726,"Mar 19, 2024, 9:48:03 PM",Afternoon Run,Run,"",2136,7.12,170.0,44,false,,New Balance 1080 Timberwolf,activities/11756433692.fit.gz,,,2136.0,2090.0,7126.5,5.4,3.41,99.0,100.0,116.0,154.0,18.2,0.0,,,90.0,82.0,,148.0,,268.0,513.0,,,44.0,,,,,,,,,267.0,2137.0,,,0.0,,1.0,7408.2,,,,,,,,,,,,,,,,17166304.0,,,,,,,,,,0.0,3.336,0.0,,,,5752.0,,,,,,,,,,,,,""
11010916721,"Mar 21, 2024, 8:35:14 PM",Afternoon Run,Run,"",3946,14.63,182.0,174,false,"",On Cloudmonster White (blisters),activities/11771050170.fit.gz,,,3946.0,3898.0,14630.2,5.0,3.753,43.0,55.0,-2.0,14.0,14.3,-0.1,,,90.0,84.0,,167.0,,289.0,1155.0,,,174.0,,,,,,,,,290.0,3948.0,,,0.0,,1.0,14763.3,,,,,,,,,,,,,,,,17166304.0,,,,,,,,,,0.0,3.708,606.5,,,,11006.0,,,,,,,,,,,,,""
11017013803,"Mar 22, 2024, 8:55:16 PM",Afternoon Run,Run,"",1708,5.71,155.0,28,false,,New Balance 1080 Timberwolf,activities/11777347266.fit.gz,,,1708.0,1650.0,5710.0,5.2,3.461,29.0,26.0,3.0,15.0,13.3,0.0,,,87.0,82.0,,144.0,,267.0,390.0,,,28.0,,,,,,,,,261.0,1709.0,,,0.0,,1.0,5793.1,,,,,,,,,,,,,,,,17166304.0,,,,,,,,,,0.0,3.343,231.5,,,,4570.0,,,,,,,,,,,,,""
11028745691,"Mar 24, 2024, 12:49:52 PM",Morning Run,Run,"",5679,16.95,178.0,130,false,,On Cloudeclipse Black,activities/11789465821.fit.gz,,,5679.0,5047.0,16954.5,6.3,3.359,48.0,92.0,3.0,22.0,30.3,-0.1,,,89.0,84.0,,153.0,,255.0,1258.0,,,130.0,,,,,,,,,244.0,5658.0,,,0.0,,1.0,17255.0,,,,,,,,,,,,,,,,17166280.0,,,,,,,,,,0.0,2.985,176.5,,,,14200.0,,,,,,,,,,,,,""
11044522484,"Mar 26, 2024, 8:05:20 PM",Afternoon Run,Run,"",2667,8.17,168.0,42,false,,New Balance 1080 Timberwolf,activities/11806102471.fit.gz,,,2667.0,2578.0,8176.0,5.7,3.171,20.0,22.0,-2.0,5.0,10.5,0.0,,,85.0,81.0,,145.0,,242.0,611.0,,,42.0,,,,,,,,,238.0,2668.0,,,0.0,,1.0,8260.2,,,,,,,,,,,,,,,,17166304.0,,,,,,,,,,0.0,3.066,471.0,,,,6994.0,,,,,,,,,,,,,""
11051558705,"Mar 27, 2024, 9:03:55 PM",Afternoon Run,Run,"",1996,5.87,136.0,7,false,,New Balance 1080 Timberwolf,activities/11813422128.fit.gz,,,1996.0,1983.0,5873.9,9.141,2.962,23.0,28.0,6.0,18.0,11.8,-0.1,,,86.0,81.0,,124.0,,225.0,406.0,,,7.0,,,,,,,,,239.0,1998.0,,,0.0,,1.0,5952.9,,,,,,,,,,,,,,,,17166304.0,,,,,,,,,,0.0,2.943,235.5,,,,5404.0,,,,,,,,,,,,,""
11064587741,"Mar 29, 2024, 7:44:18 PM",Afternoon Run,Run,"",2173,6.84,158.0,44,false,,New Balance 1080 Timberwolf,activities/11826982015.fit.gz,,,2173.0,2155.0,6842.0,4.8,3.175,30.0,31.0,-4.0,6.0,10.5,0.0,,,86.0,81.0,,147.0,,245.0,526.0,,,44.0,,,,,,,,,242.0,2175.0,,,0.0,,1.0,6955.8,,,,,,,,,,,,,,,,17166304.0,,,,,,,,,,0.0,3.149,237.5,,,,5848.0,,,,,,,,,,,,,""
11071161575,"Mar 30, 2024, 2:07:14 PM",Morning Run,Run,"",3784,12.87,177.0,134,false,,On Cloudeclipse Black,activities/11834198345.fit.gz,,,3784.0,3768.0,12875.0,5.0,3.417,78.0,77.0,5.0,21.0,10.0,0.0,,,88.0,83.0,,162.0,,264.0,1036.0,,,134.0,,,,,,,,,263.0,3785.0,,,0.0,,1.0,13101.8,,,,,,,,,,,,,,,,17166280.0,,,,,,,,,,0.0,3.402,135.0,,,,10514.0,,,,,,,,,,,,,""
11076936917,"Mar 31, 2024, 1:30:32 PM",Morning Run,Run,,2589,7.49,162.0,45,false,,,activities/11840580552.fit.gz,,,2589.0,2274.0,7495.0,6.25,3.296,20.0,21.0,5.0,13.0,14.3,0.0,,,90.0,82.0,,147.0,,251.0,554.0,,,45.0,,,,,,,,,239.0,2580.0,,,0.0,,1.0,7579.2,,,,,,,,,,,,,,,,,,,,,,,,,,0.0,2.895,472.0,,,,6242.0,,,,,,,,,,,,,""
11093679638,"Apr 2, 2024, 8:31:58 PM",Afternoon Run,Run,"",2494,7.56,177.0,62,false,,On Cloudmonster White (blisters),activities/11858413009.fit.gz,,,2494.0,2049.0,7564.0,6.6,3.692,27.0,26.0,0.0,14.0,13.6,0.0,,,94.0,83.0,,156.0,,280.0,558.0,,,62.0,,,,,,,,,262.0,2496.0,0.0,,0.0,,1.0,7663.2,,,,,,,,,,,,,,,,17166304.0,,,,,,,,,,0.0,3.033,475.0,,,,5722.0,,,,,,,,,,,,,""
11101747418,"Apr 3, 2024, 8:23:57 PM",Afternoon Run,Run,"",1763,5.73,173.0,47,false,,On Cloudeclipse Black,activities/11866745078.fit.gz,,,1763.0,1704.0,5730.8,5.4,3.363,31.0,22.0,3.0,17.0,15.8,0.1,,,88.0,82.0,173.0,154.0,,259.0,439.0,,,47.0,,,,,,,,,255.0,1765.0,0.0,,0.0,,1.0,5837.4,,,,,,,,,,,,,,,,17166280.0,,,,,,,,,,0.0,3.251,237.5,,,,4662.0,,,122.0,158.0,3.426,,,,,,,,""
11114492197,"Apr 5, 2024, 7:55:22 PM",Afternoon Run,Run,"Tomorrow’s marathon postponed, but I’ll be out of town so looking forward to Ogden in May.",2928,10.89,186.0,127,false,,On Cloudmonster Mint,activities/11879848630.fit.gz,,,2928.0,2775.0,10891.5,6.2,3.925,37.0,35.0,0.0,12.0,14.3,0.0,,,92.0,85.0,186.0,168.0,,302.0,831.0,,,127.0,,,,,,,,,296.0,2929.0,0.0,,0.0,,1.0,11023.3,,,,,,,,,,,,,,,,17166300.0,,,,,,,,,,0.0,3.72,310.0,,,,7882.0,,,275.0,184.0,3.972,,,,,,,,""
11118583500,"Apr 6, 2024, 11:53:10 AM",Morning Run,Run,,2129,7.06,164.0,45,false,,New Balance 1080 Timberwolf,activities/11884088714.fit.gz,,,2129.0,2111.0,7059.9,4.6,3.344,22.0,24.0,6.0,14.0,10.0,0.0,,,87.0,83.0,164.0,148.0,,254.0,520.0,,,45.0,,,,,,,,,252.0,2131.0,,,0.0,,1.0,7155.7,,,,,,,,,,,,,,,,17166304.0,,,,,,,,,,0.0,3.316,455.5,,,,5870.0,,,145.0,157.0,3.39,,,,,,,,""
11128218535,"Apr 7, 2024, 12:43:06 PM",Morning Run,Run,"- 1 warm up
- 5 @ 6:50
- 1 float 
- 5 @ 6:40
- 1 float
- 5 @ 6:45
- .5 warm down",8085,29.77,183.0,394,false,,On Cloudmonster White (blisters),activities/11894023156.fit.gz,,,8085.0,7687.0,29772.5,6.4,3.873,41.0,68.0,2.0,19.0,20.8,0.0,,,89.0,85.0,183.0,170.0,,297.0,2340.0,,,394.0,,,,,,,,,292.0,8087.0,0.0,,0.0,,1.0,29991.0,,,,,,,,,,,,,,,,17166304.0,,,,,,,,,,0.0,3.682,632.5,,,,21784.0,,,737.0,181.0,3.902,,,,,,,,""
11137667509,"Apr 8, 2024, 8:55:26 PM",Afternoon Run,Run,Run to YES track practice,3186,10.39,163.0,83,false,,New Balance 1080 Timberwolf,activities/11903842803.fit.gz,,,3186.0,3026.0,10396.8,5.2,3.436,26.0,25.0,2.0,11.0,12.9,0.0,,,87.0,82.0,163.0,154.0,,264.0,794.0,,,83.0,,,,,,,,,256.0,3188.0,0.0,,0.0,,1.0,10516.3,,,,,,,,,,,,,,,,17166304.0,,,,,,,,,,0.0,3.263,852.5,,,,8290.0,,,223.0,159.0,3.475,,,,,,,,""
11145442181,"Apr 9, 2024, 8:12:53 PM",Afternoon Run,Run,Legs still sore,2014,6.43,155.0,40,false,,On Cloudeclipse Black,activities/11911785921.fit.gz,,,2014.0,1947.0,6438.9,6.0,3.307,16.0,18.0,-1.0,5.0,10.0,0.0,,,87.0,81.0,155.0,147.0,,252.0,473.0,,,40.0,,,,,,,,,247.0,2016.0,0.0,,0.0,,1.0,6504.6,,,,,,,,,,,,,,,,17166280.0,,,,,,,,,,0.0,3.197,235.0,,,,5298.0,,,131.0,153.0,3.341,,,,,,,,""
11160205842,"Apr 11, 2024, 8:35:45 PM",Afternoon Run,Run,"",1914,7.29,184.0,86,false,,On Cloudmonster Mint,activities/11926941982.fit.gz,,,1914.0,1879.0,7292.5,5.5,3.881,24.0,24.0,0.0,6.0,8.3,0.0,,,91.0,84.0,184.0,168.0,,294.0,556.0,,,86.0,,,,,,,,,298.0,1916.0,0.0,,0.0,,1.0,7338.5,,,,,,,,,,,,,,,,17166300.0,,,,,,,,,,0.0,3.81,462.5,,,,5326.0,,,182.0,185.0,3.906,,,,,,,,""
11167124788,"Apr 12, 2024, 8:55:02 PM",Afternoon Run,Run,,1793,5.70,152.0,22,false,,New Balance 1080 Timberwolf,activities/11934038008.fit.gz,,,1793.0,1776.0,5706.6,5.6,3.213,26.0,28.0,3.0,17.0,9.1,0.0,,,85.0,81.0,152.0,141.0,,247.0,406.0,,,22.0,,,,,,,,,245.0,1794.0,,,0.0,,1.0,5792.8,,,,,,,,,,,,,,,,17166304.0,,,,,,,,,,0.0,3.183,230.5,,,,4794.0,,,115.0,152.0,3.262,,,,,,,,""
11172689072,"Apr 13, 2024, 12:38:55 PM",Morning Run,Run,"",7022,24.76,183.0,316,false,,On Cloudmonster White (blisters),activities/11939763189.fit.gz,,,7022.0,6396.0,24767.0,6.2,3.872,32.0,47.0,0.0,10.0,11.1,0.0,,,90.0,85.0,183.0,169.0,,296.0,1935.0,,,316.0,,,,,,,,,291.0,6823.0,0.0,,0.0,,1.0,24934.9,,,,,,,,,,,,,,,,17166304.0,,,,,,,,,,0.0,3.527,405.0,,,,18172.0,,,620.0,181.0,3.899,,,,,,,,""
11183285809,"Apr 14, 2024, 6:04:48 PM",Afternoon Run,Run,,1803,4.83,134.0,7,false,,New Balance 1080 Timberwolf,activities/11950735784.fit.gz,,,1803.0,1803.0,4834.3,3.8,2.681,19.0,12.0,2.0,12.0,12.5,0.1,,,85.0,81.0,134.0,124.0,,206.0,333.0,,,7.0,,,,,,,,,205.0,1804.0,,,0.0,,1.0,4913.4,,,,,,,,,,,,,,,,17166304.0,,,,,,,,,,0.0,2.681,352.5,,,,4908.0,,,81.0,127.0,2.725,,,,,,,,""
11187883302,"Apr 15, 2024, 1:16:09 PM",Morning Run,Run,"",1834,6.38,162.0,42,false,,On Cloudeclipse Black,activities/11955516376.fit.gz,,,1834.0,1817.0,6385.4,9.2,3.514,14.0,19.0,6.0,14.0,10.5,0.0,,,89.0,83.0,162.0,150.0,,268.0,456.0,,,42.0,,,,,,,,,266.0,1835.0,0.0,,0.0,,1.0,6451.6,,,,,,,,,,,,,,,,17166280.0,,,,,,,,,,0.0,3.482,235.0,,,,5056.0,,,138.0,165.0,3.551,,,,,,,,""
11198253074,"Apr 16, 2024, 8:50:33 PM",Afternoon Run,Run,"",2800,10.30,186.0,110,false,,On Cloudmonster Mint,activities/11966102086.fit.gz,,,2800.0,2754.0,10302.9,5.3,3.741,38.0,33.0,30.0,39.0,13.3,0.0,,,90.0,83.0,186.0,164.0,,287.0,798.0,,,110.0,,,,,,,,,287.0,2801.0,0.0,,0.0,,1.0,10455.6,,,,,,,,,,,,,,,,17166300.0,,,,,,,,,,0.0,3.68,525.0,,,,7678.0,,,246.0,178.0,3.797,,,,,,,,""
11215739086,"Apr 19, 2024, 10:12:16 AM",Lunch Run,Run,,1735,6.07,177.0,59,false,,New Balance 1080 Timberwolf,activities/11984036405.fit.gz,,,1735.0,1698.0,6073.5,4.7,3.577,27.0,30.0,18.0,34.0,10.0,0.0,,,87.0,83.0,177.0,161.0,,272.0,457.0,,,59.0,,,,,,,,,268.0,1737.0,,,0.0,,1.0,6163.3,,,,,,,,,,,,,,,,17166304.0,,,,,,,,,,0.0,3.501,22.5,,,,4732.0,,,133.0,166.0,3.63,,,,,,,,""
11222110389,"Apr 20, 2024, 7:40:31 AM",Morning Run,Run,"",5723,18.95,170.0,134,false,,New Balance 1080 Timberwolf,activities/11990603494.fit.gz,,,5723.0,5262.0,18951.0,5.8,3.601,91.0,90.0,10.0,36.0,21.1,0.0,,,110.0,84.0,170.0,153.0,,279.0,1362.0,,,134.0,,,,,,,,,268.0,5724.0,0.0,,0.0,,1.0,19250.5,,,,,,,,,,,,,,,,17166304.0,,,,,,,,,,0.0,3.311,280.0,,,,14792.0,,,439.0,166.0,3.658,,,,,,,,media/B22005E0-F4E3-4589-AA65-819075044271.jpg|media/A48433D1-07C6-49CA-B831-0F262C72C434.jpg|media/A6EE99C0-72E9-45EF-ADD5-97BAB65EF646.jpg
11239371825,"Apr 22, 2024, 3:15:44 PM",Afternoon Run,Run,,1649,6.06,176.0,47,false,,New Balance 1080 Timberwolf,activities/12008446194.fit.gz,,,1649.0,1589.0,6059.0,5.9,3.813,29.0,25.0,10.0,26.0,10.0,0.0,,,91.0,84.0,176.0,156.0,,293.0,434.0,,,47.0,,,,,,,,,285.0,1650.0,,,0.0,,1.0,6142.8,,,,,,,,,,,,,,,,17166304.0,,,,,,,,,,0.0,3.674,21.0,,,,4446.0,,,143.0,177.0,3.866,,,,,,,,""
11245381839,"Apr 23, 2024, 10:23:03 AM",Lunch Run,Run,,4410,13.93,164.0,91,false,,New Balance 1080 Timberwolf,activities/12014622867.fit.gz,,,4410.0,4073.0,13933.4,4.9,3.421,50.0,48.0,6.0,21.0,10.0,0.0,,,112.0,82.0,164.0,149.0,,263.0,1016.0,,,91.0,,,,,,,,,256.0,4411.0,,,0.0,,1.0,14127.5,,,,,,,,,,,,,,,,17166304.0,,,,,,,,,,0.0,3.16,419.5,,,,11208.0,,,309.0,159.0,3.469,,,,,,,,""
11257124119,"Apr 24, 2024, 9:52:34 PM",Afternoon Run,Run,"",1683,5.68,162.0,33,false,,On Cloudeclipse Black,activities/12026654588.fit.gz,,,1683.0,1665.0,5681.5,4.5,3.412,23.0,27.0,1.0,14.0,14.8,-0.1,,,86.0,82.0,162.0,147.0,,261.0,407.0,,,33.0,,,,,,,,,260.0,1685.0,0.0,,0.0,,1.0,5758.3,,,,,,,,,,,,,,,,17166280.0,,,,,,,,,,0.0,3.376,0.0,,,,4552.0,,,121.0,161.0,3.458,,,,,,,,""
11267428336,"Apr 26, 2024, 10:24:51 AM",Morning Run,Run,8x800 @2:50,3221,9.43,185.0,80,false,,On Cloudmonster White (blisters),activities/12037485872.fit.gz,,,3221.0,2145.0,9432.0,6.4,4.397,15.0,14.0,3.0,11.0,8.3,-0.1,,,94.0,87.0,185.0,162.0,,329.0,619.0,,,80.0,,,,,,,,,288.0,3222.0,0.0,,0.0,,1.0,9485.8,,,,,,,,,,,,,,,,17166304.0,,,,,,,,,,0.0,2.928,0.0,,,,6272.0,,,286.0,179.0,4.422,,,,,,,,""
11270847429,"Apr 26, 2024, 8:50:14 PM",Afternoon Run,Run,,1171,3.94,157.0,19,false,,New Balance 1080 Timberwolf,activities/12041008608.fit.gz,,,1171.0,1141.0,3947.0,5.6,3.459,27.0,26.0,1.0,12.0,15.4,0.0,,,88.0,82.0,157.0,143.0,,266.0,273.0,,,19.0,,,,,,,,,260.0,1173.0,,,0.0,,1.0,4013.7,,,,,,,,,,,,,,,,17166304.0,,,,,,,,,,0.0,3.371,329.0,,,,3120.0,,,84.0,161.0,3.518,,,,,,,,""
11275671726,"Apr 27, 2024, 12:17:05 PM",Morning Run,Run,"",4644,16.87,178.0,197,false,,On Cloudmonster White (blisters),activities/12045995401.fit.gz,,,4644.0,4373.0,16873.0,7.2,3.858,17.0,18.0,4.0,12.0,11.1,0.0,,,89.0,85.0,178.0,166.0,,294.0,1290.0,,,197.0,,,,,,,,,290.0,4645.0,0.0,,0.0,,1.0,16997.6,,,,,,,,,,,,,,,,17166304.0,,,,,,,,,,0.0,3.633,371.5,,,,12446.0,,,418.0,180.0,3.887,,,,,,,,""
11284884710,"Apr 28, 2024, 3:11:29 PM",Lunch Run,Run,"",1770,4.25,158.0,6,false,,On Cloudmonster Mint,activities/12055438713.fit.gz,,,1770.0,1733.0,4257.5,3.3,2.457,16.0,17.0,-2.0,15.0,15.4,0.0,,,84.0,80.0,158.0,121.0,,187.0,307.0,,,6.0,,,,,,,,,185.0,1772.0,0.0,,0.0,,1.0,4333.1,,,,,,,,,,,,,,,,17166300.0,,,,,,,,,,0.0,2.405,472.5,,,,4664.0,,,65.0,115.0,2.5,,,,,,,,""
11294231217,"Apr 29, 2024, 9:02:04 PM",Afternoon Run,Run,"",3240,10.46,160.0,70,false,,On Cloudmonster Mint,activities/12065074377.fit.gz,,,3240.0,3040.0,10468.0,5.1,3.443,37.0,34.0,3.0,13.0,8.3,0.0,,,87.0,82.0,160.0,150.0,,264.0,760.0,,,70.0,,,,,,,,,255.0,3241.0,0.0,,0.0,,1.0,10570.2,,,,,,,,,,,,,,,,17166300.0,,,,,,,,,,0.0,3.231,273.5,,,,8356.0,,,225.0,158.0,3.477,,,,,,,,""
11302012852,"Apr 30, 2024, 8:58:23 PM",Afternoon Run,Run,"",1808,5.76,169.0,34,false,,On Cloudeclipse Black,activities/12073082042.fit.gz,,,1808.0,1771.0,5768.4,5.0,3.257,25.0,26.0,13.0,24.0,9.1,0.0,,,86.0,81.0,169.0,146.0,,251.0,437.0,,,34.0,,,,,,,,,248.0,1809.0,0.0,,0.0,,1.0,5858.9,,,,,,,,,,,,,,,,17166280.0,,,,,,,,,,0.0,3.19,234.5,,,,4786.0,,,119.0,154.0,3.308,,,,,,,,""
11318213962,"May 2, 2024, 8:34:31 PM",Afternoon Run,Run,"",1854,6.93,188.0,80,false,,On Cloudmonster White (blisters),activities/12089737610.fit.gz,,,1854.0,1772.0,6933.5,6.0,3.913,27.0,32.0,-3.0,10.0,10.0,-0.1,,,98.0,83.0,188.0,167.0,,295.0,535.0,,,80.0,,,,,,,,,294.0,1856.0,0.0,,0.0,,1.0,7013.0,,,,,,,,,,,,,,,,17166304.0,,,,,,,,,,0.0,3.74,461.0,,,,4956.0,,,172.0,183.0,3.958,,,,,,,,""
11321778808,"May 3, 2024, 11:16:29 AM",Morning Run,Run,,1782,5.74,159.0,30,false,,New Balance 1080 Timberwolf,activities/12093404278.fit.gz,,,1782.0,1782.0,5741.5,6.833,3.222,25.0,31.0,0.0,11.0,10.0,-0.1,,,121.0,81.0,159.0,144.0,,248.0,432.0,,,30.0,,,,,,,,,248.0,1783.0,,,0.0,,1.0,5819.9,,,,,,,,,,,,,,,,17166304.0,,,,,,,,,,0.0,3.222,441.5,,,,4846.0,,,117.0,154.0,3.266,,,,,,,,""
11332293672,"May 4, 2024, 4:46:22 PM",Morning Run,Run,"",4263,15.41,183.0,200,false,,Nike AlphaFly 3,activities/12104211023.fit.gz,,,4263.0,4066.0,15413.5,7.2,3.791,96.0,85.0,1486.0,1519.0,17.6,0.0,,,110.0,83.0,183.0,170.0,,293.0,1230.0,,,200.0,,,,,,,,,291.0,4265.0,0.0,,0.0,,1.0,15699.0,,,,,,,,,,,,,,,,17620432.0,,,,,,,,,,0.0,3.616,8.0,,,,11330.0,,,387.0,181.0,3.861,,,,,,,,""
11339803107,"May 5, 2024, 3:08:44 PM",Morning Run,Run,"",2189,6.83,147.0,19,false,,New Balance 1080 Timberwolf,activities/12111956998.fit.gz,,,2189.0,2185.0,6838.0,4.5,3.13,8.0,23.0,1289.0,1304.0,23.1,-0.2,,,86.0,80.0,147.0,138.0,,238.0,485.0,,,19.0,,,,,,,,,238.0,2190.0,0.0,,0.0,,1.0,6894.1,,,,,,,,,,,,,,,,17166304.0,,,,,,,,,,0.0,3.124,130.5,,,,5804.0,,,133.0,148.0,3.155,,,,,,,,""
11348988939,"May 6, 2024, 10:48:37 PM",Afternoon Run,Run,"",1699,5.16,148.0,14,false,,New Balance 1080 Timberwolf,activities/12121409436.fit.gz,,,1699.0,1699.0,5166.5,4.0,3.041,18.0,15.0,1288.0,1301.0,10.5,0.1,,,84.0,79.0,148.0,138.0,,232.0,377.0,,,14.0,,,,,,,,,232.0,1700.0,0.0,,0.0,,1.0,5246.6,,,,,,,,,,,,,,,,17166304.0,,,,,,,,,,0.0,3.041,0.0,,,,4496.0,,,97.0,144.0,3.088,,,,,,,,""
11373377587,"May 9, 2024, 11:01:23 PM",Afternoon Run,Run,"",1984,6.25,164.0,50,false,,New Balance 1080 Timberwolf,activities/12146438436.fit.gz,,,1984.0,1977.0,6255.5,5.0,3.164,24.0,24.0,1456.0,1462.0,9.1,0.1,,,84.0,79.0,164.0,152.0,,242.0,509.0,,,50.0,,,,,,,,,241.0,1985.0,0.0,,0.0,,1.0,6342.6,,,,,,,,,,,,,,,,17166304.0,,,,,,,,,,0.0,3.153,3184.5,,,,5234.0,,,123.0,150.0,3.208,,,,,,,,""
11386903121,"May 11, 2024, 3:36:44 PM",Morning Run,Run,,3346,11.13,189.0,154,false,,Nike AlphaFly 3,activities/12160387377.fit.gz,,,3346.0,3012.0,11133.4,5.3,3.696,33.0,27.0,1277.0,1288.0,17.6,0.0,,,86.0,83.0,189.0,172.0,,283.0,933.0,,,154.0,,,,,,,,,281.0,3220.0,,,0.0,,1.0,11259.5,,,,,,,,,,,,,,,,17620432.0,,,,,,,,,,0.0,3.327,0.0,,,,8364.0,,,273.0,175.0,3.738,,,,,,,,""
11395336515,"May 12, 2024, 4:25:44 PM",Morning Run,Run,"",2236,6.47,160.0,44,false,,On Cloudmonster White (blisters),activities/12169098938.fit.gz,,,2236.0,2222.0,6470.0,4.8,2.912,11.0,12.0,1284.0,1292.0,9.5,0.0,,,83.0,78.0,160.0,147.0,,222.0,543.0,,,44.0,,,,,,,,,221.0,2237.0,0.0,,0.0,,1.0,6550.0,,,,,,,,,,,,,,,,17166304.0,,,,,,,,,,0.0,2.894,0.0,,,,5884.0,,,116.0,137.0,2.948,,,,,,,,""
11404672071,"May 13, 2024, 11:17:18 PM",Afternoon Run,Run,"",1228,3.62,156.0,21,false,,New Balance 1080 Timberwolf,activities/12178717931.fit.gz,,,1228.0,1228.0,3621.5,4.2,2.949,22.0,19.0,1291.0,1302.0,9.1,0.0,,,81.0,78.0,156.0,144.0,,226.0,290.0,,,21.0,,,,,,,,,225.0,1229.0,0.0,,0.0,,1.0,3684.8,,,,,,,,,,,,,,,,17166304.0,,,,,,,,,,0.0,2.949,0.0,,,,3204.0,,,66.0,140.0,3.001,,,,,,,,""
11412757325,"May 14, 2024, 11:45:11 PM",Afternoon Run,Run,"",1045,3.22,150.0,7,false,,New Balance 1080 Timberwolf,activities/12187006241.fit.gz,,,1045.0,1045.0,3225.8,5.2,3.087,12.0,10.0,1290.0,1294.0,10.0,0.1,,,84.0,79.0,150.0,134.0,,238.0,225.0,,,7.0,,,,,,,,,235.0,1046.0,0.0,,0.0,,1.0,3277.5,,,,,,,,,,,,,,,,17166304.0,,,,,,,,,,0.0,3.087,0.0,,,,2754.0,,,61.0,146.0,3.136,,,,,,,,""
11421556108,"May 16, 2024, 1:50:23 AM",Evening Run,Run,"",1347,3.56,164.0,20,false,,New Balance 1080 Timberwolf,activities/12196042651.fit.gz,,,1347.0,1117.0,3566.5,6.85,3.193,2.0,4.0,1286.0,1291.0,15.4,0.0,,,108.0,80.0,164.0,144.0,,238.0,266.0,,,20.0,,,,,,,,,214.0,1349.0,0.0,,0.0,,1.0,3613.3,,,,,,,,,,,,,,,,17166304.0,,,,,,,,,,0.0,2.648,0.0,,,,2988.0,,,66.0,133.0,3.235,,,,,,,,""
11431494496,"May 17, 2024, 1:00:28 PM",Morning Run,Run,"Taper week done, ready for race day tomorrow",1147,3.22,160.0,12,false,,New Balance 1080 Timberwolf,activities/12206279510.fit.gz,,,1147.0,1147.0,3221.6,4.4,2.809,6.0,8.0,1289.0,1298.0,10.5,-0.1,,,84.0,79.0,160.0,139.0,,214.0,257.0,,,12.0,,,,,,,,,213.0,1148.0,0.0,,0.0,,1.0,3266.0,,,,,,,,,,,,,,,,17166304.0,,,,,,,,,,0.0,2.809,0.0,,,,3006.0,,,55.0,132.0,2.847,,,,,,,,""
11441712829,"May 18, 2024, 1:00:04 PM",Morning Run,Run,Started great but cramps came in at mile 14 and went poorly from there… somewhat satisfied but looking forward to the next,12136,42.38,186.0,645,false,,Nike AlphaFly 3,activities/12216806825.fit.gz,,,12136.0,12128.0,42379.5,6.1,3.494,101.0,425.0,1306.0,1656.0,16.7,-0.8,,,99.0,82.0,186.0,172.0,,265.0,3748.0,,,645.0,,,,,,,,,273.0,12137.0,0.0,,0.0,,1.0,42250.0,,,,,,,,,,,,,,,,17620432.0,,,,,,,,,,0.0,3.492,26.0,,,,33216.0,,,971.0,170.0,3.484,,,,,,,,""
11474333823,"May 22, 2024, 8:48:05 PM",Afternoon Run,Run,"",1314,3.86,165.0,26,false,,New Balance 1080 Timberwolf,activities/12250416975.fit.gz,,,1314.0,1307.0,3860.4,5.7,2.954,25.0,28.0,5.0,18.0,18.2,-0.1,,,83.0,78.0,165.0,148.0,,228.0,321.0,,,26.0,,,,,,,,,226.0,1315.0,0.0,,0.0,,1.0,3942.5,,,,,,,,,,,,,,,,17166304.0,,,,,,,,,,0.0,2.938,237.0,,,,3428.0,,,71.0,140.0,3.016,,,,,,,,""
11482018247,"May 23, 2024, 8:44:30 PM",Afternoon Run,Run,"",1812,5.72,172.0,47,false,,On Cloudmonster Mint,activities/12258322537.fit.gz,,,1812.0,1780.0,5725.9,4.6,3.217,21.0,24.0,0.0,12.0,9.1,0.0,,,83.0,79.0,172.0,153.0,,246.0,454.0,,,47.0,,,,,,,,,244.0,1814.0,0.0,,0.0,,1.0,5834.6,,,,,,,,,,,,,,,,17166300.0,,,,,,,,,,0.0,3.16,236.5,,,,4714.0,,,116.0,152.0,3.278,,,,,,,,""
11494962884,"May 25, 2024, 2:25:31 PM",Morning Run,Run,"",1710,5.62,179.0,59,false,,New Balance 1080 Timberwolf,activities/12271685591.fit.gz,,,1710.0,1666.0,5623.3,4.8,3.375,27.0,32.0,259.0,289.0,46.2,0.0,,,86.0,82.0,179.0,161.0,,261.0,455.0,,,59.0,,,,,,,,,256.0,1711.0,0.0,,0.0,,1.0,5731.1,,,,,,,,,,,,,,,,17166304.0,,,,,,,,,,0.0,3.288,0.0,,,,4546.0,,,120.0,159.0,3.44,,,,,,,,""
11521510130,"May 28, 2024, 8:40:12 PM",Afternoon Run,Run,"",2111,6.97,175.0,73,false,,On Cloudmonster Mint,activities/12299087643.fit.gz,,,2111.0,2093.0,6976.0,5.4,3.333,15.0,16.0,3.0,10.0,15.4,0.0,,,86.0,80.0,175.0,161.0,,255.0,585.0,,,73.0,,,,,,,,,253.0,2112.0,0.0,,0.0,,1.0,7054.1,,,,,,,,,,,,,,,,17166300.0,,,,,,,,,,0.0,3.305,469.0,,,,5614.0,,,144.0,157.0,3.37,,,,,,,,""
11528833033,"May 29, 2024, 9:05:58 PM",Afternoon Run,Run,"",2610,8.79,178.0,92,false,,On Cloudeclipse Black,activities/12306620461.fit.gz,,,2610.0,2560.0,8795.5,5.6,3.436,32.0,32.0,1.0,13.0,16.7,0.0,,,85.0,81.0,178.0,161.0,,263.0,659.0,,,92.0,,,,,,,,,260.0,2611.0,0.0,,0.0,,1.0,8900.9,,,,,,,,,,,,,,,,17166280.0,,,,,,,,,,0.0,3.37,429.0,,,,6918.0,,,188.0,161.0,3.477,,,,,,,,""
11531571662,"May 30, 2024, 10:41:27 AM",Morning Run,Run,"",1747,5.71,178.0,64,false,,On Cloudmonster Mint,activities/12309455348.fit.gz,,,1747.0,1702.0,5710.5,5.2,3.355,25.0,31.0,0.0,12.0,9.1,-0.1,,,108.0,83.0,178.0,164.0,,258.0,441.0,,,64.0,,,,,,,,,253.0,1748.0,0.0,,0.0,,1.0,5787.5,,,,,,,,,,,,,,,,17166300.0,,,,,,,,,,0.0,3.269,235.5,,,,4724.0,,,119.0,157.0,3.4,,,,,,,,""
11575659507,"Jun 4, 2024, 11:06:08 PM",Afternoon Run,Run,"",2264,4.88,145.0,8,false,,New Balance 1080 Timberwolf,activities/12354850908.fit.gz,,,2264.0,1854.0,4884.5,3.8,2.635,16.0,18.0,1464.0,1474.0,10.0,-0.1,,,82.0,79.0,145.0,129.0,,200.0,343.0,,,8.0,,,,,,,,,192.0,2064.0,0.0,,0.0,,1.0,4955.0,,,,,,,,,,,,,,,,17166304.0,,,,,,,,,,0.0,2.157,4357.5,,,,4912.0,,,81.0,119.0,2.673,,,,,,,,""
11588193187,"Jun 5, 2024, 8:23:20 PM",Afternoon Hike,Hike,,9421,5.29,149.0,17,false,,,activities/12367731462.fit.gz,,,9421.0,5536.0,5290.3,2.4,0.956,292.0,254.0,1909.0,2153.0,50.0,0.0,,,,53.0,149.0,109.0,,,809.0,,,17.0,,,,,,,,,,,,,0.0,,1.0,,,,,,,,,,,,,,,,,,,,,,,,,,,0.0,0.562,5290.3,,,,,,,,,,,,,,,,,""
11590561296,"Jun 6, 2024, 6:30:07 PM",Lunch Run,Run,"",2485,7.55,193.0,106,false,,New Balance 1080 Timberwolf,activities/12370153998.fit.gz,,,2485.0,2114.0,7553.5,4.6,3.573,25.0,23.0,748.0,763.0,9.1,0.1,,,85.0,81.0,193.0,171.0,,271.0,609.0,,,106.0,,,,,,,,,262.0,2459.0,0.0,,0.0,,1.0,7654.2,,,,,,,,,,,,,,,,17166304.0,,,,,,,,,,0.0,3.04,0.0,,,,5730.0,,,181.0,163.0,3.621,,,,,,,,""
11597437442,"Jun 7, 2024, 4:28:03 PM",Morning Run,Run,Back on the old training trails,2577,5.27,186.0,31,false,,New Balance 1080 Timberwolf,activities/12377203044.fit.gz,,,2577.0,1833.0,5274.7,5.9,2.878,43.0,54.0,780.0,819.0,20.0,0.0,,,98.0,80.0,186.0,145.0,,223.0,405.0,,,31.0,,,,,,,,,213.0,2398.0,0.0,,0.0,,1.0,5463.0,,,,,,,,,,,,,,,,17166304.0,,,,,,,,,,0.0,2.047,0.0,,,,4866.0,,,116.0,132.0,2.98,,,,,,,,""
11614026674,"Jun 9, 2024, 4:33:10 PM",Lunch Run,Run,"",2868,9.65,195.0,130,false,,On Cloudmonster Mint,activities/12394318365.fit.gz,,,2868.0,2703.0,9656.5,6.05,3.573,30.0,30.0,5.0,15.0,11.8,0.0,,,87.0,82.0,195.0,170.0,,274.0,772.0,,,130.0,,,,,,,,,269.0,2870.0,0.0,,0.0,,1.0,9774.8,,,,,,,,,,,,,,,,17166300.0,,,,,,,,,,0.0,3.367,308.0,,,,7406.0,,,222.0,167.0,3.616,,,,,,,,""
11617939396,"Jun 10, 2024, 10:17:11 AM",Morning Run,Run,Chill 30,1816,6.23,174.0,59,false,,On Cloudeclipse Black,activities/12398379124.fit.gz,,,1816.0,1800.0,6237.5,7.3,3.465,20.0,24.0,5.0,19.0,9.1,0.0,,,85.0,82.0,174.0,160.0,,266.0,463.0,,,59.0,,,,,,,,,263.0,1818.0,0.0,,0.0,,1.0,6315.6,,,,,,,,,,,,,,,,17166280.0,,,,,,,,,,0.0,3.435,229.5,,,,4918.0,,,134.0,163.0,3.509,,,,,,,,""
11630920681,"Jun 11, 2024, 9:21:48 PM",Afternoon Run,Run,"4 X 5:00 at ~6:13 w/ 90s jog in between
Plus WU CD",3209,10.60,193.0,134,false,,On Cloudmonster White (blisters),activities/12411692564.fit.gz,,,3209.0,2917.0,10607.5,5.9,3.636,13.0,23.0,1.0,7.0,18.2,0.0,,,87.0,81.0,193.0,170.0,,276.0,830.0,,,134.0,,,,,,,,,274.0,3212.0,0.0,,0.0,,1.0,10716.2,,,,,,,,,,,,,,,,17166304.0,,,,,,,,,,0.0,3.306,460.5,,,,7918.0,,,258.0,170.0,3.674,,,,,,,,""
11642560045,"Jun 13, 2024, 11:00:12 AM",Morning Run,Run,Chill 30,1795,6.23,174.0,57,false,,On Cloudeclipse Black,activities/12423650538.fit.gz,,,1795.0,1771.0,6232.1,8.1,3.519,17.0,20.0,4.0,18.0,9.1,0.0,,,84.0,81.0,174.0,159.0,,268.0,465.0,,,57.0,,,,,,,,,266.0,1797.0,0.0,,0.0,,1.0,6297.0,,,,,,,,,,,,,,,,17166280.0,,,,,,,,,,0.0,3.472,274.0,,,,4804.0,,,136.0,165.0,3.556,,,,,,,,""
11653363746,"Jun 14, 2024, 8:59:15 PM",Afternoon Run,Run,"11 x 1:00 @ 5:50-6:00 with 90 s jog
Plus WU CD",2590,8.61,186.0,73,false,,On Cloudeclipse Black,activities/12434749983.fit.gz,,,2590.0,2559.0,8616.0,5.4,3.367,29.0,29.0,7.0,19.0,19.0,0.0,,,108.0,81.0,186.0,155.0,,255.0,650.0,,,73.0,,,,,,,,,264.0,2591.0,0.0,,0.0,,1.0,8705.8,,,,,,,,,,,,,,,,17166280.0,,,,,,,,,,0.0,3.327,235.5,,,,6944.0,,,193.0,164.0,3.402,,,,,,,,""
11658516850,"Jun 15, 2024, 1:06:18 PM",Morning Run,Run,"",5058,16.76,177.0,169,false,,New Balance 1080 Timberwolf,activities/12440071011.fit.gz,,,5058.0,4828.0,16766.0,5.3,3.473,93.0,93.0,4.0,23.0,9.1,0.0,,,90.0,81.0,177.0,161.0,,267.0,1334.0,,,169.0,,,,,,,,,263.0,5060.0,0.0,,0.0,,1.0,17048.6,,,,,,,,,,,,,,,,17166304.0,,,,,,,,,,0.0,3.315,564.5,,,,13202.0,,,374.0,163.0,3.531,,,,,,,,""
11665802237,"Jun 16, 2024, 12:35:09 PM",Morning Run,Run,"",1756,5.76,173.0,49,false,,On Cloudeclipse Black,activities/12447607647.fit.gz,,,1756.0,1756.0,5764.0,4.8,3.282,26.0,25.0,8.0,20.0,15.4,0.0,,,85.0,81.0,173.0,155.0,,253.0,455.0,,,49.0,,,,,,,,,253.0,1757.0,0.0,,0.0,,1.0,5851.9,,,,,,,,,,,,,,,,17166280.0,,,,,,,,,,0.0,3.282,240.5,,,,4782.0,,,120.0,157.0,3.333,,,,,,,,""
11672035047,"Jun 17, 2024, 10:32:18 AM",Morning Run,Run,Sore legs,1794,5.48,157.0,29,false,,New Balance 1080 Timberwolf,activities/12454070713.fit.gz,,,1794.0,1790.0,5488.0,4.9,3.066,28.0,31.0,8.0,20.0,10.0,-0.1,,,83.0,80.0,157.0,144.0,,234.0,413.0,,,29.0,,,,,,,,,234.0,1795.0,0.0,,0.0,,1.0,5576.9,,,,,,,,,,,,,,,,17166304.0,,,,,,,,,,0.0,3.059,0.0,,,,4814.0,,,105.0,145.0,3.116,,,,,,,,""
11684301608,"Jun 18, 2024, 7:49:15 PM",Afternoon Run,Run,Heat wave,2001,6.21,187.0,75,false,,On Cloudmonster Mint,activities/12466667615.fit.gz,,,2001.0,1722.0,6215.0,5.3,3.609,12.0,14.0,-3.0,6.0,10.0,0.0,,,86.0,81.0,187.0,167.0,,275.0,499.0,,,75.0,,,,,,,,,266.0,2003.0,0.0,,0.0,,1.0,6276.0,,,,,,,,,,,,,,,,17166300.0,,,,,,,,,,0.0,3.106,989.5,,,,4666.0,,,151.0,165.0,3.645,,,,,,,,""
11689826161,"Jun 19, 2024, 12:29:40 PM",Morning Run,Run,"",1486,3.76,136.0,5,false,,New Balance 1080 Timberwolf,activities/12472363573.fit.gz,,,1486.0,1429.0,3762.0,3.9,2.633,2.0,3.0,10.0,13.0,10.0,0.0,,,84.0,80.0,136.0,126.0,,198.0,267.0,,,5.0,,,,,,,,,193.0,1488.0,0.0,,0.0,,1.0,3810.6,,,,,,,,,,,,,,,,17166304.0,,,,,,,,,,0.0,2.532,548.0,,,,3812.0,,,59.0,120.0,2.667,,,,,,,,""
11696409707,"Jun 20, 2024, 10:20:10 AM",Morning Run,Run,Progression run,3631,12.17,181.0,134,false,,New Balance 1080 Timberwolf,activities/12479131332.fit.gz,,,3631.0,3531.0,12171.3,5.2,3.447,22.0,27.0,3.0,12.0,12.5,0.0,,,87.0,82.0,181.0,162.0,,264.0,994.0,,,134.0,,,,,,,,,260.0,3633.0,0.0,,0.0,,1.0,12287.6,,,,,,,,,,,,,,,,17166304.0,,,,,,,,,,0.0,3.352,535.0,,,,9730.0,,,262.0,161.0,3.48,,,,,,,,""
11704364360,"Jun 21, 2024, 10:30:22 AM",Morning Run,Run,3 x 8 minutes of hills,2652,8.48,178.0,83,false,,On Cloudeclipse Black,activities/12487321575.fit.gz,,,2652.0,2337.0,8481.2,5.7,3.629,95.0,91.0,8.0,27.0,14.3,0.0,,,93.0,83.0,178.0,161.0,,281.0,646.0,,,83.0,,,,,,,,,270.0,2654.0,0.0,,0.0,,1.0,8721.3,,,,,,,,,,,,,,,,17166280.0,,,,,,,,,,0.0,3.198,70.0,,,,6520.0,,,207.0,168.0,3.732,,,,,,,,""
11712537356,"Jun 22, 2024, 11:55:03 AM",Morning Run,Run,2 1/4 in Z2,8654,25.38,156.0,117,false,,New Balance 1080 Timberwolf,activities/12495739774.fit.gz,,,8654.0,8122.0,25388.7,5.2,3.126,54.0,71.0,0.0,15.0,25.0,0.0,,,85.0,81.0,156.0,143.0,,239.0,1863.0,,,117.0,,,,,,,,,234.0,8595.0,0.0,,0.0,,1.0,25761.2,,,,,,,,,,,,,,,,17166304.0,,,,,,,,,,0.0,2.934,197.0,,,,21902.0,,,503.0,145.0,3.172,,,,,,,,""
11726627320,"Jun 24, 2024, 10:29:30 AM",Morning Run,Run,"",2889,8.91,162.0,57,false,,New Balance 1080 Timberwolf,activities/12510308573.fit.gz,,,2889.0,2804.0,8917.9,5.5,3.18,29.0,29.0,3.0,16.0,10.0,0.0,,,115.0,80.0,162.0,147.0,,246.0,681.0,,,57.0,,,,,,,,,242.0,2891.0,0.0,,0.0,,1.0,9038.1,,,,,,,,,,,,,,,,17166304.0,,,,,,,,,,0.0,3.087,235.5,,,,7546.0,,,181.0,150.0,3.223,,,,,,,,""
11734780450,"Jun 25, 2024, 10:31:29 AM",Morning Run,Run,12-10-8 minutes at HMP 2 minutes jog between reps,2487,9.40,183.0,114,false,,On Cloudmonster White (blisters),activities/12518694908.fit.gz,,,2487.0,2430.0,9407.8,6.8,3.872,17.0,22.0,5.0,10.0,9.1,0.0,,,94.0,83.0,183.0,168.0,,292.0,725.0,,,114.0,,,,,,,,,293.0,2488.0,0.0,,0.0,,1.0,9503.0,,,,,,,,,,,,,,,,17166304.0,,,,,,,,,,0.0,3.783,468.0,,,,6780.0,,,228.0,182.0,3.911,,,,,,,,""
11743395161,"Jun 26, 2024, 10:28:47 AM",Morning Run,Run,New shoes feel nice,3519,10.95,159.0,78,false,,ASICS Gel-Nimbus 25 White,activities/12527409146.fit.gz,,,3519.0,3488.0,10956.8,4.7,3.141,38.0,39.0,-1.0,12.0,10.0,0.0,,,84.0,80.0,159.0,148.0,,242.0,849.0,,,78.0,,,,,,,,,241.0,3520.0,0.0,,0.0,,1.0,11108.6,,,,,,,,,,,,,,,,18357424.0,,,,,,,,,,0.0,3.114,306.5,,,,9366.0,,,219.0,150.0,3.185,,,,,,,,""
11752041723,"Jun 27, 2024, 10:28:58 AM",Morning Run,Run,"Progression run
Last 30 minutes @ MP",4100,14.59,183.0,141,false,,On Cloudeclipse Black,activities/12536312882.fit.gz,,,4100.0,4100.0,14596.6,6.5,3.56,46.0,53.0,5.0,21.0,11.8,0.0,,,88.0,83.0,183.0,159.0,,272.0,1112.0,,,141.0,,,,,,,,,276.0,4101.0,0.0,,0.0,,1.0,14739.1,,,,,,,,,,,,,,,,17166280.0,,,,,,,,,,0.0,3.56,143.0,,,,11404.0,,,333.0,171.0,3.595,,,,,,,,""
11758870485,"Jun 28, 2024, 10:48:07 AM",Morning Run,Run,With strides,2525,7.62,157.0,17,false,,ASICS Gel-Nimbus 25 White,activities/12543346466.fit.gz,,,2525.0,2381.0,7622.6,6.9,3.201,11.0,16.0,4.0,12.0,10.0,0.0,,,94.0,81.0,157.0,137.0,,243.0,508.0,,,17.0,,,,,,,,,234.0,2526.0,0.0,,0.0,,1.0,7678.2,,,,,,,,,,,,,,,,18357424.0,,,,,,,,,,0.0,3.019,478.0,,,,6482.0,,,147.0,145.0,3.225,,,,,,,,""
11767895736,"Jun 29, 2024, 12:19:52 PM",Morning Run,Run,Progression run,8281,25.90,176.0,129,false,,On Cloudmonster Mint,activities/12552664948.fit.gz,,,8281.0,7970.0,25903.9,5.6,3.25,73.0,86.0,-4.0,15.0,26.1,0.0,,,87.0,81.0,176.0,147.0,,249.0,1897.0,,,129.0,,,,,,,,,247.0,8283.0,0.0,,0.0,,1.0,26259.3,,,,,,,,,,,,,,,,17166300.0,,,,,,,,,,0.0,3.128,501.5,,,,21768.0,,,540.0,153.0,3.295,,,,,,,,""
11781165764,"Jul 1, 2024, 10:34:23 AM",Morning Run,Run,,2297,7.00,145.0,17,false,,New Balance 1080 Timberwolf,activities/12566422538.fit.gz,,,2297.0,2289.0,7007.0,5.5,3.061,15.0,19.0,15.0,23.0,10.0,-0.1,,,83.0,80.0,145.0,137.0,,233.0,493.0,,,17.0,,,,,,,,,232.0,2298.0,,,0.0,,1.0,7069.9,,,,,,,,,,,,,,,,17166304.0,,,,,,,,,,0.0,3.051,477.5,,,,6160.0,,,132.0,144.0,3.089,,,,,,,,""
11789098130,"Jul 2, 2024, 10:26:21 AM",Morning Run,Run,"8 x 600m @ >5k pace (avg 5:19) 
+ new shoes 🍋",3185,7.61,187.0,63,false,,HOKA Mach 6 Pink twilight,activities/12574591377.fit.gz,,,3185.0,1778.0,7617.5,6.9,4.284,25.0,19.0,6.0,15.0,14.8,-0.1,,,94.0,86.0,187.0,161.0,,323.0,489.0,,,63.0,,,,,,,,,275.0,2848.0,0.0,,0.0,,1.0,7716.2,,,,,,,,,,,,,,,,18438024.0,,,,,,,,,,0.0,2.392,0.0,,,,5118.0,,,231.0,171.0,4.34,,,,,,,,""
11797481068,"Jul 3, 2024, 10:37:49 AM",Morning Run,Run,"",2536,7.73,155.0,39,false,,ASICS Gel-Nimbus 25 White,activities/12583218955.fit.gz,,,2536.0,2479.0,7735.5,4.3,3.12,17.0,15.0,8.0,15.0,13.3,0.0,,,86.0,81.0,155.0,144.0,,238.0,574.0,,,39.0,,,,,,,,,235.0,2538.0,0.0,,0.0,,1.0,7824.7,,,,,,,,,,,,,,,,18357424.0,,,,,,,,,,0.0,3.05,470.0,,,,6754.0,,,150.0,146.0,3.156,,,,,,,,""
11806319244,"Jul 4, 2024, 12:37:59 PM",Morning Run,Run,"",2017,4.83,130.0,7,false,,ASICS Gel-Nimbus 25 White,activities/12592331862.fit.gz,,,2017.0,2017.0,4831.4,3.58,2.395,14.0,13.0,11.0,18.0,10.0,0.0,,,83.0,80.0,130.0,117.0,,183.0,336.0,,,7.0,,,,,,,,,183.0,2018.0,0.0,,0.0,,1.0,4905.6,,,,,,,,,,,,,,,,18357424.0,,,,,,,,,,0.0,2.395,471.5,,,,5428.0,,,72.0,114.0,2.432,,,,,,,,""
11822421826,"Jul 6, 2024, 1:23:42 PM",Morning Run,Run,If you saw someone dry heaving over the side of Harvard bridge in the pouring rain… it wasn’t me,3613,11.52,188.0,142,false,,On Cloudmonster Mint,activities/12608980876.fit.gz,,,3613.0,3357.0,11526.5,5.4,3.434,25.0,30.0,7.0,20.0,42.9,0.0,,,87.0,82.0,188.0,166.0,,262.0,963.0,,,142.0,,,,,,,,,265.0,3585.0,0.0,,0.0,,1.0,11704.2,,,,,,,,,,,,,,,,17166300.0,,,,,,,,,,0.0,3.19,370.0,,,,9242.0,,,270.0,165.0,3.487,,,,,,,,""
11833158367,"Jul 7, 2024, 7:15:50 PM",Afternoon Run,Run,HOT,2418,7.75,177.0,77,false,,ASICS Gel-Nimbus 25 White,activities/12620097204.fit.gz,,,2418.0,2326.0,7754.2,5.4,3.334,13.0,17.0,8.0,14.0,16.7,0.0,,,85.0,81.0,177.0,160.0,,255.0,636.0,,,77.0,,,,,,,,,249.0,2420.0,0.0,,0.0,,1.0,7827.5,,,,,,,,,,,,,,,,18357424.0,,,,,,,,,,0.0,3.207,467.5,,,,6288.0,,,161.0,155.0,3.365,,,,,,,,""
11836577034,"Jul 8, 2024, 10:26:30 AM",Morning Run,Run,"",2843,8.85,165.0,56,false,,ASICS Gel-Nimbus 25 White,activities/12623665710.fit.gz,,,2843.0,2778.0,8858.1,5.1,3.189,29.0,31.0,6.0,18.0,11.8,0.0,,,85.0,81.0,165.0,148.0,,244.0,668.0,,,56.0,,,,,,,,,241.0,2846.0,0.0,,0.0,,1.0,8975.8,,,,,,,,,,,,,,,,18357424.0,,,,,,,,,,0.0,3.116,440.5,,,,7514.0,,,177.0,150.0,3.231,,,,,,,,""
11845117959,"Jul 9, 2024, 10:36:13 AM",Morning Run,Run,3x 15 min @ GMP+,3604,12.77,183.0,169,false,,HOKA Mach 6 Pink twilight,activities/12632448960.fit.gz,,,3604.0,3317.0,12770.0,6.4,3.85,32.0,27.0,3.0,15.0,15.4,0.0,,,98.0,84.0,183.0,171.0,,293.0,984.0,,,169.0,,,,,,,,,288.0,3606.0,0.0,,0.0,,1.0,12918.3,,,,,,,,,,,,,,,,18438024.0,,,,,,,,,,0.0,3.543,474.0,,,,9376.0,,,320.0,179.0,3.895,,,,,,,,""
11853361933,"Jul 10, 2024, 10:47:11 AM",Morning Run,Run,So. Humid. But new sunnies came in,2519,7.36,157.0,38,false,,ASICS Gel-Nimbus 25 White,activities/12640956142.fit.gz,,,2519.0,2247.0,7361.6,7.1,3.276,15.0,19.0,12.0,19.0,13.0,0.0,,,96.0,81.0,157.0,144.0,,248.0,520.0,,,38.0,,,,,,,,,236.0,2521.0,0.0,,0.0,,1.0,7458.3,,,,,,,,,,,,,,,,18357424.0,,,,,,,,,,0.0,2.922,471.0,,,,6132.0,,,150.0,147.0,3.319,,,,,,,,media/52C6F1A7-C218-4335-BBFD-D54D83A32AB2.jpg
11861290865,"Jul 11, 2024, 10:38:38 AM",Morning Run,Run,6x3min @ 10k pace,2177,7.58,182.0,74,false,,HOKA Mach 6 Pink twilight,activities/12649152200.fit.gz,,,2177.0,2000.0,7584.6,5.3,3.792,23.0,24.0,6.0,18.0,10.5,-0.1,,,89.0,84.0,182.0,162.0,,288.0,556.0,,,74.0,,,,,,,,,282.0,2178.0,0.0,,0.0,,1.0,7666.9,,,,,,,,,,,,,,,,18438024.0,,,,,,,,,,0.0,3.484,234.5,,,,5616.0,,,185.0,175.0,3.833,,,,,,,,""
11869286791,"Jul 12, 2024, 10:13:38 AM",Morning Run,Run,Morning miles with tracksmith,4743,10.70,170.0,74,false,,ASICS Gel-Nimbus 25 White,activities/12657444427.fit.gz,,,4743.0,3319.0,10699.0,5.9,3.224,32.0,36.0,6.0,20.0,9.5,-0.1,,,86.0,81.0,170.0,150.0,,245.0,828.0,,,74.0,,,,,,,,,231.0,3948.0,0.0,,0.0,,1.0,10814.8,,,,,,,,,,,,,,,,18357424.0,,,,,,,,,,0.0,2.256,0.0,,,,9036.0,,,225.0,143.0,3.258,,,,,,,,""
11878588420,"Jul 13, 2024, 12:25:47 PM",Morning Run,Run,Legs weren’t feeling it today and rain didn’t help,9205,25.11,167.0,195,false,,On Cloudeclipse Black,activities/12667076092.fit.gz,,,9205.0,8073.0,25117.8,4.8,3.111,84.0,107.0,6.0,37.0,15.4,-0.1,,,87.0,80.0,167.0,151.0,,237.0,2038.0,,,195.0,,,,,,,,,229.0,8974.0,0.0,,0.0,,1.0,25442.6,,,,,,,,,,,,,,,,17166280.0,,,,,,,,,,0.0,2.729,5734.5,,,,21660.0,,,503.0,142.0,3.152,,,,,,,,""
11892827885,"Jul 15, 2024, 10:36:37 AM",Morning Run,Run,"",2628,8.01,164.0,48,false,,ASICS Gel-Nimbus 25 White,activities/12681879412.fit.gz,,,2628.0,2444.0,8009.5,7.2,3.277,19.0,23.0,8.0,18.0,16.7,0.0,,,94.0,80.0,164.0,147.0,,248.0,594.0,,30.0,48.0,,,,,,,,,239.0,2629.0,0.0,,0.0,,1.0,8118.1,,,,,,,,,,,,,,,,18357424.0,,,,,,,,,,0.0,3.048,234.5,,,,6594.0,,,160.0,148.0,3.322,,,,,,,,""
11901089987,"Jul 16, 2024, 10:27:59 AM",Morning Run,Run,"20 min warmup 
2 x 15 min @ MP
Not enjoying this 5k + marathon training split",3646,12.69,183.0,148,false,,HOKA Mach 6 Pink twilight,activities/12690423530.fit.gz,,,3646.0,3467.0,12696.1,5.8,3.662,47.0,57.0,3.0,20.0,13.3,-0.1,,,103.0,83.0,183.0,165.0,,279.0,1014.0,,30.0,148.0,,,,,,,,,277.0,3648.0,0.0,,0.0,,1.0,12831.2,,,,,,,,,,,,,,,,18438024.0,,,,,,,,,,0.0,3.482,597.5,,,,9692.0,,,299.0,172.0,3.701,,,,,,,,""
11909558127,"Jul 17, 2024, 10:25:38 AM",Morning Run,Run,Z2 + strides,3056,8.42,158.0,32,false,,New Balance 1080 Timberwolf,activities/12699173428.fit.gz,,,3056.0,2673.0,8423.8,7.4,3.151,19.0,29.0,5.0,16.0,9.5,-0.1,,,95.0,80.0,158.0,141.0,,238.0,609.0,,30.0,32.0,,,,,,,,,224.0,3058.0,0.0,,0.0,,1.0,8520.5,,,,,,,,,,,,,,,,17166304.0,,,,,,,,,,0.0,2.756,473.5,,,,7202.0,,,164.0,139.0,3.188,,,,,,,,""
11918426047,"Jul 18, 2024, 10:35:48 AM",Morning Run,Run,"-400@5:22
-800@5:31
-1200@5:24
-1600@5:22
-1200@5:24
-800@5:21
-400@4:56

Feeling ready for tracksmith twilight 5k",3903,9.31,189.0,82,false,,HOKA Mach 6 Pink twilight,activities/12708352245.fit.gz,,,3903.0,2131.0,9317.0,7.1,4.372,5.0,9.0,5.0,12.0,23.1,0.0,,,93.0,85.0,189.0,164.0,,329.0,615.0,,30.0,82.0,,,,,,,,,288.0,3516.0,0.0,,0.0,,1.0,9382.8,,,,,,,,,,,,,,,,18438024.0,,,,,,,,,,0.0,2.387,0.0,,,,6112.0,,,312.0,179.0,4.403,,,,,,,,""
11926685364,"Jul 19, 2024, 10:21:09 AM",Morning Run,Run,Morning miles with tracksmith,5285,10.70,166.0,50,false,,ASICS Gel-Nimbus 25 White,activities/12716918488.fit.gz,,,5285.0,3274.0,10705.5,4.8,3.27,46.0,44.0,8.0,30.0,20.0,-0.1,,,86.0,82.0,166.0,143.0,,246.0,761.0,,28.0,50.0,,,,,,,,,234.0,4010.0,0.0,,0.0,,1.0,10882.0,,,,,,,,,,,,,,,,18357424.0,,,,,,,,,,0.0,2.026,556.5,,,,8948.0,,,234.0,145.0,3.324,,,,,,,,""
11936195653,"Jul 20, 2024, 11:57:23 AM",Morning Run,Run,"Tour de Boston

- 1:30 comfortable
- 2 x 20 min @ MP+10s",9408,27.91,179.0,253,false,,On Cloudmonster Mint,activities/12726805815.fit.gz,,,9408.0,8253.0,27911.7,5.2,3.382,81.0,77.0,6.0,25.0,27.3,0.0,,,87.0,81.0,179.0,156.0,,257.0,2205.0,,32.0,253.0,,,,,,,,,250.0,9151.0,0.0,,0.0,,1.0,28270.4,,,,,,,,,,,,,,,,17166300.0,,,,,,,,,,0.0,2.967,868.5,,,,22326.0,,,611.0,155.0,3.425,,,,,,,,""
11950737366,"Jul 22, 2024, 10:38:35 AM",Morning Run,Run,"",2514,6.99,150.0,16,false,,ASICS Gel-Nimbus 25 White,activities/12741967531.fit.gz,,,2514.0,2299.0,6989.5,4.6,3.04,10.0,14.0,13.0,19.0,10.5,0.0,,,84.0,79.0,150.0,136.0,,233.0,499.0,,30.0,16.0,,,,,,,,,225.0,2517.0,0.0,,0.0,,1.0,7079.7,,,,,,,,,,,,,,,,18357424.0,,,,,,,,,,0.0,2.78,462.5,,,,6086.0,,,136.0,140.0,3.079,,,,,,,,""
11959241510,"Jul 23, 2024, 10:56:18 AM",Morning Run,Run,5k taper,1316,3.91,143.0,6,false,,On Cloudeclipse Black,activities/12750775319.fit.gz,,,1316.0,1306.0,3913.7,5.1,2.997,18.0,18.0,8.0,23.0,10.0,-0.1,,,104.0,80.0,143.0,133.0,,230.0,275.0,,29.0,6.0,,,,,,,,,228.0,1317.0,0.0,,0.0,,1.0,3997.1,,,,,,,,,,,,,,,,17166280.0,,,,,,,,,,0.0,2.974,233.0,,,,3516.0,,,73.0,142.0,3.061,,,,,,,,""
11982067040,"Jul 25, 2024, 9:48:50 PM",Afternoon Run,Run,,405,1.31,161.0,6,false,,New Balance 1080 Timberwolf,activities/12774390470.fit.gz,,,405.0,363.0,1314.1,5.2,3.62,6.0,5.0,8.0,12.0,11.1,0.0,,,87.0,83.0,161.0,145.0,,269.0,87.0,,31.0,6.0,,,,,,,,,250.0,407.0,,,0.0,,1.0,1326.8,,,,,,,,,,,,,,,,17166304.0,,,,,,,,,,0.0,3.245,0.0,,,,1000.0,,,27.0,155.0,3.655,,,,,,,,""
11982072101,"Jul 26, 2024, 12:06:01 AM",Evening Run,Run,"Tracksmith 5k! 
Time was actually 17:59 promise",1080,5.18,199.0,70,false,,Nike AlphaFly 3,activities/12774395760.fit.gz,,,1080.0,1080.0,5180.5,6.6,4.797,5.0,5.0,10.0,12.0,5.9,0.0,,,96.0,86.0,199.0,185.0,,360.0,390.0,,29.0,70.0,,,,,,,,,357.0,1081.0,0.0,,0.0,,1.0,5213.7,,,,,,,,,,,,,,,,17620432.0,,,,,,,,,,0.0,4.797,0.0,,,,3106.0,,,147.0,222.0,4.827,,,,,,,,media/94C50017-FEA9-4E22-B44D-200BF615B476.jpg|media/8124196F-8C73-4045-8E5B-672A95AE5543.jpg
11984868679,"Jul 26, 2024, 10:16:36 AM",Morning Run,Run,Tracksmith morning miles,4215,10.30,161.0,68,false,,ASICS Gel-Nimbus 25 White,activities/12777320633.fit.gz,,,4215.0,3240.0,10303.5,5.0,3.18,21.0,23.0,2.0,13.0,10.5,0.0,,,83.0,81.0,161.0,148.0,,241.0,800.0,,27.0,68.0,,,,,,,,,231.0,3708.0,0.0,,0.0,,1.0,10419.8,,,,,,,,,,,,,,,,18357424.0,,,,,,,,,,0.0,2.444,0.0,,,,8742.0,,,211.0,143.0,3.216,,,,,,,,""
11994893778,"Jul 27, 2024, 12:31:02 PM",Morning Run,Run,Dumb Strava tax,10074,28.96,172.0,218,false,,New Balance 1080 Timberwolf,activities/12787766682.fit.gz,,,10074.0,9283.0,28967.0,6.2,3.12,39.0,48.0,15.0,26.0,20.0,0.0,,,86.0,80.0,172.0,150.0,,238.0,2341.0,,32.0,218.0,,,,,,,,,231.0,10076.0,0.0,,0.0,,1.0,29222.6,,,,,,,,,,,,,,,,17166304.0,,,,,,,,,,0.0,2.875,1091.0,,,,24756.0,,,574.0,143.0,3.148,,,,,,,,""
12002472527,"Jul 28, 2024, 12:33:02 PM",Morning Run,Run,"",2541,5.98,155.0,23,false,,ASICS Gel-Nimbus 25 White,activities/12795679291.fit.gz,,,2541.0,1842.0,5988.0,6.88,3.251,19.0,20.0,9.0,21.0,18.2,0.0,,,85.0,80.0,155.0,141.0,,247.0,420.0,,30.0,23.0,,,,,,,,,235.0,2119.0,0.0,,0.0,,1.0,6071.3,,,,,,,,,,,,,,,,18357424.0,,,,,,,,,,0.0,2.357,0.0,,,,4966.0,,,125.0,146.0,3.296,,,,,,,,""
12009201811,"Jul 29, 2024, 10:51:17 AM",Morning Run,Run,,1917,5.72,144.0,8,false,,New Balance 1080 Timberwolf,activities/12802710616.fit.gz,,,1917.0,1902.0,5720.3,4.4,3.008,20.0,23.0,8.0,20.0,10.0,0.0,,,86.0,80.0,144.0,131.0,,230.0,389.0,,28.0,8.0,,,,,,,,,228.0,1918.0,,,0.0,,1.0,5803.7,,,,,,,,,,,,,,,,17166304.0,,,,,,,,,,0.0,2.984,236.5,,,,5108.0,,,107.0,142.0,3.051,,,,,,,,""
12017759241,"Jul 30, 2024, 10:39:19 AM",Morning Run,Run,3 x 8 min @ threshold,3154,11.15,188.0,123,false,,On Cloudmonster White (blisters),activities/12811577330.fit.gz,,,3154.0,3092.0,11155.4,5.3,3.608,48.0,54.0,7.0,19.0,10.0,0.0,,,88.0,82.0,188.0,164.0,,277.0,896.0,,30.0,123.0,,,,,,,,,281.0,3156.0,0.0,,0.0,,1.0,11290.0,,,,,,,,,,,,,,,,17166304.0,,,,,,,,,,0.0,3.537,549.5,,,,8504.0,,,267.0,175.0,3.651,,,,,,,,""
12026529243,"Jul 31, 2024, 10:55:19 AM",Morning Run,Run,,2656,7.99,166.0,55,false,,New Balance 1080 Timberwolf,activities/12820674133.fit.gz,,,2656.0,2548.0,7990.4,4.5,3.136,24.0,28.0,7.0,20.0,30.0,0.0,,,101.0,80.0,166.0,149.0,,240.0,631.0,,30.0,55.0,,,,,,,,,235.0,2658.0,,,0.0,,1.0,8115.2,,,,,,,,,,,,,,,,17166304.0,,,,,,,,,,0.0,3.008,195.0,,,,6834.0,,,157.0,146.0,3.185,,,,,,,,""
12034870197,"Aug 1, 2024, 10:28:28 AM",Morning Run,Run,Meant to do 8 @ mp but hr was too high… did 6,3766,12.40,193.0,179,false,,HOKA Mach 6 Pink twilight,activities/12829358126.fit.gz,,,3766.0,3251.0,12402.0,6.0,3.815,21.0,31.0,5.0,14.0,17.4,0.0,,,99.0,84.0,193.0,175.0,,289.0,1034.0,,30.0,179.0,,,,,,,,,280.0,3655.0,0.0,,0.0,,1.0,12527.0,,,,,,,,,,,,,,,,18438024.0,,,,,,,,,,0.0,3.293,526.0,,,,9142.0,,,307.0,174.0,3.853,,,,,,,,""
12042922058,"Aug 2, 2024, 10:31:01 AM",Morning Run,Run,,3986,7.63,163.0,31,false,,New Balance 1080 Timberwolf,activities/12837733915.fit.gz,,,3986.0,2412.0,7634.0,4.9,3.165,25.0,25.0,2.0,24.0,15.4,-0.1,,,87.0,82.0,163.0,141.0,,237.0,547.0,,31.0,31.0,,,,,,,,,216.0,3142.0,,,0.0,,1.0,7768.8,,,,,,,,,,,,,,,,17166304.0,,,,,,,,,,0.0,1.915,0.0,,,,6614.0,,,156.0,134.0,3.221,,,,,,,,""
12052457728,"Aug 3, 2024, 11:21:16 AM",Morning Run,Run,So hot… lost ~8 lbs in sweat…,11088,29.17,177.0,197,false,,On Cloudmonster Mint,activities/12847676745.fit.gz,,,11088.0,9977.0,29177.2,4.9,2.924,61.0,66.0,7.0,20.0,21.1,0.0,,,95.0,80.0,177.0,149.0,,223.0,2366.0,,34.0,197.0,,,,,,,,,219.0,11081.0,0.0,,0.0,,1.0,29535.4,,,,,,,,,,,,,,,,17166300.0,,,,,,,,,,0.0,2.631,2972.0,,,,26738.0,,,569.0,136.0,2.96,,,,,,,,""
12067509362,"Aug 5, 2024, 10:37:38 AM",Morning Run,Run,,3149,9.42,147.0,29,false,,New Balance 1080 Timberwolf,activities/12863444353.fit.gz,,,3149.0,3110.0,9428.0,4.5,3.032,15.0,22.0,1.0,17.0,21.1,0.0,,,85.0,80.0,147.0,139.0,,231.0,664.0,,30.0,29.0,,,,,,,,,229.0,3151.0,,,0.0,,1.0,9545.5,,,,,,,,,,,,,,,,17166304.0,,,,,,,,,,0.0,2.994,227.0,,,,8296.0,,,176.0,142.0,3.069,,,,,,,,""
12076261883,"Aug 6, 2024, 10:47:54 AM",Morning Run,Run,Rain rain,2439,7.10,151.0,20,false,,On Cloudeclipse Black,activities/12872619772.fit.gz,,,2439.0,2280.0,7099.0,4.9,3.114,12.0,13.0,7.0,15.0,10.0,0.0,,,85.0,80.0,151.0,138.0,,238.0,484.0,,27.0,20.0,,,,,,,,,234.0,2441.0,0.0,,0.0,,1.0,7156.2,,,,,,,,,,,,,,,,17166280.0,,,,,,,,,,0.0,2.911,459.0,,,,6146.0,,,142.0,145.0,3.139,,,,,,,,""
12085537276,"Aug 7, 2024, 10:27:43 AM",Morning Run,Run,"20-16-12 min @ MP w/ 3’ jog
8-4 min @ threshold+ w/ 2’ jog
Rain rain rain",4722,18.09,179.0,173,false,,On Cloudmonster Mint,activities/12882303218.fit.gz,,,4722.0,4710.0,18092.0,5.4,3.841,44.0,45.0,8.0,23.0,12.5,0.0,,,89.0,84.0,179.0,162.0,,293.0,1307.0,,24.0,173.0,,,,,,,,,296.0,4724.0,0.0,,0.0,,1.0,18245.4,,,,,,,,,,,,,,,,17166300.0,,,,,,,,,,0.0,3.831,526.0,,,,13346.0,,,443.0,184.0,3.874,,,,,,,,""
12094123795,"Aug 8, 2024, 10:48:57 AM",Morning Run,Run,"",2173,6.97,151.0,24,false,"",ASICS Gel-Nimbus 25 White,activities/12891277289.fit.gz,,,2173.0,2166.0,6970.6,4.1,3.218,14.0,17.0,12.0,18.0,10.0,0.0,,,84.0,80.0,151.0,140.0,,246.0,477.0,,27.0,24.0,,,,,,,,,245.0,2174.0,,,0.0,,1.0,7031.5,,,,,,,,,,,,,,,,18357424.0,,,,,,,,,,0.0,3.208,547.0,,,,5860.0,,,139.0,152.0,3.246,,,,,,,,""
12102306588,"Aug 9, 2024, 10:29:51 AM",Morning Run,Run,"",3603,8.40,161.0,35,false,,On Cloudeclipse Black,activities/12899850832.fit.gz,,,3603.0,2623.0,8408.4,4.9,3.206,20.0,19.0,9.0,15.0,10.5,0.0,,,90.0,81.0,161.0,142.0,,244.0,594.0,,26.0,35.0,,,,,,,,,229.0,3162.0,0.0,,0.0,,1.0,8524.1,,,,,,,,,,,,,,,,17166280.0,,,,,,,,,,0.0,2.334,1269.0,,,,7104.0,,,177.0,142.0,3.25,,,,,,,,""
12112889574,"Aug 10, 2024, 12:11:56 PM",Morning Run,Run,"Ouch
4 x 20 min @ MP + humidity + fatigue",11146,33.40,178.0,360,false,,On Cloudmonster Mint,activities/12910953654.fit.gz,,,11146.0,9648.0,33406.6,5.6,3.463,69.0,90.0,8.0,19.0,34.8,0.0,,,89.0,81.0,178.0,162.0,,261.0,2681.0,,33.0,360.0,,,,,,,,,252.0,11091.0,0.0,,0.0,,1.0,33833.7,,,,,,,,,,,,,,,,17166300.0,,,,,,,,,,0.0,2.997,165.0,,,,26342.0,,,757.0,157.0,3.507,,,,,,,,""
12127202313,"Aug 12, 2024, 10:47:07 AM",Morning Run,Run,"",3277,10.06,152.0,32,false,,ASICS Gel-Nimbus 25 White,activities/12926043097.fit.gz,,,3277.0,3211.0,10068.2,4.8,3.136,21.0,28.0,1.0,16.0,20.0,0.0,,,84.0,80.0,152.0,139.0,,239.0,711.0,,26.0,32.0,,,,,,,,,237.0,3278.0,0.0,,0.0,,1.0,10178.8,,,,,,,,,,,,,,,,18357424.0,,,,,,,,,,0.0,3.072,469.0,,,,8648.0,,,197.0,147.0,3.17,,,,,,,,""
12135764968,"Aug 13, 2024, 10:52:22 AM",Morning Run,Run,"",2275,7.03,149.0,27,false,,ASICS Gel-Nimbus 25 White,activities/12935013795.fit.gz,,,2275.0,2200.0,7034.0,6.1,3.197,13.0,17.0,7.0,15.0,10.5,0.0,,,84.0,80.0,149.0,141.0,,243.0,498.0,,28.0,27.0,,,,,,,,,238.0,2277.0,0.0,,0.0,,1.0,7103.5,,,,,,,,,,,,,,,,18357424.0,,,,,,,,,,0.0,3.092,462.0,,,,5926.0,,,138.0,148.0,3.229,,,,,,,,""
12144810130,"Aug 14, 2024, 10:37:11 AM",Morning Run,Run,"-20’ MP
-15’ HMP
-10’ threshold
-5’ fast
-3’ jog in between",4181,15.80,181.0,167,false,,HOKA Mach 6 Pink twilight,activities/12944470855.fit.gz,,,4181.0,4024.0,15799.4,8.7,3.926,28.0,39.0,2.0,10.0,9.5,0.0,,,89.0,84.0,181.0,165.0,,298.0,1177.0,,28.0,167.0,,,,,,,,,297.0,4182.0,0.0,,0.0,,1.0,15927.0,,,,,,,,,,,,,,,,18438024.0,,,,,,,,,,0.0,3.779,530.5,,,,11408.0,,,394.0,184.0,3.958,,,,,,,,""
12153220402,"Aug 15, 2024, 10:45:20 AM",Morning Run,Run,Progression run,3586,11.87,164.0,59,false,,On Cloudeclipse Black,activities/12953310959.fit.gz,,,3586.0,3582.0,11878.5,5.1,3.316,14.0,18.0,10.0,16.0,10.0,0.0,,,84.0,81.0,164.0,146.0,,253.0,858.0,,28.0,59.0,,,,,,,,,254.0,3587.0,0.0,,0.0,,1.0,11959.7,,,,,,,,,,,,,,,,17166280.0,,,,,,,,,,0.0,3.312,472.0,,,,9744.0,,,248.0,158.0,3.339,,,,,,,,""
12161595241,"Aug 16, 2024, 10:16:59 AM",Tracksmith morning miles,Run,"",4610,10.93,160.0,27,false,,ASICS Gel-Nimbus 25 White,activities/12963971112.fit.gz,,,4610.0,3497.0,10937.5,5.1,3.128,37.0,38.0,8.0,20.0,14.3,-0.1,,,87.0,81.0,160.0,136.0,,238.0,748.0,,27.0,27.0,,,,,,,,,227.0,4058.0,0.0,,0.0,,1.0,11088.3,,,,,,,,,,,,,,,,18357424.0,,,,,,,,,,0.0,2.373,112.0,,,,9440.0,,,224.0,141.0,3.171,,,,,,,,""
12170942293,"Aug 17, 2024, 11:46:39 AM",Loopdeloop,Run,"- 13 miles @~6:45
- WU + CD",7282,26.71,176.0,286,false,,HOKA Mach 6 Pink twilight,activities/12974499151.fit.gz,,,7282.0,6985.0,26712.5,6.1,3.824,46.0,57.0,9.0,23.0,17.4,0.0,,,92.0,84.0,176.0,165.0,,291.0,2017.0,,27.0,286.0,,,,,,,,,288.0,7284.0,0.0,,0.0,,1.0,26923.6,,,,,,,,,,,,,,,,18438024.0,,,,,,,,,,0.0,3.668,365.5,,,,19680.0,,,647.0,179.0,3.854,,,,,,,,""
12186304134,"Aug 19, 2024, 10:38:57 AM",Felt dead,Run,"Running form probably looked so strange, body was not feeling it today",3438,9.88,160.0,45,false,,On Cloudeclipse Black,activities/12991686960.fit.gz,,,3438.0,3157.0,9886.8,7.1,3.132,15.0,18.0,6.0,19.0,11.1,-0.1,,,92.0,80.0,160.0,142.0,,237.0,729.0,,27.0,45.0,,,,,,,,,228.0,3439.0,0.0,,0.0,,1.0,9984.9,,,,,,,,,,,,,,,,17166280.0,,,,,,,,,,0.0,2.876,471.0,,,,8446.0,,,192.0,142.0,3.163,,,,,,,,""
12194864779,"Aug 20, 2024, 10:56:56 AM",Late,Run,Woke up late had to run shorter than usual,1794,5.68,155.0,17,false,,ASICS Gel-Nimbus 25 White,activities/13001131309.fit.gz,,,1794.0,1794.0,5688.5,5.6,3.171,28.0,31.0,2.0,16.0,16.7,-0.1,,,85.0,80.0,155.0,139.0,,244.0,405.0,,24.0,17.0,,,,,,,,,244.0,1795.0,0.0,,0.0,,1.0,5769.7,,,,,,,,,,,,,,,,18357424.0,,,,,,,,,,0.0,3.171,428.0,,,,4810.0,,,114.0,152.0,3.216,,,,,,,,""
12204175215,"Aug 21, 2024, 10:29:52 AM",New shoes who dis,Run,"80’
Last 60 @ 6:40/7:05 every 3 minutes

Also peep all new gear thanks tracksmith",4981,18.33,175.0,135,false,,PUMA Deviate Nitro 3 Sunset,activities/13011165531.fit.gz,,,4981.0,4884.0,18335.3,6.0,3.754,37.0,41.0,6.0,15.0,18.5,0.0,,,88.0,83.0,175.0,156.0,,287.0,1360.0,,26.0,135.0,,,,,,,,,286.0,4983.0,0.0,,0.0,,1.0,18531.0,,,,,,,,,,,,,,,,19153764.0,,,,,,,,,,0.0,3.681,531.5,,,,13570.0,,,437.0,178.0,3.794,,,,,,,,media/471A1A77-BCF2-47C1-ACE6-6C68D3CC6F8F.jpg
12212698489,"Aug 22, 2024, 10:49:17 AM",Loving this cool weather,Run,"",2539,8.12,151.0,25,false,,ASICS Gel-Nimbus 25 White,activities/13019999068.fit.gz,,,2539.0,2524.0,8123.7,4.7,3.219,32.0,32.0,9.0,23.0,9.1,0.0,,,86.0,80.0,151.0,139.0,,246.0,558.0,,24.0,25.0,,,,,,,,,245.0,2540.0,0.0,,0.0,,1.0,8246.4,,,,,,,,,,,,,,,,18357424.0,,,,,,,,,,0.0,3.2,0.0,,,,6794.0,,,163.0,152.0,3.267,,,,,,,,""
12221049696,"Aug 23, 2024, 10:16:19 AM",Morning miles,Run,Only 2 people fell today and neither were me or [strava://athletes/83439714/6]J Patt,5182,10.82,154.0,37,false,,ASICS Gel-Nimbus 25 White,activities/13028675301.fit.gz,,,5182.0,3374.0,10819.5,5.0,3.207,19.0,35.0,-3.0,9.0,18.2,-0.1,,,87.0,81.0,154.0,138.0,,242.0,749.0,,25.0,37.0,,,,,,,,,223.0,4288.0,0.0,,0.0,,1.0,10937.7,,,,,,,,,,,,,,,,18357424.0,,,,,,,,,,0.0,2.088,0.0,,,,9188.0,,,229.0,139.0,3.242,,,,,,,,""
12230684820,"Aug 24, 2024, 12:57:18 PM",Hotter than expected,Run,"Last 35 minutes at MP
Feeling good 2 weeks out",5828,19.91,184.0,206,false,,HOKA Mach 6 Pink twilight,activities/13038705725.fit.gz,,,5828.0,5519.0,19918.2,6.1,3.609,65.0,64.0,6.0,21.0,22.2,0.0,,,90.0,83.0,184.0,162.0,,276.0,1537.0,,31.0,206.0,,,,,,,,,270.0,5830.0,0.0,,0.0,,1.0,20169.4,,,,,,,,,,,,,,,,18438024.0,,,,,,,,,,0.0,3.418,302.5,,,,15270.0,,,456.0,168.0,3.655,,,,,,,,""
12245716106,"Aug 26, 2024, 10:48:59 AM",Nice and easy,Run,"",2877,8.05,149.0,17,false,,ASICS Gel-Nimbus 25 White,activities/13054408780.fit.gz,,,2877.0,2561.0,8051.4,5.8,3.144,8.0,11.0,7.0,13.0,9.1,0.0,,,85.0,80.0,149.0,135.0,,240.0,550.0,,27.0,17.0,,,,,,,,,233.0,2767.0,0.0,,0.0,,1.0,8118.7,,,,,,,,,,,,,,,,18357424.0,,,,,,,,,,0.0,2.799,467.0,,,,6838.0,,,161.0,145.0,3.17,,,,,,,,""
12254226057,"Aug 27, 2024, 10:57:06 AM",Bad timing,Run,"",1774,5.69,151.0,18,false,,New Balance 1080 Timberwolf,activities/13063257430.fit.gz,,,1774.0,1767.0,5694.0,4.6,3.222,28.0,26.0,7.0,19.0,9.1,0.0,,,86.0,81.0,151.0,140.0,,246.0,393.0,,27.0,18.0,,,,,,,,,244.0,1776.0,0.0,,0.0,,1.0,5779.0,,,,,,,,,,,,,,,,17166304.0,,,,,,,,,,0.0,3.21,422.0,,,,4784.0,,,113.0,152.0,3.271,,,,,,,,""
12263482386,"Aug 28, 2024, 10:37:27 AM",What have I been eating,Run,8 miles at 6:45,4174,15.75,181.0,181,false,,PUMA Deviate Nitro 3 Sunset,activities/13072850290.fit.gz,,,4174.0,4035.0,15753.9,5.6,3.904,72.0,78.0,5.0,19.0,17.6,0.0,,,94.0,84.0,181.0,167.0,,294.0,1167.0,,30.0,181.0,,,,,,,,,290.0,4176.0,0.0,,0.0,,1.0,15973.3,,,,,,,,,,,,,,,,19153764.0,,,,,,,,,,0.0,3.774,492.5,,,,11306.0,,,376.0,180.0,3.959,,,,,,,,""
12272008945,"Aug 29, 2024, 10:48:40 AM",Go Duke,Run,"",2561,8.08,152.0,24,false,,ASICS Gel-Nimbus 25 White,activities/13082418167.fit.gz,,,2561.0,2548.0,8079.5,4.8,3.171,28.0,29.0,7.0,20.0,9.1,0.0,,,85.0,80.0,152.0,139.0,,239.0,553.0,,26.0,24.0,,,,,,,,,238.0,2562.0,0.0,,0.0,,1.0,8185.3,,,,,,,,,,,,,,,,18357424.0,,,,,,,,,,0.0,3.155,203.0,,,,6854.0,,,155.0,148.0,3.212,,,,,,,,""
12289694569,"Aug 31, 2024, 11:21:51 AM",Bagels,Run,Hour break for bagels with sahar,9320,14.74,172.0,101,false,,ASICS Gel-Nimbus 25 White,activities/13100898094.fit.gz,,,9320.0,4631.0,14745.0,5.2,3.184,30.0,33.0,2.0,14.0,17.4,0.0,,,88.0,80.0,172.0,149.0,,239.0,1121.0,,27.0,101.0,,,,,,,,,226.0,5390.0,0.0,,0.0,,1.0,14934.8,,,,,,,,,,,,,,,,18357424.0,,,,,,,,,,0.0,1.582,831.5,,,,12376.0,,,294.0,140.0,3.225,,,,,,,,""
12305431152,"Sep 2, 2024, 11:40:55 AM",Easy 30,Run,"",1847,5.65,155.0,22,false,,ASICS Gel-Nimbus 25 White,activities/13117891052.fit.gz,,,1847.0,1799.0,5653.0,4.4,3.142,20.0,24.0,2.0,13.0,16.7,-0.1,,,83.0,79.0,155.0,141.0,,237.0,402.0,,27.0,22.0,,,,,,,,,233.0,1849.0,0.0,,0.0,,1.0,5738.4,,,,,,,,,,,,,,,,18357424.0,,,,,,,,,,0.0,3.061,421.0,,,,4790.0,,,107.0,145.0,3.19,,,,,,,,""
12314098029,"Sep 3, 2024, 10:46:58 AM",Last speed,Run,"5x3’ @ threshold
Strides",2338,8.09,183.0,82,false,,PUMA Deviate Nitro 3 Sunset,activities/13127474959.fit.gz,,,2338.0,2056.0,8090.5,7.4,3.935,13.0,19.0,-3.0,6.0,13.6,0.0,,,93.0,83.0,183.0,163.0,,295.0,580.0,,23.0,82.0,,,,,,,,,286.0,2339.0,0.0,,0.0,,1.0,8168.6,,,,,,,,,,,,,,,,19153764.0,,,,,,,,,,0.0,3.46,460.5,,,,5782.0,,,205.0,178.0,3.973,,,,,,,,""
12323371972,"Sep 4, 2024, 11:12:18 AM",Easy 30,Run,Hoping this hamstring stiffness goes away soon,1809,5.77,153.0,24,false,,ASICS Gel-Nimbus 25 White,activities/13138227351.fit.gz,,,1809.0,1791.0,5770.0,4.2,3.222,7.0,12.0,2.0,9.0,9.1,-0.1,,,84.0,80.0,153.0,142.0,,241.0,405.0,,24.0,24.0,,,,,,,,,239.0,1811.0,0.0,,0.0,,1.0,5801.1,,,,,,,,,,,,,,,,18357424.0,,,,,,,,,,0.0,3.19,456.5,,,,4776.0,,,110.0,148.0,3.239,,,,,,,,""
12331849318,"Sep 5, 2024, 11:01:52 AM",Easy 30 again,Run,+ 2x3’ @ MP,1734,5.68,170.0,39,false,,HOKA Mach 6 Pink twilight,activities/13147323824.fit.gz,,,1734.0,1679.0,5682.5,4.7,3.384,25.0,27.0,8.0,21.0,8.7,0.0,,,88.0,81.0,170.0,151.0,,254.0,416.0,,26.0,39.0,,,,,,,,,252.0,1736.0,0.0,,0.0,,1.0,5762.6,,,,,,,,,,,,,,,,18438024.0,,,,,,,,,,0.0,3.277,232.5,,,,4566.0,,,118.0,157.0,3.432,,,,,,,,""
12349453477,"Sep 7, 2024, 1:21:24 PM",CRM shakeout,Run,"+ strides & bagels
Mamalehs > brick street sorry",1219,2.83,152.0,11,false,,ASICS Gel-Nimbus 25 White,activities/13166355034.fit.gz,,,1219.0,901.0,2830.5,4.6,3.142,6.0,10.0,9.0,14.0,42.9,0.0,,,85.0,80.0,152.0,141.0,,233.0,201.0,,26.0,11.0,,,,,,,,,214.0,1120.0,0.0,,0.0,,1.0,2863.7,,,,,,,,,,,,,,,,18357424.0,,,,,,,,,,0.0,2.322,471.5,,,,2406.0,,,54.0,133.0,3.178,,,,,,,,""
12359308037,"Sep 8, 2024, 11:00:05 AM",Charles River Marathon,Run,"Not quite my goal but still a great race! Absolutely incredible pacing by [strava://athletes/121950051/8]Peter Li for the first 7/10 laps, couldn’t quite hold it last 5 miles but a huge PR and only lost one toenail :) also couldn't have done it without [strava://athletes/133511556/11]Libby Evans refilling my water bottle :)",11215,42.44,185.0,594,false,,Nike AlphaFly 3,activities/13176936233.fit.gz,,,11215.0,11201.0,42442.7,5.0,3.789,147.0,159.0,5.0,22.0,13.3,0.0,,,88.0,83.0,185.0,172.0,,286.0,3391.0,,27.0,594.0,,,,,,,,,287.0,11216.0,0.0,,0.0,,1.0,42903.0,,,,,,,,,,,,,,,,17620432.0,,,,,,,,,,0.0,3.784,317.0,,,,31268.0,,,988.0,178.0,3.83,,,,,,,,media/816EFF74-18D3-4310-8B2C-997C459AD3EE.jpg|media/A4978A50-B69C-4242-9A42-69751B91ADB0.jpg|media/CC2D7EE1-6303-400B-9EFA-245EE495C3E7.jpg|media/AB767DC1-8922-4AED-B01D-0751560280B7.jpg
12398956170,"Sep 13, 2024, 10:21:23 AM",Back at it,Run,Tracksmith now serves bagels which is amazing and good to be back running despite a bit of stiffness. W/ [strava://athletes/83439714/6]J Patt,4891,8.82,162.0,40,false,,ASICS Gel-Nimbus 25 White,activities/13219290962.fit.gz,,,4891.0,2868.0,8825.8,5.9,3.077,35.0,43.0,21.0,39.0,27.3,0.0,,,86.0,81.0,162.0,141.0,,228.0,649.0,,25.0,40.0,,,,,,,,,208.0,3789.0,0.0,,0.0,,1.0,9007.4,,,,,,,,,,,,,,,,18357424.0,,,,,,,,,,0.0,1.805,844.0,,,,7794.0,,,175.0,129.0,3.141,,,,,,,,""
12409090630,"Sep 14, 2024, 2:07:03 PM",LR with Libby,Run,"Hotter than I thought it’d be, fun being water support for [strava://athletes/133511556/11]Libby Evans",6081,15.33,173.0,78,false,,ASICS Gel-Nimbus 25 White,activities/13230189583.fit.gz,,,6081.0,5536.0,15333.5,5.1,2.77,15.0,29.0,5.0,13.0,20.0,0.0,,,98.0,80.0,173.0,142.0,,210.0,1243.0,,32.0,78.0,,,,,,,,,203.0,6083.0,0.0,,0.0,,1.0,15530.5,,,,,,,,,,,,,,,,18357424.0,,,,,,,,,,0.0,2.522,389.5,,,,14710.0,,,268.0,126.0,2.805,,,,,,,,""
12423431453,"Sep 16, 2024, 10:58:07 AM",Easing back,Run,Knee was acting sorta weird so just taking it easy for a few more days,1857,5.72,155.0,18,false,,ASICS Gel-Nimbus 25 White,activities/13245582061.fit.gz,,,1857.0,1857.0,5724.0,5.5,3.082,27.0,27.0,7.0,20.0,10.0,0.0,,,86.0,81.0,155.0,138.0,,234.0,406.0,,26.0,18.0,,,,,,,,,234.0,1858.0,0.0,,0.0,,1.0,5802.1,,,,,,,,,,,,,,,,18357424.0,,,,,,,,,,0.0,3.082,422.5,,,,5018.0,,,108.0,145.0,3.124,,,,,,,,""
12440749006,"Sep 18, 2024, 10:55:27 AM",Still no,Run,At least the weather has been amazing recently,1941,6.31,168.0,51,false,,ASICS Gel-Nimbus 25 White,activities/13264046433.fit.gz,,,1941.0,1900.0,6315.5,5.5,3.324,13.0,15.0,7.0,14.0,11.1,0.0,,,85.0,82.0,168.0,154.0,,249.0,488.0,,26.0,51.0,,,,,,,,,245.0,1943.0,0.0,,0.0,,1.0,6360.1,,,,,,,,,,,,,,,,18357424.0,,,,,,,,,,0.0,3.254,237.5,,,,5196.0,,,124.0,152.0,3.347,,,,,,,,""
12466252981,"Sep 21, 2024, 11:30:53 AM",Old town Alexandria,Run,I’m a sucker for a nice running path along a river,2802,8.51,183.0,99,false,,New Balance 1080 Timberwolf,activities/13291284837.fit.gz,,,2802.0,2533.0,8514.5,5.0,3.361,18.0,18.0,2.0,18.0,22.7,0.0,,,86.0,82.0,183.0,164.0,,254.0,706.0,,28.0,99.0,,,,,,,,,243.0,2804.0,0.0,,0.0,,1.0,8630.3,,,,,,,,,,,,,,,,17166304.0,,,,,,,,,,0.0,3.039,2486.5,,,,6912.0,,,177.0,151.0,3.407,,,,,,,,""
12479240125,"Sep 22, 2024, 7:58:29 PM",Afternoon Run,Run,,528,1.58,170.0,7,false,,New Balance 1080 Timberwolf,activities/13305179822.fit.gz,,,528.0,524.0,1584.5,4.6,3.024,13.0,14.0,9.0,21.0,9.5,0.0,,,87.0,82.0,170.0,143.0,,238.0,119.0,,27.0,7.0,,,,,,,,,250.0,529.0,,,0.0,,1.0,1618.7,,,,,,,,,,,,,,,,17166304.0,,,,,,,,,,0.0,3.001,157.0,,,,1450.0,,,35.0,155.0,3.089,,,,,,,,""
12482879962,"Sep 23, 2024, 10:54:50 AM",Clockwise,Run,Went opposite direction of what I usually do,2729,8.79,164.0,65,false,,ASICS Gel-Nimbus 25 White,activities/13309110195.fit.gz,,,2729.0,2660.0,8791.5,5.7,3.305,27.0,33.0,8.0,22.0,18.2,0.0,,,86.0,81.0,164.0,150.0,,251.0,660.0,,24.0,65.0,,,,,,,,,246.0,2731.0,0.0,,0.0,,1.0,8917.2,,,,,,,,,,,,,,,,18357424.0,,,,,,,,,,0.0,3.222,235.0,,,,7246.0,,,177.0,153.0,3.352,,,,,,,,""
12491171676,"Sep 24, 2024, 11:01:50 AM",Easy,Run,Ran into [strava://athletes/112369544/14]Brandon Sucher what are the odds and we wore the same shirt,2217,7.02,158.0,53,false,,ASICS Gel-Nimbus 25 White,activities/13317936819.fit.gz,,,2217.0,2217.0,7026.9,4.4,3.17,13.0,20.0,9.0,18.0,14.3,-0.1,,,87.0,81.0,158.0,150.0,,238.0,544.0,,24.0,53.0,,,,,,,,,238.0,2218.0,0.0,,0.0,,1.0,7095.8,,,,,,,,,,,,,,,,18357424.0,,,,,,,,,,0.0,3.17,465.0,,,,6008.0,,,134.0,148.0,3.201,,,,,,,,""
12499662936,"Sep 25, 2024, 10:38:20 AM",Testing some tempo,Run,2 x 2 mile @ 6:20 (HMP?),2506,9.56,191.0,131,false,,PUMA Deviate Nitro 3 Sunset,activities/13326969125.fit.gz,,,2506.0,2432.0,9568.4,5.3,3.934,19.0,22.0,3.0,13.0,10.5,-0.1,,,89.0,84.0,191.0,174.0,,294.0,746.0,,25.0,131.0,,,,,,,,,295.0,2508.0,0.0,,0.0,,1.0,9651.2,,,,,,,,,,,,,,,,19153764.0,,,,,,,,,,0.0,3.818,471.0,,,,6890.0,,,233.0,183.0,3.968,,,,,,,,""
12507740944,"Sep 26, 2024, 10:59:02 AM",Just easy,Run,"If rats run this city, then geese definitely run the river",2112,6.34,155.0,36,false,,ASICS Gel-Nimbus 25 White,activities/13335562777.fit.gz,,,2112.0,2049.0,6340.9,5.0,3.095,13.0,16.0,8.0,14.0,10.0,0.0,,,85.0,81.0,155.0,145.0,,232.0,478.0,,25.0,36.0,,,,,,,,,228.0,2114.0,0.0,,0.0,,1.0,6404.9,,,,,,,,,,,,,,,,18357424.0,,,,,,,,,,0.0,3.002,240.0,,,,5540.0,,,118.0,142.0,3.126,,,,,,,,""
12523989337,"Sep 28, 2024, 12:21:23 PM",Sponsored by big pharma,Run,Couldn’t keep my HR down because of my shots,5668,17.15,163.0,148,false,,ASICS Gel-Nimbus 25 White,activities/13352904212.fit.gz,,,5668.0,5471.0,17158.7,4.5,3.136,27.0,40.0,9.0,23.0,20.0,0.0,,,85.0,80.0,163.0,153.0,,236.0,1377.0,,26.0,148.0,,,,,,,,,231.0,5670.0,0.0,,0.0,,1.0,17316.8,,,,,,,,,,,,,,,,18357424.0,,,,,,,,,,0.0,3.027,525.0,,,,14612.0,,,323.0,143.0,3.165,,,,,,,,""
12532596706,"Sep 29, 2024, 12:57:59 PM",Morning Ride,Ride,Nice morning for a ride + read,2098,0,151.0,8,false,,,activities/13362092124.fit.gz,,,2098.0,2098.0,0.0,0.0,0.0,0.0,0.0,0.0,0.0,0.0,0.0,,,,0.0,151.0,116.0,,,251.0,,30.0,8.0,0.0,,,,,,,,,,0.0,,0.0,,1.0,,,,,,,,,,,,,,,,,,,,,,,,,,,0.0,0.0,0.0,,,,,,,,,,,,,,,,,""
12547300936,"Oct 1, 2024, 11:06:38 AM",No hat or sunglasses weather,Run,Ran into [strava://athletes/83439714/6]J Patt on Harvard bridge,2265,7.02,157.0,42,false,,ASICS Gel-Nimbus 25 White,activities/13377860151.fit.gz,,,2265.0,2228.0,7022.7,5.0,3.152,12.0,12.0,10.0,18.0,10.0,0.0,,,83.0,80.0,157.0,145.0,,237.0,522.0,,25.0,42.0,,,,,,,,,235.0,2267.0,0.0,,0.0,,1.0,7082.5,,,,,,,,,,,,,,,,18357424.0,,,,,,,,,,0.0,3.101,466.5,,,,5954.0,,,134.0,146.0,3.179,,,,,,,,""
12555582219,"Oct 2, 2024, 10:28:03 AM",Back on the track,Run,6 x 1k @5:30,3259,9.02,185.0,51,false,,PUMA Deviate Nitro 3 Sunset,activities/13386680853.fit.gz,,,3259.0,2107.0,9025.5,6.8,4.284,16.0,14.0,32.0,38.0,21.1,0.0,,,92.0,86.0,185.0,152.0,,321.0,640.0,,21.0,51.0,,,,,,,,,285.0,3238.0,0.0,,0.0,,1.0,9113.7,,,,,,,,,,,,,,,,19153764.0,,,,,,,,,,0.0,2.769,0.0,,,,6084.0,,,281.0,177.0,4.325,,,,,,,,""
12563757624,"Oct 3, 2024, 10:56:40 AM",This loop again,Run,This is starting to be my go-to route,2241,7.04,159.0,47,false,,ASICS Gel-Nimbus 25 White,activities/13395418584.fit.gz,,,2241.0,2229.0,7043.1,4.5,3.16,7.0,13.0,11.0,17.0,11.1,0.0,,,85.0,80.0,159.0,148.0,,238.0,539.0,,25.0,47.0,,,,,,,,,236.0,2242.0,0.0,,0.0,,1.0,7095.2,,,,,,,,,,,,,,,,18357424.0,,,,,,,,,,0.0,3.143,469.0,,,,5966.0,,,134.0,147.0,3.183,,,,,,,,""
12571654972,"Oct 4, 2024, 10:16:39 AM",TS morning miles,Run,With [strava://athletes/83439714/6]J Patt & [strava://athletes/140751921/14]Kayli Schwantz,5161,9.66,161.0,53,false,,ASICS Gel-Nimbus 25 White,activities/13403874666.fit.gz,,,5161.0,3043.0,9664.9,6.6,3.176,21.0,27.0,5.0,17.0,15.4,-0.1,,,85.0,80.0,161.0,145.0,,236.0,703.0,,24.0,53.0,,,,,,,,,223.0,3651.0,0.0,,0.0,,1.0,9779.8,,,,,,,,,,,,,,,,18357424.0,,,,,,,,,,0.0,1.873,1171.5,,,,8190.0,,,195.0,139.0,3.214,,,,,,,,""
12580699159,"Oct 5, 2024, 12:14:45 PM",Breast cancer awareness run I guess,Run,"5 miles @ 6:30
A good treat seeing [strava://athletes/133511556/11]Libby Evans doing her final race prep 😎
Happened to be wearing pink shoes and pink tank on the day when the path was taken over by breast cancer awareness walk. I fit right in.",5963,19.49,186.0,217,false,,HOKA Mach 6 Pink twilight,activities/13413589074.fit.gz,,,5963.0,5308.0,19493.0,6.3,3.672,51.0,56.0,9.0,23.0,27.7,0.0,,,91.0,83.0,186.0,164.0,,277.0,1498.0,,25.0,217.0,,,,,,,,,266.0,5962.0,0.0,,0.0,,1.0,19736.1,,,,,,,,,,,,,,,,18438024.0,,,,,,,,,,0.0,3.269,1023.8,,,,14746.0,,,451.0,165.0,3.718,,,,,,,,""
12596729280,"Oct 7, 2024, 11:01:17 AM",Rain shoes,Run,Though it didn’t even actually rain,2260,7.01,152.0,29,false,,On Cloudeclipse Black,activities/13429949564.fit.gz,,,2260.0,2260.0,7011.0,9.7,3.102,14.0,16.0,8.0,15.0,9.1,0.0,,,86.0,80.0,152.0,142.0,,237.0,519.0,,24.0,29.0,,,,,,,,,237.0,2261.0,0.0,,0.0,,1.0,7083.9,,,,,,,,,,,,,,,,17166280.0,,,,,,,,,,0.0,3.102,472.0,,,,6040.0,,,135.0,147.0,3.134,,,,,,,,""
12609141331,"Oct 8, 2024, 8:38:40 PM",Felt slow,Run,"Got kicked off the track midway through but ran a few intervals by the river
7 x 800 @ ~5:23",3219,8.71,186.0,72,false,,PUMA Deviate Nitro 3 Sunset,activities/13443145823.fit.gz,,,3219.0,2011.0,8712.0,6.4,4.332,13.0,10.0,1.0,6.0,14.3,0.0,,,93.0,85.0,186.0,161.0,,325.0,565.0,,26.0,72.0,,,,,,,,,281.0,3211.0,0.0,,0.0,,1.0,8798.2,,,,,,,,,,,,,,,,19153764.0,,,,,,,,,,0.0,2.706,220.0,,,,5718.0,,,272.0,175.0,4.375,,,,,,,,""
12616738960,"Oct 9, 2024, 10:57:24 AM",Felt lighter,Run,Due to having lost 2 toenails yesterday lol,2850,8.78,161.0,60,false,,ASICS Gel-Nimbus 25 White,activities/13451230886.fit.gz,,,2850.0,2784.0,8779.5,5.3,3.154,32.0,37.0,8.0,21.0,27.3,0.0,,,97.0,80.0,161.0,149.0,,238.0,677.0,,22.0,60.0,,,,,,,,,235.0,2852.0,0.0,,0.0,,1.0,8917.5,,,,,,,,,,,,,,,,18357424.0,,,,,,,,,,0.0,3.081,240.0,,,,7440.0,,,168.0,146.0,3.203,,,,,,,,""
12620763119,"Oct 10, 2024, 10:57:31 AM",Tight,Run,"Right hamstring and now shin will not stay loose…
4 miles @ 6:33",2595,9.55,187.0,124,false,,HOKA Mach 6 Pink twilight,activities/13455548246.fit.gz,,,2595.0,2440.0,9555.4,6.8,3.916,35.0,28.0,1.0,14.0,15.8,0.0,,,88.0,84.0,187.0,171.0,,296.0,710.0,,21.0,124.0,,,,,,,,,290.0,2596.0,0.0,,0.0,,1.0,9679.2,,,,,,,,,,,,,,,,18438024.0,,,,,,,,,,0.0,3.682,306.5,,,,6846.0,,,233.0,180.0,3.967,,,,,,,,""
12628287879,"Oct 11, 2024, 10:55:51 AM",Rebelle,Run,These bagels are really growing on me,2160,6.90,159.0,41,false,,ASICS Gel-Nimbus 25 White,activities/13463633232.fit.gz,,,2160.0,2120.0,6903.5,6.5,3.256,13.0,14.0,0.0,9.0,28.6,0.0,,,84.0,81.0,159.0,146.0,,247.0,502.0,,20.0,41.0,,,,,,,,,243.0,2161.0,0.0,,0.0,,1.0,6986.8,,,,,,,,,,,,,,,,18357424.0,,,,,,,,,,0.0,3.196,233.5,,,,5728.0,,,136.0,151.0,3.296,,,,,,,,media/C5BA3943-9EAB-4F82-9B7E-DE0FE8A0DA48.jpg
12637511534,"Oct 12, 2024, 12:04:29 PM",Cape cod half marathon,Run,Great race for [strava://athletes/133511556/11]Libby Evans very proud of her! Beautiful route and weather.,7310,21.21,164.0,129,false,,PUMA Deviate Nitro 3 Sunset,activities/13473586749.fit.gz,,,7310.0,7279.0,21212.5,5.1,2.914,63.0,62.0,6.0,19.0,33.3,0.0,,,90.0,80.0,164.0,146.0,,219.0,1691.0,,28.0,129.0,,,,,,,,,220.0,7311.0,0.0,,0.0,,1.0,21502.0,,,,,,,,,,,,,,,,19153764.0,,,,,,,,,,0.0,2.902,0.0,,,,19400.0,,,380.0,137.0,2.954,,,,,,,,media/63F86BB4-E89F-4232-95A3-F1FC57AC5654.jpg|media/7AFC70C2-6124-4ED1-9177-49284BDB292E.jpg
12653068109,"Oct 14, 2024, 1:06:40 PM",(Late) Morning Run,Run,"",1961,6.46,157.0,41,false,,On Cloudeclipse Black,activities/13490419475.fit.gz,,,1961.0,1961.0,6460.5,4.5,3.294,10.0,9.0,32.0,39.0,10.0,0.0,,,85.0,81.0,157.0,147.0,,250.0,473.0,,22.0,41.0,,,,,,,,,249.0,1962.0,0.0,,0.0,,1.0,6517.1,,,,,,,,,,,,,,,,17166280.0,,,,,,,,,,0.0,3.294,244.5,,,,5316.0,,,130.0,155.0,3.323,,,,,,,,""
12660162190,"Oct 15, 2024, 10:27:56 AM",Vest + cold,Run,One of those runs where you just go with it,3027,10.25,170.0,84,false,,ASICS Gel-Nimbus 25 White,activities/13498016077.fit.gz,,,3027.0,2939.0,10258.9,8.08,3.491,34.0,42.0,5.0,19.0,30.0,0.0,,,88.0,83.0,170.0,156.0,,265.0,761.0,,22.0,84.0,,,,,,,,,262.0,3028.0,0.0,,0.0,,1.0,10390.8,,,,,,,,,,,,,,,,18357424.0,,,,,,,,,,0.0,3.389,59.5,,,,8134.0,,,223.0,163.0,3.535,,,,,,,,""
12668594517,"Oct 16, 2024, 10:40:53 AM",Booo,Run,"Police yelled at me because a path was ‘blocked’ and I said 👍
Tried the photochromic lenses for dark to light but they hardly changed after 15 minutes of mostly sun",3195,9.93,163.0,66,false,,ASICS Gel-Nimbus 25 White,activities/13507016298.fit.gz,,,3195.0,3063.0,9933.5,5.2,3.243,5.0,25.0,3.0,15.0,48.8,0.0,,,100.0,81.0,163.0,148.0,,246.0,734.0,,21.0,66.0,,,,,,,,,241.0,3197.0,0.0,,0.0,,1.0,10062.7,,,,,,,,,,,,,,,,18357424.0,,,,,,,,,,0.0,3.109,475.5,,,,8352.0,,,199.0,150.0,3.285,,,,,,,,""
12676640958,"Oct 17, 2024, 10:50:46 AM",Track time,Run,"4 x 1600 @ 6:05, 5:53, 5:33, 5:30

Cold morning but legs were burning by the end",2999,9.45,190.0,69,false,,PUMA Deviate Nitro 3 Sunset,activities/13515590739.fit.gz,,,2999.0,2224.0,9451.0,5.9,4.25,9.0,8.0,14.0,18.0,8.3,0.0,,,91.0,86.0,190.0,157.0,,319.0,684.0,,16.0,69.0,,,,,,,,,297.0,2968.0,0.0,,0.0,,1.0,9501.1,,,,,,,,,,,,,,,,19153764.0,,,,,,,,,,0.0,3.151,0.0,,,,6416.0,,,279.0,184.0,4.272,,,,,,,,""
12692939595,"Oct 19, 2024, 11:58:01 AM",North end loop castle island loop,Run,Great weather for a run. Started pretty chilly but ended lovely,7108,21.33,156.0,111,false,,ASICS Gel-Nimbus 25 White,activities/13533069555.fit.gz,,,7108.0,6763.0,21331.0,5.1,3.154,42.0,45.0,14.0,23.0,15.4,0.0,,,86.0,80.0,156.0,144.0,,241.0,1563.0,,23.0,111.0,,,,,,,,,236.0,7110.0,0.0,,0.0,,1.0,21563.0,,,,,,,,,,,,,,,,18357424.0,,,,,,,,,,0.0,3.001,1008.5,,,,18072.0,,,425.0,147.0,3.188,,,,,,,,""
12713255068,"Oct 21, 2024, 2:11:29 PM",Flume gorge,Hike,GORGEous views today 😍,5720,3.43,144.0,7,false,,,activities/13554955676.fit.gz,,,5720.0,3315.0,3432.0,2.2,1.035,176.0,174.0,385.0,489.0,49.7,0.1,,,,33.0,144.0,95.0,,,476.0,,28.0,7.0,,,,,,,,,,,0.0,,0.0,,1.0,,,,,,,,,,,,,,,,,,,,,,,,,,,0.0,0.6,3250.5,,,,,,,,,,,,,,,,,media/35DF56F9-82F3-41E6-B366-5EEA89DB154E.jpg|media/1349F34F-8EF2-44FF-87DF-5B7332684E1E.jpg|media/8C225DBB-EA5D-4350-ACE9-C6C49C7AB4D8.jpg
12716722440,"Oct 22, 2024, 12:26:16 PM",Loon resort,Run,Looped through a private neighborhood with very nice houses,2198,7.10,175.0,54,false,,New Balance 1080 Timberwolf,activities/13558693380.fit.gz,,,2198.0,2144.0,7101.5,6.0,3.312,81.0,90.0,253.0,311.0,40.0,0.0,,,94.0,82.0,175.0,153.0,,256.0,529.0,,20.0,54.0,,,,,,,,,255.0,2199.0,0.0,,0.0,,1.0,7372.5,,,,,,,,,,,,,,,,17166304.0,,,,,,,,,,0.0,3.231,0.0,,,,5880.0,,,152.0,158.0,3.439,,,,,,,,""
12724578247,"Oct 23, 2024, 10:32:04 AM",Still a bit off,Run,"2x 2 miles @ 6:32
800 @ 6:20
Light jog in between",3055,11.05,187.0,126,false,,PUMA Deviate Nitro 3 Sunset,activities/13567067176.fit.gz,,,3055.0,2948.0,11058.4,5.5,3.751,25.0,25.0,11.0,17.0,10.1,0.0,,,88.0,83.0,187.0,165.0,,286.0,862.0,,23.0,126.0,,,,,,,,,287.0,3057.0,0.0,,0.0,,1.0,11164.3,,,,,,,,,,,,,,,,19153764.0,,,,,,,,,,0.0,3.62,464.2,,,,8174.0,,,269.0,178.0,3.787,,,,,,,,""
12732833055,"Oct 24, 2024, 10:53:51 AM",Still so warm,Run,I am somewhat liking this 77 degree weather but I also want to wear my cool/cold weather running gear sooooo,2672,8.07,165.0,49,false,,ASICS Gel-Nimbus 25 White,activities/13575909243.fit.gz,,,2672.0,2559.0,8071.0,4.4,3.154,21.0,30.0,11.0,24.0,38.1,0.0,,,85.0,81.0,165.0,148.0,,241.0,611.0,,25.0,49.0,,,,,,,,,237.0,2673.0,0.0,,0.0,,1.0,8184.2,,,,,,,,,,,,,,,,18357424.0,,,,,,,,,,0.0,3.021,0.0,,,,6898.0,,,160.0,147.0,3.198,,,,,,,,""
12740540409,"Oct 25, 2024, 10:59:44 AM",New shoes new shirt new socks,Run,Didn’t realize almost my entire fit was new until I left but I do love a good deal,2655,8.24,156.0,36,false,,New Balance 1080 Black,activities/13584207099.fit.gz,,,2655.0,2628.0,8241.8,5.1,3.136,35.0,36.0,4.0,17.0,17.4,0.0,,,84.0,81.0,156.0,142.0,,241.0,594.0,,21.0,36.0,,,,,,,,,239.0,2657.0,0.0,,0.0,,1.0,8376.3,,,,,,,,,,,,,,,,20116580.0,,,,,,,,,,0.0,3.104,202.5,,,,7142.0,,,162.0,148.0,3.187,,,,,,,,""
12758129343,"Oct 27, 2024, 1:12:05 PM",Not great,Run,"5 miles @ HMP
Have lost a bit of fitness for sure but it’s been somewhat nice not sticking to a rigid training plan for a few weeks. CHM next week",3983,13.82,184.0,169,false,,HOKA Mach 6 Pink twilight,activities/13603305893.fit.gz,,,3983.0,3745.0,13820.5,4.8,3.69,47.0,51.0,10.0,18.0,13.3,0.0,,,87.0,83.0,184.0,167.0,,283.0,1086.0,,22.0,169.0,,,,,,,,,281.0,3986.0,0.0,,0.0,,1.0,13978.2,,,,,,,,,,,,,,,,18438024.0,,,,,,,,,,0.0,3.47,535.5,,,,10424.0,,,338.0,175.0,3.732,,,,,,,,""
12765052781,"Oct 28, 2024, 12:53:29 PM",Smoky da bear,Run,Brushfires in Salem on the week of Halloween? Spooky 🎃,1950,6.35,155.0,34,false,,New Balance 1080 Black,activities/13610829473.fit.gz,,,1950.0,1879.0,6356.5,6.15,3.383,15.0,19.0,5.0,12.0,18.8,0.0,,,86.0,81.0,155.0,145.0,,258.0,449.0,,21.0,34.0,,,,,,,,,254.0,1952.0,0.0,,0.0,,1.0,6423.3,,,,,,,,,,,,,,,,20116580.0,,,,,,,,,,0.0,3.26,237.5,,,,5126.0,,,135.0,158.0,3.418,,,,,,,,""
12772322694,"Oct 29, 2024, 10:42:52 AM",Sunrise,Run,Amazing sunrise today after bringing a headlamp for how dark it was,3217,9.68,155.0,38,false,,ASICS Gel-Nimbus 25 White,activities/13618641161.fit.gz,,,3217.0,3034.0,9682.5,4.7,3.191,30.0,31.0,8.0,18.0,18.2,0.0,,,93.0,81.0,155.0,141.0,,245.0,680.0,,21.0,38.0,,,,,,,,,238.0,3219.0,0.0,,0.0,,1.0,9826.1,,,,,,,,,,,,,,,,18357424.0,,,,,,,,,,0.0,3.01,849.5,,,,8178.0,,,195.0,148.0,3.239,,,,,,,,""
12780600784,"Oct 30, 2024, 11:01:50 AM",Run,Run,Did 7 intervals of a bit of pace just to keep the legs moving for Sunday,1745,5.66,170.0,36,false,,PUMA Deviate Nitro 3 Sunset,activities/13627495226.fit.gz,,,1745.0,1666.0,5660.0,5.4,3.397,29.0,28.0,4.0,16.0,9.1,0.0,,,88.0,82.0,170.0,149.0,,262.0,416.0,,21.0,36.0,,,,,,,,,259.0,1747.0,0.0,,0.0,,1.0,5756.0,,,,,,,,,,,,,,,,19153764.0,,,,,,,,,,0.0,3.244,435.0,,,,4552.0,,,125.0,161.0,3.455,,,,,,,,""
12788624059,"Oct 31, 2024, 11:14:57 AM",Happy Halloween,Run,No tricks or treats for me today :(,1836,5.68,158.0,36,false,,ASICS Gel-Nimbus 25 White,activities/13636096428.fit.gz,,,1836.0,1783.0,5680.6,4.8,3.186,22.0,23.0,11.0,23.0,21.4,0.0,,,86.0,80.0,158.0,147.0,,248.0,437.0,,24.0,36.0,,,,,,,,,243.0,1838.0,0.0,,0.0,,1.0,5774.6,,,,,,,,,,,,,,,,18357424.0,,,,,,,,,,0.0,3.094,233.0,,,,4792.0,,,116.0,151.0,3.239,,,,,,,,""
12805694148,"Nov 2, 2024, 2:54:21 PM",CHM shakeout,Run,Feeling pretty good for tomorrow,1256,3.89,171.0,31,false,,ASICS Gel-Nimbus 25 White,activities/13654507776.fit.gz,,,1256.0,1243.0,3898.7,5.0,3.137,18.0,17.0,11.0,23.0,19.0,0.0,,,88.0,79.0,171.0,151.0,,245.0,309.0,,24.0,31.0,,,,,,,,,242.0,1258.0,0.0,,0.0,,1.0,3990.1,,,,,,,,,,,,,,,,18357424.0,,,,,,,,,,0.0,3.104,426.0,,,,3318.0,,,78.0,150.0,3.21,,,,,,,,""
12813194889,"Nov 3, 2024, 12:02:43 PM",Cambridge half,Run,Felt great going into the last 7 miles so let it loose. Was surprised how good I felt with minimal training the last couple weeks but very happy to have gotten my 1:27 goal!,5135,21.11,187.0,231,false,,Nike AlphaFly 3,activities/13662590277.fit.gz,,,5135.0,5135.0,21116.5,7.1,4.112,54.0,60.0,8.0,21.0,8.3,0.0,,,92.0,85.0,187.0,167.0,,320.0,1605.0,,16.0,231.0,,,,,,,,,321.0,5136.0,0.0,,0.0,,1.0,21297.5,,,,,,,,,,,,,,,,17620432.0,,,,,,,,,,0.0,4.112,156.0,,,,14618.0,,,566.0,199.0,4.148,,,,,,,,media/C7DB3AE0-94E9-4CF3-B70F-118FE81EE126.jpg|media/1082F0F8-3FFD-4572-AD1A-0CF2A27454F9.jpg|media/A8DAC0AA-479C-4196-9618-C3CA3A40FC9D.jpg
12820158105,"Nov 4, 2024, 11:41:10 AM",Back to work,Run,Quads a bit stiff but no new toenails lost,2417,7.15,146.0,18,false,,ASICS Gel-Nimbus 25 White,activities/13670119538.fit.gz,,,2417.0,2386.0,7151.0,4.7,2.997,11.0,17.0,9.0,16.0,9.5,-0.1,,,85.0,79.0,146.0,138.0,,233.0,518.0,,19.0,18.0,,,,,,,,,231.0,2419.0,0.0,,0.0,,1.0,7235.1,,,,,,,,,,,,,,,,18357424.0,,,,,,,,,,0.0,2.959,474.5,,,,6350.0,,,137.0,143.0,3.032,,,,,,,,""
12833099276,"Nov 5, 2024, 10:40:14 PM",Afternoon Run,Run,"",5343,5.67,156.0,25,false,,ASICS Gel-Nimbus 25 White,activities/13683933852.fit.gz,,,5343.0,1830.0,5675.9,5.4,3.102,15.0,19.0,8.0,17.0,18.2,-0.1,,,84.0,79.0,156.0,141.0,,237.0,421.0,,26.0,25.0,,,,,,,,,227.0,2086.0,0.0,,0.0,,1.0,5752.0,,,,,,,,,,,,,,,,18357424.0,,,,,,,,,,0.0,1.062,1034.5,,,,4816.0,,,115.0,141.0,3.143,,,,,,,,""
12836276127,"Nov 6, 2024, 11:56:24 AM",Morning Run,Run,"",1950,6.34,163.0,49,false,,ASICS Gel-Nimbus 25 White,activities/13687365178.fit.gz,,,1950.0,1895.0,6346.5,4.7,3.349,14.0,17.0,9.0,16.0,10.5,0.0,,,84.0,80.0,163.0,153.0,,260.0,487.0,,26.0,49.0,,,,,,,,,255.0,1951.0,0.0,,0.0,,1.0,6425.7,,,,,,,,,,,,,,,,18357424.0,,,,,,,,,,0.0,3.255,233.0,,,,5094.0,,,135.0,158.0,3.391,,,,,,,,""
12844065266,"Nov 7, 2024, 11:48:57 AM",Morning Run,Run,"",2430,7.42,162.0,54,false,,ASICS Gel-Nimbus 25 White,activities/13695705205.fit.gz,,,2430.0,2296.0,7428.1,4.9,3.235,24.0,21.0,2.0,14.0,16.7,0.0,,,94.0,80.0,162.0,150.0,,251.0,570.0,,25.0,54.0,,,,,,,,,244.0,2432.0,0.0,,0.0,,1.0,7547.6,,,,,,,,,,,,,,,,18357424.0,,,,,,,,,,0.0,3.057,237.0,,,,6166.0,,,155.0,152.0,3.287,,,,,,,,""
12861123659,"Nov 9, 2024, 1:21:11 PM",Not as comfortable as I would like,Run,Still some aches from race last week but felt good to get some mileage in. Was cold and windy but sunny so felt pretty good,10929,32.42,166.0,258,false,,ASICS Gel-Nimbus 25 White,activities/13714046741.fit.gz,,,10929.0,10391.0,32422.6,5.9,3.12,78.0,106.0,-1.0,15.0,48.1,0.0,,,84.0,80.0,166.0,152.0,,243.0,2595.0,,23.0,258.0,,,,,,,,,239.0,10931.0,0.0,,0.0,,1.0,32888.4,,,,,,,,,,,,,,,,18357424.0,,,,,,,,,,0.0,2.967,2896.0,,,,27686.0,,,667.0,148.0,3.165,,,,,,,,""
12868400530,"Nov 10, 2024, 1:42:35 PM",Morning Run,Run,"",1880,5.75,152.0,30,false,,ASICS Gel-Nimbus 25 White,activities/13721897581.fit.gz,,,1880.0,1867.0,5750.0,8.9,3.08,21.0,23.0,10.0,23.0,18.2,0.0,,,84.0,79.0,152.0,144.0,,235.0,428.0,,22.0,30.0,,,,,,,,,233.0,1882.0,0.0,,0.0,,1.0,5850.9,,,,,,,,,,,,,,,,18357424.0,,,,,,,,,,0.0,3.059,237.5,,,,4964.0,,,109.0,145.0,3.134,,,,,,,,""
12879671801,"Nov 11, 2024, 10:44:47 PM",Afternoon Run,Run,Fun using the headlamp in the dark,3595,11.16,159.0,68,false,,New Balance 1080 Black,activities/13734024786.fit.gz,,,3595.0,3451.0,11166.5,5.1,3.236,21.0,28.0,4.0,16.0,11.1,-0.1,,,85.0,79.0,159.0,146.0,,247.0,810.0,,25.0,68.0,,,,,,,,,242.0,3596.0,0.0,,0.0,,1.0,11264.5,,,,,,,,,,,,,,,,20116580.0,,,,,,,,,,0.0,3.106,2753.0,,,,9160.0,,,225.0,150.0,3.264,,,,,,,,""
12883073139,"Nov 12, 2024, 12:10:39 PM",Morning Run,Run,Easy 40,2369,7.45,160.0,46,false,,New Balance 1080 Black,activities/13737695194.fit.gz,,,2369.0,2366.0,7452.0,5.5,3.15,27.0,37.0,4.0,25.0,9.1,-0.1,,,84.0,80.0,160.0,146.0,,242.0,557.0,,23.0,46.0,,,,,,,,,242.0,2371.0,0.0,,0.0,,1.0,7567.6,,,,,,,,,,,,,,,,20116580.0,,,,,,,,,,0.0,3.146,191.0,,,,6358.0,,,148.0,150.0,3.198,,,,,,,,""
12887776987,"Nov 12, 2024, 10:35:10 PM",Afternoon Run,Run,Double for run with Achilles,5437,10.22,156.0,24,false,,New Balance 1080 Black,activities/13742692190.fit.gz,,,5437.0,3653.0,10224.0,5.5,2.799,37.0,47.0,3.0,29.0,20.0,-0.1,,,84.0,80.0,156.0,133.0,,212.0,738.0,,18.0,24.0,,,,,,,,,199.0,4513.0,0.0,,0.0,,1.0,10422.0,,,,,,,,,,,,,,,,20116580.0,,,,,,,,,,0.0,1.88,232.5,,,,9718.0,,,192.0,124.0,2.853,,,,,,,,""
12894927083,"Nov 13, 2024, 9:32:13 PM",Afternoon Run,Run,2x2 m @ 6:22,2342,8.79,181.0,95,false,,HOKA Mach 6 Pink twilight,activities/13750362832.fit.gz,,,2342.0,2264.0,8789.3,7.0,3.882,15.0,19.0,6.0,12.0,10.0,0.0,,,88.0,84.0,181.0,165.0,,296.0,648.0,,19.0,95.0,,,,,,,,,299.0,2343.0,0.0,,0.0,,1.0,8857.5,,,,,,,,,,,,,,,,18438024.0,,,,,,,,,,0.0,3.753,478.5,,,,6356.0,,,224.0,186.0,3.912,,,,,,,,""
12898606379,"Nov 14, 2024, 12:07:31 PM",Morning Run,Run,,2112,6.36,156.0,41,false,,New Balance 1080 Black,activities/13754335437.fit.gz,,,2112.0,1984.0,6368.0,5.0,3.21,13.0,20.0,8.0,15.0,18.2,0.0,,,88.0,81.0,156.0,147.0,,245.0,472.0,,17.0,41.0,,,,,,,,,238.0,2114.0,,,0.0,,1.0,6433.4,,,,,,,,,,,,,,,,20116580.0,,,,,,,,,,0.0,3.015,237.0,,,,5394.0,,,128.0,148.0,3.243,,,,,,,,""
12905841485,"Nov 15, 2024, 12:21:56 PM",Morning Run,Run,Keep waking up late,1511,4.83,153.0,24,false,,New Balance 1080 Black,activities/13762112242.fit.gz,,,1511.0,1493.0,4829.0,5.3,3.234,11.0,12.0,13.0,21.0,11.1,0.1,,,85.0,81.0,153.0,143.0,,248.0,345.0,,22.0,24.0,,,,,,,,,244.0,1513.0,0.0,,0.0,,1.0,4891.3,,,,,,,,,,,,,,,,20116580.0,,,,,,,,,,0.0,3.196,471.0,,,,4066.0,,,96.0,152.0,3.276,,,,,,,,""
12925304883,"Nov 17, 2024, 8:25:52 PM",Afternoon Run,Run,"",3421,10.99,183.0,129,false,,ASICS Gel-Nimbus 25 White,activities/13783109117.fit.gz,,,3421.0,2985.0,10992.8,5.7,3.683,32.0,39.0,3.0,16.0,15.4,0.0,,,88.0,81.0,183.0,166.0,,283.0,853.0,,25.0,129.0,,,,,,,,,276.0,3299.0,0.0,,0.0,,1.0,11135.9,,,,,,,,,,,,,,,,18357424.0,,,,,,,,,,0.0,3.213,524.0,,,,8120.0,,,268.0,171.0,3.731,,,,,,,,""
12928636479,"Nov 18, 2024, 11:56:11 AM",Morning Run,Run,Lovely morning,2690,6.92,160.0,38,false,,New Balance 1080 Black,activities/13786755172.fit.gz,,,2690.0,2141.0,6923.0,7.1,3.234,11.0,14.0,10.0,15.0,10.8,0.0,,,86.0,80.0,160.0,144.0,,246.0,498.0,,22.0,38.0,,,,,,,,,236.0,2418.0,0.0,,0.0,,1.0,6983.4,,,,,,,,,,,,,,,,20116580.0,,,,,,,,,,0.0,2.574,496.5,,,,5760.0,,,144.0,147.0,3.262,,,,,,,,""
12936051019,"Nov 19, 2024, 12:05:13 PM",Morning Run,Run,"",2081,6.82,157.0,45,false,,ASICS Gel-Nimbus 25 White,activities/13794711777.fit.gz,,,2081.0,2048.0,6821.5,6.4,3.331,21.0,23.0,11.0,24.0,16.7,0.0,,,84.0,81.0,157.0,148.0,,255.0,496.0,,24.0,45.0,,,,,,,,,252.0,2082.0,0.0,,0.0,,1.0,6903.2,,,,,,,,,,,,,,,,18357424.0,,,,,,,,,,0.0,3.278,242.0,,,,5572.0,,,142.0,157.0,3.371,,,,,,,,""
12947825764,"Nov 20, 2024, 10:11:33 PM",Evening Run,Run,Nice run & chat with [strava://athletes/83439714/6]J Patt around the north end loop,3635,8.78,168.0,22,false,,New Balance 1080 Black,activities/13807310440.fit.gz,,,3635.0,2920.0,8788.8,5.4,3.01,45.0,45.0,6.0,22.0,16.7,0.0,,,99.0,81.0,168.0,135.0,,228.0,626.0,,18.0,22.0,,,,,,,,,216.0,3627.0,0.0,,0.0,,1.0,8971.1,,,,,,,,,,,,,,,,20116580.0,,,,,,,,,,0.0,2.418,233.5,,,,7886.0,,,181.0,134.0,3.072,,,,,,,,""
12951086870,"Nov 21, 2024, 12:13:56 PM",Go eagles,Run,"Saw a bald eagle chilling on the esplanade which was a first but if that’s what it takes to get the geese away, I’ll take it. Also loving my new jacket",2032,6.33,160.0,42,false,,New Balance 1080 Black,activities/13810777851.fit.gz,,,2032.0,1953.0,6329.0,4.7,3.241,22.0,20.0,14.0,27.0,10.0,-0.1,,,86.0,81.0,160.0,148.0,,251.0,469.0,,23.0,42.0,,,,,,,,,245.0,2034.0,0.0,,0.0,,1.0,6415.8,,,,,,,,,,,,,,,,20116580.0,,,,,,,,,,0.0,3.115,239.0,,,,5284.0,,,130.0,152.0,3.285,,,,,,,,""
12957850295,"Nov 22, 2024, 12:14:37 PM",Run to rebelle,Run,That’ll be 4 jalapeño cheddar bagels with cc please,1653,5.39,174.0,44,false,,On Cloudeclipse Black,activities/13817878729.fit.gz,,,1653.0,1506.0,5394.4,5.0,3.582,25.0,29.0,11.0,24.0,11.8,0.0,,,88.0,83.0,174.0,157.0,,274.0,391.0,,20.0,44.0,,,,,,,,,266.0,1655.0,0.0,,0.0,,1.0,5480.2,,,,,,,,,,,,,,,,17166280.0,,,,,,,,,,0.0,3.263,0.0,,,,4210.0,,,125.0,165.0,3.639,,,,,,,,""
12978087349,"Nov 25, 2024, 8:04:50 AM",Reykjavík,Run,It’s cold here… quick run before snorkeling in 2C water,2768,7.28,173.0,40,false,,New Balance 1080 Black,activities/13839458551.fit.gz,,,2768.0,2155.0,7282.9,4.9,3.38,51.0,61.0,19.0,35.0,28.6,-0.1,,,90.0,83.0,173.0,146.0,,257.0,513.0,,15.0,40.0,,,,,,,,,242.0,2671.0,0.0,,0.0,,1.0,7451.6,,,,,,,,,,,,,,,,20116580.0,,,,,,,,,,0.0,2.631,292.0,,,,5948.0,,,167.0,150.0,3.458,,,,,,,,media/FD119A07-7C63-4373-974D-61E9A8C42B2C.jpg|media/2AC490F7-0ECD-4984-B4D3-8DA8DC3B81C8.jpg
12996145834,"Nov 27, 2024, 1:34:48 PM",Vatnajökull,Hike,Glacier hike,9494,2.19,147.0,5,false,,,activities/13858651089.fit.gz,,,9494.0,2551.0,2196.0,2.273,0.861,134.0,141.0,134.0,223.0,50.0,-0.4,,,,20.0,147.0,95.0,,,682.0,,27.0,5.0,,,,,,,,,,,0.0,,0.0,,1.0,,,,,,,,,,,,,,,,,,,,,,,,,,,0.0,0.231,0.0,,,,,,,,,,,,,,,,,media/D4ACB767-F978-4240-A020-1538D82EB143.jpg|media/EED5B244-9647-4333-906C-31CF01BD712E.jpg|media/AE58EBBE-2111-4D48-AC21-BE59FC1DE01E.jpg|media/8164E8C0-77EF-4FB2-9F51-C07469A09660.jpg|media/1404FFB0-6685-47BB-B71C-457C200EC67A.jpg
13000699820,"Nov 28, 2024, 9:28:35 AM",Turkey trot in Kirkjubæjarklaustur,Run,A whole lot of nothing out here but still pretty,3332,9.82,176.0,77,false,,New Balance 1080 Black,activities/13863529047.fit.gz,,,3332.0,2855.0,9822.5,5.2,3.44,25.0,34.0,16.0,40.0,20.0,-0.1,,,97.0,82.0,176.0,154.0,,261.0,724.0,,13.0,77.0,,,,,,,,,246.0,3334.0,0.0,,0.0,,1.0,9951.5,,,,,,,,,,,,,,,,20116580.0,,,,,,,,,,0.0,2.948,4012.5,,,,7830.0,,,216.0,153.0,3.486,,,,,,,,media/09EB0E02-D663-4AD0-A3D6-4EE036D0D1B1.jpg|media/2F9ED903-6547-41F1-8E63-0B1E2CC055AB.jpg|media/EBCD3A42-18EE-4032-A80F-9D5E172B130C.jpg|media/74DF1FE3-0CE4-4AD1-88E2-2D9EE3B6C143.jpg
13014009636,"Nov 30, 2024, 9:16:54 AM",Windiest run of my life,Run,"Ran next to a nice older man on a bike for a bit until he said “you’re very fast, I can’t keep up anymore”",2471,6.98,178.0,54,false,,New Balance 1080 Black,activities/13877849851.fit.gz,,,2471.0,2088.0,6987.0,4.3,3.346,55.0,50.0,1.0,20.0,43.5,0.0,,,87.0,82.0,178.0,153.0,,259.0,515.0,,10.0,54.0,,,,,,,,,246.0,2473.0,0.0,,0.0,,1.0,7221.9,,,,,,,,,,,,,,,,20116580.0,,,,,,,,,,0.0,2.828,1207.0,,,,5662.0,,,160.0,153.0,3.459,,,,,,,,media/90B7579D-CFC0-46CD-AAF1-E486AEA6E3F4.jpg|media/495727ED-3EBF-4C77-934D-587DC3E254B8.jpg
13023953766,"Dec 1, 2024, 12:33:45 PM",Back in Boston,Run,Icelandic wind makes Boston wind feel like a nice summer breeze,6848,22.14,161.0,163,false,,ASICS Gel-Nimbus 25 White,activities/13888537290.fit.gz,,,6848.0,6482.0,22142.0,9.02,3.416,63.0,64.0,8.0,20.0,13.3,0.0,,,87.0,81.0,161.0,151.0,,263.0,1610.0,,18.0,163.0,,,,,,,,,258.0,6849.0,0.0,,0.0,,1.0,22392.9,,,,,,,,,,,,,,,,18357424.0,,,,,,,,,,0.0,3.233,634.0,,,,17528.0,,,487.0,160.0,3.455,,,,,,,,""
13029748271,"Dec 2, 2024, 11:38:12 AM",Morning Run,Run,"",2755,8.87,157.0,52,false,,ASICS Gel-Nimbus 25 White,activities/13894764148.fit.gz,,,2755.0,2672.0,8877.0,5.8,3.322,31.0,38.0,8.0,23.0,30.0,0.0,,,87.0,81.0,157.0,146.0,,255.0,641.0,,18.0,52.0,,,,,,,,,251.0,2757.0,0.0,,0.0,,1.0,9022.9,,,,,,,,,,,,,,,,18357424.0,,,,,,,,,,0.0,3.222,238.0,,,,7278.0,,,186.0,156.0,3.377,,,,,,,,""
13037212670,"Dec 3, 2024, 12:09:21 PM",Morning Run,Run,2x2@6:20,2222,8.62,182.0,86,false,,PUMA Deviate Nitro 3 Sunset,activities/13902726459.fit.gz,,,2222.0,2154.0,8621.8,7.2,4.003,17.0,17.0,6.0,12.0,10.0,0.0,,,87.0,83.0,182.0,163.0,,308.0,652.0,,14.0,86.0,,,,,,,,,308.0,2224.0,0.0,,0.0,,1.0,8699.8,,,,,,,,,,,,,,,,19153764.0,,,,,,,,,,0.0,3.88,463.0,,,,6016.0,,,225.0,191.0,4.039,,,,,,,,""
13041654776,"Dec 3, 2024, 10:50:30 PM",Run to and with Achilles,Run,Tough after a tempo in the morning and a leg lift in the evening,4214,9.56,170.0,33,false,,ASICS Gel-Nimbus 25 White,activities/13907452651.fit.gz,,,4214.0,3235.0,9566.5,6.0,2.957,35.0,35.0,8.0,29.0,11.8,0.0,,,86.0,80.0,170.0,138.0,,227.0,719.0,,14.0,33.0,,,,,,,,,215.0,4029.0,0.0,,0.0,,1.0,9747.6,,,,,,,,,,,,,,,,18357424.0,,,,,,,,,,0.0,2.27,0.0,,,,8654.0,,,200.0,134.0,3.013,,,,,,,,""
13044789702,"Dec 4, 2024, 12:08:33 PM",Morning Run,Run,V sore legs,2231,7.08,158.0,42,false,,ASICS Gel-Nimbus 25 Sea foam,activities/13910774443.fit.gz,,,2231.0,2163.0,7086.5,5.4,3.276,13.0,18.0,12.0,20.0,14.3,0.0,,,87.0,82.0,158.0,146.0,,254.0,532.0,,14.0,42.0,,,,,,,,,249.0,2233.0,0.0,,0.0,,1.0,7193.2,,,,,,,,,,,,,,,,20649978.0,,,,,,,,,,0.0,3.176,467.0,,,,5916.0,,,148.0,155.0,3.326,,,,,,,,""
13051797385,"Dec 5, 2024, 11:57:25 AM",Slushy track all to myself,Run,"4-8-12-8-4
Still feeling Tuesday",2398,6.48,177.0,24,false,,PUMA Deviate Nitro 3 Sunset,activities/13918258182.fit.gz,,,2398.0,1565.0,6481.5,6.3,4.142,10.0,9.0,23.0,34.0,14.3,0.2,,,92.0,85.0,177.0,143.0,,321.0,466.0,,14.0,24.0,,,,,,,,,280.0,2399.0,0.0,,0.0,,1.0,6572.6,,,,,,,,,,,,,,,,19153764.0,,,,,,,,,,0.0,2.703,0.0,,,,4476.0,,,201.0,174.0,4.2,,,,,,,,""
13059108046,"Dec 6, 2024, 12:15:49 PM",Friday run club,Run,Run to FRC and then to flour for some banana bread. Nice group today despite the cold wind!,5724,9.39,173.0,45,false,,ASICS Gel-Nimbus 25 White,activities/13926044096.fit.gz,,,5724.0,2783.0,9395.0,6.2,3.376,55.0,54.0,6.0,32.0,20.0,-0.1,,,90.0,84.0,173.0,144.0,,261.0,703.0,,12.0,45.0,,,,,,,,,244.0,3596.0,0.0,,0.0,,1.0,9670.2,,,,,,,,,,,,,,,,18357424.0,,,,,,,,,,0.0,1.641,0.0,,,,7786.0,,,230.0,152.0,3.475,,,,,,,,""
13066557218,"Dec 7, 2024, 1:52:45 PM",Morning Run,Run,Did a few sections of a bit of pace but legs felt like cement. Luckily I have a new fancy recovery tool thanks to [strava://athletes/133511556/11]Libby Evans,9119,27.42,182.0,220,false,,New Balance 1080 Black,activities/13934047175.fit.gz,,,9119.0,8206.0,27424.0,5.7,3.342,122.0,117.0,37.0,83.0,27.3,0.0,,,94.0,81.0,182.0,153.0,,261.0,2166.0,,18.0,220.0,,,,,,,,,253.0,9056.0,0.0,,0.0,,1.0,27912.2,,,,,,,,,,,,,,,,20116580.0,,,,,,,,,,0.0,3.007,60.0,,,,22334.0,,,620.0,157.0,3.401,,,,,,,,media/76763CC2-80FE-4239-8D29-DBB7080F07E6.jpg
13078483738,"Dec 9, 2024, 11:57:37 AM",Morning Run,Run,"",3045,9.15,147.0,20,false,,New Balance 1080 Black,activities/13946759333.fit.gz,,,3045.0,2944.0,9153.2,4.6,3.109,20.0,18.0,0.0,12.0,15.4,0.1,,,86.0,80.0,147.0,136.0,,237.0,648.0,,20.0,20.0,,,,,,,,,234.0,3046.0,0.0,,0.0,,1.0,9279.3,,,,,,,,,,,,,,,,20116580.0,,,,,,,,,,0.0,3.006,463.5,,,,7898.0,,,178.0,145.0,3.152,,,,,,,,""
13085441946,"Dec 10, 2024, 12:02:12 PM",Morning Run,Run,3+1,2128,8.11,183.0,86,false,,On Cloudeclipse Black,activities/13954197603.fit.gz,,,2128.0,2067.0,8116.5,5.8,3.927,19.0,23.0,7.0,18.0,27.3,0.0,,,88.0,84.0,183.0,164.0,,301.0,615.0,,14.0,86.0,,,,,,,,,301.0,2130.0,0.0,,0.0,,1.0,8203.6,,,,,,,,,,,,,,,,17166280.0,,,,,,,,,,0.0,3.814,468.5,,,,5858.0,,,206.0,187.0,3.969,,,,,,,,""
13096240912,"Dec 11, 2024, 9:40:52 PM",Wind advisory,Run,A little wind and rain isn’t so bad,2604,8.36,168.0,66,false,,On Cloudeclipse Black,activities/13965738234.fit.gz,,,2604.0,2463.0,8364.5,5.7,3.396,38.0,31.0,4.0,12.0,18.2,0.1,,,86.0,81.0,168.0,154.0,,264.0,661.0,,27.0,66.0,,,,,,,,,259.0,2606.0,0.0,,0.0,,1.0,8492.8,,,,,,,,,,,,,,,,17166280.0,,,,,,,,,,0.0,3.212,235.5,,,,6634.0,,,187.0,161.0,3.448,,,,,,,,""
13104150318,"Dec 13, 2024, 12:55:54 AM",Evening Run,Run,Nice catchup run with [strava://athletes/83439714/6]J Patt … not as cold as it says!,3202,9.09,162.0,46,false,,New Balance 1080 Black,activities/13974193274.fit.gz,,,3202.0,3061.0,9097.9,5.4,2.972,46.0,53.0,16.0,37.0,16.7,-0.1,,,87.0,82.0,162.0,144.0,,225.0,728.0,,25.0,46.0,,,,,,,,,222.0,3204.0,0.0,,0.0,,1.0,9260.4,,,,,,,,,,,,,,,,20116580.0,,,,,,,,,,0.0,2.841,400.0,,,,8336.0,,,169.0,138.0,3.025,,,,,,,,media/A171ECC0-BA6F-4496-BAF6-16399B7B3994.jpg
13106933452,"Dec 13, 2024, 12:25:07 PM",FRC,Run,That banana bread from flour is just so good,4653,6.73,164.0,24,false,,ASICS Gel-Nimbus 25 White,activities/13977166622.fit.gz,,,4653.0,2138.0,6734.0,4.8,3.15,19.0,25.0,24.0,42.0,47.6,-0.1,,,86.0,82.0,164.0,140.0,,239.0,503.0,,16.0,24.0,,,,,,,,,220.0,2772.0,0.0,,0.0,,1.0,6923.1,,,,,,,,,,,,,,,,18357424.0,,,,,,,,,,0.0,1.447,0.0,,,,5902.0,,,144.0,137.0,3.238,,,,,,,,""
13123683673,"Dec 15, 2024, 5:13:04 PM",Idahome,Run,Added in 2 tempo miles and my body was not ready for it,10006,29.83,183.0,280,false,,ASICS Gel-Nimbus 25 White,activities/13995138035.fit.gz,,,10006.0,9038.0,29829.9,4.8,3.3,101.0,101.0,760.0,821.0,13.8,0.0,,,87.0,80.0,183.0,157.0,,253.0,2389.0,,22.0,280.0,,,,,,,,,248.0,9839.0,0.0,,0.0,,1.0,30169.3,,,,,,,,,,,,,,,,18357424.0,,,,,,,,,,0.0,2.981,0.0,,,,24282.0,,,648.0,154.0,3.338,,,,,,,,""
13145198825,"Dec 18, 2024, 7:41:48 PM",Lunch Alpine Ski,Alpine Ski,Gotta get some better boots,11138,10.27,159.0,20,false,,,activities/14018181945.fit.gz,,,11138.0,3378.0,10272.0,19.6,3.041,1683.0,1656.0,1798.0,2317.0,48.5,-0.1,,,,54.0,159.0,127.0,,,908.0,,29.0,20.0,,6,,,,,,,,,0.0,,0.0,,1.0,,,,,,,,,,,,,,,,,,,,,,,,,,,0.0,0.922,2714.5,,,,,,,,,,,,,,,,,""
13151421311,"Dec 19, 2024, 6:39:52 PM",Lunch Alpine Ski,Alpine Ski,Watch deleted lesson with Jennifer but great day at brundage,11305,15.86,147.0,12,false,,,activities/14024864814.fit.gz,,,11305.0,3778.0,15859.0,15.85,4.198,2416.0,2634.0,1798.0,2347.0,49.7,-1.6,,,,51.0,147.0,114.0,,,782.0,,28.0,12.0,,6,,,,,,,,,0.0,,0.0,,1.0,,,,,,,,,,,,,,,,,,,,,,,,,,,0.0,1.403,4829.0,,,,,,,,,,,,,,,,,""
13169390830,"Dec 22, 2024, 3:35:43 PM",Morning Run,Run,"Lot going on lately, nice to get back out",2579,8.11,181.0,88,false,,ASICS Gel-Nimbus 25 White,activities/14044218640.fit.gz,,,2579.0,2392.0,8117.0,5.0,3.393,24.0,26.0,759.0,772.0,10.5,0.0,,,86.0,80.0,181.0,161.0,,259.0,674.0,,18.0,88.0,,,,,,,,,253.0,2581.0,0.0,,0.0,,1.0,8193.3,,,,,,,,,,,,,,,,18357424.0,,,,,,,,,,0.0,3.147,0.0,,,,6446.0,,,176.0,157.0,3.425,,,,,,,,""
13183227100,"Dec 24, 2024, 5:16:53 PM",Morning Run,Run,Merry Christmas Eve,1955,6.57,170.0,66,false,,ASICS Gel-Nimbus 25 White,activities/14059083812.fit.gz,,,1955.0,1955.0,6571.5,5.3,3.361,19.0,11.0,1286.0,1300.0,12.1,0.1,,,87.0,80.0,170.0,160.0,,262.0,552.0,,17.0,66.0,,,,,,,,,260.0,1956.0,0.0,,0.0,,1.0,6659.8,,,,,,,,,,,,,,,,18357424.0,,,,,,,,,,0.0,3.361,0.0,,,,5234.0,,,141.0,161.0,3.407,,,,,,,,""
13189159076,"Dec 25, 2024, 3:19:37 PM",Merry Christmas,Run,Started as 25 on 25 but might as well do a marathon 🤷🏼‍♂️ nice to run the last 3.5 with [strava://athletes/33973355/16]Brooke Wolverton  with [strava://athletes/9451419/13]Mitchell Dial as support,14876,42.25,172.0,373,false,,PUMA Deviate Nitro 3 Sunset,activities/14065501316.fit.gz,,,14876.0,13452.0,42250.0,6.0,3.141,64.0,82.0,1282.0,1315.0,13.8,-0.1,,,87.0,81.0,172.0,155.0,,244.0,3416.0,,12.0,373.0,,,,,,,,,238.0,14862.0,0.0,,0.0,,1.0,42630.8,,,,,,,,,,,,,,,,19153764.0,,,,,,,,,,0.0,2.84,158.0,,,,36508.0,,,903.0,148.0,3.169,,,,,,,,""
13219442131,"Dec 29, 2024, 4:31:59 PM",Morning Run,Run,With Libby,2641,4.94,146.0,8,false,,ASICS Gel-Nimbus 25 White,activities/14098124590.fit.gz,,,2641.0,2068.0,4945.1,4.0,2.391,18.0,11.0,1285.0,1300.0,11.1,0.2,,,86.0,81.0,146.0,122.0,,186.0,387.0,,19.0,8.0,,,,,,,,,179.0,2321.0,0.0,,0.0,,1.0,5046.1,,,,,,,,,,,,,,,,18357424.0,,,,,,,,,,0.0,1.872,0.0,,,,5588.0,,,79.0,111.0,2.44,,,,,,,,""
13232974473,"Dec 31, 2024, 4:09:38 PM",Lunch Run,Run,Holiday slump is over and so is 2024,1887,6.90,195.0,76,false,,HOKA Mach 6 Pink twilight,activities/14112764722.fit.gz,,,1887.0,1768.0,6903.3,5.1,3.905,26.0,25.0,7.0,18.0,18.2,0.0,,,86.0,83.0,195.0,167.0,,300.0,571.0,,20.0,76.0,,,,,,,,,299.0,1888.0,0.0,,0.0,,1.0,6999.4,,,,,,,,,,,,,,,,18438024.0,,,,,,,,,,0.0,3.658,471.0,,,,4908.0,,,181.0,186.0,3.959,,,,,,,,""
13250346400,"Jan 2, 2025, 9:11:45 PM",Afternoon Run,Run,Easy windy 8,4398,12.99,165.0,96,false,,ASICS Gel-Nimbus 25 Sea foam,activities/14131627280.fit.gz,,,4398.0,4086.0,12998.5,5.0,3.181,60.0,67.0,3.0,18.0,22.2,-0.1,,,88.0,82.0,165.0,150.0,,250.0,1053.0,,16.0,96.0,,,,,,,,,243.0,4399.0,0.0,,0.0,,1.0,13255.1,,,,,,,,,,,,,,,,20649978.0,,,,,,,,,,0.0,2.956,760.0,,,,11182.0,,,278.0,151.0,3.244,,,,,,,,""
13254989408,"Jan 3, 2025, 12:24:25 PM",FRC,Run,Got the toque,5298,6.69,178.0,35,false,,New Balance 1080 Black,activities/14136630143.fit.gz,,,5298.0,2045.0,6690.2,5.8,3.271,42.0,45.0,35.0,48.0,20.0,0.0,,,89.0,84.0,178.0,145.0,,254.0,519.0,,15.0,35.0,,,,,,,,,229.0,2694.0,0.0,,0.0,,1.0,6886.2,,,,,,,,,,,,,,,,20116580.0,,,,,,,,,,0.0,1.263,0.0,,,,5730.0,,,151.0,142.0,3.367,,,,,,,,""
13264931503,"Jan 4, 2025, 1:38:00 PM",Progression run,Run,"10 second / mile progression 8:30-6:30 
Wind made last reps tougher than they should’ve been",6366,21.83,190.0,284,false,,PUMA Deviate Nitro 3 Sunset,activities/14147292736.fit.gz,,,6366.0,6147.0,21837.9,4.9,3.553,94.0,94.0,2.0,10.0,17.4,0.0,,,87.0,83.0,190.0,168.0,,278.0,1846.0,,11.0,284.0,,,,,,,,,278.0,6368.0,0.0,,0.0,,1.0,22136.5,,,,,,,,,,,,,,,,19153764.0,,,,,,,,,,0.0,3.43,807.5,,,,17128.0,,,528.0,173.0,3.601,,,,,,,,""
13274463380,"Jan 5, 2025, 4:04:08 PM",Lunch Weight Training,Weight Training,,2712,0,136.0,6,false,,,activities/14157584040.fit.gz,,,2712.0,2712.0,0.0,0.0,0.0,0.0,0.0,0.0,0.0,0.0,0.0,,,,,136.0,94.0,,,245.0,,34.0,6.0,,,,,,,,,,,,,0.0,,1.0,,,,,,,,,,,,,,,,,,,,,,,,,,,0.0,0.0,0.0,,,,,,,,,,,,,,,,,""
13280562758,"Jan 6, 2025, 11:58:55 AM",Very cold morning,Run,"",2660,8.65,168.0,70,false,,New Balance 1080 Black,activities/14164194361.fit.gz,,,2660.0,2660.0,8656.2,5.3,3.254,68.0,62.0,1.0,23.0,16.7,0.1,,,88.0,84.0,168.0,153.0,,255.0,698.0,,33.0,70.0,,,,,,,,,257.0,2661.0,0.0,,0.0,,1.0,8895.9,,,,,,,,,,,,,,,,20116580.0,,,,,,,,,,0.0,3.254,0.0,,,,7478.0,,,188.0,160.0,3.344,,,,,,,,""
13289580056,"Jan 7, 2025, 12:00:42 PM",Even colder tempo,Run,"Feels like of 2 can’t stop me
4 miles @ tempo ish",2338,8.57,184.0,106,false,,HOKA Mach 6 Pink twilight,activities/14173876391.fit.gz,,,2338.0,2206.0,8569.8,6.8,3.885,38.0,53.0,0.0,16.0,48.0,0.0,,,91.0,86.0,184.0,169.0,,302.0,619.0,,32.0,106.0,,,,,,,,,297.0,2339.0,0.0,,0.0,,1.0,8770.2,,,,,,,,,,,,,,,,18438024.0,,,,,,,,,,0.0,3.665,198.0,,,,6352.0,,,220.0,184.0,3.976,,,,,,,,""
13295111595,"Jan 7, 2025, 10:48:16 PM",Run with Achilles,Run,"",4956,11.23,168.0,37,false,,New Balance 1080 Black,activities/14179766961.fit.gz,,,4956.0,3803.0,11229.5,5.3,2.953,69.0,72.0,17.0,43.0,27.3,-0.1,,,90.0,83.0,168.0,137.0,,229.0,772.0,,34.0,37.0,,,,,,,,,219.0,4617.0,0.0,,0.0,,1.0,11539.4,,,,,,,,,,,,,,,,20116580.0,,,,,,,,,,0.0,2.266,0.0,,,,10578.0,,,237.0,136.0,3.034,,,,,,,,""
13303199314,"Jan 8, 2025, 9:36:55 PM",Afternoon Run,Run,"",2965,8.82,157.0,56,false,,ASICS Gel-Nimbus 25 White,activities/14188417787.fit.gz,,,2965.0,2807.0,8820.5,5.4,3.142,53.0,54.0,3.0,17.0,26.8,0.0,,,87.0,82.0,157.0,147.0,,247.0,645.0,,34.0,56.0,,,,,,,,,240.0,2966.0,0.0,,0.0,,1.0,9035.9,,,,,,,,,,,,,,,,18357424.0,,,,,,,,,,0.0,2.975,221.0,,,,7752.0,,,182.0,149.0,3.219,,,,,,,,""
13307313354,"Jan 9, 2025, 12:02:56 PM",Morning Run,Run,Legs too tired and cold for anything else today plus a bit of snow at the end,2033,7.02,170.0,61,false,,HOKA Mach 6 Pink twilight,activities/14192844397.fit.gz,,,2033.0,2033.0,7022.6,4.4,3.454,31.0,35.0,5.0,17.0,14.3,0.0,,,89.0,85.0,170.0,158.0,,270.0,524.0,,33.0,61.0,,,,,,,,,270.0,2034.0,0.0,,0.0,,1.0,7130.7,,,,,,,,,,,,,,,,18438024.0,,,,,,,,,,0.0,3.454,469.0,,,,5788.0,,,159.0,168.0,3.507,,,,,,,,""
13315999700,"Jan 10, 2025, 12:24:24 PM",Friday run club 🥐,Run,Couldn’t stay and chat because it’s popup bagel’s opening!,2594,6.77,166.0,22,false,,New Balance 1080 Black,activities/14202161131.fit.gz,,,2594.0,2207.0,6773.0,6.0,3.069,28.0,26.0,6.0,18.0,20.0,0.0,,,98.0,82.0,166.0,139.0,,238.0,465.0,,31.0,22.0,,,,,,,,,228.0,2528.0,0.0,,0.0,,1.0,6910.8,,,,,,,,,,,,,,,,20116580.0,,,,,,,,,,0.0,2.611,0.0,,,,6098.0,,,141.0,142.0,3.131,,,,,,,,""
13326663568,"Jan 11, 2025, 2:40:54 PM",Snow,Run,"“It’s the perfect texture for running, very low impact and it’s dry snow so your feet don’t get wet” luckily I didn’t pull a Chelsea",6698,20.39,172.0,171,false,,On Cloudeclipse Black,activities/14213581982.fit.gz,,,6698.0,6274.0,20398.0,5.3,3.251,81.0,79.0,-4.0,20.0,44.1,0.1,,,89.0,83.0,172.0,154.0,,258.0,1575.0,,34.0,171.0,,,,,,,,,251.0,6700.0,0.0,,0.0,,1.0,20860.6,,,,,,,,,,,,,,,,17166280.0,,,,,,,,,,0.0,3.045,1023.5,,,,17304.0,,,452.0,156.0,3.325,,,,,,,,media/BFB6C4AB-4C70-4C6A-89FB-24517BE0207D.jpg|media/BF13FA90-D432-4236-8D69-9DFC4403AB5A.jpg|media/73CC8304-AF89-4615-A255-CB7722D378E7.jpg
13327397979,"Jan 11, 2025, 5:32:47 PM",Lunch Weight Training,Weight Training,,1687,0,158.0,6,false,,,activities/14214369175.fit.gz,,,1687.0,1687.0,0.0,0.0,0.0,0.0,0.0,0.0,0.0,0.0,0.0,,,,,158.0,114.0,,,216.0,,32.0,6.0,,,,,,,,,,,,,0.0,,1.0,,,,,,,,,,,,,,,,,,,,,,,,,,,0.0,0.0,0.0,,,,,,,,,,,,,,,,,""
13347656220,"Jan 13, 2025, 10:04:04 PM",Afternoon Run,Run,"“It’s so…. waaarrrm out”
-narnia",4394,12.89,152.0,44,false,,ASICS Gel-Nimbus 25 Sea foam,activities/14236179354.fit.gz,,,4394.0,4132.0,12890.0,5.3,3.12,42.0,45.0,1.0,13.0,20.0,0.0,,,85.0,80.0,152.0,139.0,,247.0,882.0,,35.0,44.0,,,,,,,,,240.0,4396.0,0.0,,0.0,,1.0,13100.8,,,,,,,,,,,,,,,,20649978.0,,,,,,,,,,0.0,2.934,307.0,,,,11070.0,,,271.0,149.0,3.171,,,,,,,,""
13348078136,"Jan 13, 2025, 11:57:08 PM",Evening Weight Training,Weight Training,,1563,0,127.0,3,false,,,activities/14236620175.fit.gz,,,1563.0,1563.0,0.0,0.0,0.0,0.0,0.0,0.0,0.0,0.0,0.0,,,,,127.0,90.0,,,146.0,,35.0,3.0,,,,,,,,,,,,,0.0,,1.0,,,,,,,,,,,,,,,,,,,,,,,,,,,0.0,0.0,0.0,,,,,,,,,,,,,,,,,""
13356575214,"Jan 14, 2025, 9:40:05 PM",Afternoon Run,Run,Quick tempo with wind before Achilles,1852,6.97,181.0,78,false,,PUMA Deviate Nitro 3 Sunset,activities/14245728157.fit.gz,,,1852.0,1771.0,6976.5,5.3,3.939,35.0,39.0,2.0,15.0,12.5,0.0,,,89.0,84.0,181.0,166.0,,311.0,500.0,,33.0,78.0,,,,,,,,,307.0,1853.0,0.0,,0.0,,1.0,7079.1,,,,,,,,,,,,,,,,19153764.0,,,,,,,,,,0.0,3.767,472.0,,,,5008.0,,,187.0,191.0,3.997,,,,,,,,""
13357338816,"Jan 14, 2025, 10:45:52 PM",Achilles run,Run,It’s still cold,4708,10.21,151.0,23,false,,New Balance 1080 Black,activities/14246531879.fit.gz,,,4708.0,3829.0,10217.7,5.2,2.669,44.0,48.0,8.0,32.0,25.0,-0.1,,,89.0,80.0,151.0,130.0,,209.0,728.0,,32.0,23.0,,,,,,,,,200.0,4529.0,0.0,,0.0,,1.0,10470.8,,,,,,,,,,,,,,,,20116580.0,,,,,,,,,,0.0,2.17,0.0,,,,10210.0,,,193.0,124.0,2.735,,,,,,,,media/55465971-5A1A-47C4-9952-9176898BBEDE.jpg
13360966323,"Jan 15, 2025, 12:05:27 PM",Morning Run,Run,Saw some people stranded on the frozen Charles and a bunch of firefighters getting suits on to go out and get them somehow…hope they make it,2290,6.99,154.0,43,false,,ASICS Gel-Nimbus 25 White,activities/14250448370.fit.gz,,,2290.0,2261.0,6992.6,5.7,3.093,29.0,30.0,11.0,20.0,16.7,0.0,,,87.0,82.0,154.0,146.0,,244.0,521.0,,33.0,43.0,,,,,,,,,242.0,2292.0,0.0,,0.0,,1.0,7118.7,,,,,,,,,,,,,,,,18357424.0,,,,,,,,,,0.0,3.054,468.0,,,,6242.0,,,143.0,150.0,3.148,,,,,,,,""
13365892070,"Jan 15, 2025, 10:37:23 PM",Afternoon Weight Training,Weight Training,,1322,0,109.0,1,false,,,activities/14255704932.fit.gz,,,1322.0,1322.0,0.0,0.0,0.0,0.0,0.0,0.0,0.0,0.0,0.0,,,,,109.0,76.0,,,96.0,,32.0,1.0,,,,,,,,,,,,,0.0,,1.0,,,,,,,,,,,,,,,,,,,,,,,,,,,0.0,0.0,0.0,,,,,,,,,,,,,,,,,""
13369884808,"Jan 16, 2025, 12:06:32 PM",Norwegian 4x4,Run,"4 • (4’@85-90% + 3’ very easy) 
Not loving the lockdown in my deviates after only 130 miles",2023,7.06,185.0,74,false,,PUMA Deviate Nitro 3 Sunset,activities/14260007297.fit.gz,,,2023.0,1907.0,7061.9,6.5,3.703,14.0,17.0,12.0,18.0,10.0,0.0,,,91.0,85.0,185.0,163.0,,299.0,528.0,,30.0,74.0,,,,,,,,,303.0,2024.0,0.0,,0.0,,1.0,7117.4,,,,,,,,,,,,,,,,19153764.0,,,,,,,,,,0.0,3.491,466.0,,,,5300.0,,,198.0,188.0,3.732,,,,,,,,""
13378778397,"Jan 17, 2025, 12:24:00 PM",FRC!,Run,Went with the classic banana bread,4621,6.67,166.0,21,false,,ASICS Gel-Nimbus 25 Sea foam,activities/14269568397.fit.gz,,,4621.0,2051.0,6677.8,6.4,3.256,24.0,22.0,3.0,18.0,19.0,0.0,,,89.0,83.0,166.0,139.0,,253.0,438.0,,30.0,21.0,,,,,,,,,235.0,2645.0,0.0,,0.0,,1.0,6832.4,,,,,,,,,,,,,,,,20649978.0,,,,,,,,,,0.0,1.445,0.0,,,,5660.0,,,156.0,146.0,3.331,,,,,,,,""
13389427999,"Jan 18, 2025, 2:36:49 PM",Morning Run,Run,"Mixed in 2x 3 miles @ ~6:30
Also forgot to restart my watch for a bit so it was actually 16. Guess that’s what I get for talking on the phone while running",7533,24.60,180.0,225,false,,HOKA Mach 6 Pink twilight,activities/14281083604.fit.gz,,,7533.0,6832.0,24606.9,6.0,3.602,90.0,75.0,-8.0,15.0,17.9,0.1,,,90.0,83.0,180.0,158.0,,287.0,1784.0,,34.0,225.0,,,,,,,,,282.0,7442.0,0.0,,0.0,,1.0,24991.1,,,,,,,,,,,,,,,,18438024.0,,,,,,,,,,0.0,3.267,706.5,,,,18940.0,,,633.0,175.0,3.658,,,,,,,,media/820686CF-EEF2-433D-AA23-5B6E0E3DBC6A.jpg
13390223530,"Jan 18, 2025, 5:28:54 PM",Lunch Weight Training,Weight Training,I don’t know why I use my coros for this because it has no clue what I’m doing,2929,0,129.0,6,false,,,activities/14281938881.fit.gz,,,2929.0,2929.0,0.0,0.0,0.0,0.0,0.0,0.0,0.0,0.0,0.0,,,,,129.0,94.0,,,258.0,,34.0,6.0,,,,,,,,,,,0.0,,0.0,,1.0,,,,,,,,,,,,,,,,,,,,,,,,,,,0.0,0.0,0.0,,,,,,,,,,,,,,,,,""
13405619326,"Jan 20, 2025, 2:26:18 PM",Morning Run,Run,Only a few spots were kinda icy but nice to have the sun out at least,2721,8.76,172.0,71,false,,On Cloudeclipse Black,activities/14298697571.fit.gz,,,2721.0,2705.0,8762.0,4.0,3.239,40.0,54.0,4.0,25.0,22.2,-0.1,,,89.0,82.0,172.0,153.0,,258.0,672.0,,34.0,71.0,,,,,,,,,258.0,2722.0,0.0,,0.0,,1.0,8891.7,,,,,,,,,,,,,,,,17166280.0,,,,,,,,,,0.0,3.22,44.5,,,,7444.0,,,193.0,160.0,3.287,,,,,,,,""
13418554637,"Jan 21, 2025, 10:24:58 PM",Afternoon Run,Run,Actually 6.25 with incline repeats…. highest HR in a while,2868,7.30,192.0,120,false,,New Balance 1080 Black,activities/14312573961.fit.gz,,,2868.0,2868.0,7308.2,3.0,2.548,0.0,0.0,0.0,0.0,0.0,0.0,,,85.0,80.0,192.0,165.0,,,599.0,,35.0,120.0,,,,,,,,,,,0.0,,0.0,,1.0,7308.2,,,,,,,,,,,,,,,,20116580.0,,,,,,,,,,0.0,2.548,0.0,,,,7556.0,,,,,,,,,,,,,""
13418829580,"Jan 21, 2025, 11:34:19 PM",Evening Weight Training,Weight Training,Didn’t start until halfway through,1268,0,144.0,3,false,,,activities/14312861930.fit.gz,,,1268.0,1268.0,0.0,0.0,0.0,0.0,0.0,0.0,0.0,0.0,0.0,,,,,144.0,105.0,,,150.0,,35.0,3.0,,,,,,,,,,,0.0,,0.0,,1.0,,,,,,,,,,,,,,,,,,,,,,,,,,,0.0,0.0,0.0,,,,,,,,,,,,,,,,,""
13422593926,"Jan 22, 2025, 12:12:52 PM",🧊,Run,"-eyelashes froze my eyes partially shut
-neck gaiter froze to my jacket",2231,6.97,152.0,28,false,,ASICS Gel-Nimbus 25 White,activities/14316951344.fit.gz,,,2231.0,2231.0,6977.9,5.2,3.128,21.0,18.0,-1.0,9.0,13.5,0.1,,,86.0,82.0,152.0,142.0,,249.0,491.0,,32.0,28.0,,,,,,,,,248.0,2232.0,0.0,,0.0,,1.0,7082.1,,,,,,,,,,,,,,,,18357424.0,,,,,,,,,,0.0,3.128,458.5,,,,6142.0,,,147.0,154.0,3.174,,,,,,,,""
13427618651,"Jan 22, 2025, 11:22:36 PM",Evening Run,Run,,2372,8.08,171.0,54,false,,New Balance 1080 Black,activities/14322344846.fit.gz,,,2372.0,2372.0,8083.9,3.76,3.408,0.0,0.0,0.0,0.0,0.0,0.0,,,83.0,79.0,171.0,151.0,,,424.0,,35.0,54.0,,,,,,,,,,,,,0.0,,1.0,8083.2,,,,,,,,,,,,,,,,20116580.0,,,,,,,,,,0.0,3.408,0.0,,,,6306.0,,,,,,,,,,,,,""
13427759029,"Jan 23, 2025, 12:07:39 AM",Evening Weight Training,Weight Training,,1168,0,114.0,2,false,,,activities/14322493850.fit.gz,,,1168.0,1168.0,0.0,0.0,0.0,0.0,0.0,0.0,0.0,0.0,0.0,,,,,114.0,93.0,,,101.0,,35.0,2.0,,,,,,,,,,,,,0.0,,1.0,,,,,,,,,,,,,,,,,,,,,,,,,,,0.0,0.0,0.0,,,,,,,,,,,,,,,,,""
13436360456,"Jan 23, 2025, 11:26:16 PM",Heartbreak signature speed,Run,"First time @ 💔 
Did 2x 10’ @ tempo",5520,13.35,180.0,75,false,,PUMA Deviate Nitro 3 Sunset,activities/14331803035.fit.gz,,,5520.0,4006.0,13358.0,8.2,3.334,41.0,40.0,4.0,15.0,18.2,0.1,,,104.0,82.0,180.0,147.0,,254.0,914.0,,31.0,75.0,,,,,,,,,246.0,5160.0,0.0,,0.0,,1.0,13568.3,,,,,,,,,,,,,,,,19153764.0,,,,,,,,,,0.0,2.42,0.0,,,,10942.0,,,335.0,153.0,3.387,,,,,,,,""
13439738520,"Jan 24, 2025, 12:24:25 PM",🥐,Run,"",4785,6.76,166.0,24,false,,ASICS Gel-Nimbus 25 White,activities/14335504446.fit.gz,,,4785.0,2174.0,6767.0,5.7,3.113,23.0,28.0,5.0,21.0,21.1,-0.1,,,88.0,82.0,166.0,140.0,,239.0,468.0,,33.0,24.0,,,,,,,,,225.0,2670.0,0.0,,0.0,,1.0,6897.7,,,,,,,,,,,,,,,,18357424.0,,,,,,,,,,0.0,1.414,0.0,,,,5978.0,,,145.0,140.0,3.173,,,,,,,,""
13449651407,"Jan 25, 2025, 2:09:27 PM",Morning Run,Run,"Not feeling it today
These cold plunge bros are getting out of hand",6295,21.12,176.0,164,false,,HOKA Mach 6 Pink twilight,activities/14346285637.fit.gz,,,6295.0,6074.0,21126.0,5.7,3.478,74.0,72.0,10.0,20.0,20.0,0.0,,,87.0,83.0,176.0,154.0,,267.0,1506.0,,35.0,164.0,,,,,,,,,265.0,6297.0,0.0,,0.0,,1.0,21426.7,,,,,,,,,,,,,,,,18438024.0,,,,,,,,,,0.0,3.356,516.5,,,,16806.0,,,475.0,165.0,3.528,,,,,,,,media/2BACC535-1258-4B65-9AD2-51460E5CF9B1.jpg|media/5C3CD7F6-3902-41FE-92C3-AF1114F9E2B1.jpg
13450482250,"Jan 25, 2025, 4:24:42 PM",Lunch Weight Training,Weight Training,Legs,3451,0,161.0,13,false,,,activities/14347180475.fit.gz,,,3451.0,3451.0,0.0,0.0,0.0,0.0,0.0,0.0,0.0,0.0,0.0,,,,,161.0,109.0,,,388.0,,34.0,13.0,,,,,,,,,,,0.0,,0.0,,1.0,,,,,,,,,,,,,,,,,,,,,,,,,,,0.0,0.0,0.0,,,,,,,,,,,,,,,,,""
13469819894,"Jan 27, 2025, 9:59:41 PM",Afternoon Run,Run,Truck got storrow-ed,3671,10.89,147.0,23,false,,ASICS Gel-Nimbus 25 White,activities/14368332973.fit.gz,,,3671.0,3586.0,10893.0,4.5,3.038,44.0,35.0,0.0,16.0,18.8,0.0,,,86.0,80.0,147.0,135.0,,235.0,730.0,,35.0,23.0,,,,,,,,,233.0,3673.0,0.0,,0.0,,1.0,11088.9,,,,,,,,,,,,,,,,18357424.0,,,,,,,,,,0.0,2.967,316.0,,,,9568.0,,,214.0,145.0,3.092,,,,,,,,""
13478602555,"Jan 28, 2025, 9:44:33 PM",Afternoon Run,Run,Quick treadmill hills before Achilles,1651,5.68,179.0,46,false,,HOKA Mach 6 Pink twilight,activities/14377857804.fit.gz,,,1651.0,1651.0,5686.0,3.88,3.444,0.0,0.0,0.0,0.0,0.0,0.0,,,85.0,81.0,179.0,155.0,,,304.0,,34.0,46.0,,,,,,,,,,,0.0,,0.0,,1.0,5686.0,,,,,,,,,,,,,,,,18438024.0,,,,,,,,,,0.0,3.444,0.0,,,,4470.0,,,,,,,,,,,,,""
13479352039,"Jan 28, 2025, 10:49:43 PM",Afternoon Run,Run,Achilles,3886,8.91,174.0,27,false,,New Balance 1080 Black,activities/14378654311.fit.gz,,,3886.0,3291.0,8911.7,5.4,2.708,21.0,32.0,17.0,30.0,30.0,-0.1,,,87.0,81.0,174.0,132.0,,207.0,649.0,,34.0,27.0,,,,,,,,,204.0,3846.0,0.0,,0.0,,1.0,9063.3,,,,,,,,,,,,,,,,20116580.0,,,,,,,,,,0.0,2.293,16.5,,,,8752.0,,,171.0,127.0,2.754,,,,,,,,""
13483291286,"Jan 29, 2025, 12:09:48 PM",Morning Run,Run,More snow,2209,6.97,157.0,45,false,,On Cloudeclipse Black,activities/14382961219.fit.gz,,,2209.0,2209.0,6972.7,5.2,3.156,23.0,21.0,5.0,15.0,12.5,0.0,,,87.0,82.0,157.0,147.0,,247.0,527.0,,32.0,45.0,,,,,,,,,246.0,2210.0,0.0,,0.0,,1.0,7062.2,,,,,,,,,,,,,,,,17166280.0,,,,,,,,,,0.0,3.156,468.5,,,,6096.0,,,143.0,153.0,3.197,,,,,,,,""
13488194613,"Jan 29, 2025, 10:29:48 PM",Afternoon Weight Training,Weight Training,,2244,0,120.0,3,false,,,activities/14388269908.fit.gz,,,2244.0,2244.0,0.0,0.0,0.0,0.0,0.0,0.0,0.0,0.0,0.0,,,,,120.0,79.0,,,145.0,,34.0,3.0,,,,,,,,,,,,,0.0,,1.0,,,,,,,,,,,,,,,,,,,,,,,,,,,0.0,0.0,0.0,,,,,,,,,,,,,,,,,""
13492187276,"Jan 30, 2025, 11:55:43 AM",Morning Run,Run,"9x 3’
1-1.5 minute float",2885,10.72,182.0,124,false,,PUMA Deviate Nitro 3 Sunset,activities/14392633666.fit.gz,,,2885.0,2764.0,10723.6,6.6,3.88,49.0,53.0,6.0,24.0,17.6,0.0,,,94.0,85.0,182.0,167.0,,303.0,806.0,,30.0,124.0,,,,,,,,,304.0,2887.0,0.0,,0.0,,1.0,10877.3,,,,,,,,,,,,,,,,19153764.0,,,,,,,,,,0.0,3.717,525.2,,,,7926.0,,,286.0,189.0,3.935,,,,,,,,""
13501172819,"Jan 31, 2025, 12:24:47 PM",FRC,Run,"",5059,6.74,169.0,22,false,,New Balance 1080 Black,activities/14402421350.fit.gz,,,5059.0,2108.0,6745.0,6.4,3.2,12.0,18.0,12.0,27.0,48.0,0.2,,,89.0,83.0,169.0,139.0,,245.0,461.0,,31.0,22.0,,,,,,,,,234.0,2657.0,0.0,,0.0,,1.0,6915.1,,,,,,,,,,,,,,,,20116580.0,,,,,,,,,,0.0,1.333,0.0,,,,5878.0,,,155.0,145.0,3.28,,,,,,,,""
13504598272,"Jan 31, 2025, 9:32:38 PM",Afternoon Weight Training,Weight Training,,2219,0,109.0,2,false,,,activities/14406127502.fit.gz,,,2219.0,2219.0,0.0,0.0,0.0,0.0,0.0,0.0,0.0,0.0,0.0,,,,,109.0,72.0,,,115.0,,33.0,2.0,,,,,,,,,,,,,0.0,,1.0,,,,,,,,,,,,,,,,,,,,,,,,,,,0.0,0.0,0.0,,,,,,,,,,,,,,,,,""
13511416689,"Feb 1, 2025, 2:11:26 PM",Meh,Run,"Legs felt like jello for first 4 miles, had to stop multiple times but I pulled it out in the snow",6834,19.61,160.0,95,false,,On Cloudeclipse Black,activities/14413553969.fit.gz,,,6834.0,6124.0,19615.0,4.9,3.203,54.0,91.0,-1.0,46.0,28.6,-0.2,,,89.0,82.0,160.0,143.0,,248.0,1405.0,,33.0,95.0,,,,,,,,,237.0,6835.0,0.0,,0.0,,1.0,19838.5,,,,,,,,,,,,,,,,17166280.0,,,,,,,,,,0.0,2.87,791.0,,,,16806.0,,,410.0,147.0,3.239,,,,,,,,""
13512349199,"Feb 1, 2025, 4:46:13 PM",Lunch Weight Training,Weight Training,Legs + core,3816,0,151.0,9,false,,,activities/14414568113.fit.gz,,,3816.0,3816.0,0.0,0.0,0.0,0.0,0.0,0.0,0.0,0.0,0.0,,,,,151.0,96.0,,,344.0,,33.0,9.0,,,,,,,,,,,0.0,,0.0,,1.0,,,,,,,,,,,,,,,,,,,,,,,,,,,0.0,0.0,0.0,,,,,,,,,,,,,,,,,""
13532234409,"Feb 3, 2025, 9:51:52 PM",Afternoon Run,Run,,2849,8.74,151.0,29,false,,New Balance 1080 Black,activities/14436438040.fit.gz,,,2849.0,2745.0,8748.0,4.9,3.187,45.0,34.0,-8.0,15.0,18.5,0.1,,,86.0,81.0,151.0,139.0,,251.0,602.0,,34.0,29.0,,,,,,,,,247.0,2851.0,,,0.0,,1.0,8947.0,,,,,,,,,,,,,,,,20116580.0,,,,,,,,,,0.0,3.071,429.5,,,,7450.0,,,185.0,153.0,3.259,,,,,,,,""
13532524365,"Feb 3, 2025, 11:08:47 PM",Evening Ride,Ride,Trying out this heat suit thing,914,0,145.0,4,false,,,activities/14436746040.fit.gz,,,914.0,914.0,0.0,0.0,0.0,0.0,0.0,0.0,0.0,0.0,0.0,,,,0.0,145.0,125.0,,,124.0,,35.0,4.0,0.0,,,,,,,,,,0.0,,0.0,,1.0,,,,,,,,,,,,,,,,,,,,,,,,,,,0.0,0.0,0.0,,,,,,,,,,,,,,,,,""
13532776876,"Feb 3, 2025, 11:34:11 PM",Evening Weight Training,Weight Training,Arms + core,1723,0,140.0,4,false,,,activities/14437013766.fit.gz,,,1723.0,1723.0,0.0,0.0,0.0,0.0,0.0,0.0,0.0,0.0,0.0,,,,,140.0,97.0,,,162.0,,35.0,4.0,,,,,,,,,,,0.0,,0.0,,1.0,,,,,,,,,,,,,,,,,,,,,,,,,,,0.0,0.0,0.0,,,,,,,,,,,,,,,,,""
13536648066,"Feb 4, 2025, 12:04:24 PM",Morning Run,Run,4x4 but one long rest because Boston side was still icy,2288,8.59,185.0,87,false,,HOKA Mach 6 Pink twilight,activities/14441277513.fit.gz,,,2288.0,2259.0,8593.1,6.1,3.804,29.0,39.0,-5.0,13.0,35.3,-0.1,,,92.0,84.0,185.0,163.0,,291.0,636.0,,32.0,87.0,,,,,,,,,295.0,2289.0,0.0,,0.0,,1.0,8711.1,,,,,,,,,,,,,,,,18438024.0,,,,,,,,,,0.0,3.756,0.0,,,,6382.0,,,213.0,183.0,3.856,,,,,,,,""
13542195524,"Feb 4, 2025, 10:47:56 PM",Afternoon Run,Run,Achilles,3829,7.86,154.0,19,false,,New Balance 1080 Black,activities/14447269956.fit.gz,,,3829.0,2865.0,7861.0,4.7,2.744,31.0,40.0,-1.0,18.0,30.0,-0.2,,,87.0,81.0,154.0,125.0,,210.0,527.0,,33.0,19.0,,,,,,,,,198.0,3628.0,0.0,,0.0,,1.0,8019.4,,,,,,,,,,,,,,,,20116580.0,,,,,,,,,,0.0,2.053,134.0,,,,7724.0,,,152.0,123.0,2.799,,,,,,,,""
13550953052,"Feb 5, 2025, 9:42:25 PM",Afternoon Run,Run,"",2758,8.89,159.0,40,false,,ASICS Gel-Nimbus 25 White,activities/14456838982.fit.gz,,,2758.0,2758.0,8895.9,5.6,3.225,36.0,42.0,8.0,24.0,16.7,0.0,,,87.0,81.0,159.0,143.0,,253.0,634.0,,30.0,40.0,,,,,,,,,253.0,2759.0,0.0,,0.0,,1.0,9052.3,,,,,,,,,,,,,,,,18357424.0,,,,,,,,,,0.0,3.225,534.0,,,,7468.0,,,189.0,157.0,3.282,,,,,,,,""
13560545753,"Feb 6, 2025, 11:17:12 PM",Evening Run,Run,Snowy track and repeat run,5099,10.16,176.0,48,false,,PUMA Deviate Nitro 3 Sunset,activities/14467328063.fit.gz,,,5099.0,2930.0,10167.9,6.0,3.47,18.0,21.0,4.0,16.0,15.0,0.0,,,91.0,83.0,176.0,144.0,,263.0,684.0,,32.0,48.0,,,,,,,,,237.0,4477.0,0.0,,0.0,,1.0,10266.9,,,,,,,,,,,,,,,,19153764.0,,,,,,,,,,0.0,1.994,0.0,,,,8128.0,,,269.0,147.0,3.504,,,,,,,,""
13564157361,"Feb 7, 2025, 12:22:29 PM",FRC,Run,"",4913,6.70,168.0,19,false,,New Balance 1080 Black,activities/14471333172.fit.gz,,,4913.0,2112.0,6701.2,5.5,3.173,22.0,31.0,-4.0,13.0,18.5,-0.1,,,89.0,83.0,168.0,136.0,,242.0,451.0,,30.0,19.0,,,,,,,,,224.0,2707.0,0.0,,0.0,,1.0,6821.5,,,,,,,,,,,,,,,,20116580.0,,,,,,,,,,0.0,1.364,0.0,,,,5896.0,,,145.0,139.0,3.23,,,,,,,,""
13574298263,"Feb 8, 2025, 2:16:45 PM",Sunny & chilly,Run,"- 6m z3
- 6m @ 6:25 avg
- 2m cool down 
- 4x20” uphill strides",6867,24.20,180.0,231,false,,PUMA Deviate Nitro 3 Sunset,activities/14482443105.fit.gz,,,6867.0,6563.0,24199.0,6.5,3.687,74.0,76.0,6.0,20.0,20.0,0.0,,,96.0,84.0,180.0,160.0,,288.0,1786.0,,34.0,231.0,,,,,,,,,287.0,6869.0,0.0,,0.0,,1.0,24468.0,,,,,,,,,,,,,,,,19153764.0,,,,,,,,,,0.0,3.524,562.0,,,,18520.0,,,605.0,178.0,3.728,,,,,,,,""
13575165133,"Feb 8, 2025, 4:58:10 PM",Lunch Weight Training,Weight Training,Legs + core,3272,0,129.0,7,false,,,activities/14483387659.fit.gz,,,3272.0,3272.0,0.0,0.0,0.0,0.0,0.0,0.0,0.0,0.0,0.0,,,,,129.0,97.0,,,302.0,,34.0,7.0,,,,,,,,,,,0.0,,0.0,,1.0,,,,,,,,,,,,,,,,,,,,,,,,,,,0.0,0.0,0.0,,,,,,,,,,,,,,,,,""
13594623757,"Feb 10, 2025, 10:01:45 PM",Afternoon Run,Run,Just a quick run to grab an onion and a pepper,4662,13.30,151.0,49,false,,New Balance 1080 Black,activities/14504776254.fit.gz,,,4662.0,4229.0,13300.0,6.2,3.145,23.0,38.0,4.0,17.0,10.0,-0.1,,,87.0,81.0,151.0,140.0,,243.0,933.0,,34.0,49.0,,,,,,,,,235.0,4665.0,0.0,,0.0,,1.0,13428.3,,,,,,,,,,,,,,,,20116580.0,,,,,,,,,,0.0,2.853,296.0,,,,11476.0,,,276.0,146.0,3.175,,,,,,,,""
13603419939,"Feb 11, 2025, 9:39:23 PM",Tread 4x4,Run,Norwegian 4x4 as a warm up for Achilles,2216,8.05,186.0,87,false,,HOKA Mach 6 Pink twilight,activities/14514366888.fit.gz,,,2216.0,2142.0,8051.7,4.46,3.759,0.0,0.0,0.0,0.0,0.0,0.0,,,87.0,82.0,186.0,164.0,,,436.0,,35.0,87.0,,,,,,,,,,,0.0,,0.0,,1.0,8050.6,,,,,,,,,,,,,,,,18438024.0,,,,,,,,,,0.0,3.633,0.0,,,,5850.0,,,,,,,,,,,,,""
13604011701,"Feb 11, 2025, 10:45:18 PM",Afternoon Run,Run,Achilles,3543,5.67,158.0,18,false,,New Balance 1080 Black,activities/14514997488.fit.gz,,,3543.0,1983.0,5674.0,4.9,2.861,12.0,16.0,1.0,9.0,18.2,0.0,,,90.0,82.0,158.0,131.0,,220.0,393.0,,32.0,18.0,,,,,,,,,198.0,2822.0,0.0,,0.0,,1.0,5760.0,,,,,,,,,,,,,,,,20116580.0,,,,,,,,,,0.0,1.601,0.0,,,,5430.0,,,118.0,123.0,2.905,,,,,,,,""
13612775149,"Feb 12, 2025, 10:29:13 PM",Afternoon Run,Run,W/ [strava://athletes/83439714/6]J Patt,3752,9.33,167.0,24,false,,ASICS Gel-Nimbus 25 White,activities/14524530447.fit.gz,,,3752.0,3142.0,9332.5,8.2,2.97,75.0,61.0,22.0,37.0,27.3,0.0,,,92.0,83.0,167.0,136.0,,231.0,661.0,,34.0,24.0,,,,,,,,,230.0,3412.0,0.0,,0.0,,1.0,9627.9,,,,,,,,,,,,,,,,18357424.0,,,,,,,,,,0.0,2.487,196.5,,,,8708.0,,,193.0,143.0,3.064,,,,,,,,""
13613133374,"Feb 12, 2025, 11:59:59 PM",Uphill tread cooldown,Run,"",2563,2.21,165.0,12,false,,ASICS Gel-Nimbus 25 Sea foam,activities/14524912018.fit.gz,,,2563.0,643.0,2209.8,3.72,3.437,0.0,0.0,0.0,0.0,0.0,0.0,,,84.0,81.0,165.0,98.0,,,115.0,,33.0,12.0,,,,,,,,,,,0.0,,0.0,,1.0,2208.8,,,,,,,,,,,,,,,,20649978.0,,,,,,,,,,0.0,0.862,0.0,,,,1730.0,,,,,,,,,,,,,""
13613217943,"Feb 13, 2025, 12:44:28 AM",Evening Weight Training,Weight Training,,998,0,138.0,2,false,,,activities/14525002037.fit.gz,,,998.0,998.0,0.0,0.0,0.0,0.0,0.0,0.0,0.0,0.0,0.0,,,,,138.0,100.0,,,102.0,,34.0,2.0,,,,,,,,,,,,,0.0,,1.0,,,,,,,,,,,,,,,,,,,,,,,,,,,0.0,0.0,0.0,,,,,,,,,,,,,,,,,""
13621604104,"Feb 13, 2025, 11:23:26 PM",Still wet and slippery,Run,"-2x600@10k
-3x300@5k
-4x200@mile

14 minute tempo 
200 float in between",6141,14.35,176.0,89,false,,HOKA Mach 6 Pink twilight,activities/14534157647.fit.gz,,,6141.0,4006.0,14356.0,7.3,3.584,9.0,23.0,0.0,27.0,11.4,-0.2,,,98.0,84.0,176.0,150.0,,274.0,991.0,,32.0,89.0,,,,,,,,,269.0,4854.0,0.0,,0.0,,1.0,14490.8,,,,,,,,,,,,,,,,18438024.0,,,,,,,,,,0.0,2.338,0.0,,,,11322.0,,,376.0,167.0,3.617,,,,,,,,""
13625125617,"Feb 14, 2025, 12:25:36 PM",FRC,Run,❤️,5543,6.75,165.0,19,false,,New Balance 1080 Black,activities/14538068614.fit.gz,,,5543.0,2109.0,6758.0,5.7,3.204,28.0,32.0,-3.0,22.0,28.6,-0.2,,,92.0,84.0,165.0,136.0,,246.0,446.0,,31.0,19.0,,,,,,,,,231.0,2708.0,0.0,,0.0,,1.0,6893.1,,,,,,,,,,,,,,,,20116580.0,,,,,,,,,,0.0,1.219,0.0,,,,5922.0,,,154.0,143.0,3.268,,,,,,,,""
13636965693,"Feb 15, 2025, 2:48:22 PM",Morning Alpine Ski,Alpine Ski,"Fun having a big crew at the beast and teaching [strava://athletes/112369544/14]Brandon Sucher on his first time skiing 
[strava://athletes/133511556/11]Libby Evans [strava://athletes/114574556/11]Morgan Paul",22521,8.97,142.0,4,false,,,activities/14551069070.fit.gz,,,22521.0,2065.0,8978.0,12.9,4.348,1597.0,1382.0,673.0,1163.0,48.5,0.5,,,,34.0,142.0,96.0,,,954.0,,35.0,4.0,,6,,,,,,,,,0.0,,0.0,,1.0,,,,,,,,,,,,,,,,,,,,,,,,,,,0.0,0.399,2464.0,,,,,,,,,,,,,,,,,media/7C1288DC-CF52-499B-A709-9096AD3C4355.jpg|media/48B2280B-5147-46C9-96D0-FAACD6116A96.jpg
13644783889,"Feb 16, 2025, 3:43:58 PM",Killington? More like killingrun,Run,Running uphill in a foot of fresh snow is tough but nice to get out,3275,7.59,162.0,33,false,,New Balance 1080 Black,activities/14559634263.fit.gz,,,3275.0,2762.0,7592.0,4.7,2.749,202.0,169.0,259.0,420.0,47.4,0.4,,,88.0,82.0,162.0,139.0,,225.0,602.0,,33.0,33.0,,,,,,,,,216.0,3276.0,0.0,,0.0,,1.0,8464.1,,,,,,,,,,,,,,,,20116580.0,,,,,,,,,,0.0,2.318,7592.0,,,,7558.0,,,163.0,134.0,3.064,,,,,,,,media/B094C4E8-F7BB-4C20-BF35-D18B2FF48E6D.jpg|media/C8825CB6-5D07-4F19-BD3B-938580B6B430.jpg|media/8A36E819-4141-4D57-8DEB-B7B1DDF6733E.jpg|media/9F4CC6B5-AC72-4E8D-A5B1-9A7762C855F6.jpg
13655386185,"Feb 17, 2025, 9:52:39 PM",Easy tread 6,Run,12-week build to Ogden marathon starts today,3051,9.67,156.0,50,false,,ASICS Gel-Nimbus 25 Sea foam,activities/14571303159.fit.gz,,,3051.0,3051.0,9677.2,3.54,3.172,0.0,0.0,0.0,0.0,0.0,0.0,,,82.0,79.0,156.0,144.0,,,515.0,,35.0,50.0,,,,,,,,,,,0.0,,0.0,,1.0,9677.2,,,,,,,,,,,,,,,,20649978.0,,,,,,,,,,0.0,3.172,0.0,,,,8038.0,,,,,,,,,,,,,""
13655538198,"Feb 17, 2025, 10:47:34 PM",Afternoon Weight Training,Weight Training,Core,1097,0,122.0,2,false,,,activities/14571465069.fit.gz,,,1097.0,1097.0,0.0,0.0,0.0,0.0,0.0,0.0,0.0,0.0,0.0,,,,,122.0,96.0,,,102.0,,35.0,2.0,,,,,,,,,,,0.0,,0.0,,1.0,,,,,,,,,,,,,,,,,,,,,,,,,,,0.0,0.0,0.0,,,,,,,,,,,,,,,,,""
13665313816,"Feb 18, 2025, 10:46:41 PM",Achilles,Run,Careful of the ice… apparently not all road in Boston were plowed or salted…,5285,7.56,156.0,17,false,,New Balance 1080 Black,activities/14582096151.fit.gz,,,5285.0,2619.0,7560.1,4.7,2.887,34.0,33.0,6.0,22.0,30.0,-0.1,,,90.0,82.0,156.0,130.0,,222.0,511.0,,30.0,17.0,,,,,,,,,206.0,3399.0,0.0,,0.0,,1.0,7747.5,,,,,,,,,,,,,,,,20116580.0,,,,,,,,,,0.0,1.43,0.0,,,,7140.0,,,154.0,128.0,2.958,,,,,,,,""
13668997729,"Feb 19, 2025, 11:43:39 AM",Tread to protect knee,Run,"-2 mile WU
-4 mile @ ~6:40
-2 mile cooldown
Knee still a bit stiff but loosened up after about 20 minutes",3953,12.92,188.0,163,false,,HOKA Mach 6 Pink twilight,activities/14586160471.fit.gz,,,3953.0,3708.0,12928.0,4.04,3.487,0.0,0.0,0.0,0.0,0.0,0.0,,,88.0,83.0,188.0,165.0,,,773.0,,36.0,163.0,,,,,,,,,,,0.0,,0.0,,1.0,12928.0,,,,,,,,,,,,,,,,18438024.0,,,,,,,,,,0.0,3.27,0.0,,,,10248.0,,,,,,,,,,,,,""
13673760992,"Feb 19, 2025, 10:03:32 PM",Afternoon Weight Training,Weight Training,Arms/chest,2706,0,140.0,5,false,,,activities/14591329316.fit.gz,,,2706.0,2706.0,0.0,0.0,0.0,0.0,0.0,0.0,0.0,0.0,0.0,,,,,140.0,92.0,,,230.0,,34.0,5.0,,,,,,,,,,,0.0,,0.0,,1.0,,,,,,,,,,,,,,,,,,,,,,,,,,,0.0,0.0,0.0,,,,,,,,,,,,,,,,,""
13677878867,"Feb 20, 2025, 12:07:46 PM",Morning Run,Run,,2342,7.24,156.0,40,false,,New Balance 1080 Black,activities/14595857637.fit.gz,,,2342.0,2342.0,7247.0,3.48,3.094,0.0,0.0,0.0,0.0,0.0,0.0,,,85.0,81.0,156.0,145.0,,,398.0,,35.0,40.0,,,,,,,,,,,,,0.0,,1.0,7246.1,,,,,,,,,,,,,,,,20116580.0,,,,,,,,,,0.0,3.094,0.0,,,,6364.0,,,,,,,,,,,,,""
13686773948,"Feb 21, 2025, 12:24:11 PM",FRC,Run,Managed to not slip on ice today 🙌,4832,6.75,157.0,19,false,,New Balance 1080 Black,activities/14605600530.fit.gz,,,4832.0,2219.0,6752.3,5.3,3.043,27.0,30.0,2.0,18.0,19.0,-0.1,,,89.0,84.0,157.0,134.0,,233.0,459.0,,31.0,19.0,,,,,,,,,217.0,2784.0,0.0,,0.0,,1.0,6901.1,,,,,,,,,,,,,,,,20116580.0,,,,,,,,,,0.0,1.397,0.0,,,,6226.0,,,140.0,135.0,3.11,,,,,,,,""
13697356272,"Feb 22, 2025, 2:25:46 PM",New shoes who dis,Run,"Woke up and looked at my shoes and said “cut loose bi*****” 
2(6(1’-1’)) 
Sets @ mile 4&8
Practicing higher carb intake:
54 g first hour
36 g second hour",8243,25.81,184.0,271,false,,New Balance rebel v4 Barbie pink,activities/14617147018.fit.gz,,,8243.0,7420.0,25818.9,4.16,3.48,0.0,0.0,0.0,0.0,0.0,0.0,,,88.0,82.0,184.0,159.0,,,1489.0,,35.0,271.0,,,,,,,,,,,0.0,,0.0,,1.0,25818.9,,,,,,,,,,,,,,,,21924872.0,,,,,,,,,,0.0,3.132,0.0,,,,20274.0,,,,,,,,,,,,,media/5F434CD4-A02F-4840-BA36-B183AE3BDF4D.jpg
13697727528,"Feb 22, 2025, 4:56:27 PM",Lunch Weight Training,Weight Training,Legs,1684,0,154.0,6,false,,,activities/14617555283.fit.gz,,,1684.0,1684.0,0.0,0.0,0.0,0.0,0.0,0.0,0.0,0.0,0.0,,,,,154.0,113.0,,,208.0,,33.0,6.0,,,,,,,,,,,0.0,,0.0,,1.0,,,,,,,,,,,,,,,,,,,,,,,,,,,0.0,0.0,0.0,,,,,,,,,,,,,,,,,""
13706071822,"Feb 23, 2025, 2:14:27 PM",Morning Ride,Ride,Equinox spin class with [strava://athletes/133511556/11]Libby Evans,2731,0,179.0,49,false,,,activities/14626646988.fit.gz,,,2731.0,2731.0,0.0,0.0,0.0,0.0,0.0,0.0,0.0,0.0,0.0,,,,0.0,179.0,143.0,,,458.0,,35.0,49.0,0.0,,,,,,,,,,0.0,,0.0,,1.0,,,,,,,,,,,,,,,,,,,,,,,,,,,0.0,0.0,0.0,,,,,,,,,,,,,,,,,""
13713192085,"Feb 24, 2025, 11:59:05 AM",Easy + strides,Run,This ice is getting old…,2567,7.47,160.0,19,false,,New Balance 1080 Black,activities/14634446112.fit.gz,,,2567.0,2336.0,7475.0,6.7,3.2,12.0,20.0,10.0,19.0,27.3,0.0,,,95.0,82.0,160.0,137.0,,243.0,499.0,,32.0,19.0,,,,,,,,,232.0,2569.0,0.0,,0.0,,1.0,7566.7,,,,,,,,,,,,,,,,20116580.0,,,,,,,,,,0.0,2.912,472.0,,,,6414.0,,,148.0,144.0,3.239,,,,,,,,""
13718021593,"Feb 24, 2025, 10:36:43 PM",Heat suit + high power,Ride,Coros asking me 20 questions before starting my workout,1045,0,162.0,11,false,,,activities/14639676854.fit.gz,,,1045.0,1045.0,0.0,0.0,0.0,0.0,0.0,0.0,0.0,0.0,0.0,,,,0.0,162.0,135.0,,,161.0,,36.0,11.0,0.0,,,,,,,,,,0.0,,0.0,,1.0,,,,,,,,,,,,,,,,,,,,,,,,,,,0.0,0.0,0.0,,,,,,,,,,,,,,,,,""
13718308400,"Feb 24, 2025, 10:57:54 PM",Afternoon Weight Training,Weight Training,Core + chest,1984,0,130.0,4,false,,,activities/14639981340.fit.gz,,,1984.0,1984.0,0.0,0.0,0.0,0.0,0.0,0.0,0.0,0.0,0.0,,,,,130.0,90.0,,,171.0,,35.0,4.0,,,,,,,,,,,0.0,,0.0,,1.0,,,,,,,,,,,,,,,,,,,,,,,,,,,0.0,0.0,0.0,,,,,,,,,,,,,,,,,""
13727983202,"Feb 25, 2025, 10:43:18 PM",Achilles,Run,"",3814,6.14,152.0,12,false,,New Balance 1080 Black,activities/14650435565.fit.gz,,,3814.0,2196.0,6143.0,5.6,2.797,10.0,11.0,11.0,20.0,15.4,0.0,,,100.0,81.0,152.0,124.0,,215.0,395.0,,32.0,12.0,,,,,,,,,187.0,3452.0,0.0,,0.0,,1.0,6266.9,,,,,,,,,,,,,,,,20116580.0,,,,,,,,,,0.0,1.611,0.0,,,,5874.0,,,129.0,116.0,2.854,,,,,,,,""
13732019578,"Feb 26, 2025, 11:51:05 AM",Track hasn’t caught the memo,Run,"Still icy on the track… very icy
8x800 @ <10k
400 jog in between
Legs weren’t feeling it but we crushed it anyway",3701,12.45,185.0,124,false,,HOKA Mach 6 Pink twilight,activities/14654848431.fit.gz,,,3701.0,3270.0,12450.0,6.3,3.807,19.0,28.0,5.0,15.0,17.6,-0.1,,,92.0,85.0,185.0,162.0,,295.0,908.0,,32.0,124.0,,,,,,,,,294.0,3703.0,0.0,,0.0,,1.0,12553.0,,,,,,,,,,,,,,,,18438024.0,,,,,,,,,,0.0,3.364,0.0,,,,9294.0,,,343.0,183.0,3.839,,,,,,,,""
13744055191,"Feb 27, 2025, 5:44:02 PM",Duke friend run,Run,"Such great weather here
+ 4x25” hill strides",4354,8.08,174.0,33,false,,New Balance 1080 Black,activities/14667918326.fit.gz,,,4354.0,2548.0,8088.5,6.0,3.174,108.0,96.0,129.0,155.0,44.8,0.1,,,94.0,82.0,174.0,141.0,,251.0,571.0,,34.0,33.0,,,,,,,,,239.0,3024.0,0.0,,0.0,,1.0,8508.6,,,,,,,,,,,,,,,,20116580.0,,,,,,,,,,0.0,1.858,0.0,,,,6970.0,,,184.0,148.0,3.339,,,,,,,,""
13750875493,"Feb 28, 2025, 2:15:27 PM",FRC NC,Run,QOTD: who did it better: da Vinci or snoop dogg?,3065,9.00,163.0,45,false,,New Balance 1080 Black,activities/14675304933.fit.gz,,,3065.0,2838.0,9005.0,5.2,3.173,119.0,124.0,116.0,157.0,20.0,0.0,,,91.0,82.0,163.0,144.0,,253.0,654.0,,32.0,45.0,,,,,,,,,249.0,3066.0,0.0,,0.0,,1.0,9355.3,,,,,,,,,,,,,,,,20116580.0,,,,,,,,,,0.0,2.938,0.0,,,,7778.0,,,204.0,155.0,3.296,,,,,,,,media/A879DCBB-A2A0-4CEB-ADCA-ECAC7F9CA384.jpg|media/63869812-E724-4808-B3AF-F5ED95619598.jpg|media/480911D3-2E8B-4188-B081-163AF3DA01B9.jpg
13760814449,"Mar 1, 2025, 2:10:38 PM",Nothing like the ATT,Run,"Lowkey spiritual experience on the att but no ancestors seen
-6 m WU
- 9 m progression: open @ 7:50 , close at 6:25
- 2 m CD
SIS beta fuel chews taste disgusting but work great",8161,27.49,181.0,231,false,,New Balance rebel v4 Barbie pink,activities/14686107849.fit.gz,,,8161.0,7843.0,27493.0,5.1,3.505,135.0,118.0,63.0,103.0,10.0,0.1,,,89.0,83.0,181.0,156.0,,273.0,2056.0,,34.0,231.0,,,,,,,,,276.0,8030.0,0.0,,0.0,,1.0,27895.7,,,,,,,,,,,,,,,,21924872.0,,,,,,,,,,0.0,3.369,4711.5,,,,21836.0,,,653.0,171.0,3.557,,,,,,,,""
13781645862,"Mar 3, 2025, 9:55:45 PM",Easy tread,Run,Though these shoes keep making my left foot go numb…,3591,11.28,160.0,84,false,,ASICS Gel-Nimbus 25 Sea foam,activities/14708822475.fit.gz,,,3591.0,3558.0,11286.5,3.66,3.172,0.0,0.0,0.0,0.0,0.0,0.0,,,84.0,78.0,160.0,150.0,,,631.0,,35.0,84.0,,,,,,,,,,,0.0,,0.0,,1.0,11286.5,,,,,,,,,,,,,,,,20649978.0,,,,,,,,,,0.0,3.143,0.0,,,,9360.0,,,,,,,,,,,,,""
13791866055,"Mar 4, 2025, 10:34:21 PM",Achilles and then some,Run,"Plus strides
Map is wonky due to some walking in between",6206,11.29,160.0,26,false,,New Balance 1080 Timberwolf,activities/14719840141.fit.gz,,,6206.0,3604.0,11291.4,5.5,3.133,48.0,37.0,26.0,39.0,19.0,0.0,,,93.0,81.0,160.0,132.0,,241.0,726.0,,34.0,26.0,,,,,,,,,215.0,4968.0,0.0,,0.0,,1.0,11563.3,,,,,,,,,,,,,,,,17166304.0,,,,,,,,,,0.0,1.819,526.5,,,,9800.0,,,246.0,134.0,3.208,,,,,,,,""
13795527801,"Mar 5, 2025, 11:58:00 AM",Track’s back,Run,"12x400 w/ 400 jog
84, 84, 85, 83, 84, 85, 
83, 84, 84, 83, 79, 75",3634,12.89,187.0,150,false,,HOKA Mach 6 Pink twilight,activities/14723830151.fit.gz,,,3634.0,3248.0,12898.0,6.1,3.971,17.0,13.0,14.0,17.0,21.4,0.0,,,95.0,84.0,187.0,168.0,,306.0,952.0,,33.0,150.0,,,,,,,,,305.0,3636.0,0.0,,0.0,,1.0,13007.2,,,,,,,,,,,,,,,,18438024.0,,,,,,,,,,0.0,3.549,0.0,,,,9174.0,,,361.0,189.0,4.005,,,,,,,,""
13809396257,"Mar 6, 2025, 9:31:13 PM",No vomeros for me :(,Run,Couldn’t make it work but next time,2216,7.00,149.0,26,false,,New Balance 1080 Black,activities/14738825229.fit.gz,,,2216.0,2184.0,7006.5,6.0,3.208,16.0,17.0,7.0,17.0,11.1,0.0,,,86.0,80.0,149.0,141.0,,251.0,489.0,,34.0,26.0,,,,,,,,,247.0,2217.0,0.0,,0.0,,1.0,7086.1,,,,,,,,,,,,,,,,20116580.0,,,,,,,,,,0.0,3.162,465.5,,,,5844.0,,,144.0,153.0,3.245,,,,,,,,""
13814225941,"Mar 7, 2025, 11:59:40 AM",FRC in a tempest,Run,"",6379,10.62,160.0,34,false,,New Balance 1080 Timberwolf,activities/14744064255.fit.gz,,,6379.0,3354.0,10628.0,6.0,3.169,65.0,73.0,5.0,22.0,19.0,-0.1,,,92.0,83.0,160.0,137.0,,247.0,719.0,,33.0,34.0,,,,,,,,,238.0,3874.0,0.0,,0.0,,1.0,10887.7,,,,,,,,,,,,,,,,17166304.0,,,,,,,,,,0.0,1.666,235.0,,,,9336.0,,,235.0,148.0,3.246,,,,,,,,""
13825323439,"Mar 8, 2025, 2:01:43 PM",Steady state run,Run,"- 1 mile WU
- 15 mile steady state ~7:25
- 1 mile CD
Pro tip:
Put anti-chafe stickers on before you’re already sweaty 🙃 
107 g carbs first hour
101 g carbs second hour
SIS beta fuel gels are 10/10 (n=1)",9186,27.38,170.0,218,false,,New Balance rebel v4 Barbie pink,activities/14756109940.fit.gz,,,9186.0,7761.0,27379.9,4.22,3.528,0.0,0.0,0.0,0.0,0.0,0.0,,,87.0,82.0,170.0,149.0,,,1492.0,,36.0,218.0,,,,,,,,,,,0.0,,0.0,,1.0,27379.3,,,,,,,,,,,,,,,,21924872.0,,,,,,,,,,0.0,2.981,0.0,,,,21480.0,,,,,,,,,,,,,media/774FD1D0-FCAD-4BDF-A2DC-F2D231BD3E41.jpg
13825876345,"Mar 8, 2025, 4:45:44 PM",Lunch Weight Training,Weight Training,Legs,2679,0,134.0,7,false,,,activities/14756712794.fit.gz,,,2679.0,2679.0,0.0,0.0,0.0,0.0,0.0,0.0,0.0,0.0,0.0,,,,,134.0,105.0,,,279.0,,34.0,7.0,,,,,,,,,,,0.0,,0.0,,1.0,,,,,,,,,,,,,,,,,,,,,,,,,,,0.0,0.0,0.0,,,,,,,,,,,,,,,,,""
13846984770,"Mar 10, 2025, 9:35:06 PM",Crowded,Run,Can tell Boston is sick of winter,3159,10.04,161.0,60,false,,New Balance 1080 Black,activities/14779690792.fit.gz,,,3159.0,3009.0,10048.0,6.7,3.339,24.0,27.0,4.0,18.0,12.9,0.0,,,87.0,81.0,161.0,146.0,,260.0,714.0,,33.0,60.0,,,,,,,,,254.0,3160.0,0.0,,0.0,,1.0,10174.6,,,,,,,,,,,,,,,,20116580.0,,,,,,,,,,0.0,3.181,467.5,,,,8174.0,,,218.0,158.0,3.381,,,,,,,,""
13847328652,"Mar 10, 2025, 10:48:00 PM",Evening Weight Training,Weight Training,Core + chest,1754,0,133.0,3,false,,,activities/14780054735.fit.gz,,,1754.0,1754.0,0.0,0.0,0.0,0.0,0.0,0.0,0.0,0.0,0.0,,,,,133.0,90.0,,,161.0,,34.0,3.0,,,,,,,,,,,0.0,,0.0,,1.0,,,,,,,,,,,,,,,,,,,,,,,,,,,0.0,0.0,0.0,,,,,,,,,,,,,,,,,""
13856416679,"Mar 11, 2025, 8:33:18 PM",Lovely but unfortunately windy,Run,"Probably would’ve lost my new SWAP hat in the wind if I kept it on the whole time. 
4 strides at the end",4216,13.20,159.0,65,false,,ASICS Gel-Nimbus 25 White,activities/14789833976.fit.gz,,,4216.0,3918.0,13206.3,6.6,3.371,62.0,50.0,2.0,17.0,38.5,0.1,,,99.0,81.0,159.0,144.0,,263.0,907.0,,34.0,65.0,,,,,,,,,253.0,4218.0,0.0,,0.0,,1.0,13521.1,,,,,,,,,,,,,,,,18357424.0,,,,,,,,,,0.0,3.132,569.5,,,,10684.0,,,289.0,157.0,3.451,,,,,,,,""
13861904817,"Mar 12, 2025, 12:58:33 PM",Recharge day,Run,"No office work means track work instead

3 x 2400m @
6:14, 6:08, 5:52 (pace)",3226,11.31,185.0,115,false,,New Balance rebel v4 Barbie pink,activities/14795799016.fit.gz,,,3226.0,2820.0,11309.0,5.4,4.01,9.0,16.0,10.0,17.0,12.0,0.0,,,92.0,85.0,185.0,165.0,,306.0,801.0,,31.0,115.0,,,,,,,,,301.0,3227.0,0.0,,0.0,,1.0,11378.0,,,,,,,,,,,,,,,,21924872.0,,,,,,,,,,0.0,3.506,0.0,,,,8100.0,,,313.0,187.0,4.035,,,,,,,,""
13865673324,"Mar 12, 2025, 8:28:17 PM",Ultra legs,Weight Training,+ core,2888,0,153.0,8,false,,,activities/14799862848.fit.gz,,,2888.0,2888.0,0.0,0.0,0.0,0.0,0.0,0.0,0.0,0.0,0.0,,,,,153.0,102.0,,,303.0,,33.0,8.0,,,,,,,,,,,0.0,,0.0,,1.0,,,,,,,,,,,,,,,,,,,,,,,,,,,0.0,0.0,0.0,,,,,,,,,,,,,,,,,""
13870098302,"Mar 13, 2025, 11:17:59 AM",Easy is a feeling,Run,Not strictly heart rate,2472,8.06,155.0,39,false,,New Balance 1080 Black,activities/14804664814.fit.gz,,,2472.0,2466.0,8067.0,8.6,3.271,19.0,23.0,5.0,14.0,11.1,0.0,,,87.0,82.0,155.0,144.0,,255.0,570.0,,32.0,39.0,,,,,,,,,254.0,2473.0,0.0,,0.0,,1.0,8165.9,,,,,,,,,,,,,,,,20116580.0,,,,,,,,,,0.0,3.263,471.5,,,,6824.0,,,171.0,158.0,3.311,,,,,,,,""
13879938260,"Mar 14, 2025, 11:12:25 AM",FRC,Run,"Plus some hill strides
False spring #3 is pretty nice",6533,9.07,173.0,29,false,,ASICS Gel-Nimbus 25 White,activities/14814554479.fit.gz,,,6533.0,2913.0,9070.0,5.8,3.114,33.0,45.0,5.0,24.0,48.6,-0.1,,,96.0,83.0,173.0,136.0,,238.0,617.0,,32.0,29.0,,,,,,,,,229.0,3436.0,0.0,,0.0,,1.0,9298.5,,,,,,,,,,,,,,,,18357424.0,,,,,,,,,,0.0,1.388,324.0,,,,8098.0,,,192.0,142.0,3.192,,,,,,,,""
13891160579,"Mar 15, 2025, 1:47:52 PM",Easy… but not that easy,Run,"Don’t think the ice cream cake last night helped on this run but it was worth it. 
[strava://athletes/133511556/11]Libby Evans joined for one of the loops
Should’ve brought more carbs… 214 g total
Finished with popup bagel",11226,30.61,159.0,132,false,,New Balance 1080 Black,activities/14826745666.fit.gz,,,11226.0,9975.0,30610.0,7.0,3.069,79.0,71.0,-12.0,11.0,38.1,0.1,,,87.0,81.0,159.0,140.0,,239.0,2206.0,,34.0,132.0,,,,,,,,,239.0,10255.0,0.0,,0.0,,1.0,31036.4,,,,,,,,,,,,,,,,20116580.0,,,,,,,,,,0.0,2.727,799.5,,,,27144.0,,,625.0,148.0,3.111,,,,,,,,media/BA5120D4-7C35-42A0-B4F4-0F8BACEBB98D.jpg
13898885328,"Mar 16, 2025, 1:14:50 PM",Morning Weight Training,Weight Training,Ultra legs + extras,2175,0,137.0,4,false,,,activities/14835159133.fit.gz,,,2175.0,2175.0,0.0,0.0,0.0,0.0,0.0,0.0,0.0,0.0,0.0,,,,,137.0,87.0,,,173.0,,32.0,4.0,,,,,,,,,,,0.0,,0.0,,1.0,,,,,,,,,,,,,,,,,,,,,,,,,,,0.0,0.0,0.0,,,,,,,,,,,,,,,,,""
13911483680,"Mar 17, 2025, 9:35:37 PM",Easy,Run,I think we can count my lime yellow rain jacket as green today,3728,11.56,151.0,41,false,,On Cloudeclipse Black,activities/14848870026.fit.gz,,,3728.0,3568.0,11564.0,5.8,3.241,29.0,34.0,1.0,12.0,38.1,0.0,,,86.0,80.0,151.0,139.0,,251.0,781.0,,35.0,41.0,,,,,,,,,246.0,3730.0,0.0,,0.0,,1.0,11728.2,,,,,,,,,,,,,,,,17166280.0,,,,,,,,,,0.0,3.102,297.0,,,,9610.0,,,242.0,153.0,3.287,,,,,,,,""
13911693667,"Mar 17, 2025, 10:58:12 PM",Uphill tread,Run,"",594,1.98,155.0,11,false,,ASICS Gel-Nimbus 25 Sea foam,activities/14849091438.fit.gz,,,594.0,594.0,1979.3,3.5,3.332,0.0,0.0,0.0,0.0,0.0,0.0,,,83.0,81.0,155.0,146.0,,,102.0,,34.0,11.0,,,,,,,,,,,0.0,,0.0,,1.0,1979.0,,,,,,,,,,,,,,,,20649978.0,,,,,,,,,,0.0,3.332,0.0,,,,1588.0,,,,,,,,,,,,,""
13911890673,"Mar 17, 2025, 11:10:29 PM",Evening Weight Training,Weight Training,Chest + shoulders,1549,0,132.0,3,false,,,activities/14849299613.fit.gz,,,1549.0,1549.0,0.0,0.0,0.0,0.0,0.0,0.0,0.0,0.0,0.0,,,,,132.0,96.0,,,156.0,,35.0,3.0,,,,,,,,,,,0.0,,0.0,,1.0,,,,,,,,,,,,,,,,,,,,,,,,,,,0.0,0.0,0.0,,,,,,,,,,,,,,,,,""
13921538284,"Mar 18, 2025, 9:29:58 PM",Achilles with Kai,Run,And warm up + strides,5730,7.52,160.0,29,false,,ASICS Gel-Nimbus 25 White,activities/14859727296.fit.gz,,,5730.0,2219.0,7521.0,7.2,3.389,16.0,19.0,6.0,19.0,14.3,-0.1,,,96.0,82.0,160.0,138.0,,258.0,485.0,,30.0,29.0,,,,,,,,,216.0,3597.0,0.0,,0.0,,1.0,7668.1,,,,,,,,,,,,,,,,18357424.0,,,,,,,,,,0.0,1.313,231.5,,,,6132.0,,,179.0,134.0,3.456,,,,,,,,""
13930866630,"Mar 19, 2025, 8:31:31 PM",Cold fog,Run,"5 x mile @ 6:08-5:56
400 m jog between",4819,16.14,183.0,152,false,,New Balance rebel v4 Barbie pink,activities/14869840033.fit.gz,,,4819.0,4374.0,16143.0,5.8,3.691,33.0,37.0,5.0,11.0,10.5,0.0,,,93.0,84.0,183.0,160.0,,285.0,1186.0,,32.0,152.0,,,,,,,,,288.0,4821.0,0.0,,0.0,,1.0,16282.0,,,,,,,,,,,,,,,,21924872.0,,,,,,,,,,0.0,3.35,465.0,,,,12324.0,,,428.0,179.0,3.722,,,,,,,,""
13931185902,"Mar 19, 2025, 10:19:54 PM",Evening Weight Training,Weight Training,"Ultra legs + core
Quite exhausted",1358,0,135.0,4,false,,,activities/14870181426.fit.gz,,,1358.0,1358.0,0.0,0.0,0.0,0.0,0.0,0.0,0.0,0.0,0.0,,,,,135.0,108.0,,,167.0,,33.0,4.0,,,,,,,,,,,0.0,,0.0,,1.0,,,,,,,,,,,,,,,,,,,,,,,,,,,0.0,0.0,0.0,,,,,,,,,,,,,,,,,""
13935117066,"Mar 20, 2025, 10:58:55 AM",Legs burning,Run,Yesterdays workouts left me basically hobbling this morning,3595,11.29,153.0,46,false,,ASICS Gel-Nimbus 25 White,activities/14874454846.fit.gz,,,3595.0,3563.0,11291.0,5.3,3.169,50.0,47.0,6.0,21.0,22.2,0.0,,,87.0,82.0,153.0,142.0,,248.0,819.0,,32.0,46.0,,,,,,,,,247.0,3596.0,0.0,,0.0,,1.0,11488.8,,,,,,,,,,,,,,,,18357424.0,,,,,,,,,,0.0,3.141,516.5,,,,9820.0,,,234.0,153.0,3.224,,,,,,,,""
13945311222,"Mar 21, 2025, 11:12:55 AM",FRC,Run,"Thought I was done with raincoats for the season but no
+ strides",5872,8.23,169.0,25,false,,On Cloudeclipse Black,activities/14885463130.fit.gz,,,5872.0,2701.0,8236.5,6.3,3.049,34.0,32.0,9.0,25.0,23.5,-0.1,,,94.0,83.0,169.0,136.0,,235.0,583.0,,32.0,25.0,,,,,,,,,222.0,3301.0,0.0,,0.0,,1.0,8407.1,,,,,,,,,,,,,,,,17166280.0,,,,,,,,,,0.0,1.403,234.5,,,,7494.0,,,174.0,138.0,3.113,,,,,,,,media/2DA8010B-5F23-439B-A76B-629E884F9E44.jpg|media/E3468141-206A-4268-9183-8FE8F9A1DCFB.jpg
13955827854,"Mar 22, 2025, 1:06:13 PM",Rough one,Run,"Supposed to do 2x3m @ 6:30 or faster but my hr was way too high from the beginning
Really need these water fountains to be turned back on…",10182,30.86,187.0,310,false,,HOKA Mach 6 Pink twilight,activities/14896765479.fit.gz,,,10182.0,8977.0,30864.2,5.3,3.438,143.0,118.0,-12.0,13.0,14.3,0.1,,,88.0,83.0,187.0,160.0,,268.0,2482.0,,33.0,310.0,,,,,,,,,263.0,10107.0,0.0,,0.0,,1.0,31360.8,,,,,,,,,,,,,,,,18438024.0,,,,,,,,,,0.0,3.031,697.0,,,,24912.0,,,747.0,163.0,3.493,,,,,,,,""
13963715557,"Mar 23, 2025, 12:21:02 PM",Morning Weight Training,Weight Training,Shoulders / arms,1810,0,141.0,3,false,,,activities/14905271532.fit.gz,,,1810.0,1810.0,0.0,0.0,0.0,0.0,0.0,0.0,0.0,0.0,0.0,,,,,141.0,89.0,,,158.0,,27.0,3.0,,,,,,,,,,,0.0,,0.0,,1.0,,,,,,,,,,,,,,,,,,,,,,,,,,,0.0,0.0,0.0,,,,,,,,,,,,,,,,,""
13965852939,"Mar 23, 2025, 2:46:46 PM",Yoga,Workout,Probably should do more of this,4537,0,113.0,6,false,,,activities/14907550163.fit.gz,,,4537.0,4537.0,0.0,0.0,0.0,0.0,0.0,0.0,0.0,0.0,0.0,,,,16.0,113.0,74.0,,,213.0,,29.0,6.0,,,,,,,,,,,0.0,,0.0,,1.0,,,,,,,,,,,,,,,,,,,,,,,,,,,0.0,0.0,0.0,,,,,,,,,,,,,,,,,""
13976775702,"Mar 24, 2025, 8:21:20 PM",Tread,Run,I’m tired of having wet and cold feet while running,3089,9.66,150.0,31,false,,New Balance 1080 Black,activities/14919313966.fit.gz,,,3089.0,3089.0,9661.1,3.36,3.128,0.0,0.0,0.0,0.0,0.0,0.0,,,84.0,79.0,150.0,139.0,,,496.0,,35.0,31.0,,,,,,,,,,,0.0,,0.0,,1.0,9661.1,,,,,,,,,,,,,,,,20116580.0,,,,,,,,,,0.0,3.128,0.0,,,,8228.0,,,,,,,,,,,,,""
13976940090,"Mar 24, 2025, 9:15:37 PM",Core,Weight Training,"",1204,0,119.0,2,false,,,activities/14919491398.fit.gz,,,1204.0,1204.0,0.0,0.0,0.0,0.0,0.0,0.0,0.0,0.0,0.0,,,,,119.0,95.0,,,124.0,,35.0,2.0,,,,,,,,,,,0.0,,0.0,,1.0,,,,,,,,,,,,,,,,,,,,,,,,,,,0.0,0.0,0.0,,,,,,,,,,,,,,,,,""
13987746186,"Mar 25, 2025, 9:45:38 PM",Achilles,Run,Finally got the shirt,5937,9.18,165.0,35,false,,New Balance 1080 Black,activities/14930988087.fit.gz,,,5937.0,2794.0,9185.0,7.8,3.287,26.0,33.0,0.0,29.0,16.7,-0.2,,,91.0,82.0,165.0,139.0,,249.0,623.0,,31.0,35.0,,,,,,,,,224.0,4043.0,0.0,,0.0,,1.0,9360.4,,,,,,,,,,,,,,,,20116580.0,,,,,,,,,,0.0,1.547,266.5,,,,7626.0,,,217.0,139.0,3.35,,,,,,,,media/75419601-2DDE-4261-8239-8B34444FC8B8.jpg
13991634095,"Mar 26, 2025, 10:51:48 AM",Keep the weather like this,Run,"7x1k
3:49, 3:47, 3:42, 3:40, 3:40, 3:43, 3:32
Felt strong today despite some tightness in my right leg
120g carbs probably helped",4444,14.54,183.0,115,false,,New Balance rebel v4 Barbie pink,activities/14935177063.fit.gz,,,4444.0,3854.0,14547.3,5.5,3.775,12.0,15.0,4.0,12.0,14.0,0.0,,,92.0,84.0,183.0,157.0,,292.0,1035.0,,33.0,115.0,,,,,,,,,296.0,4408.0,0.0,,0.0,,1.0,14645.5,,,,,,,,,,,,,,,,21924872.0,,,,,,,,,,0.0,3.273,0.0,,,,10838.0,,,414.0,184.0,3.8,,,,,,,,""
13996604207,"Mar 26, 2025, 8:51:24 PM",Ultra legs,Weight Training,"",1588,0,144.0,3,false,,,activities/14940479524.fit.gz,,,1588.0,1588.0,0.0,0.0,0.0,0.0,0.0,0.0,0.0,0.0,0.0,,,,,144.0,95.0,,,173.0,,33.0,3.0,,,,,,,,,,,0.0,,0.0,,1.0,,,,,,,,,,,,,,,,,,,,,,,,,,,0.0,0.0,0.0,,,,,,,,,,,,,,,,,""
14001226371,"Mar 27, 2025, 11:20:52 AM",Morning Run,Run,"",2535,8.33,152.0,36,false,,New Balance 1080 Black,activities/14945451143.fit.gz,,,2535.0,2513.0,8331.0,6.9,3.315,37.0,36.0,10.0,22.0,9.1,0.0,,,87.0,82.0,152.0,143.0,,259.0,583.0,,31.0,36.0,,,,,,,,,257.0,2537.0,,,0.0,,1.0,8459.9,,,,,,,,,,,,,,,,20116580.0,,,,,,,,,,0.0,3.286,502.0,,,,6950.0,,,179.0,160.0,3.366,,,,,,,,""
14010729171,"Mar 28, 2025, 11:18:56 AM",FRC,Run,Team prep for Sunday’s Cambridge Classic,5926,8.07,163.0,23,false,,New Balance 1080 Black,activities/14955669919.fit.gz,,,5926.0,2526.0,8073.0,7.4,3.196,23.0,29.0,14.0,27.0,35.3,0.0,,,90.0,83.0,163.0,134.0,,247.0,530.0,,31.0,23.0,,,,,,,,,232.0,3130.0,0.0,,0.0,,1.0,8198.3,,,,,,,,,,,,,,,,20116580.0,,,,,,,,,,0.0,1.362,237.5,,,,6968.0,,,180.0,144.0,3.246,,,,,,,,""
14019534850,"Mar 29, 2025, 12:27:44 PM",Morning Weight Training,Weight Training,Quick upper lift,831,0,126.0,1,false,,,activities/14965165874.fit.gz,,,831.0,831.0,0.0,0.0,0.0,0.0,0.0,0.0,0.0,0.0,0.0,,,,,126.0,89.0,,,74.0,,31.0,1.0,,,,,,,,,,,0.0,,0.0,,1.0,,,,,,,,,,,,,,,,,,,,,,,,,,,0.0,0.0,0.0,,,,,,,,,,,,,,,,,""
14020394344,"Mar 29, 2025, 1:33:34 PM",Bagelsaurus,Run,With [strava://athletes/133511556/11]Libby Evans to get best bagels in Cambridge,1853,4.62,158.0,7,false,,New Balance 1080 Black,activities/14966088166.fit.gz,,,1853.0,1619.0,4628.0,6.3,2.859,22.0,18.0,8.0,18.0,20.0,0.1,,,95.0,83.0,158.0,126.0,,218.0,306.0,,33.0,7.0,,,,,,,,,204.0,1855.0,0.0,,0.0,,1.0,4735.5,,,,,,,,,,,,,,,,20116580.0,,,,,,,,,,0.0,2.498,0.0,,,,4472.0,,,82.0,127.0,2.925,,,,,,,,""
14030276853,"Mar 30, 2025, 1:26:31 PM",Cambridge classic,Run,Big all time 5k PR! Thanks to FRC and [strava://athletes/26273186/13]Andrew McCann for the motivation and pacing :),1250,5.03,197.0,70,false,,Nike AlphaFly 3,activities/14976741299.fit.gz,,,1250.0,1040.0,5036.0,7.2,4.842,20.0,17.0,21.0,30.0,6.3,0.1,,,93.0,89.0,197.0,183.0,,378.0,354.0,,30.0,70.0,,,,,,,,,375.0,1041.0,0.0,,0.0,,1.0,5082.8,,,,,,,,,,,,,,,,17620432.0,,,,,,,,,,0.0,4.029,0.0,,,,3096.0,,,156.0,233.0,4.887,,,,,,,,media/6FCE116C-6467-4C8D-9465-FB343C1B2D2A.jpg|media/6344B1EA-DFFE-474D-A122-FF11E49C18F9.mp4
14037823122,"Mar 31, 2025, 11:05:19 AM",Morning jaunt,Run,"With [strava://athletes/83439714/6]J Patt , [strava://athletes/55543036/14]Jack Guardiola
Crazy fog this morning too
+ [strava://athletes/58294598/14]Isabel Meskers flyby",3352,7.67,151.0,11,false,,New Balance 1080 Black,activities/14984906053.fit.gz,,,3352.0,2688.0,7678.5,5.3,2.857,22.0,23.0,22.0,29.0,15.4,0.0,,,89.0,82.0,151.0,121.0,,220.0,478.0,,31.0,11.0,,,,,,,,,203.0,3353.0,0.0,,0.0,,1.0,7815.0,,,,,,,,,,,,,,,,20116580.0,,,,,,,,,,0.0,2.291,845.5,,,,7380.0,,,147.0,126.0,2.907,,,,,,,,media/090FDF35-3756-474F-9359-282C4C7B8DE3.jpg|media/E895FC4A-306F-4BE2-8C79-F671A4060A0C.jpg
14043105776,"Mar 31, 2025, 9:00:43 PM",Double,Run,Run to dinner w/ [strava://athletes/133511556/11]Libby Evans,5216,14.72,170.0,70,false,,New Balance 1080 Black,activities/14990536900.fit.gz,,,5216.0,4494.0,14720.4,5.8,3.276,67.0,49.0,7.0,36.0,19.0,0.2,,,89.0,81.0,170.0,144.0,,256.0,1051.0,,35.0,70.0,,,,,,,,,246.0,5061.0,0.0,,0.0,,1.0,15020.3,,,,,,,,,,,,,,,,20116580.0,,,,,,,,,,0.0,2.822,680.0,,,,12250.0,,,328.0,153.0,3.342,,,,,,,,""
14052764147,"Apr 1, 2025, 8:41:38 PM",Afternoon Run,Run,"",2060,6.45,150.0,22,false,,ASICS Gel-Nimbus 25 Sea foam,activities/15000818608.fit.gz,,,2060.0,2060.0,6458.5,3.48,3.135,0.0,0.0,0.0,0.0,0.0,0.0,,,83.0,79.0,150.0,140.0,,,332.0,,35.0,22.0,,,,,,,,,,,0.0,,0.0,,1.0,6457.8,,,,,,,,,,,,,,,,20649978.0,,,,,,,,,,0.0,3.135,0.0,,,,5456.0,,,,,,,,,,,,,""
14052885514,"Apr 1, 2025, 9:25:32 PM",Uphill tread,Run,10% average grade,551,1.21,167.0,15,false,,ASICS Gel-Nimbus 25 Sea foam,activities/15000947743.fit.gz,,,551.0,532.0,1213.8,3.4,2.282,0.0,0.0,0.0,0.0,0.0,0.0,,,82.0,79.0,167.0,155.0,,,100.0,,36.0,15.0,,,,,,,,,,,0.0,,0.0,,1.0,1213.8,,,,,,,,,,,,,,,,20649978.0,,,,,,,,,,0.0,2.203,0.0,,,,1384.0,,,,,,,,,,,,,""
14062942596,"Apr 2, 2025, 8:51:50 PM",Afternoon Run,Run,Z2+strides,3485,10.62,170.0,37,false,,New Balance 1080 Black,activities/15011590586.fit.gz,,,3485.0,3203.0,10619.3,6.8,3.315,29.0,33.0,6.0,20.0,28.6,0.1,,,98.0,81.0,170.0,140.0,,256.0,725.0,,34.0,37.0,,,,,,,,,247.0,3486.0,0.0,,0.0,,1.0,10787.7,,,,,,,,,,,,,,,,20116580.0,,,,,,,,,,0.0,3.047,467.0,,,,8744.0,,,227.0,153.0,3.368,,,,,,,,""
14067444543,"Apr 3, 2025, 10:52:25 AM",12x400 @5k,Run,"W/ 300m jog 
Only bad thing about a new 5k pb is these have to be faster now
+ [strava://athletes/3235905/11]Marc Elosua putting in work 💪",3811,13.11,185.0,132,false,,PUMA Deviate Nitro 3 Sunset,activities/15016337441.fit.gz,,,3811.0,3492.0,13113.1,6.2,3.755,28.0,15.0,3.0,19.0,10.0,0.1,,,94.0,83.0,185.0,162.0,,288.0,985.0,,33.0,132.0,,,,,,,,,292.0,3812.0,0.0,,0.0,,1.0,13251.9,,,,,,,,,,,,,,,,19153764.0,,,,,,,,,,0.0,3.441,0.0,,,,9760.0,,,347.0,181.0,3.795,,,,,,,,""
14072169534,"Apr 3, 2025, 8:22:22 PM",Afternoon Weight Training,Weight Training,Legs + core,1377,0,133.0,3,false,,,activities/15021306256.fit.gz,,,1377.0,1377.0,0.0,0.0,0.0,0.0,0.0,0.0,0.0,0.0,0.0,,,,,133.0,94.0,,,144.0,,28.0,3.0,,,,,,,,,,,0.0,,0.0,,1.0,,,,,,,,,,,,,,,,,,,,,,,,,,,0.0,0.0,0.0,,,,,,,,,,,,,,,,,""
14077411755,"Apr 4, 2025, 11:24:05 AM",FRC,Run,"",5116,6.85,167.0,24,false,,ASICS Gel-Nimbus 25 Sea foam,activities/15026814508.fit.gz,,,5116.0,2267.0,6854.6,5.5,3.024,23.0,27.0,22.0,39.0,16.7,-0.1,,,85.0,81.0,167.0,139.0,,236.0,504.0,,33.0,24.0,,,,,,,,,219.0,2847.0,0.0,,0.0,,1.0,6962.9,,,,,,,,,,,,,,,,20649978.0,,,,,,,,,,0.0,1.34,0.0,,,,6050.0,,,146.0,136.0,3.071,,,,,,,,""
14087230022,"Apr 5, 2025, 12:56:41 PM",Playing it safe,Run,Hamstring not in great shape… took a 0 off of my distance goal,1414,3.23,151.0,12,false,,New Balance 1080 Black,activities/15037142792.fit.gz,,,1414.0,1029.0,3231.6,6.5,3.141,9.0,20.0,10.0,23.0,45.5,0.1,,,84.0,80.0,151.0,138.0,,238.0,227.0,,33.0,12.0,,,,,,,,,224.0,1278.0,0.0,,0.0,,1.0,3354.0,,,,,,,,,,,,,,,,20116580.0,,,,,,,,,,0.0,2.285,283.6,,,,2750.0,,,68.0,139.0,3.259,,,,,,,,""
14088148250,"Apr 5, 2025, 2:14:22 PM",Heat suit ride,Ride,Accidentally joined a spin class in a heat suit,1570,0,152.0,10,false,,,activities/15038111506.fit.gz,,,1570.0,1570.0,0.0,0.0,0.0,0.0,0.0,0.0,0.0,0.0,0.0,,,,0.0,152.0,127.0,,,218.0,,35.0,10.0,0.0,,,,,,,,,,0.0,,0.0,,1.0,,,,,,,,,,,,,,,,,,,,,,,,,,,0.0,0.0,0.0,,,,,,,,,,,,,,,,,""
14088382608,"Apr 5, 2025, 2:53:22 PM",Morning Weight Training,Weight Training,"",958,0,111.0,1,false,,,activities/15038358324.fit.gz,,,958.0,958.0,0.0,0.0,0.0,0.0,0.0,0.0,0.0,0.0,0.0,,,,,111.0,84.0,,,96.0,,34.0,1.0,,,,,,,,,,,,,0.0,,1.0,,,,,,,,,,,,,,,,,,,,,,,,,,,0.0,0.0,0.0,,,,,,,,,,,,,,,,,""
14110947408,"Apr 7, 2025, 9:27:32 PM",Afternoon Ride,Ride,Hopefully last day of cross train only,2455,0,151.0,25,false,,,activities/15061998437.fit.gz,,,2455.0,2455.0,0.0,0.0,0.0,0.0,0.0,0.0,0.0,0.0,0.0,,,,0.0,151.0,135.0,,,375.0,,35.0,25.0,0.0,,,,,,,,,,0.0,,0.0,,1.0,,,,,,,,,,,,,,,,,,,,,,,,,,,0.0,0.0,0.0,,,,,,,,,,,,,,,,,""
14111204206,"Apr 7, 2025, 10:11:42 PM",Evening Weight Training,Weight Training,Chest + arms,1658,0,140.0,3,false,,,activities/15062257604.fit.gz,,,1658.0,1658.0,0.0,0.0,0.0,0.0,0.0,0.0,0.0,0.0,0.0,,,,,140.0,88.0,,,147.0,,35.0,3.0,,,,,,,,,,,0.0,,0.0,,1.0,,,,,,,,,,,,,,,,,,,,,,,,,,,0.0,0.0,0.0,,,,,,,,,,,,,,,,,""
14121147810,"Apr 8, 2025, 9:03:40 PM",Afternoon Run,Run,"Nice to get back on feet, still slight discomfort but progress for sure",2912,8.19,148.0,28,false,,ASICS Gel-Nimbus 25 Sea foam,activities/15072609874.fit.gz,,,2912.0,2912.0,8196.6,3.22,2.815,0.0,0.0,0.0,0.0,0.0,0.0,,,84.0,77.0,148.0,139.0,,,464.0,,34.0,28.0,,,,,,,,,,,0.0,,0.0,,1.0,8196.1,,,,,,,,,,,,,,,,20649978.0,,,,,,,,,,0.0,2.815,0.0,,,,7498.0,,,,,,,,,,,,,""
14121317307,"Apr 8, 2025, 10:00:44 PM",Evening Weight Training,Weight Training,Core,1013,0,123.0,2,false,,,activities/15072782755.fit.gz,,,1013.0,1013.0,0.0,0.0,0.0,0.0,0.0,0.0,0.0,0.0,0.0,,,,,123.0,95.0,,,94.0,,35.0,2.0,,,,,,,,,,,0.0,,0.0,,1.0,,,,,,,,,,,,,,,,,,,,,,,,,,,0.0,0.0,0.0,,,,,,,,,,,,,,,,,""
14131254729,"Apr 9, 2025, 8:52:52 PM",The sun is out at least,Run,Still not convinced it’s spring but I’m happy to be able to run outside,2795,8.75,163.0,40,false,,New Balance 1080 Black,activities/15083126099.fit.gz,,,2795.0,2738.0,8756.0,7.42,3.198,41.0,41.0,7.0,19.0,15.4,0.0,,,88.0,80.0,163.0,143.0,,250.0,636.0,,35.0,40.0,,,,,,,,,247.0,2796.0,0.0,,0.0,,1.0,8898.1,,,,,,,,,,,,,,,,20116580.0,,,,,,,,,,0.0,3.133,470.4,,,,7336.0,,,182.0,153.0,3.25,,,,,,,,""
14140876525,"Apr 10, 2025, 8:58:48 PM",Afternoon Run,Run,Zone 2 podcast almost convincing me to pay for Strava premium [strava://athletes/119849680/11]Brian Coven,3532,11.08,154.0,53,false,,ASICS Gel-Nimbus 25 Sea foam,activities/15093156596.fit.gz,,,3532.0,3452.0,11081.9,4.8,3.21,36.0,37.0,-1.0,12.0,14.3,0.0,,,85.0,80.0,154.0,143.0,,250.0,800.0,,34.0,53.0,,,,,,,,,248.0,3534.0,0.0,,0.0,,1.0,11239.5,,,,,,,,,,,,,,,,20649978.0,,,,,,,,,,0.0,3.138,523.0,,,,9210.0,,,232.0,154.0,3.256,,,,,,,,""
14145583701,"Apr 11, 2025, 11:25:06 AM",FRC,Run,"",5056,6.79,168.0,21,false,,New Balance 1080 Black,activities/15098073954.fit.gz,,,5056.0,2247.0,6798.7,6.26,3.026,22.0,25.0,21.0,33.0,48.9,0.1,,,87.0,82.0,168.0,136.0,,230.0,486.0,,33.0,21.0,,,,,,,,,222.0,2728.0,0.0,,0.0,,1.0,6956.5,,,,,,,,,,,,,,,,20116580.0,,,,,,,,,,0.0,1.345,0.0,,,,6158.0,,,144.0,138.0,3.096,,,,,,,,""
14156701074,"Apr 12, 2025, 1:17:23 PM",Not in April,Run,"Can’t do snow + feels like 19 in April for nearly 2 hours
Feeling much better, looking forward to a full week of work next 😎",7097,19.36,184.0,150,false,,HOKA Mach 6 Pink twilight,activities/15109717018.fit.gz,,,7097.0,6005.0,19365.4,3.68,3.225,0.0,0.0,0.0,0.0,0.0,0.0,,,85.0,80.0,184.0,145.0,,,1103.0,,36.0,150.0,,,,,,,,,,,0.0,,0.0,,1.0,19365.4,,,,,,,,,,,,,,,,18438024.0,,,,,,,,,,0.0,2.729,0.0,,,,15932.0,,,,,,,,,,,,,""
14157678019,"Apr 12, 2025, 3:33:31 PM",Lunch Weight Training,Weight Training,Legs,1386,0,140.0,4,false,,,activities/15110754273.fit.gz,,,1386.0,1386.0,0.0,0.0,0.0,0.0,0.0,0.0,0.0,0.0,0.0,,,,,140.0,106.0,,,172.0,,35.0,4.0,,,,,,,,,,,0.0,,0.0,,1.0,,,,,,,,,,,,,,,,,,,,,,,,,,,0.0,0.0,0.0,,,,,,,,,,,,,,,,,""
14173640301,"Apr 14, 2025, 11:01:42 AM",Finally some sun,Run,And not too cold either,2535,8.14,157.0,51,false,,New Balance 1080 Black,activities/15127522909.fit.gz,,,2535.0,2496.0,8143.0,5.8,3.262,32.0,37.0,6.0,19.0,10.5,0.0,,,86.0,81.0,157.0,147.0,,255.0,605.0,,32.0,51.0,,,,,,,,,253.0,2537.0,0.0,,0.0,,1.0,8277.9,,,,,,,,,,,,,,,,20116580.0,,,,,,,,,,0.0,3.212,203.5,,,,6750.0,,,173.0,157.0,3.316,,,,,,,,""
14188337474,"Apr 15, 2025, 8:43:12 PM",Afternoon Weight Training,Weight Training,Shoulders + chest,1593,0,136.0,3,false,,,activities/15142818387.fit.gz,,,1593.0,1593.0,0.0,0.0,0.0,0.0,0.0,0.0,0.0,0.0,0.0,,,,,136.0,90.0,,,150.0,,34.0,3.0,,,,,,,,,,,0.0,,0.0,,1.0,,,,,,,,,,,,,,,,,,,,,,,,,,,0.0,0.0,0.0,,,,,,,,,,,,,,,,,""
14188813202,"Apr 15, 2025, 9:47:22 PM",Rain,Run,Can really sneak up on you,2100,6.49,165.0,38,false,,On Cloudeclipse Black,activities/15143308810.fit.gz,,,2100.0,2035.0,6490.5,5.5,3.189,19.0,38.0,-8.0,14.0,23.7,-0.3,,,89.0,80.0,165.0,147.0,,252.0,499.0,,36.0,38.0,,,,,,,,,248.0,2101.0,0.0,,0.0,,1.0,6601.6,,,,,,,,,,,,,,,,17166280.0,,,,,,,,,,0.0,3.091,235.5,,,,5484.0,,,138.0,154.0,3.244,,,,,,,,""
14193214147,"Apr 16, 2025, 10:48:20 AM",So back,Run,"- 2 x (3’ on, 2’ off)
- 2 miles @ HMP 
- 2 x (3’ on,  2’ off)
WU + CD",3456,12.39,185.0,131,false,,New Balance rebel v4 Barbie pink,activities/15147892128.fit.gz,,,3456.0,3283.0,12390.1,5.6,3.774,32.0,31.0,10.0,21.0,16.0,0.0,,,90.0,84.0,185.0,164.0,,299.0,958.0,,32.0,131.0,,,,,,,,,302.0,3457.0,0.0,,0.0,,1.0,12519.6,,,,,,,,,,,,,,,,21924872.0,,,,,,,,,,0.0,3.585,235.0,,,,9208.0,,,338.0,188.0,3.813,,,,,,,,""
14198132287,"Apr 16, 2025, 9:11:25 PM",Afternoon Ride,Ride,Heatsuit,1964,0,152.0,15,false,,,activities/15153013173.fit.gz,,,1964.0,1964.0,0.0,0.0,0.0,0.0,0.0,0.0,0.0,0.0,0.0,,,,0.0,152.0,130.0,,,288.0,,36.0,15.0,0.0,,,,,,,,,,0.0,,0.0,,1.0,,,,,,,,,,,,,,,,,,,,,,,,,,,0.0,0.0,0.0,,,,,,,,,,,,,,,,,""
14198330934,"Apr 16, 2025, 9:55:02 PM",Afternoon Weight Training,Weight Training,Core,1385,0,122.0,2,false,,,activities/15153218962.fit.gz,,,1385.0,1385.0,0.0,0.0,0.0,0.0,0.0,0.0,0.0,0.0,0.0,,,,,122.0,90.0,,,139.0,,35.0,2.0,,,,,,,,,,,0.0,,0.0,,1.0,,,,,,,,,,,,,,,,,,,,,,,,,,,0.0,0.0,0.0,,,,,,,,,,,,,,,,,""
14207439264,"Apr 17, 2025, 8:53:48 PM",Afternoon Run,Run,"",2570,8.39,156.0,51,false,,ASICS Gel-Nimbus 25 Sea foam,activities/15162721485.fit.gz,,,2570.0,2548.0,8398.0,5.1,3.296,54.0,58.0,12.0,25.0,10.5,0.0,,,85.0,80.0,156.0,146.0,,263.0,623.0,,34.0,51.0,,,,,,,,,261.0,2572.0,0.0,,0.0,,1.0,8570.8,,,,,,,,,,,,,,,,20649978.0,,,,,,,,,,0.0,3.268,601.0,,,,6856.0,,,187.0,162.0,3.364,,,,,,,,""
14212810968,"Apr 18, 2025, 11:22:45 AM",FRC,Run,Beautiful day,5604,6.77,171.0,20,false,,ASICS Gel-Nimbus 25 Sea foam,activities/15168333218.fit.gz,,,5604.0,2152.0,6773.9,5.5,3.148,22.0,29.0,7.0,19.0,45.5,0.0,,,90.0,82.0,171.0,136.0,,241.0,467.0,,31.0,20.0,,,,,,,,,228.0,2725.0,0.0,,0.0,,1.0,6920.6,,,,,,,,,,,,,,,,20649978.0,,,,,,,,,,0.0,1.209,0.0,,,,5882.0,,,152.0,142.0,3.216,,,,,,,,""
14224200979,"Apr 19, 2025, 12:43:09 PM",2x 3 mile,Run,Seeing Clayton young and Conner mantz was the highlight of this run even if they were casually running literally as fast as me sprinting,8891,28.99,183.0,327,false,,New Balance rebel v4 Barbie pink,activities/15180258865.fit.gz,,,8891.0,8243.0,28993.6,5.4,3.517,62.0,58.0,-8.0,11.0,30.0,0.0,,,90.0,83.0,183.0,164.0,,277.0,2399.0,,35.0,327.0,,,,,,,,,273.0,8850.0,0.0,,0.0,,1.0,29336.9,,,,,,,,,,,,,,,,21924872.0,,,,,,,,,,0.0,3.261,1018.5,,,,23012.0,,,708.0,170.0,3.559,,,,,,,,""
14232437833,"Apr 20, 2025, 12:10:24 PM",🐇,Run,Rest day but had to get out today,1891,5.09,151.0,22,false,,HOKA Mach 6 Pink twilight,activities/15188900598.fit.gz,,,1891.0,1594.0,5097.0,6.6,3.198,40.0,42.0,-4.0,11.0,10.5,0.0,,,85.0,82.0,151.0,142.0,,251.0,369.0,,32.0,22.0,,,,,,,,,241.0,1802.0,0.0,,0.0,,1.0,5212.0,,,,,,,,,,,,,,,,18438024.0,,,,,,,,,,0.0,2.695,271.5,,,,4384.0,,,112.0,150.0,3.27,,,,,,,,""
14256605581,"Apr 22, 2025, 8:40:26 PM",Afternoon Run,Run,"",2986,8.61,169.0,49,false,,New Balance 1080 Black,activities/15214205900.fit.gz,,,2986.0,2564.0,8609.7,7.7,3.358,41.0,39.0,8.0,22.0,16.7,0.0,,,96.0,81.0,169.0,146.0,,264.0,626.0,,34.0,49.0,,,,,,,,,248.0,2988.0,,,0.0,,1.0,8784.6,,,,,,,,,,,,,,,,20116580.0,,,,,,,,,,0.0,2.883,606.0,,,,6938.0,,,196.0,154.0,3.426,,,,,,,,""
14261580641,"Apr 23, 2025, 10:45:50 AM",8x800,Run,"Nice to share the track with the man [strava://athletes/120650493/12]Devin Miller 
Splits were 10k-5k
2:54, 2:52, 2:51, 2:49, 2:52, 2:49, 2:50, 2:47",3923,14.18,189.0,144,false,,New Balance rebel v4 Barbie pink,activities/15219397579.fit.gz,,,3923.0,3753.0,14187.3,6.2,3.78,13.0,18.0,11.0,17.0,14.3,0.0,,,93.0,83.0,189.0,163.0,,296.0,1082.0,,33.0,144.0,,,,,,,,,311.0,3925.0,0.0,,0.0,,1.0,14281.7,,,,,,,,,,,,,,,,21924872.0,,,,,,,,,,0.0,3.616,406.0,,,,10446.0,,,406.0,193.0,3.805,,,,,,,,""
14267039148,"Apr 23, 2025, 9:11:51 PM",Afternoon Weight Training,Weight Training,Legs,2375,0,139.0,4,false,,,activities/15225077404.fit.gz,,,2375.0,2375.0,0.0,0.0,0.0,0.0,0.0,0.0,0.0,0.0,0.0,,,,,139.0,87.0,,,185.0,,33.0,4.0,,,,,,,,,,,0.0,,0.0,,1.0,,,,,,,,,,,,,,,,,,,,,,,,,,,0.0,0.0,0.0,,,,,,,,,,,,,,,,,""
14271663520,"Apr 24, 2025, 11:12:36 AM",Morning Run,Run,"",2552,8.23,152.0,40,false,,ASICS Gel-Nimbus 25 Sea foam,activities/15229909809.fit.gz,,,2552.0,2542.0,8237.1,4.7,3.24,18.0,25.0,4.0,13.0,38.1,0.0,,,85.0,82.0,152.0,144.0,,256.0,605.0,,33.0,40.0,,,,,,,,,255.0,2553.0,0.0,,0.0,,1.0,8337.7,,,,,,,,,,,,,,,,20649978.0,,,,,,,,,,0.0,3.228,503.5,,,,6954.0,,,177.0,158.0,3.28,,,,,,,,""
14276529582,"Apr 24, 2025, 9:09:28 PM",Afternoon Weight Training,Weight Training,Upper + core,2047,0,119.0,4,false,,,activities/15234987487.fit.gz,,,2047.0,2047.0,0.0,0.0,0.0,0.0,0.0,0.0,0.0,0.0,0.0,,,,,119.0,88.0,,,189.0,,34.0,4.0,,,,,,,,,,,0.0,,0.0,,1.0,,,,,,,,,,,,,,,,,,,,,,,,,,,0.0,0.0,0.0,,,,,,,,,,,,,,,,,""
14281556768,"Apr 25, 2025, 11:25:31 AM",FRC 🍌 🍞,Run,"",5036,6.80,157.0,16,false,,ASICS Gel-Nimbus 25 White,activities/15240242529.fit.gz,,,5036.0,2229.0,6805.0,5.8,3.053,27.0,24.0,24.0,37.0,21.1,0.0,,,88.0,82.0,157.0,135.0,,239.0,477.0,,33.0,16.0,,,,,,,,,223.0,2728.0,0.0,,0.0,,1.0,6933.7,,,,,,,,,,,,,,,,18357424.0,,,,,,,,,,0.0,1.351,0.0,,,,6138.0,,,145.0,139.0,3.111,,,,,,,,""
14292417787,"Apr 26, 2025, 1:03:03 PM",Really rainy,Run,"",3179,7.91,172.0,44,false,,New Balance 1080 Black,activities/15251625438.fit.gz,,,3179.0,2523.0,7910.0,5.2,3.135,34.0,28.0,9.0,21.0,18.2,0.1,,,87.0,82.0,172.0,146.0,,245.0,612.0,,35.0,44.0,,,,,,,,,238.0,2914.0,0.0,,0.0,,1.0,8066.0,,,,,,,,,,,,,,,,20116580.0,,,,,,,,,,0.0,2.488,185.5,,,,6888.0,,,177.0,148.0,3.197,,,,,,,,""
14304775350,"Apr 27, 2025, 3:05:15 PM",James Joyce ramble,Run,Not bad for not being mentally in it and having nerve pain in my hip… didn’t wanna overextend,2301,10.08,192.0,147,false,,Nike AlphaFly 3,activities/15264580215.fit.gz,,,2301.0,2301.0,10079.0,5.4,4.38,67.0,64.0,28.0,44.0,13.3,0.0,,,91.0,86.0,192.0,180.0,,351.0,771.0,,30.0,147.0,,,,,,,,,350.0,2302.0,0.0,,0.0,,1.0,10237.9,,,,,,,,,,,,,,,,17620432.0,,,,,,,,,,0.0,4.38,0.0,,,,6606.0,,,301.0,217.0,4.449,,,,,,,,media/24A61E44-8216-483F-B6FC-6B6F8BC46BD3.jpg|media/0B4E2CCF-71F6-42A4-9956-B8BC77B91A08.jpg
14306252698,"Apr 27, 2025, 6:44:57 PM",Ouch,Run,"Coach called it an “extended cooldown” but I think extended suffering is more appropriate
But something hit me 5 miles in and I couldn’t slow down (maybe the 35 mph tailwind gusts)",4156,14.15,173.0,133,false,,HOKA Mach 6 Pink twilight,activities/15266131902.fit.gz,,,4156.0,4096.0,14151.0,4.8,3.455,53.0,60.0,3.0,18.0,27.3,0.0,,,89.0,82.0,173.0,159.0,,273.0,1138.0,,34.0,133.0,,,,,,,,,272.0,4157.0,0.0,,0.0,,1.0,14353.6,,,,,,,,,,,,,,,,18438024.0,,,,,,,,,,0.0,3.405,294.5,,,,11276.0,,,329.0,169.0,3.504,,,,,,,,""
14316242456,"Apr 28, 2025, 9:21:52 PM",Pickleball,Workout,"At Kendall rooftop garden
Funny my watch tracks the distance I go",2928,0.53,137.0,3,false,,,activities/15276615234.fit.gz,,,2928.0,1011.0,535.0,2.33,0.529,0.0,0.0,2.7,2.7,0.0,0.0,,,,0.0,137.0,110.0,,,218.0,,,3.0,,,,,,,,,,,0.0,,0.0,,1.0,,,,,,,,,,,,,,,,,,,,,,,,,,,0.0,0.183,0.0,,,,,,,,,,,,,,,,,""
14326967104,"Apr 29, 2025, 8:57:07 PM",Heatsuit,Ride,"Since I can’t run :(
Let’s hope pt will help tomorrow",2712,0,150.0,29,false,,,activities/15287788615.fit.gz,,,2712.0,2712.0,0.0,0.0,0.0,0.0,0.0,0.0,0.0,0.0,0.0,,,,0.0,150.0,136.0,,,422.0,,36.0,29.0,0.0,,,,,,,,,,0.0,,0.0,,1.0,,,,,,,,,,,,,,,,,,,,,,,,,,,0.0,0.0,0.0,,,,,,,,,,,,,,,,,""
14337075186,"Apr 30, 2025, 9:18:16 PM",Afternoon Weight Training,Weight Training,Legs,1276,0,122.0,2,false,,,activities/15298369088.fit.gz,,,1276.0,1276.0,0.0,0.0,0.0,0.0,0.0,0.0,0.0,0.0,0.0,,,,,122.0,87.0,,,126.0,,33.0,2.0,,,,,,,,,,,0.0,,0.0,,1.0,,,,,,,,,,,,,,,,,,,,,,,,,,,0.0,0.0,0.0,,,,,,,,,,,,,,,,,""
14348339720,"May 1, 2025, 7:52:55 PM",Got the wheels out,Run,A relief to even be able to run at all,2192,7.04,151.0,35,false,,ASICS Gel-Nimbus 25 Sea foam,activities/15310141161.fit.gz,,,2192.0,2192.0,7043.0,4.5,3.213,22.0,19.0,6.0,16.0,25.0,0.1,,,84.0,80.0,151.0,144.0,,255.0,521.0,,34.0,35.0,,,,,,,,,254.0,2193.0,0.0,,0.0,,1.0,7154.7,,,,,,,,,,,,,,,,20649978.0,,,,,,,,,,0.0,3.213,467.5,,,,5856.0,,,151.0,158.0,3.264,,,,,,,,""
14353987423,"May 2, 2025, 11:28:07 AM",FRC,Run,"Last one before Ogden!
Luckily the thunder storms were done by the time we got out there",4775,6.72,162.0,22,false,,New Balance 1080 Black,activities/15316081970.fit.gz,,,4775.0,2172.0,6726.0,6.0,3.097,15.0,19.0,13.0,24.0,47.6,0.1,,,86.0,81.0,162.0,139.0,,240.0,487.0,,32.0,22.0,,,,,,,,,225.0,2691.0,0.0,,0.0,,1.0,6867.1,,,,,,,,,,,,,,,,20116580.0,,,,,,,,,,0.0,1.409,6.0,,,,5924.0,,,146.0,140.0,3.162,,,,,,,,""
14365223631,"May 3, 2025, 11:17:22 AM",Tour de brug,Run,Good confidence building run to end the main build. Despite the setbacks I’m feeling pretty good 2 weeks out,9908,32.25,182.0,334,false,,PUMA Deviate Nitro 3 Sunset,activities/15327886679.fit.gz,,,9908.0,9176.0,32253.0,7.2,3.515,84.0,89.0,-7.0,12.0,26.1,0.0,,,89.0,81.0,182.0,161.0,,277.0,2598.0,,35.0,334.0,,,,,,,,,272.0,9909.0,0.0,,0.0,,1.0,32642.7,,,,,,,,,,,,,,,,19153764.0,,,,,,,,,,0.0,3.255,842.0,,,,25086.0,,,785.0,169.0,3.557,,,,,,,,""
14376203975,"May 4, 2025, 1:37:54 PM",Morning Weight Training,Weight Training,Shoulders + core,3673,0,130.0,7,false,,,activities/15339455090.fit.gz,,,3673.0,3673.0,0.0,0.0,0.0,0.0,0.0,0.0,0.0,0.0,0.0,,,,,130.0,87.0,,,284.0,,34.0,7.0,,,,,,,,,,,0.0,,0.0,,1.0,,,,,,,,,,,,,,,,,,,,,,,,,,,0.0,0.0,0.0,,,,,,,,,,,,,,,,,""
14383919825,"May 5, 2025, 10:58:51 AM",🌧️,Run,Soaked,2693,8.16,150.0,26,false,,PUMA Deviate Nitro 3 Sunset,activities/15347605022.fit.gz,,,2693.0,2627.0,8162.0,5.9,3.107,28.0,35.0,3.0,16.0,10.0,-0.1,,,85.0,80.0,150.0,139.0,,243.0,592.0,,35.0,26.0,,,,,,,,,240.0,2694.0,0.0,,0.0,,1.0,8271.4,,,,,,,,,,,,,,,,19153764.0,,,,,,,,,,0.0,3.031,614.0,,,,7026.0,,,166.0,149.0,3.149,,,,,,,,""
14393732473,"May 6, 2025, 10:57:08 AM",Morning Run,Run,Had to get a run in with [strava://athletes/55543036/14]Jack Guardiola before leaving,2829,8.46,161.0,27,false,,PUMA Deviate Nitro 3 Sunset,activities/15357918295.fit.gz,,,2829.0,2709.0,8462.0,6.0,3.124,18.0,16.0,4.0,12.0,25.0,0.0,,,86.0,82.0,161.0,139.0,,244.0,612.0,,33.0,27.0,,,,,,,,,242.0,2830.0,0.0,,0.0,,1.0,8567.7,,,,,,,,,,,,,,,,19153764.0,,,,,,,,,,0.0,2.991,0.0,,,,7384.0,,,177.0,150.0,3.163,,,,,,,,""
14404467200,"May 7, 2025, 10:51:40 AM",Goodbye Cambridge,Run,"Final MIT track session… only fitting to see [strava://athletes/120650493/12]Devin Miller putting in work
4000/2400/1200 MP/HMP/10k
Nice the sun was somewhat out",4374,13.63,186.0,136,false,,New Balance rebel v4 Barbie pink,activities/15369146002.fit.gz,,,4374.0,3640.0,13638.0,5.4,3.747,24.0,21.0,7.0,15.0,20.0,0.0,,,89.0,83.0,186.0,162.0,,292.0,1045.0,,34.0,136.0,,,,,,,,,286.0,4316.0,0.0,,0.0,,1.0,13765.7,,,,,,,,,,,,,,,,21924872.0,,,,,,,,,,0.0,3.118,300.0,,,,10186.0,,,379.0,178.0,3.782,,,,,,,,""
14419884593,"May 8, 2025, 6:19:34 PM",Utah time,Run,"It’s warm and sunny here
[strava://athletes/133511556/11]Libby Evans",2743,6.48,141.0,10,false,,New Balance 1080 Timberwolf,activities/15385299784.fit.gz,,,2743.0,2471.0,6488.0,3.8,2.626,20.0,18.0,1292.0,1302.0,11.8,0.0,,,84.0,80.0,141.0,127.0,,204.0,473.0,,34.0,10.0,,,,,,,,,196.0,2745.0,0.0,,0.0,,1.0,6592.4,,,,,,,,,,,,,,,,17166304.0,,,,,,,,,,0.0,2.365,0.0,,,,6634.0,,,113.0,122.0,2.668,,,,,,,,""
14426189608,"May 9, 2025, 2:12:09 PM",Easy + strides,Run,"Avoiding sunburn today
[strava://athletes/133511556/11]Libby Evans",1945,4.84,164.0,8,false,,New Balance 1080 Timberwolf,activities/15391979104.fit.gz,,,1945.0,1759.0,4844.6,5.9,2.754,6.0,5.0,1283.0,1288.0,10.0,0.0,,,93.0,81.0,164.0,126.0,,210.0,335.0,,33.0,8.0,,,,,,,,,199.0,1947.0,0.0,,0.0,,1.0,4893.8,,,,,,,,,,,,,,,,17166304.0,,,,,,,,,,0.0,2.491,0.0,,,,4792.0,,,82.0,124.0,2.782,,,,,,,,""
14438368998,"May 10, 2025, 4:13:47 PM",Congrats Haley and Noah,Run,"5x800 @ MP
Hotter and harder than I’d like",3534,11.33,183.0,116,false,,New Balance 1080 Black,activities/15404840527.fit.gz,,,3534.0,3356.0,11338.4,5.8,3.379,47.0,51.0,1462.0,1479.0,20.0,0.0,,,86.0,82.0,183.0,160.0,,264.0,930.0,,35.0,116.0,,,,,,,,,266.0,3535.0,0.0,,0.0,,1.0,11532.3,,,,,,,,,,,,,,,,20116580.0,,,,,,,,,,0.0,3.208,374.5,,,,9206.0,,,267.0,165.0,3.436,,,,,,,,""
14438370429,"May 10, 2025, 5:14:44 PM",Cooldown,Run,"",651,1.79,164.0,12,false,,Nike AlphaFly 3,activities/15404842078.fit.gz,,,651.0,651.0,1796.8,4.2,2.76,7.0,7.0,1465.0,1471.0,10.0,0.0,,,83.0,80.0,164.0,148.0,,210.0,160.0,,36.0,12.0,,,,,,,,,209.0,652.0,0.0,,0.0,,1.0,1826.0,,,,,,,,,,,,,,,,17620432.0,,,,,,,,,,0.0,2.76,43.5,,,,1754.0,,,30.0,130.0,2.805,,,,,,,,""
14457387760,"May 12, 2025, 3:38:53 PM",Windy like Boston,Run,First .4 with Chanel,2200,6.18,167.0,47,false,,New Balance 1080 Timberwolf,activities/15425066384.fit.gz,,,2200.0,1982.0,6180.8,4.5,3.118,45.0,28.0,1285.0,1299.0,20.0,0.1,,,86.0,80.0,167.0,150.0,,246.0,497.0,,34.0,47.0,,,,,,,,,240.0,2201.0,0.0,,0.0,,1.0,6351.4,,,,,,,,,,,,,,,,17166304.0,,,,,,,,,,0.0,2.809,0.0,,,,5326.0,,,135.0,149.0,3.205,,,,,,,,""
14467716840,"May 13, 2025, 2:16:27 PM",Last tune up,Run,"4 x 1200 @ MP-HMP
Tried out the new wheels",2782,9.21,182.0,85,false,,PUMA Fast R3 Glowing red,activities/15435957418.fit.gz,,,2782.0,2420.0,9215.0,5.5,3.808,39.0,39.0,1293.0,1306.0,14.3,0.0,,,89.0,84.0,182.0,161.0,,293.0,674.0,,33.0,85.0,,,,,,,,,284.0,2783.0,0.0,,0.0,,1.0,9377.0,,,,,,,,,,,,,,,,23451570.0,,,,,,,,,,0.0,3.312,0.0,,,,6778.0,,,240.0,176.0,3.875,,,,,,,,""
14479354920,"May 14, 2025, 1:46:07 PM",SLC run,Run,With 2024 Ogden marathon alum [strava://athletes/60297314/12]Misha Galant,2513,6.91,158.0,20,false,,New Balance 1080 Timberwolf,activities/15448251628.fit.gz,,,2513.0,2426.0,6912.5,4.4,2.849,106.0,97.0,1345.0,1428.0,17.4,-0.1,,,87.0,82.0,158.0,132.0,,225.0,500.0,,33.0,20.0,,,,,,,,,226.0,2515.0,0.0,,0.0,,1.0,7284.3,,,,,,,,,,,,,,,,17166304.0,,,,,,,,,,0.0,2.751,16.5,,,,6680.0,,,137.0,140.0,3.003,,,,,,,,""
14499732284,"May 16, 2025, 3:27:09 PM",Shake out + strides,Run,Feeling ready for tomorrow,2442,4.81,157.0,23,false,,New Balance 1080 Timberwolf,activities/15470024625.fit.gz,,,2442.0,1500.0,4810.0,6.7,3.207,13.0,13.0,1297.0,1308.0,13.6,0.0,,,92.0,79.0,157.0,142.0,,246.0,349.0,,31.0,23.0,,,,,,,,,223.0,1931.0,0.0,,0.0,,1.0,4870.9,,,,,,,,,,,,,,,,17166304.0,,,,,,,,,,0.0,1.97,0.0,,,,3990.0,,,103.0,139.0,3.247,,,,,,,,""
14510739695,"May 17, 2025, 1:00:05 PM",Ogden Marathon #2,Run,"Held steady through it all and proud of all the work I’ve put in! Thanks to all my friends and family for the support
Official time 2:57:17
Felt good all throughout until about mile 24 it got hard. Wasn’t looking much at my watch and was running on vibes but held off the calf spasms at 18
Also kept thinking about this kid I met at the start line who said he hadn’t trained at all outside of high school track sprints…",10722,42.42,192.0,518,false,,PUMA Fast R3 Glowing red,activities/15482005847.fit.gz,,,10722.0,10692.0,42428.0,7.6,3.968,88.0,386.0,1309.0,1652.0,14.8,-0.8,,,89.0,85.0,192.0,170.0,,305.0,3248.0,,33.0,518.0,,,,,,,,,305.0,10724.0,0.0,,0.0,,1.0,42227.8,,,,,,,,,,,,,,,,23451570.0,,,,,,,,,,0.0,3.957,151.5,,,,30260.0,,,1066.0,189.0,3.949,,,,,,,,media/04A1959B-A655-40B1-A910-9BA5A130FB80.mp4|media/EB0E7F56-7BD2-43B1-B8EC-505322BF23C6.jpg|media/6899638C-5B93-4057-BE18-75FA7E541426.jpg|media/7CA5A6DC-CD13-4947-A5C4-F188AD619A28.jpg|media/C2FFDB55-06C2-4FA0-8729-B8265AE0075F.jpg|media/69B00418-C048-4B44-821A-4B58CEFA03CA.jpg
14564752378,"May 22, 2025, 9:00:22 PM",Treadhill,Run,"Low impact
4mph @ 10%",1957,3.23,156.0,30,false,,ASICS Gel-Nimbus 25 Sea foam,activities/15541216954.fit.gz,,,1957.0,1813.0,3237.8,1.9,1.786,0.0,0.0,0.0,0.0,0.0,0.0,,,81.0,78.0,156.0,142.0,,,306.0,,34.0,30.0,,,,,,,,,,,0.0,,0.0,,1.0,3237.0,,,,,,,,,,,,,,,,20649978.0,,,,,,,,,,0.0,1.654,0.0,,,,4722.0,,,,,,,,,,,,,""
14569711163,"May 23, 2025, 11:22:34 AM",FRC,Run,Nice to be back,4728,6.76,164.0,29,false,,New Balance 1080 Black,activities/15546591916.fit.gz,,,4728.0,2239.0,6763.0,4.9,3.021,24.0,29.0,5.0,20.0,20.0,-0.1,,,88.0,81.0,164.0,141.0,,233.0,509.0,,32.0,29.0,,,,,,,,,219.0,2699.0,0.0,,0.0,,1.0,6879.8,,,,,,,,,,,,,,,,20116580.0,,,,,,,,,,0.0,1.43,9.5,,,,6070.0,,,138.0,136.0,3.073,,,,,,,,""
14579491127,"May 24, 2025, 11:59:03 AM",Morning Run,Run,"",1990,6.45,167.0,56,false,,New Balance 1080 Black,activities/15557139041.fit.gz,,,1990.0,1984.0,6457.0,5.7,3.255,12.0,15.0,2.0,9.0,20.0,0.0,,,85.0,80.0,167.0,154.0,,253.0,523.0,,32.0,56.0,,,,,,,,,252.0,1992.0,,,0.0,,1.0,6519.4,,,,,,,,,,,,,,,,20116580.0,,,,,,,,,,0.0,3.245,235.0,,,,5360.0,,,135.0,157.0,3.286,,,,,,,,""
14604470691,"May 26, 2025, 8:15:25 PM",Post lake Sebago,Run,"",2996,9.41,166.0,72,false,,ASICS Gel-Nimbus 25 White,activities/15584076703.fit.gz,,,2996.0,2918.0,9409.0,5.0,3.224,18.0,21.0,4.0,17.0,44.1,0.0,,,84.0,79.0,166.0,152.0,,250.0,741.0,,34.0,72.0,,,,,,,,,246.0,2998.0,0.0,,0.0,,1.0,9550.7,,,,,,,,,,,,,,,,18357424.0,,,,,,,,,,0.0,3.141,240.0,,,,7744.0,,,194.0,153.0,3.273,,,,,,,,""
14609431038,"May 27, 2025, 11:12:30 AM",Too many geese,Run,I think it’s maybe safe to say there will be no more false springs….?,2198,7.05,160.0,53,false,,ASICS Gel-Nimbus 25 White,activities/15589457508.fit.gz,,,2198.0,2198.0,7049.0,4.8,3.207,13.0,15.0,18.0,24.0,10.5,0.0,,,86.0,80.0,160.0,150.0,,252.0,556.0,,33.0,53.0,,,,,,,,,251.0,2199.0,0.0,,0.0,,1.0,7117.7,,,,,,,,,,,,,,,,18357424.0,,,,,,,,,,0.0,3.207,469.5,,,,5906.0,,,148.0,156.0,3.238,,,,,,,,""
14619880224,"May 28, 2025, 11:03:43 AM",back on the track,Run,"Some fast cats out there today including [strava://athletes/120650493/12]Devin Miller 
4x800 (400 jog) @ 5:48, 3x400 (200 jog) @ ~5:10
Supposed to pace an 18’ 5k next week so trying to wake the legs back up from Ogden",3150,9.50,190.0,98,false,,New Balance rebel v4 Barbie pink,activities/15600649847.fit.gz,,,3150.0,2457.0,9501.0,6.1,3.867,5.0,10.0,5.0,12.0,9.1,0.0,,,94.0,84.0,190.0,164.0,,294.0,711.0,,35.0,98.0,,,,,,,,,287.0,3057.0,0.0,,0.0,,1.0,9591.5,,,,,,,,,,,,,,,,21924872.0,,,,,,,,,,0.0,3.016,0.0,,,,6900.0,,,269.0,178.0,3.904,,,,,,,,""
14630104042,"May 29, 2025, 10:55:21 AM",Debrief,Run,W/ [strava://athletes/55543036/14]Jack Guardiola,2512,6.89,156.0,22,false,,ASICS Gel-Nimbus 25 White,activities/15611603085.fit.gz,,,2512.0,2305.0,6892.7,5.5,2.99,25.0,24.0,6.0,21.0,10.5,0.0,,,87.0,82.0,156.0,139.0,,231.0,509.0,,33.0,22.0,,,,,,,,,224.0,2514.0,0.0,,0.0,,1.0,7007.2,,,,,,,,,,,,,,,,18357424.0,,,,,,,,,,0.0,2.744,101.0,,,,6308.0,,,135.0,139.0,3.04,,,,,,,,""
14635554248,"May 29, 2025, 9:02:43 PM",Afternoon Weight Training,Weight Training,A little bit of everything + sauna after,2539,0,114.0,4,false,,,activities/15617427302.fit.gz,,,2539.0,2539.0,0.0,0.0,0.0,0.0,0.0,0.0,0.0,0.0,0.0,,,,,114.0,86.0,,,178.0,,29.0,4.0,,,,,,,,,,,0.0,,0.0,,1.0,,,,,,,,,,,,,,,,,,,,,,,,,,,0.0,0.0,0.0,,,,,,,,,,,,,,,,,""
14640977835,"May 30, 2025, 11:25:56 AM",FRC!,Run,Pigeons are awful man,5163,6.67,163.0,21,false,,ASICS Gel-Nimbus 25 Sea foam,activities/15623287606.fit.gz,,,5163.0,2165.0,6677.6,5.3,3.084,18.0,17.0,12.0,25.0,39.1,0.1,,,88.0,81.0,163.0,138.0,,232.0,473.0,,33.0,21.0,,,,,,,,,216.0,2708.0,0.0,,0.0,,1.0,6828.7,,,,,,,,,,,,,,,,20649978.0,,,,,,,,,,0.0,1.293,6.0,,,,5854.0,,,135.0,134.0,3.154,,,,,,,,""
14662547807,"Jun 1, 2025, 12:33:04 PM",SoulCycle,Ride,Thanks bilt for free rent day ride,2520,0,186.0,55,false,,,activities/15646501662.fit.gz,,,2520.0,2520.0,0.0,0.0,0.0,0.0,0.0,0.0,0.0,0.0,0.0,,,,0.0,186.0,148.0,,,440.0,,36.0,55.0,0.0,,,,,,,,,,0.0,,0.0,,1.0,,,,,,,,,,,,,,,,,,,,,,,,,,,0.0,0.0,0.0,,,,,,,,,,,,,,,,,""
14666853905,"Jun 1, 2025, 6:49:12 PM",She’s bacccckk,Ride,Quick little ride to TJs and the river to read. Thought I’d record in case my bike falls apart mid ride (again),5820,7.08,158.0,6,false,,,activities/15651109414.fit.gz,,,5820.0,1660.0,7088.0,7.7,4.27,29.0,33.0,-8.0,8.2,28.4,-0.1,,,,0.0,158.0,115.0,,56.0,221.0,,28.0,6.0,0.0,,,,,,,,,,0.0,,0.0,,1.0,,,,,,,,,,,,,,,,,,,,,,,,,,,0.0,1.218,0.0,,,,,,,,,,,,,,,,,media/9FD2B0AB-DE08-4E8E-8A53-DAF4826814F8.jpg
14671537377,"Jun 2, 2025, 11:45:33 AM",CD,Run,"",416,1.30,176.0,12,false,,HOKA Mach 6 Pink twilight,activities/15656229323.fit.gz,,,416.0,353.0,1307.7,5.8,3.705,2.0,2.0,3.0,6.0,7.4,0.0,,,88.0,82.0,176.0,162.0,,271.0,94.0,,34.0,12.0,,,,,,,,,242.0,418.0,0.0,,0.0,,1.0,1323.2,,,,,,,,,,,,,,,,18438024.0,,,,,,,,,,0.0,3.144,0.0,,,,970.0,,,26.0,150.0,3.748,,,,,,,,""
14671537634,"Jun 2, 2025, 11:11:30 AM",WU,Run,"",460,1.39,172.0,7,false,,HOKA Mach 6 Pink twilight,activities/15656229552.fit.gz,,,460.0,406.0,1398.0,4.8,3.443,6.0,6.0,32.0,36.0,10.0,0.1,,,85.0,82.0,172.0,145.0,,252.0,98.0,,30.0,7.0,,,,,,,,,237.0,461.0,0.0,,0.0,,1.0,1425.8,,,,,,,,,,,,,,,,18438024.0,,,,,,,,,,0.0,3.039,0.0,,,,1108.0,,,27.0,147.0,3.512,,,,,,,,""
14671537645,"Jun 2, 2025, 11:21:17 AM",Trying out coros track run,Run,"6x 400
85, 78, 79
79, 77, 75
Little tune up before Thursday",1237,4.16,188.0,53,false,,HOKA Mach 6 Pink twilight,activities/15656229576.fit.gz,,,1237.0,1098.0,4168.5,6.8,3.796,5.0,4.0,5.0,11.0,14.3,0.0,,,93.0,83.0,188.0,170.0,,287.0,334.0,,31.0,53.0,,,,,,,,,288.0,1238.0,0.0,,0.0,,1.0,4188.5,,,,,,,,,,,,,,,,18438024.0,,,,,,,,,,0.0,3.37,0.0,,,,3052.0,,,110.0,179.0,3.815,,,,,,,,""
14676484277,"Jun 2, 2025, 8:48:20 PM",Afternoon Weight Training,Weight Training,Legs,1951,0,143.0,4,false,,,activities/15661540564.fit.gz,,,1951.0,1951.0,0.0,0.0,0.0,0.0,0.0,0.0,0.0,0.0,0.0,,,,,143.0,92.0,,,186.0,,30.0,4.0,,,,,,,,,,,0.0,,0.0,,1.0,,,,,,,,,,,,,,,,,,,,,,,,,,,0.0,0.0,0.0,,,,,,,,,,,,,,,,,""
14682232796,"Jun 3, 2025, 11:25:02 AM",Nimbus 2000,Run,These nimbus’ just keep on giving,2588,8.52,168.0,76,false,,ASICS Gel-Nimbus 25 White,activities/15667703192.fit.gz,,,2588.0,2544.0,8526.0,7.7,3.351,40.0,36.0,7.0,21.0,16.7,0.0,,,98.0,81.0,168.0,157.0,,263.0,684.0,,33.0,76.0,,,,,,,,,259.0,2590.0,0.0,,0.0,,1.0,8666.0,,,,,,,,,,,,,,,,18357424.0,,,,,,,,,,0.0,3.294,535.5,,,,6890.0,,,186.0,161.0,3.406,,,,,,,,""
14687823005,"Jun 3, 2025, 9:00:21 PM",Ride to Libby,Ride,"",1936,7.52,154.0,8,false,,,activities/15673647531.fit.gz,,,1936.0,1651.0,7520.1,7.0,4.555,36.0,18.0,2.4,27.0,17.8,0.3,,,,0.0,154.0,123.0,,60.0,245.0,,31.0,8.0,0.0,,,,,,,,,,0.0,,0.0,,1.0,,,,,,,,,,,,,,,,,,,,,,,,,,,0.0,3.884,0.0,,,,,,,,,,,,,,,,,""
14689816986,"Jun 4, 2025, 1:54:28 AM",Night Ride,Ride,"",1623,7.58,137.0,4,false,,,activities/15675778117.fit.gz,,,1623.0,1478.0,7588.7,8.5,5.134,25.0,51.0,4.4,32.6,23.7,-0.3,,,,0.0,137.0,109.0,,64.0,165.0,,26.0,4.0,0.0,,,,,,,,,,,,0.0,,1.0,,,,,,,,,,,,,,,,,,,,,,,,,,,0.0,4.676,0.0,,,,,,,,,,,,,,,,,""
14699022768,"Jun 4, 2025, 9:37:04 PM",Running day,Run,So warm and legs were not there. Hope they’ll be back tomorrow,3450,5.94,167.0,42,false,,New Balance 1080 Black,activities/15685662588.fit.gz,,,3450.0,1742.0,5947.0,6.8,3.414,26.0,15.0,3.0,15.0,10.5,0.0,,,92.0,81.0,167.0,152.0,,266.0,452.0,,32.0,42.0,,,,,,,,,240.0,2289.0,0.0,,0.0,,1.0,6092.0,,,,,,,,,,,,,,,,20116580.0,,,,,,,,,,0.0,1.724,102.0,,,,4714.0,,,141.0,149.0,3.497,,,,,,,,""
14708927494,"Jun 5, 2025, 9:56:19 PM",Afternoon Run,Run,"",979,2.50,167.0,16,false,,New Balance 1080 Black,activities/15696308222.fit.gz,,,979.0,698.0,2508.0,5.2,3.593,0.0,2.0,14.0,16.0,12.5,0.0,,,85.0,82.0,167.0,150.0,,270.0,178.0,,34.0,16.0,,,,,,,,,235.0,980.0,,,0.0,,1.0,2536.9,,,,,,,,,,,,,,,,20116580.0,,,,,,,,,,0.0,2.562,0.0,,,,1898.0,,,58.0,146.0,3.635,,,,,,,,""
14709721568,"Jun 6, 2025, 12:17:50 AM",Tracksmith Twilight 5000,Run,"Was literally the tracksmith rabbit today… supposed to pace 18’ and came in at 18:06 (close enough)
Thought I was way behind pace when one lap in I was in dead last but I was in fact not",1086,5.00,202.0,77,false,,New Balance 1080 Black,activities/15697154258.fit.gz,,,1086.0,1086.0,5005.0,5.8,4.609,2.0,3.0,14.0,17.0,10.0,0.0,,,91.0,87.0,202.0,188.0,,358.0,390.0,,32.0,77.0,,,,,,,,,354.0,1087.0,0.0,,0.0,,1.0,5008.7,,,,,,,,,,,,,,,,20116580.0,,,,,,,,,,0.0,4.609,0.0,,,,3150.0,,,146.0,220.0,4.612,,,,,,,,media/B3B00D54-1509-4B03-BC14-80BB473FE347.jpg|media/7FF6EEEB-2CC4-4D8C-9AA2-ADB9CCB7E268.jpg|media/56B53505-0ED0-4992-AF87-373303372837.jpg
14713944878,"Jun 6, 2025, 11:25:41 AM",FRC,Run,"",7084,6.76,169.0,21,false,,ASICS Gel-Nimbus 25 Sea foam,activities/15701766072.fit.gz,,,7084.0,2164.0,6766.4,5.9,3.127,21.0,27.0,3.0,15.0,45.5,0.1,,,87.0,82.0,169.0,137.0,,241.0,480.0,,34.0,21.0,,,,,,,,,224.0,2777.0,0.0,,0.0,,1.0,6917.9,,,,,,,,,,,,,,,,20649978.0,,,,,,,,,,0.0,0.955,0.0,,,,5898.0,,,149.0,139.0,3.197,,,,,,,,""
14724743754,"Jun 7, 2025, 12:41:11 PM",Muggy,Run,"This Idaho boy is still not used to the humidity
First time at arboretum… will deffo be going back",8187,22.70,173.0,181,false,,ASICS Gel-Nimbus 25 White,activities/15713436649.fit.gz,,,8187.0,6911.0,22699.0,5.5,3.284,99.0,102.0,4.0,60.0,43.5,0.0,,,85.0,80.0,173.0,154.0,,258.0,1811.0,,35.0,181.0,,,,,,,,,244.0,7959.0,0.0,,0.0,,1.0,23138.6,,,,,,,,,,,,,,,,18357424.0,,,,,,,,,,0.0,2.773,3182.0,,,,18520.0,,,509.0,152.0,3.348,,,,,,,,media/251FDA75-038D-4189-936A-D4812C62279F.jpg|media/9F0479A7-CCED-4679-8BF2-22008EA1B7EF.jpg
14748867138,"Jun 9, 2025, 8:35:20 PM",Afternoon Run,Run,"",2728,8.49,162.0,39,false,,New Balance 1080 Black,activities/15739515630.fit.gz,,,2728.0,2666.0,8496.0,6.1,3.187,41.0,41.0,6.0,19.0,10.0,0.0,,,83.0,79.0,162.0,143.0,,251.0,629.0,,33.0,39.0,,,,,,,,,248.0,2729.0,,,0.0,,1.0,8652.2,,,,,,,,,,,,,,,,20116580.0,,,,,,,,,,0.0,3.114,532.5,,,,7082.0,,,179.0,154.0,3.245,,,,,,,,""
14754009774,"Jun 10, 2025, 11:25:37 AM",Morning Weight Training,Weight Training,Quick upper body,1137,0,106.0,1,false,,,activities/15745087450.fit.gz,,,1137.0,1137.0,0.0,0.0,0.0,0.0,0.0,0.0,0.0,0.0,0.0,,,,,106.0,81.0,,,101.0,,29.0,1.0,,,,,,,,,,,0.0,,0.0,,1.0,,,,,,,,,,,,,,,,,,,,,,,,,,,0.0,0.0,0.0,,,,,,,,,,,,,,,,,""
14760569786,"Jun 10, 2025, 9:48:23 PM",All over,Run,"Achilles with Justin
Then [strava://athletes/3235905/11]Marc Elosua and I checked out hbse sale-no luck for me",7365,12.17,163.0,33,false,,ASICS Gel-Nimbus 25 White,activities/15752125600.fit.gz,,,7365.0,4457.0,12170.0,5.0,2.731,29.0,41.0,22.0,34.0,17.5,-0.1,,,86.0,80.0,163.0,126.0,,213.0,867.0,,25.0,33.0,,,,,,,,,205.0,5775.0,0.0,,0.0,,1.0,12336.2,,,,,,,,,,,,,,,,18357424.0,,,,,,,,,,0.0,1.652,264.0,,,,11838.0,,,259.0,127.0,2.768,,,,,,,,""
14775752582,"Jun 12, 2025, 11:05:50 AM",Norwegian 4x4,Run,Don’t remember this being that difficult,2548,8.81,193.0,106,false,,New Balance rebel v4 Barbie pink,activities/15768543973.fit.gz,,,2548.0,2392.0,8813.0,5.9,3.684,26.0,21.0,7.0,15.0,10.0,0.0,,,88.0,83.0,193.0,168.0,,290.0,722.0,,33.0,106.0,,,,,,,,,295.0,2549.0,0.0,,0.0,,1.0,8918.9,,,,,,,,,,,,,,,,21924872.0,,,,,,,,,,0.0,3.459,521.5,,,,6632.0,,,237.0,183.0,3.729,,,,,,,,""
14786398802,"Jun 13, 2025, 11:27:17 AM",FRC,Run,Love these mornings,5567,6.51,169.0,16,false,,ASICS Gel-Nimbus 25 Sea foam,activities/15780031068.fit.gz,,,5567.0,2103.0,6518.0,5.4,3.099,20.0,28.0,-1.0,12.0,20.0,0.0,,,102.0,82.0,169.0,135.0,,240.0,452.0,,32.0,16.0,,,,,,,,,222.0,2687.0,0.0,,0.0,,1.0,6643.7,,,,,,,,,,,,,,,,20649978.0,,,,,,,,,,0.0,1.171,0.0,,,,5802.0,,,142.0,138.0,3.159,,,,,,,,""
14796723359,"Jun 14, 2025, 12:36:17 PM",Pride parade warmup 🌈,Run,"Legs were dragging today but not the queen type (no kings either) 
Real work starts Monday",3495,10.82,162.0,54,false,,PUMA Deviate Nitro 3 Sunset,activities/15791237581.fit.gz,,,3495.0,3331.0,10826.3,4.7,3.25,20.0,28.0,8.0,18.0,30.0,0.0,,,86.0,81.0,162.0,152.0,,256.0,860.0,,34.0,54.0,,,,,,,,,251.0,3497.0,0.0,,0.0,,1.0,10948.4,,,,,,,,,,,,,,,,19153764.0,,,,,,,,,,0.0,3.098,292.5,,,,9044.0,,,236.0,156.0,3.287,,,,,,,,""
14808676507,"Jun 15, 2025, 2:53:26 PM",Treadhill,Run,"12% @ 4mph
Not strava forcibly giving me a free trial—not gonna work on me",1811,3.92,164.0,28,false,,New Balance 1080 Black,activities/15804192985.fit.gz,,,1811.0,1799.0,3919.0,3.5,2.178,0.0,0.0,0.0,0.0,0.0,0.0,,,82.0,79.0,164.0,151.0,,,327.0,,35.0,28.0,,,,,,,,,,,0.0,,0.0,,1.0,3919.0,,,,,,,,,,,,,,,,20116580.0,,,,,,,,,,0.0,2.164,0.0,,,,4758.0,,,,,,,,,,,,,""
14809033381,"Jun 15, 2025, 3:27:44 PM",Lunch Weight Training,Weight Training,Legs,1750,0,144.0,4,false,,,activities/15804577900.fit.gz,,,1750.0,1750.0,0.0,0.0,0.0,0.0,0.0,0.0,0.0,0.0,0.0,,,,,144.0,102.0,,,182.0,,35.0,4.0,,,,,,,,,,,0.0,,0.0,,1.0,,,,,,,,,,,,,,,,,,,,,,,,,,,0.0,0.0,0.0,,,,,,,,,,,,,,,,,""
14821418895,"Jun 16, 2025, 8:25:31 PM",Final yog (yap and jog),Run,No better way to send off [strava://athletes/83439714/6]J Patt than some miles around the river,4205,8.95,158.0,13,false,,ASICS Gel-Nimbus 25 Sea foam,activities/15818009243.fit.gz,,,4205.0,3179.0,8954.0,5.0,2.817,43.0,40.0,8.0,23.0,20.0,0.0,,,94.0,80.0,158.0,129.0,,221.0,634.0,,34.0,13.0,,,,,,,,,210.0,3832.0,0.0,,0.0,,1.0,9166.8,1750104064.0,1.0,21.1,20.7,13.0,0.6,1020.9,4.6,7.4,96.0,0.0,1750064768.0,1750119808.0,0.625,,20649978.0,0.0,1.0,0.15,22779.0,4.0,,,,,0.0,2.129,716.5,,,,8538.0,,,180.0,130.0,2.884,,,,,,,,media/49810DA0-A26F-4AC5-B4E6-CD815FE75E59.jpg|media/5F75C388-60B3-4A1B-9DE5-86BBC67FDD82.jpg
14832457018,"Jun 17, 2025, 8:44:18 PM",Afternoon Weight Training,Weight Training,Quick upper,1658,0,123.0,2,false,,,activities/15829871891.fit.gz,,,1658.0,1658.0,0.0,0.0,0.0,0.0,0.0,0.0,0.0,0.0,0.0,,,,,123.0,83.0,,,124.0,,32.0,2.0,,,,,,,,,,,0.0,,0.0,,1.0,,,,,,,,,,,,,,,,,,,,,,,,,,,0.0,0.0,0.0,,,,,,,,,,,,,,,,,""
14833328695,"Jun 17, 2025, 9:45:16 PM",Afternoon Run,Run,"",5024,9.32,159.0,16,false,,New Balance 1080 Black,activities/15830801345.fit.gz,,,5024.0,4088.0,9323.0,4.3,2.281,25.0,25.0,14.0,23.0,11.6,0.0,,,84.0,79.0,159.0,115.0,,180.0,676.0,,35.0,16.0,,,,,,,,,183.0,4581.0,,,0.0,,1.0,9471.5,1750194048.0,3.0,22.8,22.2,17.5,0.72,1017.2,2.5,5.5,138.0,0.1,1750151296.0,1750206208.0,0.625,,20116580.0,1.0,5.0,1.0,20238.0,2.0,,,,,0.0,1.856,0.0,,,,10802.0,,,164.0,114.0,2.317,,,,,,,,""
14838095529,"Jun 18, 2025, 10:53:17 AM",Humid but good to be back,Run,"WU
- 2x 400
- 5x 1k @ 3:42-3:45
- 2x 400 @85”
CD",3802,13.18,190.0,130,false,,PUMA Deviate Nitro 3 Sunset,activities/15835993716.fit.gz,,,3802.0,3656.0,13184.5,5.2,3.606,11.0,14.0,5.0,10.0,18.2,0.0,,,89.0,83.0,190.0,168.0,,280.0,1109.0,,35.0,130.0,,,,,,,,,289.0,3804.0,0.0,,0.0,,1.0,13282.8,1750240768.0,5.0,18.4,18.6,17.5,0.95,1015.5,2.1,5.7,191.0,0.2,1750237696.0,1750292608.0,0.625,,19153764.0,0.74,5.0,1.0,10884.0,0.0,,,,,0.0,3.468,231.5,,,,10138.0,,,341.0,180.0,3.633,,,,,,,,""
14849204454,"Jun 19, 2025, 11:44:05 AM",Happy Juneteenth,Run,A bit warmer than I’d like already,3385,10.09,161.0,39,false,,ASICS Gel-Nimbus 25 Sea foam,activities/15848009914.fit.gz,,,3385.0,3160.0,10095.2,4.7,3.195,16.0,21.0,5.0,18.0,20.0,0.0,,,85.0,80.0,161.0,148.0,,251.0,789.0,,35.0,39.0,,,,,,,,,245.0,3387.0,0.0,,0.0,,1.0,10206.7,1750330752.0,3.0,22.0,22.6,19.7,0.87,1010.2,2.3,4.8,216.0,0.0,1750324096.0,1750379136.0,0.75,,20649978.0,0.52,5.0,0.76,13615.0,1.0,,,,,0.0,2.982,468.5,,,,8510.0,,,217.0,152.0,3.23,,,,,,,,""
14859716821,"Jun 20, 2025, 11:07:26 AM",FRC + extended warmup,Run,Last mile ran with a heavy bag thanks [strava://athletes/26273186/13]Andrew McCann & [strava://athletes/132593397/9]Julia Low,6626,9.97,175.0,36,false,,ASICS Gel-Nimbus 25 White,activities/15859420208.fit.gz,,,6626.0,3056.0,9972.0,10.1,3.263,54.0,46.0,2.0,24.0,20.0,-0.1,,,91.0,82.0,175.0,149.0,,255.0,766.0,,34.0,36.0,,,,,,,,,243.0,3722.0,0.0,,0.0,,1.0,10221.3,1750417152.0,8.0,21.7,20.0,14.9,0.65,1003.9,6.8,13.4,266.0,0.0,1750410496.0,1750465536.0,0.875,,18357424.0,0.0,1.0,0.24,27983.0,1.0,,,,,0.0,1.505,276.5,,,,8376.0,,,235.0,151.0,3.345,,,,,,,,""
14871765261,"Jun 21, 2025, 1:27:04 PM",Inadvertent heat training,Run,Slow morning so started late but got the miles in. Progressed a bit in the later end,7729,24.17,174.0,135,false,,HOKA Mach 6 Pink twilight,activities/15872497782.fit.gz,,,7729.0,7321.0,24171.0,4.9,3.302,48.0,45.0,2.0,14.0,27.3,0.0,,,87.0,81.0,174.0,155.0,,260.0,1953.0,,35.0,135.0,,,,,,,,,256.0,7730.0,0.0,,0.0,,1.0,24405.7,1750510848.0,1.0,23.2,24.6,14.2,0.57,1018.6,3.0,5.6,288.0,0.0,1750496896.0,1750551936.0,0.875,,18438024.0,0.0,1.0,0.02,35631.0,3.0,,,,,0.0,3.127,509.5,,,,19978.0,,,542.0,159.0,3.334,,,,,,,,""
14889579003,"Jun 23, 2025, 11:03:43 AM",Summer,Run,Already 80 by 7 am?,3075,9.59,168.0,59,false,,ASICS Gel-Nimbus 25 White,activities/15891960874.fit.gz,,,3075.0,2944.0,9590.6,4.7,3.258,35.0,38.0,2.0,16.0,19.0,0.0,,,86.0,81.0,168.0,156.0,,257.0,791.0,,35.0,59.0,,,,,,,,,253.0,3077.0,0.0,,0.0,,1.0,9722.9,1750676352.0,2.0,23.6,25.3,20.4,0.82,1018.1,2.2,5.1,318.0,0.0,1750669696.0,1750724736.0,0.875,,18357424.0,0.0,1.0,0.38,22951.0,1.0,,,,,0.0,3.119,382.5,,,,7966.0,,,210.0,157.0,3.303,,,,,,,,""
14894676896,"Jun 23, 2025, 8:53:46 PM",Afternoon Weight Training,Weight Training,Shoulders + core,2203,0,111.0,3,false,,,activities/15897441552.fit.gz,,,2203.0,2203.0,0.0,0.0,0.0,0.0,0.0,0.0,0.0,0.0,0.0,,,,,111.0,77.0,,,159.0,,30.0,3.0,,,,,,,,,,,0.0,,0.0,,1.0,,,,,,,,,,,,,,,,,,,,,,,,,,,0.0,0.0,0.0,,,,,,,,,,,,,,,,,""
14899956878,"Jun 24, 2025, 10:58:16 AM",Wowza,Run,Now that’s some heat,3501,10.85,168.0,69,false,,ASICS Gel-Nimbus 25 Sea foam,activities/15903197590.fit.gz,,,3501.0,3362.0,10851.2,5.0,3.228,31.0,36.0,6.0,20.0,20.0,-0.1,,,85.0,81.0,168.0,156.0,,253.0,895.0,,36.0,69.0,,,,,,,,,248.0,3502.0,0.0,,0.0,,1.0,10989.4,1750759168.0,1.0,24.8,26.2,22.6,0.88,1016.1,2.4,6.4,258.0,0.0,1750756096.0,1750811136.0,0.875,,20649978.0,0.0,1.0,0.21,17209.0,0.0,,,,,0.0,3.099,337.0,,,,9096.0,,,230.0,154.0,3.269,,,,,,,,""
14910651811,"Jun 25, 2025, 10:48:18 AM",Doing my best impression,Run,"Of [strava://athletes/26273186/13]Andrew McCann (iykyk)
…. Didn’t fool anyone 
7x600 but felt like 10x mile in this heat",3789,9.19,195.0,66,false,,New Balance SC Elite v4 SCE4,activities/15914730003.fit.gz,,,3789.0,2375.0,9191.0,6.2,3.87,14.0,15.0,29.0,36.0,20.0,0.0,,,92.0,84.0,195.0,164.0,,301.0,686.0,,36.0,66.0,,,,,,,,,287.0,3512.0,0.0,,0.0,,1.0,9293.3,1750845568.0,1.0,25.3,26.3,21.4,0.79,1015.0,2.8,6.5,288.0,0.0,1750842496.0,1750897536.0,0.875,,24280848.0,0.28,5.0,0.15,23064.0,0.0,,,,,0.0,2.426,0.0,,,,6632.0,,,309.0,178.0,3.913,,,,,,,,media/66E80C47-A55A-49D6-A367-9E410C761DB4.jpg|media/0FBA9B57-D2DC-4B4F-A549-C1F066193750.jpg
14916016867,"Jun 25, 2025, 8:39:25 PM",Treadhill,Run,"I see you [strava://athletes/3235905/11]Marc Elosua 
13% @ 4mph- makeup mileage I didn’t run this morning",2226,3.71,161.0,25,false,,New Balance 1080 Black,activities/15920488583.fit.gz,,,2226.0,2077.0,3711.5,2.0,1.787,0.0,0.0,0.0,0.0,0.0,0.0,,,84.0,78.0,161.0,146.0,,,369.0,,35.0,25.0,,,,,,,,,,,0.0,,0.0,,1.0,3711.5,,,,,,,,,,,,,,,,20116580.0,,,,,,,,,,0.0,1.667,0.0,,,,5432.0,,,,,,,,,,,,,""
14916360074,"Jun 25, 2025, 9:20:20 PM",Afternoon Weight Training,Weight Training,Legs,2817,0,138.0,6,false,,,activities/15920857522.fit.gz,,,2817.0,2817.0,0.0,0.0,0.0,0.0,0.0,0.0,0.0,0.0,0.0,,,,,138.0,97.0,,,261.0,,34.0,6.0,,,,,,,,,,,0.0,,0.0,,1.0,,,,,,,,,,,,,,,,,,,,,,,,,,,0.0,0.0,0.0,,,,,,,,,,,,,,,,,""
14926395752,"Jun 26, 2025, 8:50:49 PM",Afternoon Run,Run,Swing by new place… they took my chandelier 😭,3864,9.41,147.0,13,false,,ASICS Gel-Nimbus 25 White,activities/15931781584.fit.gz,,,3864.0,3126.0,9414.0,4.6,3.012,20.0,17.0,5.0,13.0,14.3,0.0,,,84.0,79.0,147.0,135.0,,239.0,674.0,,35.0,13.0,,,,,,,,,229.0,3546.0,0.0,,0.0,,1.0,9543.0,1750968064.0,3.0,20.3,17.6,13.3,0.64,1021.2,4.3,7.3,71.0,0.1,1750928896.0,1750983936.0,0.125,,18357424.0,0.85,5.0,1.0,19560.0,3.0,,,,,0.0,2.436,505.5,,,,8312.0,,,198.0,142.0,3.053,,,,,,,,""
14931843448,"Jun 27, 2025, 10:51:03 AM",FRC,Run,Actually 8… forgot to start my watch after joining the crew but a great morning,7519,10.61,168.0,32,false,,New Balance 1080 Black,activities/15937780571.fit.gz,,,7519.0,3343.0,10614.5,5.5,3.175,33.0,35.0,3.0,17.0,17.6,0.0,,,90.0,82.0,168.0,146.0,,249.0,815.0,,33.0,32.0,,,,,,,,,237.0,3916.0,0.0,,0.0,,1.0,10775.4,1751018368.0,3.0,14.9,15.8,12.8,0.87,1024.3,0.6,2.2,38.0,0.0,1751015424.0,1751070336.0,0.125,,20116580.0,0.0,1.0,0.82,16115.0,0.0,,,,,0.0,1.412,408.0,,,,9130.0,,,235.0,147.0,3.223,,,,,,,,media/A7CDFCB0-27AD-418C-AA9A-B9620DE1F984.jpg
14943726732,"Jun 28, 2025, 1:20:28 PM",A bit of everywhere,Run,"Just wandering for the first 7 before 
-3 @ MP+ ~15
-2 float 
-3 @ MP
Ran into [strava://athletes/133511556/11]Libby Evans 2x lucky me",8762,25.97,185.0,95,false,,PUMA Deviate Nitro 3 Sunset,activities/15950817807.fit.gz,,,8762.0,7870.0,25977.0,5.7,3.301,75.0,73.0,3.0,18.0,42.1,0.0,,,87.0,82.0,185.0,148.0,,259.0,1963.0,,34.0,95.0,,,,,,,,,259.0,8764.0,0.0,,0.0,,1.0,26406.5,1751115648.0,3.0,17.9,16.8,15.1,0.84,1020.6,2.5,7.4,167.0,0.3,1751101824.0,1751156736.0,0.125,,19153764.0,0.71,5.0,1.0,15765.0,3.0,,,,,0.0,2.965,876.5,,,,21584.0,,,630.0,161.0,3.355,,,,,,,,""
14953287557,"Jun 29, 2025, 1:17:56 PM",Morning Weight Training,Weight Training,Upper body,2658,0,117.0,3,false,,,activities/15961352094.fit.gz,,,2658.0,2658.0,0.0,0.0,0.0,0.0,0.0,0.0,0.0,0.0,0.0,,,,,117.0,77.0,,,170.0,,29.0,3.0,,,,,,,,,,,0.0,,0.0,,1.0,,,,,,,,,,,,,,,,,,,,,,,,,,,0.0,0.0,0.0,,,,,,,,,,,,,,,,,""
14961671459,"Jun 30, 2025, 11:09:11 AM",Morning Run,Run,No clever title today,2930,8.87,156.0,20,false,,ASICS Gel-Nimbus 25 Sea foam,activities/15970646235.fit.gz,,,2930.0,2769.0,8877.0,7.1,3.206,26.0,41.0,6.0,22.0,38.1,-0.1,,,84.0,80.0,156.0,143.0,,251.0,654.0,,35.0,20.0,,,,,,,,,244.0,2932.0,0.0,,0.0,,1.0,9019.2,1751281152.0,1.0,19.6,22.5,16.1,0.8,1017.0,0.8,2.2,317.0,0.0,1751274624.0,1751329536.0,0.125,,20649978.0,0.0,1.0,0.04,21070.0,1.0,,,,,0.0,3.03,422.0,,,,7418.0,,,187.0,152.0,3.257,,,,,,,,""
14972234059,"Jul 1, 2025, 10:52:21 AM",Wet hot July,Run,"- run into [strava://athletes/13260725/10]Adam Chang 
- 2’ @ threshold
- 4 miles @ HMP 
- WU/CD
Missed some times on the later end of the 4 but the effort was consistent",3999,13.62,188.0,109,false,,New Balance rebel v4 Barbie pink,activities/15982238761.fit.gz,,,3999.0,3891.0,13625.0,5.5,3.502,32.0,35.0,2.0,18.0,9.5,0.0,,,89.0,83.0,188.0,164.0,,276.0,1134.0,,35.0,109.0,,,,,,,,,284.0,4001.0,0.0,,0.0,,1.0,13774.6,1751363968.0,3.0,22.2,22.6,21.2,0.94,1010.8,3.1,7.7,198.0,0.0,1751361152.0,1751415936.0,0.125,,21924872.0,0.59,5.0,0.7,11363.0,0.0,,,,,0.0,3.407,478.0,,,,10852.0,,,345.0,176.0,3.54,,,,,,,,""
14988566330,"Jul 2, 2025, 9:06:45 PM",Afternoon Run,Run,Esplanade mayhem already,4273,12.60,160.0,50,false,,ASICS Gel-Nimbus 25 Sea foam,activities/16000110957.fit.gz,,,4273.0,4015.0,12599.0,4.7,3.138,24.0,21.0,6.0,15.0,11.2,0.0,,,85.0,79.0,160.0,149.0,,248.0,1007.0,,36.0,50.0,,,,,,,,,243.0,4275.0,0.0,,0.0,,1.0,12727.5,1751490048.0,3.0,28.9,27.7,18.4,0.53,1008.6,4.4,8.0,254.0,0.0,1751447552.0,1751502336.0,0.125,,20649978.0,0.57,5.0,1.0,35217.0,2.0,,,,,0.0,2.949,258.0,,,,10670.0,,,270.0,151.0,3.17,,,,,,,,""
14993567475,"Jul 3, 2025, 11:02:46 AM",Easy + strides,Run,Miller mile tomorrow,3357,9.78,169.0,39,false,,HOKA Mach 6 Pink twilight,activities/16005668988.fit.gz,,,3357.0,3005.0,9785.0,7.0,3.256,26.0,28.0,7.0,18.0,10.0,0.0,,,113.0,82.0,169.0,149.0,,254.0,756.0,,34.0,39.0,,,,,,,,,241.0,3359.0,0.0,,0.0,,1.0,9921.5,1751540352.0,1.0,22.5,24.0,17.5,0.73,1009.6,2.5,4.9,282.0,0.0,1751533952.0,1751588736.0,0.25,,18438024.0,0.46,5.0,0.16,24975.0,1.0,,,,,0.0,2.915,569.5,,,,8276.0,,,209.0,150.0,3.302,,,,,,,,""
15003358366,"Jul 4, 2025, 10:46:14 AM",Mm warmup,Run,"",602,1.88,168.0,6,false,,New Balance rebel v4 Barbie pink,activities/16016500832.fit.gz,,,602.0,581.0,1887.0,4.8,3.248,4.0,4.0,11.0,15.0,17.4,0.1,,,89.0,82.0,168.0,147.0,,250.0,144.0,,30.0,6.0,,,,,,,,,255.0,604.0,0.0,,0.0,,1.0,1915.8,1751623168.0,1.0,17.2,16.5,12.5,0.74,1014.4,2.7,6.3,303.0,0.0,1751620352.0,1751675136.0,0.375,,21924872.0,0.0,1.0,0.05,25868.0,0.0,,,,,0.0,3.135,0.0,,,,1594.0,,,41.0,158.0,3.297,,,,,,,,""
15003368159,"Jul 4, 2025, 11:12:16 AM",Miller mile,Run,5:22,322,1.60,190.0,12,false,,New Balance rebel v4 Barbie pink,activities/16016511436.fit.gz,,,322.0,322.0,1600.0,6.7,4.969,5.0,7.0,14.0,18.0,12.5,0.0,,,93.0,90.0,190.0,172.0,,394.0,105.0,,31.0,12.0,,,,,,,,,381.0,323.0,0.0,,0.0,,1.0,1613.6,1751626752.0,1.0,19.0,19.1,13.1,0.69,1014.7,3.7,8.9,317.0,0.0,1751620352.0,1751675008.0,0.375,,21924872.0,0.0,1.0,0.02,28121.0,1.0,,,,,0.0,4.969,0.0,,,,974.0,,,50.0,237.0,5.011,,,,,,,,media/AFAE7295-9916-4A34-BC00-7E1A707701FA.jpg
15003882863,"Jul 4, 2025, 11:50:54 AM",6x1’ hard on storrow,Run,Following miller mile,1920,5.35,184.0,31,false,,New Balance rebel v4 Barbie pink,activities/16017078075.fit.gz,,,1920.0,1541.0,5356.7,6.4,3.476,25.0,26.0,3.0,13.0,25.0,0.0,,,100.0,84.0,184.0,155.0,,270.0,413.0,,33.0,31.0,,,,,,,,,267.0,1849.0,0.0,,0.0,,1.0,5442.6,1751626752.0,1.0,19.0,19.1,13.1,0.69,1014.7,3.7,8.9,317.0,0.0,1751620352.0,1751675008.0,0.375,,21924872.0,0.0,1.0,0.02,28121.0,1.0,,,,,0.0,2.79,49.0,,,,4338.0,,,141.0,166.0,3.532,,,,,,,,media/E340EFF7-4F3F-4841-BEE4-FB4283143D1D.jpg|media/145D73B0-DDFE-40AC-85FC-CEF60E5CC841.jpg
15015944034,"Jul 5, 2025, 2:04:47 PM",Moving,Workout,Just trying to make sure I get my feed credit,3606,0,144.0,5,false,,,activities/16030413076.fit.gz,,,3606.0,3606.0,0.0,0.0,0.0,0.0,0.0,0.0,0.0,0.0,0.0,,,,32.0,144.0,85.0,,,238.0,,31.0,5.0,,,,,,,,,,,0.0,,0.0,,1.0,,,,,,,,,,,,,,,,,,,,,,,,,,,0.0,0.0,0.0,,,,,,,,,,,,,,,,,""
15027180572,"Jul 6, 2025, 1:06:21 PM",Easy but nothings easy in this weather,Run,Highlights were running into [strava://athletes/133511556/11]Libby Evans and a little boy screaming at me that I was naked when I had my shirt off,10826,25.29,161.0,80,false,,HOKA Mach 6 Pink twilight,activities/16042821460.fit.gz,,,10826.0,8482.0,25291.5,4.6,2.982,77.0,80.0,-1.0,17.0,26.1,0.0,,,85.0,80.0,161.0,147.0,,234.0,2070.0,,36.0,80.0,,,,,,,,,225.0,9530.0,0.0,,0.0,,1.0,25692.9,1751806848.0,3.0,25.8,24.3,19.4,0.68,1016.8,4.6,9.1,234.0,0.0,1751793280.0,1751847808.0,0.375,,18438024.0,0.0,1.0,1.0,29496.0,3.0,,,,,0.0,2.336,930.0,,,,22784.0,,,517.0,140.0,3.029,,,,,,,,""
15034100451,"Jul 7, 2025, 10:57:36 AM",Back bay boy,Run,Legs still tired,3327,9.50,149.0,14,false,,New Balance 1080 Black,activities/16050562472.fit.gz,,,3327.0,3201.0,9507.3,4.6,2.97,24.0,23.0,6.0,18.0,10.0,0.0,,,86.0,80.0,149.0,138.0,,234.0,706.0,,35.0,14.0,,,,,,,,,229.0,3328.0,0.0,,0.0,,1.0,9627.9,1751882368.0,3.0,22.2,22.4,20.6,0.91,1015.8,3.0,7.4,222.0,0.0,1751879680.0,1751934208.0,0.375,,20116580.0,0.46,5.0,0.7,16940.0,0.0,,,,,0.0,2.858,0.0,,,,8616.0,,,186.0,142.0,3.008,,,,,,,,""
15051309349,"Jul 8, 2025, 9:29:04 PM",Running around,Run,Picking up yoga mat from south end to running into Achilles and chatting with [strava://athletes/91981053/11]Connor West and then strides,5816,11.30,170.0,26,false,,ASICS Gel-Nimbus 25 Sea foam,activities/16069387512.fit.gz,,,5816.0,3708.0,11299.0,7.2,3.047,17.0,23.0,22.0,31.0,28.6,-0.1,,,94.0,80.0,170.0,139.0,,234.0,837.0,,36.0,26.0,,,,,,,,,209.0,5073.0,0.0,,0.0,,1.0,11436.4,1752008448.0,3.0,28.6,28.5,22.9,0.71,1013.2,3.7,7.3,269.0,2.1,1751966208.0,1752020608.0,0.375,,20649978.0,0.54,5.0,1.0,10670.0,2.0,,,,,0.0,1.943,283.5,,,,9958.0,,,237.0,130.0,3.084,,,,,,,,""
15056588210,"Jul 9, 2025, 11:12:24 AM",Dripping,Run,"At least it’s rain and not sweat today
-2x400
-3x 2400 @ 10k (9:01, 9:06, 8:54)
- 400 fast",4407,13.50,189.0,75,false,,PUMA Deviate Nitro 3 Sunset,activities/16075247517.fit.gz,,,4407.0,3413.0,13501.7,5.7,3.956,19.0,19.0,5.0,13.0,16.7,0.0,,,92.0,84.0,189.0,159.0,,307.0,952.0,,34.0,75.0,,,,,,,,,299.0,4368.0,0.0,,0.0,,1.0,13612.8,1752058752.0,5.0,19.8,19.8,19.0,0.95,1016.0,2.3,4.3,53.0,1.1,1752052608.0,1752107008.0,0.375,,19153764.0,1.0,5.0,1.0,2181.0,1.0,,,,,0.0,3.064,0.0,,,,9636.0,,,419.0,186.0,3.989,,,,,,,,""
15072995850,"Jul 10, 2025, 8:32:34 PM",Easy 7,Run,"",3982,11.85,151.0,17,false,,New Balance 1080 Black,activities/16092951995.fit.gz,,,3982.0,3889.0,11852.6,4.1,3.048,27.0,27.0,7.0,15.0,12.5,0.0,,,84.0,79.0,151.0,137.0,,240.0,853.0,,34.0,17.0,,,,,,,,,237.0,3983.0,0.0,,0.0,,1.0,11988.2,1752177664.0,3.0,20.6,19.6,17.8,0.84,1016.1,3.0,5.5,44.0,0.1,1752139008.0,1752193280.0,0.375,,20116580.0,0.95,5.0,1.0,14182.2,3.0,,,,,0.0,2.977,294.0,,,,10370.0,,,239.0,147.0,3.083,,,,,,,,""
15078832563,"Jul 11, 2025, 11:31:27 AM",FRC,Run,Working on timing from the new place still oops,5049,6.88,164.0,11,false,,New Balance 1080 Black,activities/16099407700.fit.gz,,,5049.0,2390.0,6885.0,4.9,2.881,18.0,18.0,7.0,18.0,10.0,0.0,,,85.0,81.0,164.0,132.0,,226.0,498.0,,33.0,11.0,,,,,,,,,213.0,2909.0,0.0,,0.0,,1.0,6968.2,1752231552.0,3.0,18.2,19.1,17.2,0.94,1017.1,0.7,1.2,53.0,0.0,1752225536.0,1752279680.0,0.5,,20116580.0,0.45,5.0,0.98,6574.0,1.0,,,,,0.0,1.364,0.0,,,,6456.0,,,141.0,132.0,2.916,,,,,,,,""
15082679317,"Jul 11, 2025, 8:26:16 PM",Inferno hot Pilates,Workout,So glad this was only 30 minutes…,2129,0,154.0,8,false,,,activities/16103628966.fit.gz,,,2129.0,2129.0,0.0,0.0,0.0,0.0,0.0,0.0,0.0,0.0,0.0,,,,23.0,154.0,120.0,,,272.0,,37.0,8.0,,,,,,,,,,,0.0,,0.0,,1.0,,,,,,,,,,,,,,,,,,,,,,,,,,,0.0,0.0,0.0,,,,,,,,,,,,,,,,,""
15090557794,"Jul 12, 2025, 12:13:53 PM",HB Hill x2,Run,"Legs were not there first half but hb hill woke them up apparently 
+ [strava://athletes/58294598/14]Isabel Meskers flyby",10005,29.26,176.0,154,false,,New Balance rebel v4 Barbie pink,activities/16112307767.fit.gz,,,10005.0,8654.0,29266.5,5.5,3.382,223.0,228.0,11.0,83.0,40.0,0.0,,,89.0,82.0,176.0,154.0,,267.0,2290.0,,35.0,154.0,,,,,,,,,258.0,9874.0,0.0,,0.0,,1.0,30002.0,1752321536.0,3.0,21.9,22.0,19.5,0.86,1019.8,2.2,3.9,212.0,0.0,1752311936.0,1752366080.0,0.625,,21924872.0,0.0,1.0,1.0,15513.0,1.0,,,,,0.0,2.925,1153.0,,,,23840.0,,,703.0,160.0,3.467,,,,,,,,""
15101047717,"Jul 13, 2025, 12:58:32 PM",Hot power flow,Workout,Not sure I’ve sweat this much in an hour before,3670,0,136.0,9,false,,,activities/16123858194.fit.gz,,,3670.0,3670.0,0.0,0.0,0.0,0.0,0.0,0.0,0.0,0.0,0.0,,,,0.0,136.0,104.0,,,365.0,,33.0,9.0,,,,,,,,,,,0.0,,0.0,,1.0,,,,,,,,,,,,,,,,,,,,,,,,,,,0.0,0.0,0.0,,,,,,,,,,,,,,,,,""
15109620746,"Jul 14, 2025, 10:41:04 AM",Easy 6,Run,"",3371,9.74,149.0,13,false,,ASICS Gel-Nimbus 25 White,activities/16133340305.fit.gz,,,3371.0,3228.0,9742.1,4.8,3.018,32.0,27.0,2.0,13.0,16.0,0.0,,,84.0,80.0,149.0,134.0,,240.0,683.0,,34.0,13.0,,,,,,,,,235.0,3373.0,0.0,,0.0,,1.0,9909.3,1752487168.0,1.0,19.9,20.7,18.8,0.93,1018.4,1.8,5.4,192.0,0.0,1752484864.0,1752538752.0,0.625,,18357424.0,0.39,5.0,0.03,14274.0,0.0,,,,,0.0,2.89,0.0,,,,8600.0,,,199.0,146.0,3.07,,,,,,,,""
15126895503,"Jul 15, 2025, 8:44:11 PM",Hot hot hot + strides,Run,Not me and [strava://athletes/91981053/11]Connor West sluffing Achilles,4396,11.32,157.0,18,false,,New Balance 1080 Black,activities/16152125088.fit.gz,,,4396.0,3709.0,11322.0,7.0,3.053,55.0,48.0,7.0,22.0,19.0,0.0,,,93.0,79.0,157.0,139.0,,239.0,830.0,,37.0,18.0,,,,,,,,,224.0,4366.0,0.0,,0.0,,1.0,11584.9,,,,,,,,,,,,,,,,20116580.0,,,,,,,,,,0.0,2.576,1719.8,,,,9814.0,,,234.0,139.0,3.123,,,,,,,,""
15132593283,"Jul 16, 2025, 11:03:38 AM",Track rat,Run,"So hot out there but that didn’t stop me & [strava://athletes/55543036/14]Jack Guardiola from putting in work 
- 2 x 90” fast (1’ float)
- 5 x 800 (2:51, 2:56, 2:51, 2:52, 2:50)
- 2 x 90” fast (1’ float)",3990,11.94,188.0,79,false,,HOKA Mach 6 Pink twilight,activities/16158407096.fit.gz,,,3990.0,3167.0,11948.0,5.9,3.773,19.0,21.0,4.0,11.0,19.0,0.0,,,92.0,83.0,188.0,161.0,,296.0,899.0,,31.0,79.0,,,,,,,,,296.0,3917.0,0.0,,0.0,,1.0,12037.1,,,,,,,,,,,,,,,,18438024.0,,,,,,,,,,0.0,2.994,0.0,,,,8822.0,,,368.0,184.0,3.801,,,,,,,,""
15143555681,"Jul 17, 2025, 11:15:48 AM",“Straight up strength”,Weight Training,"",3026,0,156.0,8,false,,,activities/16170402583.fit.gz,,,3026.0,3026.0,0.0,0.0,0.0,0.0,0.0,0.0,0.0,0.0,0.0,,,,,156.0,110.0,,,362.0,,30.0,8.0,,,,,,,,,,,0.0,,0.0,,1.0,,,,,,,,,,,,,,,,,,,,,,,,,,,0.0,0.0,0.0,,,,,,,,,,,,,,,,,""
15149657865,"Jul 17, 2025, 9:43:48 PM",Run to Libby’s 5k,Run,"I think their slogan is “f*** cancer”
Libby crushed it tho",6139,6.71,166.0,32,false,,ASICS Gel-Nimbus 25 Sea foam,activities/16177029526.fit.gz,,,6139.0,2146.0,6714.2,5.8,3.129,11.0,16.0,3.0,8.0,27.3,0.0,,,89.0,80.0,166.0,146.0,,246.0,519.0,,34.0,32.0,,,,,,,,,225.0,2837.0,0.0,,0.0,,1.0,6820.1,,,,,,,,,,,,,,,,20649978.0,,,,,,,,,,0.0,1.094,578.0,,,,5704.0,,,154.0,140.0,3.178,,,,,,,,media/9C367EFB-2B05-40CB-B25A-4CAA875B41A8.jpg|media/8268057A-0A22-422A-977D-DD9297E69EC9.jpg
15154710730,"Jul 18, 2025, 11:11:03 AM",FRC + hill strides,Run,Perfect morning all around,6493,11.13,167.0,46,false,,ASICS Gel-Nimbus 25 Sea foam,activities/16182625851.fit.gz,,,6493.0,3422.0,11132.0,5.0,3.253,58.0,78.0,1.0,33.0,47.6,-0.1,,,89.0,83.0,167.0,145.0,,254.0,828.0,,34.0,46.0,,,,,,,,,248.0,3916.0,0.0,,0.0,,1.0,11468.3,,,,,,,,,,,,,,,,20649978.0,,,,,,,,,,0.0,1.714,201.0,,,,9490.0,,,258.0,154.0,3.351,,,,,,,,""
15167719008,"Jul 19, 2025, 1:49:22 PM",Some days you have it,Run,And others you don’t. Probably has to do with my very poor sleep this week,10016,22.34,153.0,48,false,,ASICS Gel-Nimbus 25 White,activities/16196891697.fit.gz,,,10016.0,7552.0,22340.6,4.3,2.958,35.0,30.0,0.0,11.0,22.2,0.0,,,84.0,80.0,153.0,138.0,,233.0,1685.0,,35.0,48.0,,,,,,,,,226.0,8299.0,0.0,,0.0,,1.0,22619.8,,,,,,,,,,,,,,,,18357424.0,,,,,,,,,,0.0,2.23,365.0,,,,20146.0,0.0,,453.0,140.0,2.995,,,,,,,,""
15191514390,"Jul 21, 2025, 8:45:04 PM",Afternoon Run,Run,"",5269,10.49,156.0,15,false,,New Balance 1080 Black,activities/16223032578.fit.gz,,,5269.0,3635.0,10489.0,4.7,2.886,16.0,25.0,3.0,16.0,18.7,-0.1,,,87.0,79.0,156.0,126.0,,227.0,699.0,,36.0,15.0,,,,,,,,,214.0,4404.0,,,0.0,,1.0,10618.1,,,,,,,,,,,,,,,,20116580.0,,,,,,,,,,0.0,1.991,465.0,,,,9650.0,0.0,,216.0,133.0,2.921,,,,,,,,""
15196993774,"Jul 22, 2025, 11:18:18 AM",Morning Run,Run,"",2285,6.69,147.0,10,false,,New Balance 1080 Black,activities/16229048304.fit.gz,,,2285.0,2235.0,6692.0,3.401,2.994,21.0,26.0,7.0,20.0,20.0,0.0,,,83.0,79.0,147.0,134.0,,236.0,473.0,,33.0,10.0,,,,,,,,,233.0,2287.0,,,0.0,,1.0,6780.9,,,,,,,,,,,,,,,,20116580.0,,,,,,,,,,,2.929,36.5,,,,5944.0,0.0,,133.0,145.0,3.034,,,,,,,,""
15209019413,"Jul 23, 2025, 11:13:42 AM",12x4,Run,"Felt really good to get in a good session after some lingering fatigue & getting up at 3:45
[strava://athletes/91981053/11]Connor West & [strava://athletes/58294598/14]Isabel Meskers flyby",3660,11.90,183.0,80,false,,New Balance SC Elite v4 SCE4,activities/16241888933.fit.gz,,,3660.0,3148.0,11899.0,5.319,3.779,19.0,19.0,8.0,17.0,9.5,-0.1,,,91.0,82.0,183.0,156.0,,296.0,855.0,,34.0,80.0,,,,,,,,,296.0,3661.0,,,0.0,,1.0,12004.7,,,,,,,,,,,,,,,,24280848.0,,,,,,,,,,,3.251,0.0,,,,8692.0,0.0,,344.0,184.0,3.813,,,,,,,,""
15224982603,"Jul 24, 2025, 7:35:57 PM",Afternoon Run,Run,"",2372,6.78,156.0,35,false,,New Balance 1080 Black,activities/16258884802.fit.gz,,,2372.0,2222.0,6784.0,3.559,3.052,19.0,16.0,8.0,16.0,15.4,0.1,,,85.0,78.0,156.0,146.0,,241.0,540.0,,36.0,35.0,,,,,,,,,235.0,2373.0,,,0.0,,1.0,6913.9,,,,,,,,,,,,,,,,20116580.0,,,,,,,,,,,2.86,462.5,,,,5874.0,0.0,,140.0,146.0,3.112,,,,,,,,""
15231381284,"Jul 25, 2025, 11:29:18 AM",FRC,Run,"",5356,6.64,154.0,14,false,,ASICS Gel-Nimbus 25 White,activities/16265800561.fit.gz,,,5356.0,2228.0,6643.6,3.636,2.98,24.0,22.0,3.0,15.0,27.3,0.1,,,86.0,81.0,154.0,134.0,,233.0,477.0,,34.0,14.0,,,,,,,,,220.0,2700.0,,,0.0,,1.0,6776.5,,,,,,,,,,,,,,,,18357424.0,,,,,,,,,,,1.24,0.0,,,,6088.0,0.0,,140.0,137.0,3.042,,,,,,,,""
15235372275,"Jul 25, 2025, 8:33:19 PM",Inferno hot Pilates,Workout,"",1978,0,159.0,9,false,,,activities/16270039668.fit.gz,,,1978.0,1978.0,0.0,5.111,0.392,0.0,0.0,0.0,0.0,0.0,0.0,,,,26.0,159.0,120.0,,,252.0,,35.0,9.0,,,,,,,,,,,,,0.0,,1.0,,,,,,,,,,,,,,,,,,,,,,,,,,,,0.0,0.0,,,,,0.0,,,,,,,,,,,,""
15243162297,"Jul 26, 2025, 12:24:34 PM",Confidence builder,Run,"-6 easy
-6 brisk
-6 MP ish
-1 CD
Nice to actually complete a tough LR after feeling a bit down lately",9660,30.72,187.0,254,false,,New Balance rebel v4 Barbie pink,activities/16278437823.fit.gz,,,9660.0,8928.0,30725.0,4.292,3.441,96.0,89.0,4.0,15.0,23.5,0.0,,,87.0,82.0,187.0,159.0,,271.0,2478.0,,35.0,254.0,,,,,,,,,267.0,9662.0,,,0.0,,1.0,31136.6,,,,,,,,,,,,,,,,21924872.0,,,,,,,,,,,3.181,86.0,,,,24618.0,0.0,,738.0,166.0,3.488,,,,,,,,""
15262665531,"Jul 28, 2025, 11:17:50 AM",EZ,Run,"",3375,9.88,145.0,15,false,,ASICS Gel-Nimbus 25 White,activities/16299349382.fit.gz,,,3375.0,3295.0,9887.2,3.413,3.001,20.0,28.0,9.0,21.0,17.4,0.0,,,106.0,79.0,145.0,134.0,,237.0,697.0,,34.0,15.0,,,,,,,,,234.0,3377.0,,,0.0,,1.0,9991.2,,,,,,,,,,,,,,,,18357424.0,,,,,,,,,,,2.93,41.5,,,,8770.0,0.0,,197.0,145.0,3.032,,,,,,,,""
15273744977,"Jul 29, 2025, 11:25:55 AM",Short & easy,Run,"Giving myself some extra sleep in time after a 13 hour workday yesterday
+ strides",2316,6.66,159.0,13,false,,ASICS Gel-Nimbus 25 White,activities/16311164077.fit.gz,,,2316.0,2113.0,6665.5,5.618,3.154,13.0,19.0,9.0,19.0,9.5,-0.1,,,92.0,79.0,159.0,138.0,,244.0,470.0,,35.0,13.0,,,,,,,,,232.0,2318.0,,,0.0,,1.0,6738.9,,,,,,,,,,,,,,,,18357424.0,,,,,,,,,,,2.878,31.8,,,,5668.0,0.0,,133.0,144.0,3.189,,,,,,,,""
15285942543,"Jul 30, 2025, 11:02:31 AM",Track party,Run,"-3x1’
-4x1 mile (6:00, 6:00, 5:58, 5:53)
-3x1’
Switching a bit of pacing with [strava://athletes/55543036/14]Jack Guardiola in the miles and pacing [strava://athletes/133511556/11]Libby Evans through some 400s at the end",5984,15.38,188.0,101,false,,New Balance rebel v4 Barbie pink,activities/16324169535.fit.gz,,,5984.0,4242.0,15385.0,5.263,3.627,26.0,27.0,6.0,13.0,13.3,0.0,,,92.0,83.0,188.0,155.0,,282.0,1138.0,,35.0,101.0,,,,,,,,,280.0,5622.0,,,0.0,,1.0,15523.5,,,,,,,,,,,,,,,,21924872.0,,,,,,,,,,,2.571,0.0,,,,11914.0,0.0,,472.0,174.0,3.659,,,,,,,,""
15303044677,"Jul 31, 2025, 9:17:13 PM",Chippys,Run,"Mid run pause @ greystone for their toscanini’s collab
Also intentionally waited for the rain today",7226,6.77,152.0,12,false,,PUMA Deviate Nitro 3 Sunset,activities/16342351088.fit.gz,,,7226.0,2158.0,6772.0,5.9,3.138,27.0,33.0,6.0,20.0,20.0,-0.1,,,86.0,80.0,152.0,135.0,,242.0,461.0,,,12.0,,,,,,,,,233.0,2435.0,,,0.0,,1.0,6876.9,,,,,,,,,,,,,,,,19153764.0,,,,,,,,,,,0.937,470.2,,,,5812.0,0.0,,141.0,145.0,3.187,,,,,,,,media/E606CCF3-0688-4E8E-917F-2AA62AFBB1AC.jpg
15308153731,"Aug 1, 2025, 11:24:40 AM",Rainy FRC,Run,Nice reprieve from heat,5511,6.70,140.0,8,false,,PUMA Deviate Nitro 3 Sunset,activities/16347875779.fit.gz,,,5511.0,2378.0,6704.0,3.9,2.819,27.0,22.0,10.0,24.0,23.5,0.0,,,92.0,81.0,140.0,125.0,,219.0,442.0,,,8.0,,,,,,,,,207.0,2822.0,,,0.0,,1.0,6885.1,,,,,,,,,,,,,,,,19153764.0,,,,,,,,,,,1.216,0.0,,,,6462.0,0.0,,130.0,129.0,2.895,,,,,,,,media/063CFDFB-445E-45BC-AC00-660A1380EB52.jpg
15320910861,"Aug 2, 2025, 12:42:46 PM",Course preview,Run,"-6 warmup
-3 @ 6:40 (1.5 jog)
-3 @ 6:31 (1.5 jog)
-2 @ 6:17
- 4 CD

[strava://athletes/25760188/16]Anthony Wiryaman double flyby",11541,34.43,185.0,229,false,,New Balance rebel v4 Barbie pink,activities/16361513421.fit.gz,,,11541.0,10277.0,34434.0,5.6,3.351,69.0,79.0,5.0,18.0,25.0,0.0,,,90.0,83.0,185.0,154.0,,259.0,2677.0,,,229.0,,,,,,,,,259.0,11459.0,,,0.0,,1.0,34832.2,,,,,,,,,,,,,,,,21924872.0,,,,,,,,,,,2.984,879.0,,,,28468.0,0.0,,824.0,161.0,3.389,,,,,,,,""
15340199612,"Aug 4, 2025, 11:19:08 AM",Morning Run,Run,"",2883,8.26,147.0,12,false,,ASICS Gel-Nimbus 25 White,activities/16382285327.fit.gz,,,2883.0,2789.0,8265.0,4.3,2.963,24.0,31.0,8.0,21.0,36.7,0.0,,,83.0,79.0,147.0,132.0,,230.0,573.0,,,12.0,,,,,,,,,226.0,2885.0,,,0.0,,1.0,8414.8,,,,,,,,,,,,,,,,18357424.0,,,,,,,,,,,2.867,134.5,,,,7422.0,0.0,,157.0,140.0,3.017,,,,,,,,""
15352045874,"Aug 5, 2025, 11:36:54 AM",Bird poop?,Run,They hate me because they know I hate them because they hate me,3521,9.85,151.0,14,false,,ASICS Gel-Nimbus 25 Sea foam,activities/16394937069.fit.gz,,,3521.0,3151.0,9853.1,6.8,3.127,37.0,42.0,3.0,16.0,10.0,0.0,,,93.0,80.0,151.0,131.0,,241.0,641.0,,,14.0,,,,,,,,,231.0,3523.0,,,0.0,,1.0,10018.4,,,,,,,,,,,,,,,,20649978.0,,,,,,,,,,,2.798,242.0,,,,8394.0,0.0,,200.0,143.0,3.179,,,,,,,,""
15358176872,"Aug 5, 2025, 8:58:47 PM",Double on the track,Run,"2x300, 5x800, 3x200
Extended cooldown- 15 on the day
Honestly feeling a lot stronger and fresher than I would’ve thought",4783,14.51,177.0,67,false,,New Balance SC Elite v4 SCE4,activities/16401395829.fit.gz,,,4783.0,4066.0,14517.0,6.6,3.57,27.0,24.0,6.0,16.0,20.0,0.0,,,90.0,82.0,177.0,149.0,,277.0,1006.0,,,67.0,,,,,,,,,280.0,4610.0,,,0.0,,1.0,14657.2,,,,,,,,,,,,,,,,24280848.0,,,,,,,,,,,3.035,0.0,,,,11134.0,0.0,,387.0,174.0,3.605,,,,,,,,""
15363994434,"Aug 6, 2025, 11:35:58 AM",Easy (and short) recovery,Run,"",2255,6.78,147.0,9,false,,ASICS Gel-Nimbus 25 Sea foam,activities/16407653239.fit.gz,,,2255.0,2216.0,6786.0,4.2,3.062,15.0,16.0,7.0,16.0,10.5,0.0,,,84.0,80.0,147.0,134.0,,238.0,462.0,,,9.0,,,,,,,,,235.0,2257.0,,,0.0,,1.0,6866.1,,,,,,,,,,,,,,,,20649978.0,,,,,,,,,,,3.009,68.8,,,,5986.0,0.0,,133.0,146.0,3.098,,,,,,,,""
15376046649,"Aug 7, 2025, 10:40:22 AM",Mod long,Run,A bit late but cape cod on the docket. Talkin strat with [strava://athletes/55543036/14]Jack Guardiola and finished with [strava://athletes/133511556/11]Libby Evans,6666,17.82,155.0,29,false,,ASICS Gel-Nimbus 25 White,activities/16420501184.fit.gz,,,6666.0,6109.0,17828.8,6.1,2.918,55.0,69.0,14.0,28.0,45.5,0.0,,,104.0,81.0,155.0,131.0,,226.0,1237.0,,,29.0,,,,,,,,,220.0,6668.0,,,0.0,,1.0,18136.4,,,,,,,,,,,,,,,,18357424.0,,,,,,,,,,,2.675,465.0,,,,16530.0,0.0,,346.0,137.0,2.969,,,,,,,,""
15415149298,"Aug 10, 2025, 6:37:10 PM",Post Cape run,Run,Too warm but had to do it,8033,19.37,166.0,115,false,,ASICS Gel-Nimbus 25 Sea foam,activities/16462208692.fit.gz,,,8033.0,6516.0,19372.0,4.6,2.973,44.0,51.0,3.0,18.0,40.0,0.0,,,105.0,78.0,166.0,148.0,,229.0,1594.0,,,115.0,,,,,,,,,216.0,7746.0,,,0.0,,1.0,19744.5,,,,,,,,,,,,,,,,20649978.0,,,,,,,,,,,2.412,839.0,,,,17104.0,0.0,,386.0,134.0,3.03,,,,,,,,""
15420135113,"Aug 11, 2025, 10:58:45 AM",Avoiding the BU turkey,Run,This city has too many birds,2807,8.20,156.0,31,false,,ASICS Gel-Nimbus 25 White,activities/16467673784.fit.gz,,,2807.0,2773.0,8201.0,4.2,2.957,34.0,34.0,5.0,18.0,10.5,0.0,,,83.0,79.0,156.0,143.0,,232.0,647.0,,,31.0,,,,,,,,,230.0,2809.0,,,0.0,,1.0,8347.6,,,,,,,,,,,,,,,,18357424.0,,,,,,,,,,,2.922,140.5,,,,7378.0,0.0,,159.0,143.0,3.01,,,,,,,,""
15432278291,"Aug 12, 2025, 11:29:06 AM",Morning Run,Run,+ strides,3445,9.68,166.0,29,false,,New Balance 1080 Black,activities/16480615563.fit.gz,,,3445.0,3147.0,9684.0,7.3,3.077,47.0,43.0,1.0,14.0,16.7,0.0,,,97.0,80.0,166.0,141.0,,238.0,715.0,,,29.0,,,,,,,,,227.0,3447.0,,,0.0,,1.0,9873.3,,,,,,,,,,,,,,,,20116580.0,,,,,,,,,,,2.811,209.0,,,,8440.0,0.0,,190.0,141.0,3.137,,,,,,,,""
15444704831,"Aug 13, 2025, 12:00:32 PM",Stressful morning,Run,"Early work requests = late run
5x1200@HMP in prep for Scottish half on Sunday",3627,11.31,185.0,92,false,,New Balance rebel v4 Barbie pink,activities/16493876888.fit.gz,,,3627.0,3055.0,11309.7,5.5,3.702,27.0,29.0,12.0,20.0,15.4,0.0,,,89.0,83.0,185.0,160.0,,287.0,846.0,,,92.0,,,,,,,,,286.0,3628.0,,,0.0,,1.0,11422.9,,,,,,,,,,,,,,,,21924872.0,,,,,,,,,,,3.118,0.0,,,,8538.0,0.0,,318.0,178.0,3.739,,,,,,,,""
15457195551,"Aug 14, 2025, 2:04:20 PM",London Town,Run,Quick post flight run featuring the Hugo boss corporate cricket retreat with [strava://athletes/133511556/11]Libby Evans,3010,6.46,130.0,8,false,,New Balance 1080 Timberwolf,activities/16507209832.fit.gz,,,3010.0,2503.0,6464.0,4.0,2.583,30.0,31.0,38.0,58.0,25.0,0.0,,,84.0,80.0,130.0,120.0,,200.0,434.0,,,8.0,,,,,,,,,188.0,2945.0,,,0.0,,1.0,6592.5,,,,,,,,,,,,,,,,17166304.0,,,,,,,,,,,2.148,0.0,,,,6738.0,0.0,,111.0,117.0,2.634,,,,,,,,media/38338291-F6EA-4332-B6C3-4269C49E8F8F.jpg|media/91586474-65E7-45BF-A461-E6CE2A61364A.jpg|media/CACE2B97-A805-408B-8EAD-F161E138B2C9.jpg|media/943DBF99-1EE8-417B-B748-3720D8FE7180.jpg
15475358626,"Aug 16, 2025, 7:46:13 AM",Scottish half shake out,Run,Not many places you can run to a castle by accident,3542,5.23,145.0,6,false,,New Balance 1080 Timberwolf,activities/16526641794.fit.gz,,,3542.0,2183.0,5232.8,5.7,2.397,50.0,66.0,51.0,97.0,47.6,0.0,,,93.0,80.0,145.0,111.0,,188.0,330.0,,,6.0,,,,,,,,,171.0,2931.0,,,0.0,,1.0,5478.3,,,,,,,,,,,,,,,,17166304.0,,,,,,,,,,,1.477,1835.5,,,,5800.0,0.0,,91.0,106.0,2.51,,,,,,,,media/4CF5A76D-C179-47F0-AD6E-FA9CC9C11E90.jpg|media/37079464-6FD5-4B22-83B6-4D255DED365B.jpg|media/A8CF7683-C9D2-4223-943F-99EDDABB4D74.jpg|media/1FBE7F16-A3D7-4080-B91F-8F14899844F5.jpg|media/1C7267EA-4110-4045-8F7A-A868817D8BE3.jpg|media/6FE03600-81A9-4E63-9BB8-B6747E9EBE2A.jpg
15489029032,"Aug 17, 2025, 10:38:46 AM",Edinburgh half,Run,One of the worst races of my life. Maybe had something to do with the race directors making us bake in the sun for 2.5 hours before the race or the lack of water or general organization. Beautiful course but awful everything else.,5296,21.21,196.0,332,false,,New Balance 1080 Black,activities/16541306369.fit.gz,,,5296.0,5296.0,21211.0,6.0,4.005,53.0,88.0,8.0,46.0,12.5,-0.2,,,92.0,84.0,196.0,180.0,,311.0,1752.0,,,332.0,,,,,,,,,311.0,5297.0,,,0.0,,1.0,21339.0,,,,,,,,,,,,,,,,20116580.0,,,,,,,,,,,4.005,21.5,,,,15000.0,0.0,,548.0,193.0,4.029,,,,,,,,media/466D725E-BD27-41BB-97FB-3B78E0C6260E.jpg|media/7D4EA53D-1E34-4531-B6F2-9B998636E8DA.jpg
15499505746,"Aug 18, 2025, 10:07:01 AM",Lunch Hike,Hike,"",5341,4.03,168.0,9,false,,,activities/16552563218.fit.gz,,,5341.0,3925.0,4034.4,2.0,1.028,165.0,166.0,178.0,316.0,40.0,0.0,,,,,168.0,96.0,,,389.0,,,9.0,,,,,,,,,,,,,0.0,,1.0,,,,,,,,,,,,,,,,,,,,,,,,,,,,0.755,3884.9,,,,,0.0,,,,,,,,,,,,""
15509600572,"Aug 19, 2025, 7:53:09 AM","Loch Ness, River Ness, Sore-Ness",Run,Really proud of that caption please give me kudos,3924,12.30,162.0,37,false,,New Balance 1080 Black,activities/16563289894.fit.gz,,,3924.0,3786.0,12304.2,4.4,3.25,52.0,58.0,9.0,55.0,15.4,0.0,,,87.0,81.0,162.0,141.0,,252.0,863.0,,,37.0,,,,,,,,,250.0,3926.0,,,0.0,,1.0,12484.5,,,,,,,,,,,,,,,,20116580.0,,,,,,,,,,,3.136,1836.9,,,,10274.0,0.0,,262.0,155.0,3.298,,,0.0,,,,,media/82D4F432-824C-4FE3-B4EA-9B57268322B3.jpg|media/C21F6A93-EB01-4C17-BEB8-6B7B86752B24.jpg|media/600B0071-8CBC-4895-AD30-00ECECA7380F.jpg|media/2F368AE6-0A30-4598-B506-0C9624B2980C.jpg|media/905DAFC6-D99F-40DF-8759-0A5EC4A603DF.jpg|media/2FC68CEF-F1FD-46F7-9944-62AE76282928.jpg
15529628685,"Aug 20, 2025, 9:00:40 PM",Welcome home,Run,"All my friends came out to welcome me home how nice 
[strava://athletes/132593397/9]Julia Low [strava://athletes/91981053/11]Connor West [strava://athletes/58294598/14]Isabel Meskers [strava://athletes/131969156/11]Jake Yakoub",3804,11.02,143.0,15,false,,PUMA Deviate Nitro 3 Sunset,activities/16584542576.fit.gz,,,3804.0,3741.0,11026.3,4.3,2.947,32.0,37.0,7.0,19.0,26.1,0.0,,,84.0,80.0,143.0,129.0,,230.0,747.0,,,15.0,,,,,,,,,229.0,3806.0,,,0.0,,1.0,11188.9,,,,,,,,,,,,,,,,19153764.0,,,,,,,,,,,2.899,104.0,,,,9984.0,0.0,,213.0,142.0,2.991,,,0.0,,,,,""
15541148621,"Aug 21, 2025, 9:37:47 PM",Trackster,Run,"2x400, 6x800, 2x400
Felt good to let loose a bit",4310,12.69,190.0,110,false,,New Balance rebel v4 Barbie pink,activities/16597132718.fit.gz,,,4310.0,3314.0,12689.0,6.3,3.829,40.0,28.0,6.0,21.0,21.1,0.0,,,94.0,83.0,190.0,161.0,,298.0,932.0,,,110.0,,,,,,,,,288.0,4279.0,,,0.0,,1.0,12881.7,,,,,,,,,,,,,,,,21924872.0,,,,,,,,,,,2.944,0.0,,,,9218.0,0.0,,380.0,179.0,3.887,,,0.0,,,,,""
15546658370,"Aug 22, 2025, 11:30:01 AM",FRC,Run,Don’t bring up search and rescue around these folk unless you’ve received a gold lifesaving medal from the US coast guard,5562,7.00,167.0,30,false,,New Balance 1080 Black,activities/16603490835.fit.gz,,,5562.0,2179.0,6999.0,4.9,3.212,26.0,24.0,9.0,22.0,10.0,-0.1,,,87.0,81.0,167.0,146.0,,248.0,520.0,,,30.0,,,,,,,,,236.0,2670.0,,,0.0,,1.0,7127.1,,,,,,,,,,,,,,,,20116580.0,,,,,,,,,,,1.258,0.0,,,,5946.0,0.0,,159.0,147.0,3.271,,,0.0,,,,,""
15558805190,"Aug 23, 2025, 1:10:43 PM",LR tomorrow,Run,[strava://athletes/131969156/11]Jake Yakoub flyby,3925,11.34,173.0,81,false,,ASICS Gel-Nimbus 25 White,activities/16617119115.fit.gz,,,3925.0,3646.0,11344.9,7.4,3.112,32.0,36.0,9.0,21.0,14.3,0.0,,,95.0,79.0,173.0,152.0,,238.0,917.0,,,81.0,,,,,,,,,231.0,3927.0,,,0.0,,1.0,11480.3,,,,,,,,,,,,,,,,18357424.0,,,,,,,,,,,2.89,141.0,,,,9700.0,0.0,,223.0,143.0,3.149,,,0.0,,,,,""
15570876895,"Aug 24, 2025, 11:29:13 AM",Last big effort,Run,"4 easy, 6 brisk, 3 MP, 4 easy, 2 MP-5, 1 CD
Good last real long effort to cap off the main build. 2 weeks out and feeling excited",10935,32.22,181.0,199,false,,New Balance rebel v4 Barbie pink,activities/16630298566.fit.gz,,,10935.0,9678.0,32228.0,5.2,3.33,77.0,75.0,2.0,13.0,19.0,0.0,,,87.0,81.0,181.0,152.0,,259.0,2479.0,,,199.0,,,,,,,,,261.0,10348.0,,,0.0,,1.0,32599.6,,,,,,,,,,,,,,,,21924872.0,,,,,,,,,,,2.947,135.5,,,,26456.0,0.0,,754.0,162.0,3.368,,,0.0,,,,,""
15585420555,"Aug 25, 2025, 8:35:11 PM",Recovery,Run,Probably should’ve eaten more before this but I needed to get outside,2218,6.45,149.0,10,false,,ASICS Gel-Nimbus 25 White,activities/16645971430.fit.gz,,,2218.0,2164.0,6452.7,4.4,2.982,31.0,35.0,12.0,25.0,15.4,-0.1,,,111.0,78.0,149.0,134.0,,232.0,454.0,,,10.0,,,,,,,,,229.0,2219.0,,,0.0,,1.0,6586.5,,,,,,,,,,,,,,,,18357424.0,,,,,,,,,,,2.909,106.5,,,,5696.0,0.0,,124.0,142.0,3.044,,,0.0,,,,,""
15591529606,"Aug 26, 2025, 11:15:13 AM",Restorative he said,Run,In the taper,2784,8.14,146.0,13,false,,HOKA Mach 6 Pink twilight,activities/16652552026.fit.gz,,,2784.0,2710.0,8146.0,4.1,3.006,29.0,36.0,14.0,29.0,9.7,0.0,,,83.0,80.0,146.0,134.0,,234.0,570.0,,,13.0,,,,,,,,,231.0,2786.0,,,0.0,,1.0,8259.5,,,,,,,,,,,,,,,,18438024.0,,,,,,,,,,,2.926,102.0,,,,7268.0,0.0,,158.0,143.0,3.048,,,0.0,,,,,""
15603775665,"Aug 27, 2025, 10:56:52 AM",Easy + strides,Run,"[strava://athletes/13260725/10]Adam Chang flyby
Already 5 moving trucks on a single beacon block? Happy moving week",4025,11.33,169.0,24,false,,HOKA Mach 6 Pink twilight,activities/16665598008.fit.gz,,,4025.0,3770.0,11332.0,7.5,3.006,33.0,34.0,8.0,20.0,13.6,0.0,,,98.0,80.0,169.0,138.0,,232.0,830.0,,,24.0,,,,,,,,,224.0,4027.0,,,0.0,,1.0,11500.9,,,,,,,,,,,,,,,,18438024.0,,,,,,,,,,,2.815,161.5,,,,10120.0,0.0,,216.0,139.0,3.051,,,0.0,,,,,""
15620772367,"Aug 28, 2025, 8:56:38 PM",Off and on,Run,"2.5 @ MP, 1.5 @ HMP, .75 @ 10k
Feeling light and quick",3873,13.23,181.0,84,false,,New Balance SC Elite v4 SCE4,activities/16683692528.fit.gz,,,3873.0,3693.0,13231.0,5.7,3.583,33.0,33.0,5.0,14.0,27.3,0.0,,,89.0,81.0,181.0,155.0,,278.0,973.0,,,84.0,,,,,,,,,288.0,3875.0,,,0.0,,1.0,13403.2,,,,,,,,,,,,,,,,24280848.0,,,,,,,,,,,3.416,38.0,,,,10046.0,0.0,,344.0,179.0,3.629,,,0.0,,,,,""
15626183424,"Aug 29, 2025, 11:26:53 AM",FRC,Run,Bike home in torrential downpour hitting right as we cross the bridge 🙃,5178,4.98,158.0,7,false,,PUMA Deviate Nitro 3 Sunset,activities/16689561498.fit.gz,,,5178.0,1644.0,4980.0,4.6,3.029,33.0,26.0,0.0,17.0,38.5,0.0,,,91.0,82.0,158.0,132.0,,235.0,334.0,,,7.0,,,,,,,,,216.0,2093.0,,,0.0,,1.0,5129.9,,,,,,,,,,,,,,,,19153764.0,,,,,,,,,,,0.962,0.0,,,,4534.0,0.0,,104.0,134.0,3.12,,,0.0,,,,,""
15649222717,"Aug 31, 2025, 11:50:29 AM",Hot boys run west side highway,Run,"That’s what they say
I say does any part of this city not stink?",7378,21.53,180.0,80,false,,New Balance rebel v4 Barbie pink,activities/16714909514.fit.gz,,,7378.0,6860.0,21530.0,5.1,3.138,100.0,98.0,3.0,41.0,27.3,0.0,,,88.0,81.0,180.0,144.0,,245.0,1616.0,,,80.0,,,,,,,,,247.0,7380.0,,,0.0,,1.0,21928.1,,,,,,,,,,,,,,,,21924872.0,,,,,,,,,,,2.918,61.5,,,,18608.0,0.0,,481.0,153.0,3.197,,,0.0,,,,,media/2EE19867-102F-4AB8-9D69-ED1E28D75A18.jpg|media/AB521746-F6D4-488C-B296-363C69FEFCF3.jpg|media/471DF01A-BB45-45EC-B91C-1DEBA97003EE.jpg
15660608279,"Sep 1, 2025, 2:28:16 PM",Easy back in beantown,Run,Happy moving day to those who celebrate,2261,6.66,161.0,10,false,,ASICS Gel-Nimbus 25 Sea foam,activities/16727477589.fit.gz,,,2261.0,2136.0,6661.0,7.2,3.118,19.0,21.0,7.0,17.0,12.0,0.0,,,95.0,79.0,161.0,135.0,,242.0,456.0,,,10.0,,,,,,,,,233.0,2262.0,,,0.0,,1.0,6719.7,,,,,,,,,,,,,,,,20649978.0,,,,,,,,,,,2.946,0.0,,,,5678.0,0.0,,131.0,145.0,3.146,,,0.0,,,,,""
15669941409,"Sep 2, 2025, 11:30:50 AM",Just spinning the wheels a bit,Run,"",1572,4.51,143.0,6,false,,New Balance 1080 Black,activities/16737723036.fit.gz,,,1572.0,1572.0,4516.0,3.8,2.873,18.0,18.0,15.0,26.0,10.0,0.0,,,84.0,80.0,143.0,130.0,,224.0,317.0,,,6.0,,,,,,,,,223.0,1573.0,,,0.0,,1.0,4591.7,,,,,,,,,,,,,,,,20116581.0,,,,,,,,,,,2.873,103.5,,,,4204.0,0.0,,84.0,139.0,2.921,,,0.0,,,,,""
15682156814,"Sep 3, 2025, 11:14:31 AM",Last track visit,Run,4x1200 @ MP->HMP,3483,9.67,178.0,43,false,,New Balance rebel v4 Barbie pink,activities/16751467414.fit.gz,,,3483.0,2681.0,9675.0,5.7,3.609,16.0,15.0,8.0,15.0,12.5,0.0,,,89.0,82.0,178.0,148.0,,271.0,657.0,,,43.0,,,,,,,,,260.0,3480.0,,,0.0,,1.0,9772.6,,,,,,,,,,,,,,,,21924871.0,,,,,,,,,,,2.778,0.0,,,,7412.0,0.0,,251.0,161.0,3.645,,,0.0,,,,,""
15705427030,"Sep 5, 2025, 11:27:02 AM",FRC,Run,Dreary day but lovely friends,2048,4.63,150.0,9,false,,New Balance 1080 Black,activities/16776467282.fit.gz,,,2048.0,1504.0,4639.0,4.1,3.084,20.0,17.0,3.0,15.0,18.2,0.0,,,89.0,82.0,150.0,136.0,,234.0,318.0,,,9.0,,,,,,,,,216.0,1894.0,,,0.0,,1.0,4756.1,,,,,,,,,,,,,,,,20116581.0,,,,,,,,,,,2.265,0.0,,,,4138.0,0.0,,94.0,134.0,3.162,,,0.0,,,,,""
15716925337,"Sep 6, 2025, 12:48:36 PM",Sad shake + strides,Run,Feeling slightly like jello but hopefully tomorrow will be better,2002,4.64,162.0,8,false,,HOKA Mach 6 Pink twilight,activities/16788663400.fit.gz,,,2002.0,1509.0,4648.4,7.7,3.08,22.0,24.0,6.0,18.0,16.7,0.0,,,99.0,81.0,162.0,134.0,,232.0,312.0,,,8.0,,,,,,,,,213.0,1883.0,,,0.0,,1.0,4738.3,,,,,,,,,,,,,,,,18438024.0,,,,,,,,,,,2.322,105.0,,,,4086.0,0.0,,91.0,132.0,3.14,,,0.0,,,,,""
15732577625,"Sep 7, 2025, 10:37:51 AM",Morning Run,Run,"7 Training Load
-- from COROS",580,1.37,135.0,2,false,,New Balance 1080 Black,activities/16805210205.fit.gz,,,580.0,580.0,1372.4,2.8,2.366,2.0,3.0,3.0,5.0,10.0,0.1,,,85.0,83.0,135.0,123.0,,178.0,103.0,,,2.0,,,,,,,,,176.0,581.0,,,0.0,,1.0,1398.1,,,,,,,,,,,,,,,,20116581.0,,,,,,,,,,,2.366,67.5,,,,1600.0,0.0,,19.0,109.0,2.411,,,,,,,,""
15732577730,"Sep 7, 2025, 11:01:02 AM",CRM Invitational,Run,2:54:50! So so happy with finally getting a BQ (pending cutoff time 🙃) but so proud and so grateful for everyone supporting me whether you were there or not. Rain the whole time but we stuck to the pace and made it just in time. Was able to fight of the cramps the last 2 laps to hit my goal and given the circumstances I am so proud!!,10493,42.52,198.0,504,false,,PUMA Fast R3 Glowing red,activities/16805210241.fit.gz,,,10493.0,10493.0,42520.3,6.5,4.052,187.0,196.0,3.0,26.0,25.0,0.0,,,91.0,86.0,198.0,173.0,,313.0,3239.0,,,504.0,,,,,,,,,314.0,10494.0,,,0.0,,1.0,43079.5,,,,,,,,,,,,,,,,23451570.0,,,,,,,,,,,4.052,319.5,,,,30138.0,0.0,,1108.0,195.0,4.106,,,0.0,,,,,media/4F7F5561-35A1-4FE9-85AC-EC28F6C2F94F.jpg|media/833E242C-85B8-431D-B694-A31508D04985.mp4|media/A2D363B3-6568-4384-92EF-772AB8F1A2DA.jpg
15763450785,"Sep 10, 2025, 12:25:41 PM",Bagel run,Run,Followed later today by donut mile,1079,2.82,153.0,5,false,,ASICS Gel-Nimbus 25 White,activities/16837908373.fit.gz,,,1079.0,865.0,2821.0,5.5,3.261,0.0,2.0,13.0,15.0,13.3,0.0,,,85.0,81.0,153.0,132.0,,237.0,178.0,,,5.0,,,,,,,,,216.0,1080.0,,,0.0,,1.0,2841.7,,,,,,,,,,,,,,,,18357423.0,,,,,,,,,,,2.614,0.0,,,,2328.0,0.0,,53.0,134.0,3.285,,,0.0,,,,,""
15769599194,"Sep 10, 2025, 11:18:53 PM",Donut mile,Run,"3rd place not bad for 3 days post-marathon
With [strava://athletes/3235905/11]Marc Elosua [strava://athletes/112369544/14]Brandon Sucher [strava://athletes/16197914/14]Chris Rominger",341,1.50,176.0,5,false,,New Balance rebel v4 Barbie pink,activities/16844325895.fit.gz,,,341.0,331.0,1506.1,7.6,4.55,0.0,1.0,4.0,6.0,20.0,0.1,,,102.0,89.0,176.0,147.0,,379.0,101.0,,,5.0,,,,,,,,,352.0,343.0,,,0.0,,1.0,1518.6,,,,,,,,,,,,,,,,21924871.0,,,,,,,,,,,4.417,44.5,,,,836.0,0.0,,45.0,219.0,4.588,,,0.0,,,,,""
15774911488,"Sep 11, 2025, 12:31:36 PM",Legs stiff,Run,As expected,1544,4.74,159.0,19,false,,ASICS Gel-Nimbus 25 Sea foam,activities/16850012818.fit.gz,,,1544.0,1520.0,4744.0,4.1,3.121,21.0,22.0,4.0,15.0,10.0,0.0,,,84.0,79.0,159.0,143.0,,240.0,351.0,,,19.0,,,,,,,,,237.0,1545.0,,,0.0,,1.0,4822.6,,,,,,,,,,,,,,,,20649978.0,,,,,,,,,,,3.073,111.0,,,,4046.0,0.0,,92.0,147.0,3.173,,,0.0,,,,,""
15785687795,"Sep 12, 2025, 11:29:20 AM",FRC,Run,"",2339,4.67,163.0,9,false,,ASICS Gel-Nimbus 25 Sea foam,activities/16861404864.fit.gz,,,2339.0,1583.0,4670.0,4.7,2.95,20.0,23.0,6.0,18.0,36.4,0.0,,,85.0,81.0,163.0,133.0,,223.0,328.0,,,9.0,,,,,,,,,215.0,1852.0,,,0.0,,1.0,4772.9,,,,,,,,,,,,,,,,20649978.0,,,,,,,,,,,1.997,0.0,,,,4292.0,0.0,,92.0,134.0,3.015,,,0.0,,,,,""
15789745504,"Sep 12, 2025, 8:08:55 PM",Quick upper lift,Weight Training,First time back in the gym in a while,1213,0,106.0,2,false,,,activities/16865667205.fit.gz,,,1213.0,1213.0,0.0,0.0,0.0,0.0,0.0,0.0,0.0,0.0,0.0,,,,,106.0,83.0,,,88.0,,,2.0,,,,,,,,,,,,,0.0,,1.0,,,,,,,,,,,,,,,,,,,,,,,,,,,,0.0,0.0,,,,,0.0,,,,,,,0.0,,,,,""
15810347277,"Sep 14, 2025, 1:21:09 PM",Still working out some soreness,Run,"",4221,11.33,155.0,40,false,,ASICS Gel-Nimbus 25 Sea foam,activities/16887365492.fit.gz,,,4221.0,3803.0,11335.6,4.1,2.981,41.0,39.0,8.0,21.0,16.7,0.0,,,83.0,79.0,155.0,142.0,,229.0,865.0,,,40.0,,,,,,,,,223.0,4103.0,,,0.0,,1.0,11524.6,,,,,,,,,,,,,,,,20649978.0,,,,,,,,,,,2.686,77.0,,,,10006.0,0.0,,219.0,139.0,3.03,,,0.0,,,,,""
15824115865,"Sep 15, 2025, 9:14:41 PM",After a long day,Run,"",2123,6.34,139.0,8,false,,ASICS Gel-Nimbus 25 Sea foam,activities/16901724726.fit.gz,,,2123.0,2123.0,6344.0,4.3,2.988,18.0,20.0,8.0,15.0,9.5,0.0,,,83.0,78.0,139.0,129.0,,231.0,419.0,,,8.0,,,,,,,,,230.0,2124.0,,,0.0,,1.0,6433.4,,,,,,,,,,,,,,,,20649978.0,,,,,,,,,,,2.988,15.0,,,,5562.0,0.0,,120.0,143.0,3.03,,,0.0,,,,,""
15830142447,"Sep 16, 2025, 11:42:47 AM",Getting back to consistency,Run,"",2781,7.97,153.0,16,false,,New Balance 1080 Black,activities/16907944217.fit.gz,,,2781.0,2655.0,7975.0,4.4,3.004,28.0,32.0,3.0,17.0,10.0,-0.1,,,84.0,79.0,153.0,137.0,,230.0,570.0,,,16.0,,,,,,,,,226.0,2783.0,,,0.0,,1.0,8114.2,,,,,,,,,,,,,,,,20116581.0,,,,,,,,,,,2.868,95.0,,,,7052.0,0.0,,151.0,140.0,3.056,,,0.0,,,,,""
15843673368,"Sep 17, 2025, 2:59:40 PM",A bit of everything,Weight Training,How is the gym still crowded at 11 am on a Wednesday,2208,0,128.0,5,false,,,activities/16921821960.fit.gz,,,2208.0,2208.0,0.0,0.0,0.0,0.0,0.0,0.0,0.0,0.0,0.0,,,,,128.0,103.0,,,248.0,,,5.0,,,,,,,,,,,,,0.0,,1.0,,,,,,,,,,,,,,,,,,,,,,,,,,,,0.0,0.0,,,,,0.0,,,,,,,0.0,,,,,""
15858775337,"Sep 18, 2025, 8:41:04 PM",Feels like summer,Run,False fall anyone?,3519,10.15,158.0,51,false,,HOKA Mach 6 Pink twilight,activities/16937274048.fit.gz,,,3519.0,3386.0,10157.0,5.1,3.0,37.0,36.0,7.0,21.0,15.4,0.0,,,84.0,79.0,158.0,146.0,,229.0,801.0,,,51.0,,,,,,,,,225.0,3522.0,,,0.0,,1.0,10302.1,,,,,,,,,,,,,,,,18438024.0,,,,,,,,,,,2.886,171.5,,,,8954.0,0.0,,191.0,140.0,3.043,,,0.0,,,,,""
15864714954,"Sep 19, 2025, 11:26:44 AM",FRC,Run,"",5303,4.84,159.0,10,false,,ASICS Gel-Nimbus 25 White,activities/16943372812.fit.gz,,,5303.0,1689.0,4843.0,5.1,2.867,23.0,21.0,7.0,19.0,11.8,0.0,,,115.0,82.0,159.0,133.0,,217.0,347.0,,,10.0,,,,,,,,,200.0,2158.0,,,0.0,,1.0,4944.9,,,,,,,,,,,,,,,,18357423.0,,,,,,,,,,,0.913,0.0,,,,4630.0,0.0,,92.0,124.0,2.928,,,0.0,,,,,media/37050B09-23FA-40ED-AAA5-5D2C111C9D8B.jpg
15889407141,"Sep 21, 2025, 1:57:32 PM",Fens church,Run,"",2920,8.45,150.0,22,false,,ASICS Gel-Nimbus 25 Sea foam,activities/16968777237.fit.gz,,,2920.0,2803.0,8451.0,4.4,3.015,22.0,22.0,9.0,19.0,20.0,0.0,,,84.0,79.0,150.0,140.0,,230.0,619.0,,,22.0,,,,,,,,,225.0,2922.0,,,0.0,,1.0,8590.1,,,,,,,,,,,,,,,,20649978.0,,,,,,,,,,,2.894,3097.0,,,,7386.0,0.0,,158.0,140.0,3.065,,,0.0,,,,,""
15897940680,"Sep 22, 2025, 11:09:08 AM",A nice chilly,Run,Sip of joy still top 3 chai in Boston,5546,4.54,148.0,9,false,,New Balance 1080 Black,activities/16977576442.fit.gz,,,5546.0,1449.0,4543.0,4.5,3.135,10.0,11.0,10.0,17.0,19.0,0.0,,,85.0,80.0,148.0,136.0,,237.0,311.0,,,9.0,,,,,,,,,219.0,1774.0,,,0.0,,1.0,4624.5,,,,,,,,,,,,,,,,20116581.0,,,,,,,,,,,0.819,812.0,,,,3896.0,0.0,,91.0,136.0,3.192,,,0.0,,,,,media/669EF0D4-1238-406A-AE2B-118457D219D7.jpg
15914706544,"Sep 23, 2025, 11:09:47 AM",Morning Run,Run,"",2113,6.48,168.0,21,false,,New Balance 1080 Black,activities/16994701132.fit.gz,,,2113.0,2047.0,6481.7,6.6,3.166,13.0,17.0,4.0,12.0,21.3,0.0,,,96.0,81.0,168.0,142.0,,242.0,466.0,,,21.0,,,,,,,,,237.0,2115.0,,,0.0,,1.0,6571.0,,,,,,,,,,,,,,,,20116581.0,,,,,,,,,,,3.068,0.0,,,,5552.0,0.0,,127.0,147.0,3.21,,,,,,,,""
15920729155,"Sep 24, 2025, 11:33:28 AM",First workout back,Run,"8x2’
+ 4x20” hill strides before picking up brick street",4159,10.36,192.0,98,false,,New Balance 1080 Black,activities/17000920041.fit.gz,,,4159.0,2892.0,10359.0,6.4,3.582,40.0,28.0,8.0,21.0,11.3,-0.1,,,93.0,83.0,192.0,163.0,,273.0,812.0,,,98.0,,,,,,,,,258.0,3860.0,,,0.0,,1.0,10546.8,,,,,,,,,,,,,,,,20116581.0,,,,,,,,,,,2.491,250.0,,,,8056.0,0.0,,274.0,160.0,3.647,,,0.0,,,,,media/D2B73D16-678C-49F4-8E1F-59D9095973EB.jpg
15925435413,"Sep 24, 2025, 8:03:11 PM",Upper body,Weight Training,"",2028,0,109.0,3,false,,,activities/17005715675.fit.gz,,,2028.0,2028.0,0.0,0.0,0.0,0.0,0.0,0.0,0.0,0.0,0.0,,,,,109.0,89.0,,,192.0,,,3.0,,,,,,,,,,,,,0.0,,1.0,,,,,,,,,,,,,,,,,,,,,,,,,,,,0.0,0.0,,,,,0.0,,,,,,,0.0,,,,,""
15931198551,"Sep 25, 2025, 11:19:34 AM",Rain rain go away,Run,Except I didn’t actually mind that much,2084,6.39,152.0,21,false,,New Balance 1080 Black,activities/17011622499.fit.gz,,,2084.0,2077.0,6398.0,4.0,3.08,20.0,15.0,4.0,10.0,14.3,0.1,,,84.0,80.0,152.0,143.0,,238.0,475.0,,,21.0,,,,,,,,,237.0,2085.0,,,0.0,,1.0,6481.6,,,,,,,,,,,,,,,,20116581.0,,,,,,,,,,,3.07,0.0,,,,5550.0,0.0,,125.0,147.0,3.121,,,0.0,,,,,""
15942066731,"Sep 26, 2025, 11:24:32 AM",FRC,Run,"",2243,4.68,150.0,8,false,,New Balance 1080 Black,activities/17022735504.fit.gz,,,2243.0,1634.0,4687.0,4.3,2.868,20.0,22.0,0.0,11.0,20.0,0.0,,,84.0,80.0,150.0,131.0,,221.0,329.0,,,8.0,,,,,,,,,212.0,1855.0,,,0.0,,1.0,4768.2,,,,,,,,,,,,,,,,20116581.0,,,,,,,,,,,2.09,0.0,,,,4368.0,0.0,,89.0,132.0,2.918,,,0.0,,,,,""
15956022202,"Sep 27, 2025, 1:35:31 PM",Arlington,Run,With [strava://athletes/3235905/11]Marc Elosua to get a delicious turkey and cheese croissant,13113,23.47,183.0,95,false,,New Balance 1080 Black,activities/17037004370.fit.gz,,,13113.0,7626.0,23472.4,4.5,3.078,87.0,88.0,-10.0,12.0,40.0,0.0,,,87.0,81.0,183.0,145.0,,236.0,1699.0,,,95.0,,,,,,,,,229.0,8465.0,,,0.0,,1.0,23841.6,,,,,,,,,,,,,,,,20116581.0,,,,,,,,,,,1.79,0.0,,,,20838.0,0.0,,474.0,142.0,3.126,,,0.0,,,,,media/42B73D32-FD9A-4770-8422-9905D28464F0.jpg|media/9D1AF0F7-F783-41E5-A948-CE84728A09AB.jpg
15974735781,"Sep 29, 2025, 11:32:44 AM",New shoes,Run,"",2657,8.05,151.0,15,false,,Adidas Evo SL Evo 1,activities/17056168344.fit.gz,,,2657.0,2564.0,8054.4,4.8,3.141,28.0,35.0,4.0,19.0,14.3,0.0,,,84.0,80.0,151.0,137.0,,240.0,550.0,,,15.0,,,,,,,,,236.0,2659.0,,,0.0,,1.0,8157.2,,,,,,,,,,,,,,,,26384351.0,,,,,,,,,,,3.031,7.5,,,,6880.0,0.0,,159.0,147.0,3.181,,,0.0,,,,,media/B3D52BB6-21DC-43D0-8ECB-89125E4E1275.jpg
15985610253,"Sep 30, 2025, 10:54:03 AM",Easy + strides,Run,"[strava://athletes/120650493/12]Devin Miller flyby
Hoping I’m ready for tomorrows big effort",2857,8.21,160.0,18,false,,New Balance 1080 Black,activities/17067179393.fit.gz,,,2857.0,2635.0,8218.0,7.4,3.119,21.0,24.0,5.0,18.0,12.5,0.0,,,99.0,81.0,160.0,138.0,,239.0,575.0,,,18.0,,,,,,,,,230.0,2859.0,,,0.0,,1.0,8312.9,,,,,,,,,,,,,,,,20116581.0,,,,,,,,,,,2.876,33.0,,,,7150.0,0.0,,162.0,143.0,3.155,,,0.0,,,,,""
15998856101,"Oct 1, 2025, 2:00:03 PM",Only upper,Weight Training,Even at this time it’s hard to find the right equipment,1684,0,115.0,4,false,,,activities/17080585798.fit.gz,,,1684.0,1684.0,0.0,0.0,0.0,0.0,0.0,0.0,0.0,0.0,0.0,,,,,115.0,100.0,,,174.0,,,4.0,,,,,,,,,,,,,0.0,,1.0,,,,,,,,,,,,,,,,,,,,,,,,,,,,0.0,0.0,,,,,0.0,,,,,,,0.0,,,,,""
16004187889,"Oct 1, 2025, 10:03:43 PM",B.A.A. RC,Run,"Mile @ 10k, 1200@ 10k, 800 @ 5k, 400@ 5k
Mile @ MP between each rep… got a bit quick on the last 2 (6:24, 6:18)",4846,12.71,187.0,115,false,,Adidas Evo SL Evo 1,activities/17085967500.fit.gz,,,4846.0,3228.0,12712.0,5.9,3.938,5.0,13.0,0.0,10.0,10.9,-0.1,,,89.0,84.0,187.0,165.0,,304.0,920.0,,,115.0,,,,,,,,,296.0,3756.0,,,0.0,,1.0,12792.8,,,,,,,,,,,,,,,,26384351.0,,,,,,,,,,,2.623,0.0,,,,9068.0,0.0,,352.0,184.0,3.963,,,0.0,,,,,media/8C7F3C02-FD3C-436C-9F9D-22F65F4B41A7.jpg
16004366811,"Oct 1, 2025, 11:36:03 PM",Evening Ride,Ride,Home from Harvard,1155,4.67,134.0,4,false,,,activities/17086147919.fit.gz,,9.0,1155.0,1117.0,4678.1,6.0,4.188,7.0,8.0,-0.6,4.0,12.6,0.0,,,,,134.0,121.0,,45.0,142.0,,,4.0,0.0,,,,,,,,,,,,0.0,,1.0,,,,,,,,,,,,,,,,,,,,,,,,,,,,4.05,73.5,,,,,0.0,,,,,,,0.0,,,,,""
16013486801,"Oct 2, 2025, 10:58:50 AM",Easy recovery,Run,"",2756,8.36,156.0,26,false,,ASICS Gel-Nimbus 25 White,activities/17095389802.fit.gz,,,2756.0,2570.0,8367.0,4.6,3.256,25.0,29.0,6.0,17.0,8.7,-0.1,,,86.0,82.0,156.0,142.0,,248.0,584.0,,,26.0,,,,,,,,,241.0,2757.0,,,0.0,,1.0,8462.5,,,,,,,,,,,,,,,,18357423.0,,,,,,,,,,,3.036,0.0,,,,7048.0,0.0,,171.0,150.0,3.293,,,0.0,,,,,""
16019920100,"Oct 3, 2025, 11:25:02 AM",Changing of the guard,Run,The ham and cheese croissant might replace the banana bread on the weekly menu,5487,4.98,152.0,7,false,,ASICS Gel-Nimbus 25 White,activities/17101916686.fit.gz,,,5487.0,1775.0,4983.2,4.9,2.807,19.0,15.0,5.0,19.0,38.1,0.1,,,85.0,81.0,152.0,123.0,,214.0,319.0,,,7.0,,,,,,,,,198.0,2334.0,,,0.0,,1.0,5129.9,,,,,,,,,,,,,,,,18357423.0,,,,,,,,,,,0.908,0.0,,,,4808.0,0.0,,98.0,123.0,2.89,,,0.0,,,,,""
16031298395,"Oct 4, 2025, 12:15:56 PM",Peter’s hill,Run,"Peter was good at hiding things
Next time will bring my phone to capture some nice colors",8266,21.78,180.0,90,false,,Adidas Evo SL Evo 1,activities/17113457712.fit.gz,,,8266.0,6651.0,21784.0,5.5,3.275,156.0,162.0,6.0,73.0,45.5,0.0,,,90.0,81.0,180.0,145.0,,252.0,1559.0,,,90.0,,,,,,,,,245.0,7492.0,,,0.0,,1.0,22368.3,,,,,,,,,,,,,,,,26384351.0,,,,,,,,,,,2.635,994.5,,,,18070.0,0.0,,481.0,152.0,3.363,,,0.0,,,,,""
16050883229,"Oct 6, 2025, 11:10:13 AM",Strava tax,Run,Thinking of my garmin friends this morning🙏,2136,6.43,151.0,18,false,,ASICS Gel-Nimbus 25 White,activities/17133354564.fit.gz,,,2136.0,2067.0,6431.0,4.5,3.111,15.0,15.0,0.0,7.0,9.5,0.0,,,84.0,79.0,151.0,141.0,,239.0,461.0,,,18.0,,,,,,,,,235.0,2137.0,,,0.0,,1.0,6506.3,,,,,,,,,,,,,,,,18357423.0,,,,,,,,,,,3.011,0.0,,,,5498.0,0.0,,126.0,146.0,3.148,,,0.0,,,,,""
16068182594,"Oct 7, 2025, 8:50:10 PM",Meh,Run,Heavy today. Maybe had to do with 2 snickerdoodles and a horchata as a post lunch snack,3643,10.38,159.0,24,false,,ASICS Gel-Nimbus 25 Sea foam,activities/17150790679.fit.gz,,,3643.0,3375.0,10384.0,7.3,3.077,44.0,41.0,6.0,20.0,19.0,0.0,,,95.0,79.0,159.0,140.0,,233.0,744.0,,,24.0,,,,,,,,,226.0,3645.0,,,0.0,,1.0,10603.7,,,,,,,,,,,,,,,,20649978.0,,,,,,,,,,,2.85,181.5,,,,8874.0,0.0,,198.0,140.0,3.142,,,0.0,,,,,""
16073931773,"Oct 8, 2025, 11:24:27 AM",Faked out the track,Run,"2x800@5k, 2miles@MP, 2x800@5k
Decided not to run on the track as soon as I got there. Saw [strava://athletes/132593397/9]Julia Low in final prep for Chicago! Rain came late but hard when it did",3153,10.73,192.0,118,false,,New Balance SC Elite v4 SCE4,activities/17156611542.fit.gz,,,3153.0,2717.0,10731.1,5.9,3.95,31.0,28.0,5.0,16.0,11.8,0.0,,,90.0,84.0,192.0,170.0,,299.0,814.0,,,118.0,,,,,,,,,293.0,3155.0,,,0.0,,1.0,10884.4,,,,,,,,,,,,,,,,24280847.0,,,,,,,,,,,3.403,95.0,,,,7686.0,0.0,,290.0,182.0,4.006,,,0.0,,,,,""
16085293562,"Oct 9, 2025, 11:09:16 AM",Bagel run,Run,Brick street no longer selling in beacon hill so I gotta go to south end,6408,8.25,172.0,21,false,,Adidas Evo SL Evo 1,activities/17168080270.fit.gz,,,6408.0,2494.0,8253.0,5.6,3.309,22.0,23.0,12.0,23.0,11.1,0.0,,,89.0,82.0,172.0,138.0,,253.0,543.0,,,21.0,,,,,,,,,235.0,3130.0,,,0.0,,1.0,8348.7,,,,,,,,,,,,,,,,26384351.0,,,,,,,,,,,1.288,1206.0,,,,6820.0,0.0,,185.0,146.0,3.348,,,0.0,,,,,media/CAD4D089-7FD1-42DD-B076-8A2476F4EAFF.jpg
16095343381,"Oct 10, 2025, 11:37:37 AM",Burlington FRC,Run,It’s not Friday without a run followed by carbs from a bakery. First August serving a maple biscuit was a great pick,4797,8.51,160.0,22,false,,ASICS Gel-Nimbus 25 White,activities/17178217612.fit.gz,,,4797.0,2588.0,8517.0,5.2,3.291,47.0,50.0,39.0,86.0,38.1,0.1,,,86.0,81.0,160.0,138.0,,248.0,561.0,,,22.0,,,,,,,,,223.0,3428.0,,,0.0,,1.0,8758.9,,,,,,,,,,,,,,,,18357423.0,,,,,,,,,,,1.775,115.0,,,,7048.0,0.0,,183.0,139.0,3.384,,,0.0,,,,,media/79F5C49D-C5EF-4370-B69B-6E9F971F2754.jpg|media/14096C08-2D53-42C4-9F4C-7988295B5E0F.jpg|media/284FE115-59F0-41B5-A115-D02847F51744.jpg|media/9416A95E-5860-45E2-B463-E2F37E2ABE63.jpg|media/85A5A307-23C1-40C8-9153-9F13C3ACEF92.jpg
16106159497,"Oct 11, 2025, 12:27:15 PM",Mont royal = Montreal,Run,"Given the choice between the winding path or the stairs I recommend the path
[strava://athletes/112369544/14]Brandon Sucher",4687,11.22,188.0,80,false,,New Balance 1080 Black,activities/17189148294.fit.gz,,,4687.0,3478.0,11225.0,5.7,3.227,216.0,189.0,42.0,208.0,47.6,0.0,,,116.0,82.0,188.0,155.0,,260.0,901.0,,,80.0,,,,,,,,,264.0,4114.0,,,0.0,,1.0,12195.3,,,,,,,,,,,,,,,,20116581.0,,,,,,,,,,,2.395,6944.0,,,,9586.0,0.0,,307.0,164.0,3.506,,,0.0,,,,,media/17ECECAE-8AC1-4D03-86EC-8E5204F8A726.jpg|media/A8282F14-2F49-4DD5-A6A1-A865020AA856.jpg|media/BD9BCB3C-D4D7-448E-A754-736BA5FD1566.jpg|media/CD500159-BECF-45CC-A07C-141A813BD49E.jpg|media/DF25DE4F-D6D3-4140-A075-45A9978DC796.jpg
16126834374,"Oct 13, 2025, 11:27:53 AM",Happy Canadian Thanksgiving,Run,"One of my favorites places to run ever
Last 2 with [strava://athletes/112369544/14]Brandon Sucher & [strava://athletes/114574556/11]Morgan Paul",6963,15.66,167.0,38,false,,ASICS Gel-Nimbus 25 White,activities/17210131275.fit.gz,,,6963.0,5504.0,15663.0,5.7,2.846,257.0,232.0,38.0,237.0,46.7,0.0,,,90.0,79.0,167.0,132.0,,223.0,1107.0,,,38.0,,,,,,,,,216.0,6767.0,,,0.0,,1.0,16829.0,,,,,,,,,,,,,,,,18357423.0,,,,,,,,,,,2.249,10625.5,,,,14664.0,0.0,,337.0,134.0,3.058,,,0.0,,,,,media/C62C81B5-FD78-4A7C-A594-FE84BEAD849D.jpg|media/E52AEE27-CFAE-4557-ACD6-A7737167AD2C.jpg|media/33E48AB9-2467-40A0-9368-C99CEE12C22E.jpg|media/1A4835A0-8653-4071-9C29-BDBFF9D360A7.jpg|media/96DC1081-5AAA-45C7-A8A7-A011ED70EF4E.jpg|media/E021A7A4-B3CE-42DB-B379-30C67EFA7B2A.jpg|media/947B35FC-375B-42DB-BF60-057F07302DF0.jpg|media/981F6CB6-5932-422E-8BFD-97393F1EC3AC.mp4
16142789586,"Oct 14, 2025, 9:09:42 PM",Back in beantown,Run,Rainy recovery from a great but exhausting weekend,2829,8.80,164.0,23,false,,ASICS Gel-Nimbus 25 White,activities/17226204351.fit.gz,,,2829.0,2796.0,8805.8,5.1,3.149,18.0,21.0,19.0,26.0,13.3,0.0,,,85.0,79.0,164.0,140.0,,242.0,618.0,,,23.0,,,,,,,,,240.0,2831.0,,,0.0,,1.0,8882.0,,,,,,,,,,,,,,,,18357423.0,,,,,,,,,,,3.113,0.0,,,,7458.0,0.0,,174.0,149.0,3.177,,,0.0,,,,,""
16148238088,"Oct 15, 2025, 10:58:13 AM",Perfect weather,Run,"10’ @ HMP, 2x mile @ 10k, 3 x 800 @ 5k
3’ rest in between sets, 400m jog between reps
Feeling fast and strong 3.5 weeks out from BAA half",4058,13.18,190.0,123,false,,New Balance SC Elite v4 SCE4,activities/17231714958.fit.gz,,,4058.0,3268.0,13181.9,6.5,4.034,28.0,29.0,9.0,17.0,10.0,0.0,,,93.0,85.0,190.0,166.0,,306.0,948.0,,,123.0,,,,,,,,,307.0,3883.0,,,0.0,,1.0,13302.6,,,,,,,,,,,,,,,,24280847.0,,,,,,,,,,,3.248,0.0,,,,9268.0,0.0,,392.0,191.0,4.071,,,0.0,,,,,""
16158858388,"Oct 16, 2025, 11:07:42 AM",Fensssss,Run,Crisp and coasting,2774,8.13,158.0,32,false,,ASICS Gel-Nimbus 25 Sea foam,activities/17242428926.fit.gz,,,2774.0,2630.0,8129.8,4.8,3.091,19.0,25.0,6.0,14.0,16.7,0.0,,,84.0,80.0,158.0,144.0,,235.0,606.0,,,32.0,,,,,,,,,229.0,2775.0,,,0.0,,1.0,8225.0,,,,,,,,,,,,,,,,20649978.0,,,,,,,,,,,2.931,3994.0,,,,7014.0,0.0,,155.0,142.0,3.127,,,0.0,,,,,""
16169681275,"Oct 17, 2025, 11:22:03 AM",FRC,Run,A warm ham and cheese croissant on a fall morning is my happy place,5547,5.32,151.0,9,false,,New Balance 1080 Black,activities/17253343147.fit.gz,,,5547.0,1798.0,5323.0,4.7,2.961,23.0,20.0,6.0,18.0,20.0,0.1,,,85.0,81.0,151.0,132.0,,226.0,362.0,,,9.0,,,,,,,,,211.0,2235.0,,,0.0,,1.0,5441.4,,,,,,,,,,,,,,,,20116581.0,,,,,,,,,,,0.96,79.0,,,,4896.0,0.0,,106.0,131.0,3.026,,,0.0,,,,,media/497E2811-A52E-4107-9594-11923EC50AB3.jpg|media/BFE271AC-1383-4DBE-A52C-F7BD221DDD9D.jpg|media/8B2C900D-24DD-4D95-A569-09295A847F12.jpg
16181360576,"Oct 18, 2025, 12:58:14 PM",Bagel run,Run,"Who needs gels when you have a garlic cheddar bagel with honey rosemary cc?
Threw in 1 mile steady + 2 HMP (?)",6133,16.10,188.0,84,false,,Adidas Evo SL Evo 1,activities/17265142836.fit.gz,,,6133.0,4647.0,16108.0,5.0,3.466,44.0,48.0,12.0,31.0,10.0,0.0,,,89.0,82.0,188.0,149.0,,263.0,1143.0,,,84.0,,,,,,,,,261.0,5223.0,,,0.0,,1.0,16243.4,,,,,,,,,,,,,,,,26384351.0,,,,,,,,,,,2.626,31.5,,,,12700.0,0.0,,381.0,162.0,3.495,,,0.0,,,,,media/41F05D0D-CA20-48A9-8391-9A8C04CA7E84.jpg|media/72C17D7D-1CAA-4330-A5CC-2E450C1FB84C.jpg
