Reaction Date,Reaction Type,Parent Type,Parent ID
"Jul 21, 2020, 2:53:01 AM",Kudos,Activity,3793310229
"Jul 21, 2020, 8:49:12 PM",Kudos,Activity,3795643881
"Aug 6, 2020, 10:56:01 PM",Kudos,Activity,3868856216
"Aug 11, 2020, 5:00:41 AM",Kudos,Activity,3894540502
"Aug 11, 2020, 5:00:43 AM",Kudos,Activity,3894562855
"Aug 11, 2020, 5:01:13 AM",Kudos,Activity,3893750960
"Aug 11, 2020, 5:01:16 AM",Kudos,Activity,3892246951
"Aug 11, 2020, 5:01:18 AM",Kudos,Activity,3892810478
"Aug 11, 2020, 4:04:41 PM",Kudos,Activity,3897353142
"Aug 12, 2020, 2:02:52 AM",Kudos,Activity,3899784167
"Aug 13, 2020, 2:24:08 AM",Kudos,Activity,3903124855
"Aug 13, 2020, 4:04:43 PM",Kudos,Activity,3907628631
"Aug 13, 2020, 9:04:26 PM",Kudos,Activity,3905265769
"Aug 15, 2020, 2:55:06 PM",Kudos,Activity,3916360573
"Aug 20, 2020, 1:34:55 AM",Kudos,Activity,3937802469
"Aug 21, 2020, 12:13:04 AM",Kudos,Activity,3941167482
"Aug 21, 2020, 4:22:16 PM",Kudos,Activity,3945549920
"Aug 22, 2020, 7:13:44 PM",Kudos,Activity,3950300673
"Aug 22, 2020, 7:14:26 PM",Kudos,Activity,3949914299
"Aug 22, 2020, 7:14:36 PM",Kudos,Activity,3949553342
"Aug 22, 2020, 7:14:42 PM",Kudos,Activity,3946739802
"Aug 22, 2020, 7:14:44 PM",Kudos,Activity,3946755952
"Aug 23, 2020, 10:29:25 PM",Kudos,Activity,3952319608
"Aug 23, 2020, 10:29:28 PM",Kudos,Activity,3955820965
"Aug 23, 2020, 10:29:37 PM",Kudos,Activity,3952319220
"Aug 24, 2020, 6:20:36 AM",Kudos,Activity,3954759407
"Aug 24, 2020, 10:39:31 PM",Kudos,Activity,3960903100
"Aug 24, 2020, 10:39:33 PM",Kudos,Activity,3961113948
"Aug 27, 2020, 3:23:16 PM",Kudos,Activity,3970856895
"Aug 27, 2020, 3:23:28 PM",Kudos,Activity,3971520397
"Aug 27, 2020, 3:23:32 PM",Kudos,Activity,3968576567
"Aug 31, 2020, 4:43:33 AM",Kudos,Activity,3983413421
"Aug 31, 2020, 4:43:37 AM",Kudos,Activity,3986924062
"Aug 31, 2020, 4:43:43 AM",Kudos,Activity,3980019143
"Aug 31, 2020, 4:43:47 AM",Kudos,Activity,3980173013
"Aug 31, 2020, 4:43:56 AM",Kudos,Activity,3983957071
"Sep 1, 2020, 3:27:17 PM",Kudos,Activity,3993417981
"Sep 3, 2020, 5:50:54 AM",Kudos,Activity,3998775288
"Sep 3, 2020, 7:51:57 PM",Kudos,Activity,4004192966
"Sep 5, 2020, 3:16:25 AM",Kudos,Activity,4008025016
"Sep 6, 2020, 3:35:24 PM",Kudos,Activity,4020982753
"Sep 8, 2020, 3:44:27 AM",Kudos,Activity,4027275694
"Sep 10, 2020, 2:31:53 PM",Kudos,Activity,4032127387
"Sep 10, 2020, 2:32:04 PM",Kudos,Activity,4035050833
"Sep 10, 2020, 9:36:47 PM",Kudos,Activity,4041230024
"Sep 10, 2020, 9:36:50 PM",Kudos,Activity,4041326944
"Sep 13, 2020, 1:44:27 PM",Kudos,Activity,4050964133
"Sep 13, 2020, 1:44:38 PM",Kudos,Activity,4050622932
"Sep 17, 2020, 4:57:29 PM",Kudos,Activity,4070492615
"Sep 17, 2020, 4:57:32 PM",Kudos,Activity,4068928541
"Sep 17, 2020, 4:57:53 PM",Kudos,Activity,4073513117
"Sep 17, 2020, 4:57:55 PM",Kudos,Activity,4073328514
"Sep 17, 2020, 4:57:58 PM",Kudos,Activity,4060895817
"Sep 17, 2020, 4:58:01 PM",Kudos,Activity,4060508081
"Sep 17, 2020, 4:58:06 PM",Kudos,Activity,4063405350
"Sep 17, 2020, 4:58:18 PM",Kudos,Activity,4061047786
"Sep 18, 2020, 5:46:59 PM",Kudos,Activity,4075778685
"Sep 18, 2020, 5:47:04 PM",Kudos,Activity,4077814215
"Sep 21, 2020, 5:02:49 AM",Kudos,Activity,4084440845
"Sep 21, 2020, 5:03:00 AM",Kudos,Activity,4080093641
"Sep 21, 2020, 5:03:08 AM",Kudos,Activity,4079317093
"Sep 23, 2020, 3:11:25 PM",Kudos,Activity,4084796647
"Sep 24, 2020, 3:59:33 PM",Kudos,Activity,4103383636
"Sep 26, 2020, 4:33:36 PM",Kudos,Activity,4112806970
"Sep 26, 2020, 4:33:43 PM",Kudos,Activity,4111379044
"Sep 26, 2020, 4:33:57 PM",Kudos,Activity,4111972689
"Sep 26, 2020, 4:33:59 PM",Kudos,Activity,4114433907
"Sep 27, 2020, 6:53:22 PM",Kudos,Activity,4115497099
"Sep 27, 2020, 6:53:25 PM",Kudos,Activity,4119986895
"Sep 27, 2020, 6:53:34 PM",Kudos,Activity,4115451589
"Oct 8, 2020, 9:33:12 PM",Kudos,Activity,4164331882
"Oct 8, 2020, 9:33:15 PM",Kudos,Activity,4161302197
"Apr 17, 2021, 9:39:54 PM",Kudos,Activity,5144974938
"Apr 17, 2021, 10:37:53 PM",Kudos,Activity,5143852828
"May 15, 2021, 7:12:57 PM",Kudos,Activity,5302389585
"Jul 1, 2021, 7:55:22 PM",Kudos,Activity,5400002389
"Sep 30, 2021, 6:50:15 PM",Kudos,Activity,5945099943
"Oct 1, 2021, 1:56:24 PM",Kudos,Activity,6045588252
"Oct 1, 2021, 1:56:28 PM",Kudos,Activity,5980175033
"Oct 1, 2021, 1:57:32 PM",Kudos,Activity,6041031307
"Oct 1, 2021, 1:57:33 PM",Kudos,Activity,6041031161
"Oct 1, 2021, 1:57:36 PM",Kudos,Activity,6032417810
"Oct 4, 2021, 12:40:30 PM",Kudos,Activity,6052534349
"Oct 4, 2021, 12:40:33 PM",Kudos,Activity,6052633609
"Apr 9, 2022, 5:30:38 PM",Kudos,Activity,6955606414
"Apr 9, 2022, 5:30:53 PM",Kudos,Activity,6954895744
"May 14, 2022, 6:48:41 PM",Kudos,Activity,7142621103
"May 14, 2022, 6:48:45 PM",Kudos,Activity,7142255519
"May 14, 2022, 6:48:48 PM",Kudos,Activity,7141587801
"Jun 15, 2022, 6:06:18 PM",Kudos,Activity,7292522264
"Feb 18, 2023, 8:13:07 PM",Kudos,Activity,8582369614
"Mar 3, 2023, 7:35:06 PM",Kudos,Activity,8651014071
"Mar 3, 2023, 7:35:18 PM",Kudos,Activity,8610663304
"Apr 6, 2023, 9:34:50 PM",Kudos,Activity,8834504302
"Apr 6, 2023, 9:35:51 PM",Kudos,Activity,8815459323
"Apr 9, 2023, 11:04:37 PM",Kudos,Activity,8862758249
"Apr 9, 2023, 11:04:40 PM",Kudos,Activity,8862758933
"Apr 9, 2023, 11:04:43 PM",Kudos,Activity,8862758329
"Apr 9, 2023, 11:09:52 PM",Kudos,Activity,8675020460
"Apr 11, 2023, 8:55:46 PM",Kudos,Activity,8872024986
"Apr 18, 2023, 6:23:16 PM",Kudos,Activity,8874954316
"Aug 18, 2023, 8:27:06 PM",Kudos,Activity,9673144851
"Aug 18, 2023, 8:27:33 PM",Kudos,Activity,9635466180
"Sep 2, 2023, 5:24:13 AM",Kudos,Activity,9763807631
"Sep 7, 2023, 4:51:14 AM",Kudos,Activity,9792255907
"Sep 7, 2023, 4:51:18 AM",Kudos,Activity,9795853281
"Sep 7, 2023, 4:51:53 AM",Kudos,Activity,9788883252
"Sep 7, 2023, 4:51:57 AM",Kudos,Activity,9791123708
"Sep 8, 2023, 2:10:53 PM",Kudos,Activity,9802591290
"Sep 11, 2023, 2:33:02 AM",Kudos,Activity,9824339177
"Sep 11, 2023, 2:33:48 AM",Kudos,Activity,9817105997
"Sep 12, 2023, 5:22:00 PM",Kudos,Activity,9810377789
"Sep 12, 2023, 5:23:00 PM",Kudos,Activity,9823819421
"Sep 12, 2023, 5:23:52 PM",Kudos,Activity,9828582320
"Sep 12, 2023, 5:24:19 PM",Kudos,Activity,9808596233
"Sep 15, 2023, 1:20:25 AM",Kudos,Activity,9851183720
"Sep 19, 2023, 2:05:12 AM",Kudos,Activity,9862986830
"Sep 19, 2023, 2:05:43 AM",Kudos,Activity,9862995124
"Sep 19, 2023, 2:06:09 AM",Kudos,Activity,9874754051
"Sep 19, 2023, 2:06:29 AM",Kudos,Activity,9876555555
"Sep 19, 2023, 2:06:43 AM",Kudos,Activity,9860758164
"Sep 23, 2023, 4:58:54 AM",Kudos,Activity,9901462925
"Sep 23, 2023, 4:58:58 AM",Kudos,Activity,9898777757
"Sep 23, 2023, 4:59:06 AM",Kudos,Activity,9898874273
"Sep 23, 2023, 4:59:40 AM",Kudos,Activity,9893629872
"Sep 23, 2023, 2:28:28 PM",Kudos,Activity,9905117371
"Sep 23, 2023, 10:20:03 PM",Kudos,Activity,9907030683
"Sep 23, 2023, 10:20:13 PM",Kudos,Activity,9905375556
"Sep 23, 2023, 10:20:30 PM",Kudos,Activity,9905418893
"Sep 23, 2023, 10:20:40 PM",Kudos,Activity,9905532755
"Sep 25, 2023, 1:56:36 AM",Kudos,Activity,9914179475
"Sep 25, 2023, 1:56:39 AM",Kudos,Activity,9914177597
"Sep 25, 2023, 1:58:06 AM",Kudos,Activity,9912599424
"Sep 26, 2023, 11:05:57 PM",Kudos,Activity,9917639690
"Sep 26, 2023, 11:06:03 PM",Kudos,Activity,9917951575
"Sep 26, 2023, 11:06:06 PM",Kudos,Activity,9918148822
"Sep 26, 2023, 11:08:09 PM",Kudos,Activity,9917546926
"Sep 27, 2023, 2:33:45 AM",Kudos,Activity,9927775213
"Sep 27, 2023, 2:34:18 AM",Kudos,Activity,9927762232
"Sep 28, 2023, 3:04:38 AM",Kudos,Activity,9931064180
"Sep 28, 2023, 3:04:46 AM",Kudos,Activity,9930714507
"Sep 30, 2023, 11:41:36 PM",Kudos,Activity,9952204944
"Sep 30, 2023, 11:42:07 PM",Kudos,Activity,9952025773
"Oct 2, 2023, 12:48:32 AM",Kudos,Activity,9958252156
"Oct 6, 2023, 1:19:58 AM",Kudos,Activity,9981772151
"Oct 8, 2023, 3:53:29 AM",Kudos,Activity,9995190755
"Oct 8, 2023, 3:53:35 AM",Kudos,Activity,9996597708
"Oct 8, 2023, 3:53:48 AM",Kudos,Activity,9995970986
"Oct 8, 2023, 3:53:57 AM",Kudos,Activity,9995283682
"Oct 9, 2023, 2:23:54 AM",Kudos,Activity,10003760013
"Oct 9, 2023, 2:23:59 AM",Kudos,Activity,10003510792
"Oct 9, 2023, 2:24:12 AM",Kudos,Activity,10002387722
"Oct 14, 2023, 2:55:05 PM",Kudos,Activity,10033723823
"Oct 15, 2023, 10:51:02 PM",Kudos,Activity,10045572509
"Oct 15, 2023, 10:51:08 PM",Kudos,Activity,10044987465
"Oct 15, 2023, 10:51:27 PM",Kudos,Activity,10044216255
"Oct 18, 2023, 1:33:35 AM",Kudos,Activity,10046537986
"Oct 23, 2023, 8:22:44 PM",Kudos,Activity,10079896146
"Oct 23, 2023, 8:23:08 PM",Kudos,Activity,10079691049
"Oct 24, 2023, 1:59:20 PM",Kudos,Activity,10093821316
"Oct 25, 2023, 10:16:45 PM",Kudos,Activity,10099413603
"Oct 25, 2023, 10:16:47 PM",Kudos,Activity,10103012137
"Oct 26, 2023, 9:12:32 PM",Kudos,Activity,10105492395
"Oct 26, 2023, 9:12:43 PM",Kudos,Activity,10105156837
"Nov 1, 2023, 10:11:01 PM",Kudos,Activity,10139142004
"Nov 4, 2023, 2:46:46 PM",Kudos,Activity,10155783051
"Nov 5, 2023, 1:53:02 PM",Kudos,Activity,10161108831
"Nov 5, 2023, 1:53:14 PM",Kudos,Activity,10161377923
"Nov 6, 2023, 10:02:35 PM",Kudos,Activity,10166690498
"Nov 6, 2023, 10:03:23 PM",Kudos,Activity,10165476696
"Nov 6, 2023, 10:04:17 PM",Kudos,Activity,10171132746
"Nov 10, 2023, 3:15:22 AM",Kudos,Activity,10191406573
"Nov 11, 2023, 3:01:34 PM",Kudos,Activity,10199676277
"Nov 12, 2023, 4:17:04 PM",Kudos,Activity,10206157108
"Nov 13, 2023, 3:02:21 AM",Kudos,Activity,10208654213
"Nov 13, 2023, 3:02:33 AM",Kudos,Activity,10207595920
"Nov 13, 2023, 3:02:54 AM",Kudos,Activity,10202554089
"Nov 13, 2023, 3:03:29 AM",Kudos,Activity,10201128845
"Nov 13, 2023, 3:03:34 AM",Kudos,Activity,10202672834
"Nov 13, 2023, 3:03:39 AM",Kudos,Activity,10200995027
"Nov 14, 2023, 10:04:22 PM",Kudos,Activity,10215815536
"Nov 16, 2023, 3:04:08 AM",Kudos,Activity,10226041494
"Nov 16, 2023, 3:04:46 AM",Kudos,Activity,10226299249
"Nov 16, 2023, 1:24:22 PM",Kudos,Activity,10227205728
"Nov 16, 2023, 1:24:39 PM",Kudos,Activity,10228279875
"Nov 16, 2023, 10:12:25 PM",Kudos,Activity,10228560947
"Nov 21, 2023, 3:13:29 AM",Kudos,Activity,10240134194
"Nov 21, 2023, 3:13:44 AM",Kudos,Activity,10245996091
"Nov 21, 2023, 3:13:56 AM",Kudos,Activity,10252175606
"Nov 21, 2023, 3:14:00 AM",Kudos,Activity,10242906893
"Nov 21, 2023, 10:12:47 PM",Kudos,Activity,10255369987
"Nov 22, 2023, 2:51:24 PM",Kudos,Activity,10258638246
"Nov 24, 2023, 2:28:36 AM",Kudos,Activity,10268568546
"Nov 24, 2023, 8:41:46 PM",Kudos,Activity,10274707274
"Nov 24, 2023, 8:42:57 PM",Kudos,Activity,10269457623
"Nov 24, 2023, 8:43:09 PM",Kudos,Activity,10269786913
"Nov 26, 2023, 4:21:48 AM",Kudos,Activity,10280342003
"Nov 26, 2023, 4:21:55 AM",Kudos,Activity,10281927783
"Nov 26, 2023, 4:21:59 AM",Kudos,Activity,10280867355
"Nov 26, 2023, 4:22:30 AM",Kudos,Activity,10276421927
"Nov 27, 2023, 10:14:33 PM",Kudos,Activity,10290401224
"Nov 30, 2023, 12:14:28 AM",Kudos,Activity,10298204354
"Nov 30, 2023, 2:39:24 AM",Kudos,Activity,10304124111
"Nov 30, 2023, 2:39:45 AM",Kudos,Activity,10304126380
"Nov 30, 2023, 8:17:42 PM",Kudos,Activity,10306717376
"Nov 30, 2023, 8:17:48 PM",Kudos,Activity,10307910999
"Dec 3, 2023, 5:26:39 AM",Kudos,Activity,10318939007
"Dec 3, 2023, 5:26:44 AM",Kudos,Activity,10317845066
"Dec 4, 2023, 11:30:41 PM",Kudos,Activity,10327445411
"Dec 4, 2023, 11:30:50 PM",Kudos,Activity,10328599496
"Dec 5, 2023, 6:15:11 PM",Kudos,Activity,10329541225
"Dec 8, 2023, 3:58:01 PM",Kudos,Activity,10345889899
"Dec 10, 2023, 12:12:26 AM",Kudos,Activity,10354711157
"Dec 10, 2023, 4:45:29 PM",Kudos,Activity,10359396588
"Dec 10, 2023, 7:38:57 PM",Kudos,Activity,10360106398
"Dec 11, 2023, 2:49:21 AM",Kudos,Activity,10361471498
"Dec 12, 2023, 1:46:04 PM",Kudos,Activity,10366048051
"Dec 13, 2023, 3:42:23 AM",Kudos,Activity,10369593399
"Dec 13, 2023, 10:34:06 PM",Kudos,Activity,10374740862
"Dec 14, 2023, 4:13:33 AM",Kudos,Activity,10377150920
"Dec 14, 2023, 4:13:36 AM",Kudos,Activity,10376364864
"Dec 14, 2023, 4:13:49 AM",Kudos,Activity,10374124496
"Dec 14, 2023, 4:14:17 AM",Kudos,Activity,10375049865
"Dec 14, 2023, 10:26:13 PM",Kudos,Activity,10379259961
"Dec 15, 2023, 10:00:57 PM",Kudos,Activity,10384347282
"Dec 16, 2023, 3:37:48 PM",Kudos,Activity,10386362325
"Dec 17, 2023, 9:33:58 PM",Kudos,Activity,10389940011
"Dec 17, 2023, 9:34:07 PM",Kudos,Activity,10396357029
"Dec 17, 2023, 9:34:16 PM",Kudos,Activity,10390303192
"Dec 17, 2023, 9:34:22 PM",Kudos,Activity,10389809252
"Dec 18, 2023, 1:26:52 AM",Kudos,Activity,10397611749
"Dec 19, 2023, 5:43:01 AM",Kudos,Activity,10399839186
"Dec 20, 2023, 6:32:33 PM",Kudos,Activity,10410871396
"Dec 20, 2023, 6:33:18 PM",Kudos,Activity,10404914495
"Dec 21, 2023, 5:33:21 AM",Kudos,Activity,10412667243
"Dec 21, 2023, 3:47:47 PM",Kudos,Activity,10415119483
"Dec 21, 2023, 3:47:51 PM",Kudos,Activity,10414591037
"Dec 22, 2023, 5:01:39 AM",Kudos,Activity,10417367820
"Dec 22, 2023, 5:01:52 AM",Kudos,Activity,10417598162
"Dec 22, 2023, 5:02:21 AM",Kudos,Activity,10416253567
"Dec 22, 2023, 5:02:30 AM",Kudos,Activity,10416287905
"Dec 22, 2023, 2:33:15 PM",Kudos,Activity,10419443607
"Dec 22, 2023, 2:34:03 PM",Kudos,Activity,10419937368
"Dec 23, 2023, 2:11:32 AM",Kudos,Activity,10421799358
"Dec 23, 2023, 2:12:44 AM",Kudos,Activity,10419972970
"Dec 23, 2023, 2:13:27 AM",Kudos,Activity,10421931407
"Dec 23, 2023, 6:46:34 PM",Kudos,Activity,10425567914
"Dec 23, 2023, 6:46:43 PM",Kudos,Activity,10426111472
"Dec 23, 2023, 6:46:48 PM",Kudos,Activity,10426191760
"Dec 24, 2023, 6:51:39 PM",Kudos,Activity,10430112539
"Dec 24, 2023, 6:51:51 PM",Kudos,Activity,10430930564
"Dec 25, 2023, 1:45:16 AM",Kudos,Activity,10432082255
"Dec 26, 2023, 3:39:57 PM",Kudos,Activity,10436828601
"Dec 26, 2023, 3:40:05 PM",Kudos,Activity,10434460313
"Dec 26, 2023, 3:40:26 PM",Kudos,Activity,10439501531
"Dec 26, 2023, 6:06:33 PM",Kudos,Activity,10440095211
"Dec 26, 2023, 9:26:08 PM",Kudos,Activity,10435100796
"Dec 27, 2023, 5:35:29 AM",Kudos,Activity,10441578581
"Dec 28, 2023, 7:09:19 AM",Kudos,Activity,10445591772
"Dec 28, 2023, 7:09:34 AM",Kudos,Post,26949531
"Dec 28, 2023, 7:09:38 AM",Kudos,Activity,10445898749
"Dec 29, 2023, 4:10:42 PM",Kudos,Activity,10456848623
"Dec 29, 2023, 4:10:45 PM",Kudos,Activity,10451225671
"Dec 29, 2023, 4:10:49 PM",Kudos,Activity,10453949087
"Dec 29, 2023, 4:10:53 PM",Kudos,Activity,10454121310
"Dec 30, 2023, 5:46:14 PM",Kudos,Activity,10458470222
"Dec 30, 2023, 5:55:14 PM",Kudos,Activity,10457519099
"Dec 30, 2023, 5:55:22 PM",Kudos,Activity,10463471321
"Dec 30, 2023, 5:55:32 PM",Kudos,Activity,10458994884
"Dec 30, 2023, 5:55:40 PM",Kudos,Activity,10462659969
"Dec 31, 2023, 1:06:46 AM",Kudos,Activity,10464450881
"Dec 31, 2023, 1:06:50 AM",Kudos,Activity,10463859087
"Dec 31, 2023, 1:06:56 AM",Kudos,Activity,10465197005
"Jan 1, 2024, 5:11:39 PM",Kudos,Activity,10473962468
"Jan 1, 2024, 5:12:16 PM",Kudos,Activity,10474040276
"Jan 1, 2024, 5:12:28 PM",Kudos,Activity,10470203674
"Jan 1, 2024, 5:12:29 PM",Kudos,Activity,10469922645
"Jan 1, 2024, 5:12:40 PM",Kudos,Activity,10474605734
"Jan 1, 2024, 11:03:11 PM",Kudos,Activity,10474939784
"Jan 1, 2024, 11:03:18 PM",Kudos,Activity,10475360222
"Jan 1, 2024, 11:03:56 PM",Kudos,Activity,10470088452
"Jan 3, 2024, 4:54:30 AM",Kudos,Activity,10482735723
"Jan 4, 2024, 12:59:47 AM",Kudos,Activity,10489384608
"Jan 4, 2024, 12:59:50 AM",Kudos,Activity,10489384583
"Jan 4, 2024, 1:00:13 AM",Kudos,Activity,10486602831
"Jan 4, 2024, 10:52:50 PM",Kudos,Activity,10493031520
"Jan 4, 2024, 10:52:53 PM",Kudos,Activity,10489626000
"Jan 5, 2024, 10:11:52 PM",Kudos,Activity,10499493845
"Jan 5, 2024, 10:11:54 PM",Kudos,Activity,10499595383
"Jan 5, 2024, 10:12:05 PM",Kudos,Activity,10498062385
"Jan 5, 2024, 10:12:33 PM",Kudos,Activity,10496353857
"Jan 6, 2024, 5:35:43 PM",Kudos,Activity,10505560657
"Jan 6, 2024, 9:42:24 PM",Kudos,Activity,10506816487
"Jan 6, 2024, 9:42:25 PM",Kudos,Activity,10507668482
"Jan 6, 2024, 9:42:30 PM",Kudos,Activity,10506619589
"Jan 12, 2024, 11:49:57 PM",Kudos,Post,27253250
"Jan 12, 2024, 11:51:07 PM",Kudos,Activity,10543029145
"Jan 18, 2024, 4:49:33 PM",Kudos,Activity,10579681989
"Jan 18, 2024, 4:49:39 PM",Kudos,Activity,10573772236
"Jan 18, 2024, 4:49:48 PM",Kudos,Activity,10572567588
"Jan 23, 2024, 4:25:52 AM",Kudos,Activity,10596048848
"Jan 23, 2024, 4:26:15 AM",Kudos,Activity,10597245335
"Jan 23, 2024, 4:26:53 AM",Kudos,Activity,10599905298
"Jan 26, 2024, 3:35:57 PM",Kudos,Activity,10629168351
"Jan 26, 2024, 3:36:07 PM",Kudos,Activity,10630781493
"Jan 26, 2024, 3:36:47 PM",Kudos,Activity,10623101239
"Jan 27, 2024, 5:57:18 PM",Kudos,Activity,10641684996
"Jan 27, 2024, 5:57:36 PM",Kudos,Activity,10636150843
"Jan 27, 2024, 5:57:45 PM",Kudos,Activity,10639811283
"Jan 27, 2024, 5:57:54 PM",Kudos,Activity,10640037160
"Jan 27, 2024, 5:58:16 PM",Kudos,Activity,10635084379
"Jan 29, 2024, 1:31:46 PM",Kudos,Activity,10641756407
"Jan 31, 2024, 2:05:18 PM",Kudos,Activity,10656242387
"Jan 31, 2024, 2:05:22 PM",Kudos,Activity,10656836906
"Jan 31, 2024, 2:05:35 PM",Kudos,Activity,10657173229
"Jan 31, 2024, 2:05:52 PM",Kudos,Activity,10648554609
"Jan 31, 2024, 2:06:27 PM",Kudos,Activity,10653760316
"Jan 31, 2024, 10:26:08 PM",Kudos,Activity,10668203141
"Jan 31, 2024, 10:26:14 PM",Kudos,Activity,10670435867
"Feb 3, 2024, 7:50:37 PM",Kudos,Activity,10689274020
"Feb 3, 2024, 7:50:43 PM",Kudos,Activity,10689277264
"Feb 8, 2024, 1:04:14 AM",Kudos,Activity,10695139271
"Feb 8, 2024, 1:04:20 AM",Kudos,Activity,10702427752
"Feb 10, 2024, 4:22:00 PM",Kudos,Activity,10734789563
"Feb 10, 2024, 11:19:20 PM",Kudos,Activity,10735009677
"Feb 10, 2024, 11:19:33 PM",Kudos,Activity,10735900653
"Feb 10, 2024, 11:19:37 PM",Kudos,Activity,10735973445
"Feb 10, 2024, 11:19:38 PM",Kudos,Activity,10736383379
"Feb 11, 2024, 1:49:58 PM",Kudos,Activity,10737291187
"Feb 12, 2024, 3:09:29 PM",Kudos,Activity,10746912087
"Feb 12, 2024, 3:10:03 PM",Kudos,Activity,10742246295
"Feb 12, 2024, 3:10:15 PM",Kudos,Activity,10740950249
"Feb 13, 2024, 10:27:35 PM",Kudos,Activity,10750506832
"Feb 13, 2024, 10:27:51 PM",Kudos,Activity,10756364770
"Feb 13, 2024, 10:28:10 PM",Kudos,Activity,10747456938
"Feb 13, 2024, 10:28:28 PM",Kudos,Activity,10749007301
"Feb 13, 2024, 10:28:48 PM",Kudos,Activity,10753939566
"Feb 16, 2024, 4:06:15 AM",Kudos,Activity,10757387420
"Feb 18, 2024, 5:20:56 PM",Kudos,Activity,10788652071
"Feb 18, 2024, 5:20:58 PM",Kudos,Activity,10788846963
"Feb 18, 2024, 5:21:07 PM",Kudos,Activity,10782204729
"Feb 18, 2024, 8:50:11 PM",Kudos,Activity,10789183521
"Feb 19, 2024, 12:27:32 PM",Kudos,Activity,10790496375
"Feb 19, 2024, 12:27:50 PM",Kudos,Activity,10791303996
"Feb 20, 2024, 8:47:16 PM",Kudos,Activity,10802922393
"Feb 20, 2024, 8:47:20 PM",Kudos,Activity,10803131279
"Feb 20, 2024, 8:47:34 PM",Kudos,Activity,10801117036
"Feb 20, 2024, 8:47:44 PM",Kudos,Activity,10797236669
"Feb 20, 2024, 8:48:08 PM",Kudos,Post,27988756
"Feb 23, 2024, 2:21:35 AM",Kudos,Activity,10817485231
"Feb 23, 2024, 2:21:46 AM",Kudos,Activity,10808490687
"Feb 23, 2024, 2:21:55 AM",Kudos,Activity,10811620093
"Feb 25, 2024, 5:49:39 PM",Kudos,Activity,10835304866
"Feb 25, 2024, 5:49:50 PM",Kudos,Activity,10828272660
"Feb 25, 2024, 5:49:54 PM",Kudos,Activity,10835632217
"Feb 25, 2024, 5:50:03 PM",Kudos,Activity,10829662785
"Feb 25, 2024, 5:50:16 PM",Kudos,Activity,10829006047
"Feb 25, 2024, 5:52:17 PM",Kudos,Activity,10822806915
"Feb 26, 2024, 5:51:11 PM",Kudos,Activity,10836698666
"Feb 26, 2024, 5:51:26 PM",Kudos,Activity,10837031775
"Mar 2, 2024, 8:06:51 PM",Kudos,Activity,10876320540
"Mar 2, 2024, 8:07:06 PM",Kudos,Activity,10876266311
"Mar 3, 2024, 5:29:19 PM",Kudos,Activity,10882306590
"Mar 4, 2024, 8:34:59 PM",Kudos,Activity,10890351747
"Mar 4, 2024, 8:36:14 PM",Kudos,Activity,10883705270
"Mar 5, 2024, 8:14:07 PM",Kudos,Activity,10897300612
"Mar 8, 2024, 3:51:56 PM",Kudos,Activity,10916551204
"Mar 8, 2024, 3:52:42 PM",Kudos,Post,28293998
"Mar 8, 2024, 3:52:46 PM",Kudos,Activity,10914034598
"Mar 8, 2024, 3:52:53 PM",Kudos,Activity,10915709599
"Mar 11, 2024, 2:23:06 AM",Kudos,Activity,10931915910
"Mar 11, 2024, 2:23:09 AM",Kudos,Activity,10932958805
"Mar 11, 2024, 2:23:17 AM",Kudos,Activity,10930915005
"Mar 13, 2024, 2:58:13 AM",Kudos,Activity,10947142193
"Mar 14, 2024, 1:50:20 AM",Kudos,Activity,10954609422
"Mar 14, 2024, 1:50:46 AM",Kudos,Activity,10951410752
"Mar 14, 2024, 1:51:47 AM",Kudos,Activity,10947945115
"Mar 14, 2024, 1:51:54 AM",Kudos,Activity,10951731956
"Mar 17, 2024, 11:37:39 PM",Kudos,Activity,10981236844
"Mar 17, 2024, 11:37:41 PM",Kudos,Activity,10982121750
"Mar 17, 2024, 11:37:45 PM",Kudos,Activity,10982860136
"Mar 17, 2024, 11:37:49 PM",Kudos,Activity,10982416080
"Mar 17, 2024, 11:37:53 PM",Kudos,Activity,10979871034
"Mar 18, 2024, 11:37:07 AM",Kudos,Activity,10982600329
"Mar 19, 2024, 1:45:29 AM",Kudos,Activity,10989048136
"Mar 19, 2024, 9:29:04 PM",Kudos,Activity,10995743866
"Mar 19, 2024, 9:29:32 PM",Kudos,Activity,10989608466
"Mar 19, 2024, 9:30:00 PM",Kudos,Activity,10989941156
"Mar 20, 2024, 12:55:37 AM",Kudos,Activity,10997266787
"Mar 20, 2024, 10:16:26 AM",Kudos,Activity,10997619228
"Mar 22, 2024, 12:22:28 AM",Kudos,Activity,11011489349
"Mar 22, 2024, 12:22:33 AM",Kudos,Activity,11004565863
"Mar 22, 2024, 12:22:38 AM",Kudos,Activity,11007420340
"Mar 22, 2024, 12:22:40 AM",Kudos,Activity,11005185659
"Mar 22, 2024, 12:22:44 AM",Kudos,Activity,11003716450
"Mar 22, 2024, 12:23:10 AM",Kudos,Activity,11009333031
"Mar 22, 2024, 11:11:29 AM",Kudos,Activity,11012031125
"Mar 22, 2024, 11:11:31 AM",Kudos,Activity,11012016838
"Mar 22, 2024, 2:36:06 PM",Kudos,Activity,11013720890
"Mar 25, 2024, 1:24:03 AM",Kudos,Activity,11031101981
"Mar 25, 2024, 1:24:04 AM",Kudos,Activity,11029598357
"Mar 25, 2024, 1:24:20 AM",Kudos,Activity,11030166935
"Mar 25, 2024, 1:24:34 AM",Kudos,Activity,11030548317
"Mar 25, 2024, 1:24:36 AM",Kudos,Activity,11022642679
"Mar 25, 2024, 1:24:46 AM",Kudos,Activity,11017659137
"Mar 26, 2024, 2:53:07 PM",Kudos,Activity,11034415733
"Mar 28, 2024, 1:15:20 PM",Kudos,Activity,11054737059
"Mar 31, 2024, 1:32:40 AM",Kudos,Activity,11073110176
"Mar 31, 2024, 1:32:47 AM",Kudos,Activity,11069572793
"Mar 31, 2024, 1:32:48 AM",Kudos,Activity,11069628837
"Mar 31, 2024, 1:32:51 AM",Kudos,Activity,11070247253
"Mar 31, 2024, 2:52:46 AM",Kudos,Activity,10982987206
"Mar 31, 2024, 2:52:50 AM",Kudos,Activity,11058850112
"Apr 1, 2024, 1:37:12 PM",Kudos,Activity,11083121224
"Apr 1, 2024, 11:54:06 PM",Kudos,Activity,11085764577
"Apr 2, 2024, 12:47:03 PM",Kudos,Activity,11087864285
"Apr 2, 2024, 12:47:05 PM",Kudos,Activity,11087212534
"Apr 2, 2024, 12:47:15 PM",Kudos,Activity,11087671546
"Apr 3, 2024, 1:52:42 AM",Kudos,Activity,11094902067
"Apr 3, 2024, 1:53:23 AM",Kudos,Post,28797969
"Apr 3, 2024, 1:53:27 AM",Kudos,Activity,11093216961
"Apr 3, 2024, 1:53:44 AM",Kudos,Activity,11094930401
"Apr 3, 2024, 4:57:10 PM",Kudos,Activity,11094930126
"Apr 4, 2024, 12:25:38 PM",Kudos,Activity,11102383013
"Apr 4, 2024, 12:25:42 PM",Kudos,Activity,11102004729
"Apr 4, 2024, 12:25:51 PM",Kudos,Activity,11090004765
"Apr 5, 2024, 9:52:37 PM",Kudos,Activity,11114086978
"Apr 5, 2024, 9:52:40 PM",Kudos,Activity,11105365625
"Apr 5, 2024, 9:52:42 PM",Kudos,Activity,11109208805
"Apr 5, 2024, 9:52:45 PM",Kudos,Activity,11111734306
"Apr 5, 2024, 9:52:48 PM",Kudos,Activity,11111245903
"Apr 5, 2024, 9:52:54 PM",Kudos,Activity,11105475997
"Apr 5, 2024, 9:52:59 PM",Kudos,Activity,11107755995
"Apr 5, 2024, 10:12:14 PM",Kudos,Activity,11114558509
"Apr 6, 2024, 12:37:47 PM",Kudos,Activity,11115687876
"Apr 6, 2024, 12:37:59 PM",Kudos,Activity,11115394978
"Apr 6, 2024, 7:09:13 PM",Kudos,Activity,11119106989
"Apr 6, 2024, 7:09:27 PM",Kudos,Activity,11120397253
"Apr 7, 2024, 3:31:11 AM",Kudos,Activity,11123351545
"Apr 7, 2024, 3:31:14 AM",Kudos,Activity,11123290201
"Apr 7, 2024, 12:17:42 PM",Kudos,Activity,11123614156
"Apr 7, 2024, 9:00:40 PM",Kudos,Activity,11129331560
"Apr 8, 2024, 12:15:05 AM",Kudos,Activity,11128353677
"Apr 8, 2024, 12:44:30 PM",Kudos,Activity,11133720526
"Apr 8, 2024, 4:42:05 PM",Kudos,Activity,11134227998
"Apr 8, 2024, 4:42:24 PM",Kudos,Activity,11134425902
"Apr 9, 2024, 12:45:20 AM",Kudos,Activity,11137839686
"Apr 9, 2024, 3:37:59 PM",Kudos,Activity,11142239428
"Apr 10, 2024, 12:20:59 AM",Kudos,Activity,11145914818
"Apr 10, 2024, 12:21:09 AM",Kudos,Activity,11145725726
"Apr 10, 2024, 12:21:33 AM",Kudos,Activity,11145457667
"Apr 10, 2024, 12:21:59 AM",Kudos,Activity,11144944407
"Apr 10, 2024, 12:36:37 PM",Kudos,Activity,11148764725
"Apr 10, 2024, 12:36:44 PM",Kudos,Activity,11148667330
"Apr 10, 2024, 12:37:43 PM",Kudos,Activity,11146261024
"Apr 10, 2024, 12:39:42 PM",Kudos,Activity,11145877441
"Apr 10, 2024, 5:32:43 PM",Kudos,Activity,11149943255
"Apr 10, 2024, 5:33:31 PM",Kudos,Activity,11151123570
"Apr 10, 2024, 5:37:05 PM",Kudos,Activity,11141317129
"Apr 10, 2024, 11:19:22 PM",Kudos,Activity,11152239689
"Apr 11, 2024, 9:20:32 PM",Kudos,Activity,11156260089
"Apr 11, 2024, 9:20:44 PM",Kudos,Activity,11153652331
"Apr 11, 2024, 9:20:51 PM",Kudos,Activity,11153998726
"Apr 11, 2024, 9:21:13 PM",Kudos,Activity,11157453298
"Apr 11, 2024, 9:21:16 PM",Kudos,Activity,11160173336
"Apr 11, 2024, 9:21:19 PM",Kudos,Activity,11153502605
"Apr 11, 2024, 10:33:21 PM",Kudos,Activity,11160463061
"Apr 11, 2024, 10:33:23 PM",Kudos,Activity,11160527106
"Apr 11, 2024, 10:33:35 PM",Kudos,Activity,11160444227
"Apr 12, 2024, 1:03:27 PM",Kudos,Activity,11161599545
"Apr 12, 2024, 1:03:40 PM",Kudos,Activity,11163628906
"Apr 12, 2024, 1:03:59 PM",Kudos,Activity,11160719236
"Apr 12, 2024, 1:04:07 PM",Kudos,Activity,11161477449
"Apr 12, 2024, 5:32:54 PM",Kudos,Activity,11165722078
"Apr 13, 2024, 2:18:44 AM",Kudos,Activity,11167738599
"Apr 13, 2024, 2:18:50 AM",Kudos,Activity,11166961790
"Apr 13, 2024, 2:18:58 AM",Kudos,Activity,11167976670
"Apr 13, 2024, 2:19:02 AM",Kudos,Activity,11165973008
"Apr 13, 2024, 2:19:17 AM",Kudos,Activity,11166771128
"Apr 13, 2024, 3:58:09 PM",Kudos,Activity,11173238840
"Apr 13, 2024, 10:18:25 PM",Kudos,Activity,11175058330
"Apr 13, 2024, 10:18:27 PM",Kudos,Activity,11175502896
"Apr 13, 2024, 10:18:39 PM",Kudos,Activity,11174378442
"Apr 13, 2024, 10:18:42 PM",Kudos,Activity,11174771149
"Apr 13, 2024, 10:19:08 PM",Kudos,Activity,11173299579
"Apr 13, 2024, 10:19:31 PM",Kudos,Activity,11171567636
"Apr 13, 2024, 10:19:33 PM",Kudos,Activity,11172071652
"Apr 14, 2024, 1:54:38 PM",Kudos,Activity,11180417108
"Apr 14, 2024, 1:55:44 PM",Kudos,Activity,11179938269
"Apr 14, 2024, 3:59:10 PM",Kudos,Activity,11181718606
"Apr 14, 2024, 3:59:21 PM",Kudos,Activity,11181608166
"Apr 14, 2024, 3:59:39 PM",Kudos,Activity,11181552442
"Apr 15, 2024, 12:25:25 AM",Kudos,Activity,11183749243
"Apr 15, 2024, 12:26:58 AM",Kudos,Activity,11182545697
"Apr 15, 2024, 12:27:09 AM",Kudos,Activity,11183591598
"Apr 15, 2024, 12:27:10 AM",Kudos,Activity,11183601072
"Apr 15, 2024, 1:07:49 PM",Kudos,Activity,11186736373
"Apr 15, 2024, 1:08:25 PM",Kudos,Activity,11182261188
"Apr 15, 2024, 8:27:05 PM",Kudos,Activity,11188801344
"Apr 16, 2024, 7:00:00 PM",Kudos,Activity,11192168073
"Apr 16, 2024, 7:00:43 PM",Kudos,Activity,11194157681
"Apr 16, 2024, 9:51:43 PM",Kudos,Activity,11198219257
"Apr 16, 2024, 9:51:52 PM",Kudos,Activity,11197830047
"Apr 17, 2024, 2:20:57 PM",Kudos,Activity,11201240774
"Apr 17, 2024, 2:21:38 PM",Kudos,Activity,11199337090
"Apr 17, 2024, 2:21:40 PM",Kudos,Activity,11201529180
"Apr 17, 2024, 2:21:44 PM",Kudos,Activity,11199474708
"Apr 17, 2024, 2:21:58 PM",Kudos,Activity,11199766610
"Apr 17, 2024, 2:22:33 PM",Kudos,Activity,11198527734
"Apr 17, 2024, 2:22:55 PM",Kudos,Activity,11200803061
"Apr 17, 2024, 11:53:31 PM",Kudos,Activity,11206251478
"Apr 17, 2024, 11:53:36 PM",Kudos,Activity,11205647452
"Apr 19, 2024, 5:25:35 PM",Kudos,Activity,11215971511
"Apr 19, 2024, 5:25:37 PM",Kudos,Activity,11215840281
"Apr 19, 2024, 5:25:39 PM",Kudos,Activity,11213038796
"Apr 19, 2024, 5:25:48 PM",Kudos,Activity,11214283847
"Apr 19, 2024, 5:25:50 PM",Kudos,Activity,11209214397
"Apr 19, 2024, 5:26:02 PM",Kudos,Activity,11206455393
"Apr 20, 2024, 6:46:10 AM",Kudos,Activity,11219380386
"Apr 20, 2024, 6:46:22 AM",Kudos,Activity,11219604651
"Apr 20, 2024, 10:29:45 AM",Kudos,Activity,11222476790
"Apr 20, 2024, 10:29:48 AM",Kudos,Activity,11222476777
"Apr 20, 2024, 10:29:59 AM",Kudos,Activity,11222179312
"Apr 20, 2024, 10:30:05 AM",Kudos,Activity,11222412680
"Apr 20, 2024, 10:40:03 PM",Kudos,Activity,11226644280
"Apr 20, 2024, 10:40:24 PM",Kudos,Activity,11224369837
"Apr 20, 2024, 10:42:38 PM",Kudos,Activity,11225547437
"Apr 20, 2024, 10:42:43 PM",Kudos,Activity,11226335116
"Apr 20, 2024, 10:42:48 PM",Kudos,Activity,11225613742
"Apr 20, 2024, 10:42:51 PM",Kudos,Activity,11224234226
"Apr 20, 2024, 10:43:12 PM",Kudos,Activity,11225773665
"Apr 22, 2024, 6:32:20 AM",Kudos,Activity,11234141244
"Apr 22, 2024, 6:32:26 AM",Kudos,Activity,11227877177
"Apr 22, 2024, 6:32:45 AM",Kudos,Activity,11233622030
"Apr 22, 2024, 6:32:51 AM",Kudos,Activity,11232676108
"Apr 22, 2024, 6:33:45 AM",Kudos,Activity,11233890275
"Apr 22, 2024, 6:34:16 AM",Kudos,Activity,11235020713
"Apr 22, 2024, 6:34:17 AM",Kudos,Activity,11235036085
"Apr 22, 2024, 6:34:42 AM",Kudos,Activity,11231735009
"Apr 22, 2024, 6:34:48 AM",Kudos,Activity,11226650510
"Apr 22, 2024, 6:20:29 PM",Kudos,Activity,11237589178
"Apr 23, 2024, 8:42:26 AM",Kudos,Activity,11242900921
"Apr 23, 2024, 8:42:36 AM",Kudos,Activity,11242221975
"Apr 23, 2024, 8:42:40 AM",Kudos,Activity,11241464814
"Apr 23, 2024, 8:42:49 AM",Kudos,Activity,11242253800
"Apr 23, 2024, 12:39:38 PM",Kudos,Activity,11244976875
"Apr 23, 2024, 12:39:44 PM",Kudos,Activity,11245032331
"Apr 23, 2024, 12:40:02 PM",Kudos,Activity,11244978454
"Apr 25, 2024, 10:30:45 PM",Kudos,Activity,11260224247
"Apr 25, 2024, 10:30:47 PM",Kudos,Activity,11260217696
"Apr 25, 2024, 10:30:51 PM",Kudos,Activity,11257210762
"Apr 25, 2024, 10:30:54 PM",Kudos,Activity,11252769393
"Apr 25, 2024, 10:31:01 PM",Kudos,Activity,11258188386
"Apr 25, 2024, 10:31:12 PM",Kudos,Activity,11260853725
"Apr 25, 2024, 10:31:24 PM",Kudos,Activity,11252867854
"Apr 26, 2024, 7:10:12 PM",Kudos,Activity,11268142106
"Apr 26, 2024, 7:10:16 PM",Kudos,Activity,11269517448
"Apr 26, 2024, 10:39:37 PM",Kudos,Activity,11271136598
"Apr 27, 2024, 3:34:44 PM",Kudos,Activity,11276147968
"Apr 27, 2024, 3:35:08 PM",Kudos,Activity,11274696927
"Apr 27, 2024, 3:35:14 PM",Kudos,Activity,11271537734
"Apr 29, 2024, 3:10:28 AM",Kudos,Activity,11287666461
"Apr 29, 2024, 3:10:31 AM",Kudos,Activity,11287303276
"Apr 29, 2024, 3:10:35 AM",Kudos,Activity,11285841858
"Apr 29, 2024, 3:11:16 AM",Kudos,Activity,11286789939
"Apr 29, 2024, 3:11:26 AM",Kudos,Activity,11284319719
"Apr 29, 2024, 3:11:33 AM",Kudos,Activity,11284882549
"Apr 29, 2024, 4:34:59 PM",Kudos,Activity,11289725120
"Apr 29, 2024, 4:35:08 PM",Kudos,Activity,11290194525
"Apr 30, 2024, 12:52:36 AM",Kudos,Activity,11294377065
"Apr 30, 2024, 12:52:40 AM",Kudos,Activity,11294406012
"Apr 30, 2024, 4:33:01 PM",Kudos,Activity,11295454978
"Apr 30, 2024, 4:33:22 PM",Kudos,Activity,11297434649
"May 2, 2024, 5:20:14 PM",Kudos,Activity,11314413273
"May 2, 2024, 5:20:23 PM",Kudos,Activity,11314341315
"May 2, 2024, 5:20:38 PM",Kudos,Activity,11310903288
"May 2, 2024, 5:20:44 PM",Kudos,Activity,11311883956
"May 2, 2024, 5:20:49 PM",Kudos,Activity,11315030071
"May 2, 2024, 5:20:54 PM",Kudos,Activity,11312411471
"May 2, 2024, 5:21:25 PM",Kudos,Activity,11306049171
"May 3, 2024, 2:29:10 AM",Kudos,Activity,11319519032
"May 3, 2024, 2:29:18 AM",Kudos,Activity,11310651565
"May 3, 2024, 6:14:07 PM",Kudos,Activity,11323806761
"May 4, 2024, 3:54:51 AM",Kudos,Activity,11325687252
"May 5, 2024, 7:14:02 AM",Kudos,Activity,11332886463
"May 5, 2024, 7:14:04 AM",Kudos,Activity,11332886452
"May 5, 2024, 7:14:15 AM",Kudos,Activity,11333986307
"May 5, 2024, 7:15:33 AM",Kudos,Activity,11331791067
"May 5, 2024, 7:15:42 AM",Kudos,Activity,11330042809
"May 5, 2024, 2:08:22 PM",Kudos,Activity,11337906434
"May 6, 2024, 11:32:51 PM",Kudos,Activity,11344549392
"May 6, 2024, 11:32:53 PM",Kudos,Activity,11346052884
"May 6, 2024, 11:32:58 PM",Kudos,Activity,11339389432
"May 6, 2024, 11:33:10 PM",Kudos,Activity,11324591883
"May 6, 2024, 11:33:23 PM",Kudos,Activity,11319517218
"May 7, 2024, 3:46:33 AM",Kudos,Activity,11349308813
"May 7, 2024, 7:51:32 PM",Kudos,Activity,11351966617
"May 8, 2024, 7:49:18 PM",Kudos,Activity,11359814145
"May 8, 2024, 7:49:23 PM",Kudos,Activity,11356727853
"May 8, 2024, 7:49:27 PM",Kudos,Activity,11357967529
"May 8, 2024, 7:49:38 PM",Kudos,Activity,11360916298
"May 8, 2024, 7:50:38 PM",Kudos,Activity,11361384379
"May 12, 2024, 12:29:18 AM",Kudos,Activity,11385638319
"May 12, 2024, 12:29:25 AM",Kudos,Activity,11385618936
"May 12, 2024, 12:29:29 AM",Kudos,Activity,11388523264
"May 12, 2024, 12:29:41 AM",Kudos,Activity,11376075886
"May 12, 2024, 12:29:44 AM",Kudos,Activity,11374236607
"May 12, 2024, 12:30:11 AM",Kudos,Activity,11378365587
"May 12, 2024, 12:30:27 AM",Kudos,Activity,11377856538
"May 12, 2024, 12:31:25 AM",Kudos,Activity,11387367404
"May 12, 2024, 4:08:24 PM",Kudos,Activity,11394379279
"May 12, 2024, 6:47:09 PM",Kudos,Activity,11393779646
"May 12, 2024, 6:47:43 PM",Kudos,Activity,11394303271
"May 12, 2024, 6:47:51 PM",Kudos,Activity,11389864389
"May 13, 2024, 2:15:51 PM",Kudos,Activity,11397697136
"May 13, 2024, 2:15:55 PM",Kudos,Activity,11396398257
"May 13, 2024, 2:16:01 PM",Kudos,Activity,11397235118
"May 13, 2024, 2:16:06 PM",Kudos,Activity,11400304719
"May 13, 2024, 2:16:18 PM",Kudos,Activity,11400570812
"May 14, 2024, 2:14:35 PM",Kudos,Activity,11407466579
"May 14, 2024, 2:14:48 PM",Kudos,Activity,11407149540
"May 14, 2024, 2:14:56 PM",Kudos,Activity,11404719143
"May 14, 2024, 4:45:01 PM",Kudos,Activity,11408826897
"May 14, 2024, 6:35:53 PM",Kudos,Activity,11386809382
"May 15, 2024, 2:25:23 PM",Kudos,Activity,11416294315
"May 15, 2024, 2:25:33 PM",Kudos,Activity,11415173396
"May 15, 2024, 2:25:42 PM",Kudos,Activity,11412047274
"May 15, 2024, 2:25:52 PM",Kudos,Activity,11413139538
"May 15, 2024, 2:27:09 PM",Kudos,Activity,11413446060
"May 15, 2024, 2:27:12 PM",Kudos,Activity,11415606554
"May 15, 2024, 2:27:15 PM",Kudos,Activity,11416412290
"May 15, 2024, 2:27:19 PM",Kudos,Activity,11416294991
"May 15, 2024, 2:27:35 PM",Kudos,Activity,11413529087
"May 15, 2024, 2:27:46 PM",Kudos,Activity,11413362662
"May 16, 2024, 5:30:43 AM",Kudos,Activity,11420714975
"May 16, 2024, 8:05:11 PM",Kudos,Activity,11424769065
"May 16, 2024, 8:05:20 PM",Kudos,Activity,11424009828
"May 16, 2024, 8:05:38 PM",Kudos,Activity,11419710873
"May 17, 2024, 1:35:33 PM",Kudos,Activity,11427997451
"May 17, 2024, 1:35:44 PM",Kudos,Activity,11427314688
"May 17, 2024, 1:35:55 PM",Kudos,Activity,11427321844
"May 17, 2024, 1:36:08 PM",Kudos,Activity,11428836232
"May 17, 2024, 1:36:15 PM",Kudos,Activity,11431302940
"May 18, 2024, 1:54:07 AM",Kudos,Activity,11432409217
"May 18, 2024, 1:54:11 AM",Kudos,Activity,11432293933
"May 18, 2024, 1:54:16 AM",Kudos,Activity,11432409164
"May 18, 2024, 1:54:19 AM",Kudos,Activity,11432830287
"May 18, 2024, 1:54:22 AM",Kudos,Activity,11432825283
"May 18, 2024, 1:54:27 AM",Kudos,Activity,11433034985
"May 18, 2024, 1:54:55 AM",Kudos,Activity,11434678473
"May 18, 2024, 9:59:02 PM",Kudos,Activity,11440049319
"May 18, 2024, 9:59:15 PM",Kudos,Activity,11439697949
"May 18, 2024, 9:59:23 PM",Kudos,Activity,11440177444
"May 18, 2024, 9:59:32 PM",Kudos,Activity,11440318722
"May 18, 2024, 9:59:42 PM",Kudos,Activity,11441360598
"May 18, 2024, 9:59:50 PM",Kudos,Activity,11440868687
"May 19, 2024, 10:06:29 PM",Kudos,Activity,11450727754
"May 19, 2024, 10:06:54 PM",Kudos,Activity,11449610781
"May 19, 2024, 10:07:00 PM",Kudos,Activity,11447982752
"May 19, 2024, 10:07:06 PM",Kudos,Activity,11448447136
"May 19, 2024, 10:07:11 PM",Kudos,Activity,11450436358
"May 19, 2024, 10:07:34 PM",Kudos,Activity,11450466995
"May 19, 2024, 10:07:48 PM",Kudos,Activity,11443212322
"May 19, 2024, 10:09:33 PM",Kudos,Activity,11440655321
"May 20, 2024, 1:16:07 AM",Kudos,Activity,11451268786
"May 21, 2024, 4:34:44 PM",Kudos,Activity,11459587052
"May 21, 2024, 4:34:48 PM",Kudos,Activity,11462245700
"May 21, 2024, 4:34:57 PM",Kudos,Activity,11463260740
"May 21, 2024, 4:35:37 PM",Kudos,Activity,11456149123
"May 21, 2024, 10:15:07 PM",Kudos,Activity,11465752954
"May 21, 2024, 10:15:12 PM",Kudos,Activity,11465753888
"May 21, 2024, 10:15:17 PM",Kudos,Activity,11466133869
"May 21, 2024, 10:17:15 PM",Kudos,Activity,11465752295
"May 21, 2024, 10:17:29 PM",Kudos,Activity,11465752464
"May 21, 2024, 10:19:13 PM",Kudos,Activity,11465752597
"May 21, 2024, 10:19:19 PM",Kudos,Activity,11465753133
"May 21, 2024, 10:19:22 PM",Kudos,Activity,11465753309
"May 21, 2024, 10:19:24 PM",Kudos,Activity,11465753509
"May 21, 2024, 10:19:28 PM",Kudos,Activity,11397697199
"May 22, 2024, 2:58:58 PM",Kudos,Activity,11468224648
"May 22, 2024, 2:59:06 PM",Kudos,Activity,11469994817
"May 22, 2024, 2:59:14 PM",Kudos,Activity,11467766011
"May 22, 2024, 2:59:17 PM",Kudos,Activity,11467784212
"May 23, 2024, 12:32:50 PM",Kudos,Activity,11475455879
"May 23, 2024, 3:35:20 PM",Kudos,Activity,11478449670
"May 24, 2024, 10:40:28 AM",Kudos,Activity,11483476251
"May 24, 2024, 10:40:34 AM",Kudos,Activity,11482474359
"May 24, 2024, 10:40:59 AM",Kudos,Activity,11448421653
"May 26, 2024, 10:53:49 PM",Kudos,Activity,11501932494
"May 26, 2024, 10:54:07 PM",Kudos,Activity,11503794694
"May 26, 2024, 10:54:09 PM",Kudos,Activity,11497869717
"May 26, 2024, 10:54:11 PM",Kudos,Activity,11504136758
"May 26, 2024, 10:54:13 PM",Kudos,Activity,11494137459
"May 26, 2024, 10:54:25 PM",Kudos,Activity,11494593980
"May 28, 2024, 1:20:20 AM",Kudos,Activity,11510141747
"May 28, 2024, 1:20:23 AM",Kudos,Activity,11509879546
"May 28, 2024, 1:20:30 AM",Kudos,Activity,11509896376
"May 28, 2024, 1:20:32 AM",Kudos,Activity,11510139388
"May 28, 2024, 1:20:34 AM",Kudos,Activity,11509916766
"May 28, 2024, 1:20:43 AM",Kudos,Activity,11505951845
"May 28, 2024, 1:20:53 AM",Kudos,Activity,11509735622
"May 28, 2024, 1:20:57 AM",Kudos,Activity,11509860811
"May 28, 2024, 1:21:48 AM",Kudos,Activity,11512093357
"May 29, 2024, 4:01:54 AM",Kudos,Activity,11521591684
"May 29, 2024, 4:02:15 AM",Kudos,Activity,11489865945
"May 29, 2024, 10:56:31 PM",Kudos,Activity,11523560992
"May 29, 2024, 10:56:34 PM",Kudos,Activity,11524701985
"May 31, 2024, 9:31:12 PM",Kudos,Activity,11539205792
"Jun 7, 2024, 3:07:59 AM",Kudos,Activity,11592441008
"Jun 7, 2024, 3:08:04 AM",Kudos,Activity,11587767390
"Jun 7, 2024, 3:08:08 AM",Kudos,Activity,11581807502
"Jun 7, 2024, 3:08:15 AM",Kudos,Activity,11592619861
"Jun 7, 2024, 5:47:38 PM",Kudos,Activity,11597309306
"Jun 7, 2024, 5:47:43 PM",Kudos,Activity,11594674778
"Jun 7, 2024, 5:50:37 PM",Kudos,Activity,11597377676
"Jun 7, 2024, 5:50:45 PM",Kudos,Activity,11596842702
"Jun 7, 2024, 5:50:47 PM",Kudos,Activity,11595660676
"Jun 7, 2024, 5:50:50 PM",Kudos,Activity,11595247329
"Jun 7, 2024, 5:51:28 PM",Kudos,Activity,11587113662
"Jun 7, 2024, 5:51:30 PM",Kudos,Activity,11587659063
"Jun 7, 2024, 5:51:36 PM",Kudos,Activity,11591257724
"Jun 7, 2024, 5:51:41 PM",Kudos,Activity,11584560852
"Jun 8, 2024, 3:00:28 PM",Kudos,Activity,11599743202
"Jun 8, 2024, 3:00:37 PM",Kudos,Activity,11604067516
"Jun 8, 2024, 3:00:54 PM",Kudos,Activity,11603648045
"Jun 8, 2024, 3:01:15 PM",Kudos,Activity,11603951180
"Jun 9, 2024, 5:40:51 PM",Kudos,Activity,11612100113
"Jun 9, 2024, 5:42:06 PM",Kudos,Activity,11613564525
"Jun 9, 2024, 5:42:09 PM",Kudos,Activity,11606908802
"Jun 9, 2024, 5:43:20 PM",Kudos,Activity,11607783561
"Jun 9, 2024, 5:43:23 PM",Kudos,Activity,11612323606
"Jun 10, 2024, 3:12:32 AM",Kudos,Activity,11614674554
"Jun 10, 2024, 3:12:46 AM",Kudos,Activity,11614685246
"Jun 10, 2024, 12:11:28 PM",Kudos,Activity,11618134577
"Jun 11, 2024, 2:33:27 PM",Kudos,Activity,11625695683
"Jun 11, 2024, 2:33:29 PM",Kudos,Activity,11623720156
"Jun 12, 2024, 12:37:42 AM",Kudos,Activity,11627509637
"Jun 12, 2024, 12:37:47 AM",Kudos,Activity,11627349913
"Jun 12, 2024, 12:37:51 AM",Kudos,Activity,11628135906
"Jun 12, 2024, 12:37:55 AM",Kudos,Activity,11630831428
"Jun 12, 2024, 12:38:19 AM",Kudos,Activity,11627414114
"Jun 12, 2024, 12:38:22 AM",Kudos,Activity,11627033865
"Jun 12, 2024, 12:38:27 AM",Kudos,Activity,11630570731
"Jun 12, 2024, 12:39:06 AM",Kudos,Activity,11627835443
"Jun 12, 2024, 12:40:08 AM",Kudos,Activity,11622320350
"Jun 12, 2024, 12:40:18 AM",Kudos,Activity,11626681981
"Jun 12, 2024, 12:40:23 AM",Kudos,Activity,11625848913
"Jun 12, 2024, 12:41:23 AM",Kudos,Activity,11619241425
"Jun 12, 2024, 12:41:25 AM",Kudos,Activity,11626610124
"Jun 12, 2024, 12:41:30 AM",Kudos,Activity,11618952694
"Jun 12, 2024, 12:41:35 AM",Kudos,Activity,11623184742
"Jun 12, 2024, 4:03:47 PM",Kudos,Activity,11635623344
"Jun 12, 2024, 4:03:51 PM",Kudos,Activity,11634030646
"Jun 12, 2024, 4:04:05 PM",Kudos,Activity,11634705271
"Jun 12, 2024, 4:04:15 PM",Kudos,Activity,11634533296
"Jun 12, 2024, 4:04:26 PM",Kudos,Activity,11632103723
"Jun 12, 2024, 4:04:38 PM",Kudos,Activity,11633805839
"Jun 12, 2024, 4:04:51 PM",Kudos,Activity,11635091096
"Jun 12, 2024, 4:05:08 PM",Kudos,Activity,11631607115
"Jun 13, 2024, 3:29:30 AM",Kudos,Activity,11639347135
"Jun 13, 2024, 3:29:45 AM",Kudos,Activity,11636089142
"Jun 15, 2024, 3:17:48 PM",Kudos,Activity,11658823799
"Jun 15, 2024, 9:12:00 PM",Kudos,Activity,11659444431
"Jun 15, 2024, 9:12:12 PM",Kudos,Activity,11659381282
"Jun 15, 2024, 9:12:33 PM",Kudos,Activity,11659415132
"Jun 15, 2024, 9:12:46 PM",Kudos,Activity,11660805799
"Jun 16, 2024, 9:57:06 PM",Kudos,Activity,11666336678
"Jun 16, 2024, 9:57:10 PM",Kudos,Activity,11667307702
"Jun 16, 2024, 9:58:09 PM",Kudos,Activity,11668458207
"Jun 16, 2024, 9:58:33 PM",Kudos,Activity,11666221707
"Jun 17, 2024, 2:08:28 AM",Kudos,Activity,11669542767
"Jun 17, 2024, 2:08:30 AM",Kudos,Activity,11669730829
"Jun 17, 2024, 11:57:17 AM",Kudos,Activity,11672104144
"Jun 17, 2024, 1:25:26 PM",Kudos,Activity,11672560012
"Jun 18, 2024, 2:29:05 PM",Kudos,Activity,11680015608
"Jun 18, 2024, 3:06:05 PM",Kudos,Activity,11677426925
"Jun 18, 2024, 3:06:27 PM",Kudos,Activity,11681024985
"Jun 18, 2024, 3:06:41 PM",Kudos,Activity,11680899363
"Jun 18, 2024, 3:06:43 PM",Kudos,Activity,11676446750
"Jun 18, 2024, 3:07:21 PM",Kudos,Activity,11674550032
"Jun 18, 2024, 3:07:27 PM",Kudos,Activity,11676714415
"Jun 18, 2024, 3:07:57 PM",Kudos,Activity,11680461907
"Jun 18, 2024, 5:02:58 PM",Kudos,Activity,11682411806
"Jun 18, 2024, 5:03:33 PM",Kudos,Activity,11682075005
"Jun 18, 2024, 5:03:50 PM",Kudos,Activity,11681841274
"Jun 18, 2024, 10:27:10 PM",Kudos,Activity,11684485264
"Jun 20, 2024, 1:12:42 PM",Kudos,Activity,11696955954
"Jun 20, 2024, 1:13:25 PM",Kudos,Activity,11696812704
"Jun 20, 2024, 1:13:57 PM",Kudos,Activity,11696539405
"Jun 20, 2024, 1:14:28 PM",Kudos,Activity,11691257111
"Jun 20, 2024, 1:14:37 PM",Kudos,Activity,11688996312
"Jun 20, 2024, 1:14:39 PM",Kudos,Activity,11686099304
"Jun 20, 2024, 10:03:32 PM",Kudos,Activity,11697730403
"Jun 20, 2024, 10:03:37 PM",Kudos,Activity,11697935948
"Jun 20, 2024, 10:03:44 PM",Kudos,Activity,11698557262
"Jun 20, 2024, 10:03:47 PM",Kudos,Activity,11697842006
"Jun 20, 2024, 10:03:50 PM",Kudos,Activity,11697630481
"Jun 20, 2024, 10:03:54 PM",Kudos,Activity,11698172156
"Jun 20, 2024, 10:04:00 PM",Kudos,Activity,11698069445
"Jun 24, 2024, 1:24:43 AM",Kudos,Activity,11720652706
"Jun 24, 2024, 1:24:50 AM",Kudos,Activity,11720500022
"Jun 24, 2024, 1:25:10 AM",Kudos,Activity,11715386003
"Jun 24, 2024, 1:25:12 AM",Kudos,Activity,11715386269
"Jun 24, 2024, 1:26:12 AM",Kudos,Activity,11720412285
"Jun 24, 2024, 1:26:20 AM",Kudos,Activity,11721955326
"Jun 24, 2024, 1:26:23 AM",Kudos,Activity,11720562698
"Jun 24, 2024, 1:26:28 AM",Kudos,Activity,11713482248
"Jun 24, 2024, 1:26:49 AM",Kudos,Activity,11721173732
"Jun 24, 2024, 1:27:27 AM",Kudos,Activity,11713440796
"Jun 24, 2024, 12:12:22 PM",Kudos,Activity,11726591560
"Jun 24, 2024, 4:32:39 PM",Kudos,Activity,11727881163
"Jun 24, 2024, 4:32:52 PM",Kudos,Activity,11727910201
"Jun 24, 2024, 4:32:58 PM",Kudos,Activity,11727616302
"Jun 25, 2024, 12:51:50 AM",Kudos,Activity,11731545963
"Jun 25, 2024, 9:50:32 PM",Kudos,Activity,11739133401
"Jun 26, 2024, 11:37:36 AM",Kudos,Activity,11743201840
"Jun 26, 2024, 11:41:31 AM",Kudos,Activity,11743070304
"Jun 26, 2024, 11:41:56 AM",Kudos,Activity,11741163980
"Jun 26, 2024, 11:42:06 AM",Kudos,Activity,11740405114
"Jun 26, 2024, 12:41:01 PM",Kudos,Activity,11743626350
"Jun 26, 2024, 12:41:03 PM",Kudos,Activity,11743580418
"Jun 26, 2024, 3:00:21 PM",Kudos,Activity,11744175286
"Jun 26, 2024, 3:00:37 PM",Kudos,Activity,11743554480
"Jun 26, 2024, 3:04:48 PM",Kudos,Activity,11744798733
"Jun 26, 2024, 6:44:29 PM",Kudos,Activity,11745086915
"Jun 26, 2024, 6:44:41 PM",Kudos,Activity,11745662153
"Jun 27, 2024, 11:53:09 AM",Kudos,Activity,11751313811
"Jun 27, 2024, 5:47:28 PM",Kudos,Activity,11752873897
"Jun 27, 2024, 5:48:12 PM",Kudos,Activity,11752087992
"Jun 27, 2024, 5:48:16 PM",Kudos,Activity,11752072078
"Jun 27, 2024, 5:48:51 PM",Kudos,Activity,11751165367
"Jun 27, 2024, 10:03:59 PM",Kudos,Activity,11754433296
"Jun 28, 2024, 2:01:53 PM",Kudos,Activity,11759628169
"Jun 28, 2024, 2:02:16 PM",Kudos,Activity,11759625719
"Jun 28, 2024, 2:02:36 PM",Kudos,Activity,11756767598
"Jun 28, 2024, 2:02:47 PM",Kudos,Activity,11755627833
"Jun 28, 2024, 2:02:52 PM",Kudos,Activity,11758766340
"Jun 28, 2024, 6:04:21 PM",Kudos,Activity,11760279400
"Jun 28, 2024, 6:04:41 PM",Kudos,Activity,11760210890
"Jun 28, 2024, 6:04:45 PM",Kudos,Activity,11760879501
"Jun 28, 2024, 6:05:02 PM",Kudos,Activity,11761166596
"Jun 28, 2024, 6:05:11 PM",Kudos,Activity,11760301593
"Jun 28, 2024, 6:05:19 PM",Kudos,Activity,11761400111
"Jun 29, 2024, 9:00:09 PM",Kudos,Activity,11767377959
"Jun 29, 2024, 9:02:34 PM",Kudos,Activity,11768278461
"Jun 29, 2024, 9:02:45 PM",Kudos,Activity,11766361475
"Jun 29, 2024, 9:02:49 PM",Kudos,Activity,11768080600
"Jun 29, 2024, 9:03:16 PM",Kudos,Activity,11769954804
"Jun 29, 2024, 9:03:23 PM",Kudos,Activity,11768343164
"Jun 29, 2024, 9:03:28 PM",Kudos,Activity,11767084602
"Jun 30, 2024, 6:31:30 PM",Kudos,Activity,11775339745
"Jun 30, 2024, 6:31:45 PM",Kudos,Activity,11771481467
"Jun 30, 2024, 6:31:50 PM",Kudos,Activity,11774647368
"Jun 30, 2024, 11:50:34 PM",Kudos,Activity,11777973263
"Jun 30, 2024, 11:50:35 PM",Kudos,Activity,11777604084
"Jun 30, 2024, 11:51:16 PM",Kudos,Activity,11778743139
"Jul 1, 2024, 1:02:34 PM",Kudos,Activity,11781811531
"Jul 1, 2024, 1:03:30 PM",Kudos,Activity,11781528952
"Jul 1, 2024, 1:03:43 PM",Kudos,Activity,11781158989
"Jul 1, 2024, 1:04:11 PM",Kudos,Activity,11778889138
"Jul 1, 2024, 1:04:18 PM",Kudos,Activity,11778888999
"Jul 1, 2024, 1:04:25 PM",Kudos,Activity,11781549052
"Jul 1, 2024, 3:05:47 PM",Kudos,Activity,11782080534
"Jul 1, 2024, 3:06:01 PM",Kudos,Activity,11782614402
"Jul 1, 2024, 3:06:26 PM",Kudos,Activity,11782010925
"Jul 1, 2024, 5:06:39 PM",Kudos,Activity,11783334293
"Jul 1, 2024, 9:38:49 PM",Kudos,Activity,11775435456
"Jul 2, 2024, 12:22:01 PM",Kudos,Activity,11786813347
"Jul 2, 2024, 12:22:13 PM",Kudos,Activity,11789352828
"Jul 2, 2024, 12:22:19 PM",Kudos,Activity,11789236782
"Jul 2, 2024, 12:22:32 PM",Kudos,Activity,11788967748
"Jul 2, 2024, 12:24:58 PM",Kudos,Activity,11786968870
"Jul 2, 2024, 6:56:34 PM",Kudos,Activity,11789906940
"Jul 3, 2024, 12:36:48 PM",Kudos,Activity,11797825552
"Jul 3, 2024, 12:37:01 PM",Kudos,Activity,11797614921
"Jul 3, 2024, 12:38:11 PM",Kudos,Activity,11795461858
"Jul 3, 2024, 12:38:19 PM",Kudos,Activity,11797264126
"Jul 3, 2024, 12:38:39 PM",Kudos,Activity,11797950515
"Jul 3, 2024, 12:38:43 PM",Kudos,Activity,11795295843
"Jul 3, 2024, 12:38:45 PM",Kudos,Activity,11795418451
"Jul 3, 2024, 12:38:48 PM",Kudos,Activity,11793735317
"Jul 3, 2024, 2:54:05 PM",Kudos,Activity,11798169722
"Jul 3, 2024, 2:54:11 PM",Kudos,Activity,11798469200
"Jul 3, 2024, 4:51:47 PM",Kudos,Activity,11799803229
"Jul 3, 2024, 4:52:03 PM",Kudos,Activity,11799326849
"Jul 3, 2024, 4:53:03 PM",Kudos,Activity,11799841306
"Jul 4, 2024, 1:57:36 AM",Kudos,Activity,11802870975
"Jul 4, 2024, 2:13:45 PM",Kudos,Activity,11805027381
"Jul 4, 2024, 2:13:55 PM",Kudos,Activity,11806530499
"Jul 4, 2024, 2:13:57 PM",Kudos,Activity,11806519940
"Jul 4, 2024, 2:14:20 PM",Kudos,Activity,11805477351
"Jul 4, 2024, 2:14:42 PM",Kudos,Activity,11806113671
"Jul 4, 2024, 5:12:40 PM",Kudos,Activity,11806856070
"Jul 4, 2024, 5:13:38 PM",Kudos,Activity,11807517551
"Jul 4, 2024, 5:13:41 PM",Kudos,Activity,11806882126
"Jul 4, 2024, 5:13:44 PM",Kudos,Activity,11807610222
"Jul 6, 2024, 2:31:52 PM",Kudos,Activity,11822350478
"Jul 6, 2024, 2:32:00 PM",Kudos,Activity,11813587328
"Jul 6, 2024, 2:32:11 PM",Kudos,Activity,11810759250
"Jul 6, 2024, 2:32:32 PM",Kudos,Activity,11814317274
"Jul 6, 2024, 2:32:37 PM",Kudos,Activity,11814484656
"Jul 6, 2024, 2:33:11 PM",Kudos,Activity,11812462583
"Jul 6, 2024, 3:54:08 PM",Kudos,Activity,11822611824
"Jul 6, 2024, 3:54:30 PM",Kudos,Activity,11822674950
"Jul 6, 2024, 7:35:25 PM",Kudos,Activity,11824053199
"Jul 6, 2024, 7:35:31 PM",Kudos,Activity,11823331257
"Jul 6, 2024, 7:36:03 PM",Kudos,Activity,11823307125
"Jul 7, 2024, 11:46:02 AM",Kudos,Activity,11825150360
"Jul 7, 2024, 11:47:24 AM",Kudos,Activity,11825373684
"Jul 7, 2024, 11:48:20 AM",Kudos,Activity,11826596547
"Jul 7, 2024, 9:12:16 PM",Kudos,Activity,11831494451
"Jul 7, 2024, 9:12:24 PM",Kudos,Activity,11830795131
"Jul 7, 2024, 9:12:29 PM",Kudos,Activity,11832314337
"Jul 7, 2024, 9:12:41 PM",Kudos,Activity,11830319673
"Jul 7, 2024, 9:12:57 PM",Kudos,Activity,11831079062
"Jul 8, 2024, 1:51:22 AM",Kudos,Activity,11833554027
"Jul 8, 2024, 12:31:07 PM",Kudos,Activity,11837075148
"Jul 8, 2024, 12:31:13 PM",Kudos,Activity,11836289910
"Jul 8, 2024, 12:31:16 PM",Kudos,Activity,11836421081
"Jul 9, 2024, 1:55:51 AM",Kudos,Activity,11837606342
"Jul 9, 2024, 1:55:54 AM",Kudos,Activity,11838606733
"Jul 9, 2024, 1:56:06 AM",Kudos,Activity,11838479767
"Jul 9, 2024, 1:56:10 AM",Kudos,Activity,11837389367
"Jul 9, 2024, 1:56:13 AM",Kudos,Activity,11838093811
"Jul 9, 2024, 1:56:23 AM",Kudos,Activity,11841085934
"Jul 9, 2024, 11:51:26 AM",Kudos,Activity,11844809794
"Jul 9, 2024, 1:57:12 PM",Kudos,Activity,11845929253
"Jul 9, 2024, 1:57:14 PM",Kudos,Activity,11845191513
"Jul 9, 2024, 1:58:03 PM",Kudos,Activity,11845048379
"Jul 9, 2024, 3:21:15 PM",Kudos,Activity,11846379397
"Jul 9, 2024, 4:20:54 PM",Kudos,Activity,11847065532
"Jul 10, 2024, 12:27:04 PM",Kudos,Activity,11851697358
"Jul 10, 2024, 12:27:15 PM",Kudos,Activity,11850772795
"Jul 10, 2024, 12:27:45 PM",Kudos,Activity,11853001014
"Jul 10, 2024, 12:27:55 PM",Kudos,Activity,11852802530
"Jul 10, 2024, 12:28:03 PM",Kudos,Activity,11849166433
"Jul 10, 2024, 12:28:18 PM",Kudos,Activity,11852802094
"Jul 10, 2024, 12:28:28 PM",Kudos,Activity,11850191152
"Jul 10, 2024, 12:28:41 PM",Kudos,Activity,11850755537
"Jul 10, 2024, 12:28:46 PM",Kudos,Activity,11850627883
"Jul 10, 2024, 5:20:56 PM",Kudos,Activity,11854802798
"Jul 10, 2024, 5:20:58 PM",Kudos,Activity,11855082912
"Jul 10, 2024, 11:36:49 PM",Kudos,Activity,11858262188
"Jul 10, 2024, 11:37:14 PM",Kudos,Activity,11854260489
"Jul 10, 2024, 11:37:36 PM",Kudos,Activity,11854529890
"Jul 10, 2024, 11:37:39 PM",Kudos,Activity,11854802511
"Jul 11, 2024, 1:44:45 PM",Kudos,Activity,11859331531
"Jul 11, 2024, 1:44:48 PM",Kudos,Activity,11861432094
"Jul 11, 2024, 1:45:21 PM",Kudos,Activity,11859164672
"Jul 11, 2024, 1:45:29 PM",Kudos,Activity,11859091487
"Jul 11, 2024, 1:46:10 PM",Kudos,Activity,11861417184
"Jul 11, 2024, 1:46:57 PM",Kudos,Activity,11861352290
"Jul 11, 2024, 6:30:25 PM",Kudos,Activity,11862651605
"Jul 11, 2024, 6:30:28 PM",Kudos,Activity,11863191821
"Jul 11, 2024, 6:30:41 PM",Kudos,Activity,11862545384
"Jul 11, 2024, 6:30:57 PM",Kudos,Activity,11862281226
"Jul 11, 2024, 6:31:02 PM",Kudos,Activity,11863335538
"Jul 11, 2024, 6:31:40 PM",Kudos,Activity,11863614237
"Jul 12, 2024, 11:39:35 AM",Kudos,Activity,11869057392
"Jul 12, 2024, 11:39:38 AM",Kudos,Activity,11866794270
"Jul 12, 2024, 11:42:01 AM",Kudos,Activity,11869135341
"Jul 12, 2024, 12:01:01 PM",Kudos,Activity,11869287517
"Jul 12, 2024, 12:33:19 PM",Kudos,Activity,11869419160
"Jul 12, 2024, 12:33:23 PM",Kudos,Activity,11869572719
"Jul 12, 2024, 1:55:42 PM",Kudos,Activity,11869876151
"Jul 12, 2024, 3:35:38 PM",Kudos,Activity,11870115841
"Jul 12, 2024, 3:49:43 PM",Kudos,Activity,11870868449
"Jul 12, 2024, 8:39:36 PM",Kudos,Activity,11871378179
"Jul 13, 2024, 3:18:05 AM",Kudos,Activity,11873600144
"Jul 13, 2024, 3:18:11 AM",Kudos,Activity,11873759685
"Jul 13, 2024, 3:18:24 AM",Kudos,Activity,11873793202
"Jul 13, 2024, 3:06:55 PM",Kudos,Activity,11878584342
"Jul 13, 2024, 3:21:46 PM",Kudos,Activity,11877086137
"Jul 13, 2024, 3:22:20 PM",Kudos,Activity,11878412794
"Jul 13, 2024, 3:22:27 PM",Kudos,Activity,11874416831
"Jul 13, 2024, 3:22:31 PM",Kudos,Activity,11877960014
"Jul 13, 2024, 3:34:13 PM",Kudos,Activity,11878792746
"Jul 13, 2024, 8:18:54 PM",Kudos,Activity,11880110783
"Jul 13, 2024, 8:19:41 PM",Kudos,Activity,11879004657
"Jul 13, 2024, 8:19:58 PM",Kudos,Activity,11879459488
"Jul 14, 2024, 12:59:39 AM",Kudos,Activity,11880872586
"Jul 14, 2024, 12:59:47 AM",Kudos,Activity,11881189168
"Jul 14, 2024, 3:35:11 AM",Kudos,Activity,11882340651
"Jul 14, 2024, 5:42:05 PM",Kudos,Activity,11886506796
"Jul 14, 2024, 5:42:37 PM",Kudos,Activity,11886594106
"Jul 14, 2024, 5:43:20 PM",Kudos,Activity,11885636515
"Jul 14, 2024, 5:43:45 PM",Kudos,Activity,11887926939
"Jul 14, 2024, 7:24:43 PM",Kudos,Activity,11888631040
"Jul 14, 2024, 7:24:58 PM",Kudos,Activity,11889020878
"Jul 14, 2024, 7:25:00 PM",Kudos,Activity,11889183035
"Jul 15, 2024, 1:12:52 PM",Kudos,Activity,11893163854
"Jul 15, 2024, 1:13:03 PM",Kudos,Activity,11893114288
"Jul 15, 2024, 1:13:31 PM",Kudos,Activity,11892983476
"Jul 15, 2024, 1:14:08 PM",Kudos,Activity,11892699756
"Jul 15, 2024, 2:50:43 PM",Kudos,Activity,11894206917
"Jul 15, 2024, 5:06:47 PM",Kudos,Activity,11894643549
"Jul 15, 2024, 5:06:53 PM",Kudos,Activity,11894546397
"Jul 16, 2024, 12:48:35 PM",Kudos,Activity,11901540200
"Jul 16, 2024, 12:50:05 PM",Kudos,Activity,11901060079
"Jul 16, 2024, 12:50:21 PM",Kudos,Activity,11900633471
"Jul 16, 2024, 1:02:25 PM",Kudos,Activity,11901317752
"Jul 16, 2024, 1:02:27 PM",Kudos,Activity,11900841937
"Jul 16, 2024, 1:03:09 PM",Kudos,Activity,11901103491
"Jul 16, 2024, 1:03:18 PM",Kudos,Activity,11897441558
"Jul 17, 2024, 11:46:22 AM",Kudos,Activity,11909701271
"Jul 17, 2024, 11:46:34 AM",Kudos,Activity,11909296173
"Jul 17, 2024, 11:46:43 AM",Kudos,Activity,11907096280
"Jul 17, 2024, 11:46:58 AM",Kudos,Activity,11905599134
"Jul 17, 2024, 11:47:18 AM",Kudos,Activity,11907283436
"Jul 17, 2024, 1:43:46 PM",Kudos,Activity,11910093932
"Jul 17, 2024, 1:44:02 PM",Kudos,Activity,11909935635
"Jul 17, 2024, 1:44:08 PM",Kudos,Activity,11910399656
"Jul 17, 2024, 8:58:54 PM",Kudos,Activity,11911575408
"Jul 17, 2024, 8:59:39 PM",Kudos,Activity,11911635735
"Jul 18, 2024, 1:12:31 PM",Kudos,Activity,11917998328
"Jul 18, 2024, 1:12:51 PM",Kudos,Activity,11914621702
"Jul 18, 2024, 1:12:55 PM",Kudos,Activity,11918448937
"Jul 18, 2024, 1:13:07 PM",Kudos,Activity,11915548461
"Jul 18, 2024, 1:13:19 PM",Kudos,Activity,11914757204
"Jul 18, 2024, 1:13:23 PM",Kudos,Activity,11915836858
"Jul 18, 2024, 2:18:25 PM",Kudos,Activity,11919311493
"Jul 19, 2024, 2:46:03 AM",Kudos,Activity,11923558380
"Jul 19, 2024, 12:19:06 PM",Kudos,Activity,11926432783
"Jul 19, 2024, 12:19:12 PM",Kudos,Activity,11926460695
"Jul 19, 2024, 12:19:33 PM",Kudos,Activity,11926411366
"Jul 19, 2024, 12:21:08 PM",Kudos,Activity,11924279962
"Jul 19, 2024, 12:21:11 PM",Kudos,Activity,11924186635
"Jul 19, 2024, 1:42:41 PM",Kudos,Activity,11927227145
"Jul 19, 2024, 1:42:52 PM",Kudos,Activity,11926988420
"Jul 19, 2024, 1:42:57 PM",Kudos,Activity,11926974890
"Jul 19, 2024, 3:50:47 PM",Kudos,Activity,11928202780
"Jul 19, 2024, 3:50:58 PM",Kudos,Activity,11927860823
"Jul 20, 2024, 3:33:56 PM",Kudos,Activity,11935840652
"Jul 20, 2024, 3:34:11 PM",Kudos,Activity,11936241709
"Jul 20, 2024, 3:34:31 PM",Kudos,Activity,11931660410
"Jul 20, 2024, 9:43:01 PM",Kudos,Activity,11938620325
"Jul 20, 2024, 9:44:57 PM",Kudos,Activity,11937033754
"Jul 20, 2024, 9:46:24 PM",Kudos,Activity,11936941146
"Jul 21, 2024, 12:09:55 AM",Kudos,Activity,11938994391
"Jul 22, 2024, 1:28:26 PM",Kudos,Activity,11951403175
"Jul 22, 2024, 1:29:17 PM",Kudos,Activity,11950572860
"Jul 22, 2024, 1:29:21 PM",Kudos,Activity,11951317222
"Jul 22, 2024, 1:30:23 PM",Kudos,Activity,11943771011
"Jul 22, 2024, 1:30:58 PM",Kudos,Activity,11944254862
"Jul 22, 2024, 3:09:24 PM",Kudos,Activity,11951958672
"Jul 22, 2024, 3:10:41 PM",Kudos,Activity,11950934977
"Jul 22, 2024, 3:10:45 PM",Kudos,Activity,11944201216
"Jul 22, 2024, 3:11:20 PM",Kudos,Activity,11951602243
"Jul 22, 2024, 3:11:44 PM",Kudos,Activity,11947341843
"Jul 22, 2024, 3:11:55 PM",Kudos,Activity,11944381739
"Jul 22, 2024, 3:12:07 PM",Kudos,Activity,11946188933
"Jul 22, 2024, 3:12:31 PM",Kudos,Activity,11944341709
"Jul 22, 2024, 9:36:36 PM",Kudos,Activity,11953219376
"Jul 23, 2024, 12:00:29 PM",Kudos,Activity,11959041671
"Jul 23, 2024, 12:00:38 PM",Kudos,Activity,11959196856
"Jul 23, 2024, 12:05:03 PM",Kudos,Activity,11959446581
"Jul 23, 2024, 1:11:11 PM",Kudos,Activity,11960066060
"Jul 23, 2024, 2:15:24 PM",Kudos,Activity,11960479033
"Jul 23, 2024, 6:13:44 PM",Kudos,Activity,11961091009
"Jul 24, 2024, 4:00:18 PM",Kudos,Activity,11968178084
"Jul 24, 2024, 4:00:46 PM",Kudos,Activity,11968402343
"Jul 24, 2024, 4:00:49 PM",Kudos,Activity,11969912300
"Jul 24, 2024, 4:01:23 PM",Kudos,Activity,11969142011
"Jul 24, 2024, 4:01:29 PM",Kudos,Activity,11969579119
"Jul 24, 2024, 5:42:11 PM",Kudos,Activity,11970649298
"Jul 25, 2024, 1:48:44 PM",Kudos,Activity,11977412194
"Jul 25, 2024, 1:49:01 PM",Kudos,Activity,11977444809
"Jul 25, 2024, 1:49:09 PM",Kudos,Activity,11977606323
"Jul 25, 2024, 1:49:13 PM",Kudos,Activity,11971800638
"Jul 25, 2024, 1:50:20 PM",Kudos,Activity,11973713749
"Jul 25, 2024, 1:50:23 PM",Kudos,Activity,11977021542
"Jul 26, 2024, 2:30:00 AM",Kudos,Activity,11980821509
"Jul 26, 2024, 11:13:46 AM",Kudos,Activity,11984750163
"Jul 26, 2024, 11:37:53 AM",Kudos,Activity,11984720823
"Jul 26, 2024, 1:07:46 PM",Kudos,Activity,11985370016
"Jul 26, 2024, 1:17:31 PM",Kudos,Activity,11982081574
"Jul 26, 2024, 1:17:55 PM",Kudos,Activity,11982362760
"Jul 26, 2024, 1:18:10 PM",Kudos,Activity,11981758505
"Jul 26, 2024, 1:18:59 PM",Kudos,Activity,11981601293
"Jul 26, 2024, 1:34:30 PM",Kudos,Activity,11982277555
"Jul 26, 2024, 3:22:57 PM",Kudos,Activity,11985832032
"Jul 26, 2024, 3:23:06 PM",Kudos,Activity,11986158036
"Jul 27, 2024, 3:28:12 AM",Kudos,Activity,11989751382
"Jul 27, 2024, 3:33:21 PM",Kudos,Activity,11994152648
"Jul 27, 2024, 3:33:24 PM",Kudos,Activity,11994086004
"Jul 27, 2024, 3:33:41 PM",Kudos,Activity,11993930246
"Jul 27, 2024, 3:33:49 PM",Kudos,Activity,11993769862
"Jul 27, 2024, 6:01:06 PM",Kudos,Activity,11995506399
"Jul 27, 2024, 6:01:11 PM",Kudos,Activity,11995506212
"Jul 27, 2024, 6:01:20 PM",Kudos,Activity,11995506151
"Jul 27, 2024, 6:01:49 PM",Kudos,Activity,11995120429
"Jul 28, 2024, 2:09:28 PM",Kudos,Activity,11997506298
"Jul 28, 2024, 2:10:31 PM",Kudos,Activity,11996254910
"Jul 28, 2024, 2:10:35 PM",Kudos,Activity,11997067578
"Jul 28, 2024, 2:11:16 PM",Kudos,Post,31211991
"Jul 28, 2024, 8:25:25 PM",Kudos,Activity,12002772411
"Jul 28, 2024, 8:25:33 PM",Kudos,Activity,12002837861
"Jul 28, 2024, 8:26:07 PM",Kudos,Activity,12002450271
"Jul 28, 2024, 8:26:13 PM",Kudos,Activity,12002794646
"Jul 28, 2024, 8:26:19 PM",Kudos,Activity,12002862552
"Jul 28, 2024, 8:26:33 PM",Kudos,Activity,12002395509
"Jul 28, 2024, 8:26:36 PM",Kudos,Activity,12003438470
"Jul 28, 2024, 8:26:45 PM",Kudos,Activity,12002181407
"Jul 28, 2024, 8:27:23 PM",Kudos,Activity,12001733711
"Jul 29, 2024, 12:19:37 AM",Kudos,Activity,12006284943
"Jul 30, 2024, 12:06:07 AM",Kudos,Activity,12013541271
"Jul 30, 2024, 12:06:16 AM",Kudos,Activity,12013804937
"Jul 30, 2024, 12:06:32 AM",Kudos,Activity,12009762022
"Jul 30, 2024, 12:09:38 AM",Kudos,Activity,12009022593
"Jul 30, 2024, 12:09:43 AM",Kudos,Activity,12009351977
"Jul 30, 2024, 11:48:41 AM",Kudos,Activity,12017494777
"Jul 30, 2024, 11:48:44 AM",Kudos,Activity,12017833146
"Jul 30, 2024, 4:11:40 PM",Kudos,Activity,12018117478
"Jul 30, 2024, 4:11:46 PM",Kudos,Activity,12017892850
"Jul 31, 2024, 2:05:00 AM",Kudos,Activity,12022741892
"Jul 31, 2024, 1:11:18 PM",Kudos,Activity,12027157118
"Jul 31, 2024, 1:11:24 PM",Kudos,Activity,12026041712
"Jul 31, 2024, 1:11:31 PM",Kudos,Activity,12025909839
"Jul 31, 2024, 2:17:12 PM",Kudos,Activity,12027262765
"Jul 31, 2024, 2:17:36 PM",Kudos,Activity,12027540436
"Aug 1, 2024, 1:55:48 AM",Kudos,Activity,12031656657
"Aug 1, 2024, 1:55:57 AM",Kudos,Activity,12028342957
"Aug 1, 2024, 1:56:02 AM",Kudos,Activity,12028698305
"Aug 1, 2024, 1:56:04 AM",Kudos,Activity,12032028484
"Aug 1, 2024, 12:00:41 PM",Kudos,Activity,12034562066
"Aug 1, 2024, 12:00:59 PM",Kudos,Activity,12034127483
"Aug 1, 2024, 12:01:30 PM",Kudos,Activity,12032216900
"Aug 1, 2024, 12:01:32 PM",Kudos,Activity,12032239236
"Aug 1, 2024, 12:58:21 PM",Kudos,Activity,12034561819
"Aug 1, 2024, 1:08:21 PM",Kudos,Activity,12035478093
"Aug 1, 2024, 1:08:26 PM",Kudos,Activity,12035521163
"Aug 1, 2024, 3:48:26 PM",Kudos,Activity,12035969294
"Aug 1, 2024, 3:48:54 PM",Kudos,Activity,12036439101
"Aug 1, 2024, 3:49:02 PM",Kudos,Activity,12036474161
"Aug 1, 2024, 8:50:51 PM",Kudos,Activity,12038500422
"Aug 2, 2024, 11:59:16 AM",Kudos,Activity,12042858474
"Aug 2, 2024, 11:59:24 AM",Kudos,Activity,12042722016
"Aug 2, 2024, 12:00:03 PM",Kudos,Activity,12040051003
"Aug 2, 2024, 12:00:11 PM",Kudos,Activity,12042417594
"Aug 2, 2024, 12:00:14 PM",Kudos,Activity,12042719257
"Aug 2, 2024, 12:00:34 PM",Kudos,Activity,12039863479
"Aug 4, 2024, 3:30:23 AM",Kudos,Activity,12052231788
"Aug 4, 2024, 3:30:30 AM",Kudos,Activity,12052116127
"Aug 4, 2024, 3:30:38 AM",Kudos,Activity,12052102456
"Aug 4, 2024, 3:30:41 AM",Kudos,Activity,12054498956
"Aug 4, 2024, 3:30:48 AM",Kudos,Activity,12043516807
"Aug 4, 2024, 3:30:54 AM",Kudos,Activity,12051021912
"Aug 4, 2024, 3:31:06 AM",Kudos,Activity,12039361627
"Aug 4, 2024, 3:31:15 AM",Kudos,Activity,12052351645
"Aug 4, 2024, 3:31:20 AM",Kudos,Activity,12044789490
"Aug 4, 2024, 3:31:32 AM",Kudos,Activity,12049719837
"Aug 4, 2024, 1:17:31 PM",Kudos,Activity,12060017734
"Aug 4, 2024, 6:30:05 PM",Kudos,Activity,12061223337
"Aug 4, 2024, 8:40:48 PM",Kudos,Activity,12061111093
"Aug 4, 2024, 8:41:08 PM",Kudos,Activity,12061458605
"Aug 4, 2024, 8:41:24 PM",Kudos,Activity,12060447799
"Aug 4, 2024, 8:42:45 PM",Kudos,Activity,12060606264
"Aug 5, 2024, 1:22:15 AM",Kudos,Activity,12064373849
"Aug 5, 2024, 1:23:49 PM",Kudos,Activity,12067236983
"Aug 5, 2024, 1:24:06 PM",Kudos,Activity,12066866225
"Aug 5, 2024, 1:24:15 PM",Kudos,Activity,12066453999
"Aug 5, 2024, 2:10:28 PM",Kudos,Activity,12068600124
"Aug 6, 2024, 12:21:39 PM",Kudos,Activity,12075986406
"Aug 6, 2024, 12:23:14 PM",Kudos,Activity,12076069977
"Aug 6, 2024, 12:23:19 PM",Kudos,Activity,12075574207
"Aug 6, 2024, 12:23:27 PM",Kudos,Activity,12071131858
"Aug 6, 2024, 12:23:31 PM",Kudos,Activity,12073047107
"Aug 6, 2024, 12:23:33 PM",Kudos,Activity,12074877357
"Aug 6, 2024, 12:23:57 PM",Kudos,Activity,12073520875
"Aug 6, 2024, 12:24:24 PM",Kudos,Activity,12070101055
"Aug 6, 2024, 12:43:29 PM",Kudos,Activity,12076741002
"Aug 6, 2024, 5:10:33 PM",Kudos,Activity,12077046192
"Aug 6, 2024, 5:10:38 PM",Kudos,Activity,12077237794
"Aug 7, 2024, 1:23:35 AM",Kudos,Activity,12081083393
"Aug 7, 2024, 1:23:41 AM",Kudos,Activity,12081152242
"Aug 7, 2024, 1:23:59 AM",Kudos,Activity,12082417064
"Aug 7, 2024, 1:30:40 PM",Kudos,Activity,12085769757
"Aug 7, 2024, 1:30:43 PM",Kudos,Activity,12085078955
"Aug 7, 2024, 2:47:57 PM",Kudos,Activity,12083799435
"Aug 7, 2024, 2:47:59 PM",Kudos,Activity,12086154076
"Aug 7, 2024, 2:48:06 PM",Kudos,Activity,12085886009
"Aug 7, 2024, 2:48:08 PM",Kudos,Activity,12082735352
"Aug 7, 2024, 4:08:38 PM",Kudos,Activity,12086480615
"Aug 8, 2024, 1:04:13 PM",Kudos,Activity,12093942371
"Aug 8, 2024, 1:04:26 PM",Kudos,Activity,12093483173
"Aug 8, 2024, 1:04:33 PM",Kudos,Activity,12090245878
"Aug 8, 2024, 1:04:36 PM",Kudos,Activity,12094386992
"Aug 8, 2024, 1:04:40 PM",Kudos,Activity,12094076741
"Aug 8, 2024, 1:04:56 PM",Kudos,Activity,12091460244
"Aug 8, 2024, 2:40:46 PM",Kudos,Activity,12095225100
"Aug 8, 2024, 2:40:58 PM",Kudos,Post,31408082
"Aug 10, 2024, 3:01:32 AM",Kudos,Activity,12102928911
"Aug 10, 2024, 3:01:41 AM",Kudos,Activity,12102862575
"Aug 10, 2024, 3:01:43 AM",Kudos,Activity,12102208024
"Aug 10, 2024, 3:01:47 AM",Kudos,Activity,12102331551
"Aug 10, 2024, 3:01:53 AM",Kudos,Activity,12103151521
"Aug 10, 2024, 3:01:59 AM",Kudos,Activity,12101750594
"Aug 10, 2024, 3:02:02 AM",Kudos,Activity,12106881032
"Aug 10, 2024, 5:46:41 PM",Kudos,Activity,12112369924
"Aug 10, 2024, 5:46:44 PM",Kudos,Activity,12109089314
"Aug 10, 2024, 5:46:52 PM",Kudos,Activity,12111453821
"Aug 10, 2024, 5:46:57 PM",Kudos,Activity,12110777383
"Aug 10, 2024, 5:47:08 PM",Kudos,Activity,12111254405
"Aug 10, 2024, 5:47:12 PM",Kudos,Activity,12111077816
"Aug 10, 2024, 5:47:17 PM",Kudos,Activity,12110594114
"Aug 10, 2024, 8:52:20 PM",Kudos,Activity,12113683290
"Aug 11, 2024, 3:09:24 PM",Kudos,Activity,12120457860
"Aug 11, 2024, 3:10:33 PM",Kudos,Activity,12120304817
"Aug 11, 2024, 3:10:51 PM",Kudos,Activity,12120900204
"Aug 11, 2024, 11:17:56 PM",Kudos,Activity,12123155675
"Aug 11, 2024, 11:18:08 PM",Kudos,Activity,12123057079
"Aug 11, 2024, 11:18:10 PM",Kudos,Activity,12123099570
"Aug 11, 2024, 11:18:45 PM",Kudos,Activity,12122157034
"Aug 12, 2024, 1:28:55 PM",Kudos,Activity,12126940145
"Aug 12, 2024, 1:37:45 PM",Kudos,Activity,12126552928
"Aug 12, 2024, 1:37:46 PM",Kudos,Activity,12127491623
"Aug 12, 2024, 1:37:51 PM",Kudos,Activity,12124471657
"Aug 12, 2024, 9:20:28 PM",Kudos,Activity,12128381861
"Aug 12, 2024, 9:20:34 PM",Kudos,Activity,12130404794
"Aug 13, 2024, 12:23:38 PM",Kudos,Activity,12131711806
"Aug 13, 2024, 12:23:54 PM",Kudos,Activity,12131403837
"Aug 13, 2024, 12:24:02 PM",Kudos,Activity,12134568673
"Aug 13, 2024, 12:24:13 PM",Kudos,Activity,12135552824
"Aug 13, 2024, 1:35:04 PM",Kudos,Activity,12136558789
"Aug 13, 2024, 1:35:21 PM",Kudos,Activity,12136614229
"Aug 13, 2024, 4:06:37 PM",Kudos,Activity,12137234912
"Aug 14, 2024, 12:35:17 PM",Kudos,Activity,12144702525
"Aug 14, 2024, 12:38:18 PM",Kudos,Activity,12144040605
"Aug 14, 2024, 12:38:22 PM",Kudos,Activity,12139089617
"Aug 14, 2024, 12:38:26 PM",Kudos,Activity,12141777170
"Aug 14, 2024, 12:39:03 PM",Kudos,Activity,12144285131
"Aug 14, 2024, 12:39:22 PM",Kudos,Activity,12141852377
"Aug 14, 2024, 3:06:02 PM",Kudos,Activity,12145518129
"Aug 14, 2024, 7:26:14 PM",Kudos,Activity,12145781536
"Aug 15, 2024, 2:18:18 AM",Kudos,Activity,12149516307
"Aug 15, 2024, 2:18:28 AM",Kudos,Activity,12149764149
"Aug 15, 2024, 2:18:48 AM",Kudos,Activity,12150036312
"Aug 15, 2024, 1:00:34 PM",Kudos,Activity,12153054479
"Aug 15, 2024, 1:01:00 PM",Kudos,Activity,12152861800
"Aug 15, 2024, 1:01:06 PM",Kudos,Activity,12152603505
"Aug 15, 2024, 1:01:11 PM",Kudos,Activity,12153111500
"Aug 15, 2024, 4:42:27 PM",Kudos,Activity,12153810193
"Aug 16, 2024, 11:58:23 AM",Kudos,Activity,12161556870
"Aug 16, 2024, 11:59:00 AM",Kudos,Activity,12161393896
"Aug 16, 2024, 1:18:42 PM",Kudos,Activity,12162195210
"Aug 16, 2024, 1:18:53 PM",Kudos,Activity,12161860948
"Aug 16, 2024, 3:11:21 PM",Kudos,Activity,12163093111
"Aug 16, 2024, 5:12:24 PM",Kudos,Activity,12163957712
"Aug 17, 2024, 12:13:26 AM",Kudos,Activity,12165847037
"Aug 17, 2024, 12:13:56 AM",Kudos,Activity,12165339970
"Aug 17, 2024, 2:22:21 PM",Kudos,Activity,12170760505
"Aug 17, 2024, 3:55:17 PM",Kudos,Activity,12171393653
"Aug 17, 2024, 3:56:21 PM",Kudos,Activity,12170816435
"Aug 17, 2024, 3:56:31 PM",Kudos,Activity,12169032382
"Aug 17, 2024, 3:56:36 PM",Kudos,Activity,12169829380
"Aug 17, 2024, 3:56:39 PM",Kudos,Activity,12170495517
"Aug 17, 2024, 3:57:02 PM",Kudos,Activity,12170407557
"Aug 17, 2024, 8:33:23 PM",Kudos,Activity,12172909862
"Aug 18, 2024, 2:26:09 AM",Kudos,Activity,12174842364
"Aug 18, 2024, 2:41:58 PM",Kudos,Activity,12179133148
"Aug 18, 2024, 2:42:09 PM",Kudos,Activity,12179894666
"Aug 18, 2024, 2:42:17 PM",Kudos,Activity,12179618802
"Aug 19, 2024, 11:47:23 AM",Kudos,Activity,12185664325
"Aug 19, 2024, 11:47:28 AM",Kudos,Activity,12179977119
"Aug 19, 2024, 11:48:01 AM",Kudos,Activity,12186024643
"Aug 19, 2024, 11:48:16 AM",Kudos,Activity,12183209408
"Aug 19, 2024, 11:48:20 AM",Kudos,Activity,12181421121
"Aug 19, 2024, 11:48:25 AM",Kudos,Activity,12180455297
"Aug 19, 2024, 11:48:31 AM",Kudos,Activity,12156169962
"Aug 19, 2024, 11:48:37 AM",Kudos,Activity,12182303541
"Aug 19, 2024, 1:21:00 PM",Kudos,Activity,12186835754
"Aug 19, 2024, 1:21:04 PM",Kudos,Activity,12186763939
"Aug 19, 2024, 8:59:45 PM",Kudos,Activity,12187981784
"Aug 19, 2024, 8:59:47 PM",Kudos,Activity,12188026673
"Aug 20, 2024, 3:20:57 PM",Kudos,Activity,12195946820
"Aug 20, 2024, 3:20:59 PM",Kudos,Activity,12195832078
"Aug 20, 2024, 3:21:21 PM",Kudos,Activity,12196629793
"Aug 20, 2024, 3:21:27 PM",Kudos,Activity,12192504129
"Aug 21, 2024, 10:06:01 AM",Kudos,Activity,12201262660
"Aug 21, 2024, 10:06:17 AM",Kudos,Activity,12199666425
"Aug 21, 2024, 10:07:02 AM",Kudos,Activity,12198753337
"Aug 21, 2024, 10:07:16 AM",Kudos,Activity,12195550116
"Aug 21, 2024, 12:06:18 PM",Kudos,Activity,12204002032
"Aug 21, 2024, 1:05:43 PM",Kudos,Activity,12203614010
"Aug 21, 2024, 2:29:50 PM",Kudos,Activity,12205105328
"Aug 21, 2024, 2:29:58 PM",Kudos,Activity,12204730783
"Aug 21, 2024, 3:42:03 PM",Kudos,Activity,12205238014
"Aug 21, 2024, 6:46:50 PM",Kudos,Activity,12207397622
"Aug 21, 2024, 6:46:58 PM",Kudos,Activity,12206847057
"Aug 22, 2024, 3:07:08 AM",Kudos,Activity,12209102838
"Aug 22, 2024, 3:07:11 AM",Kudos,Activity,12209884379
"Aug 22, 2024, 3:07:29 AM",Kudos,Activity,12209463024
"Aug 22, 2024, 6:18:57 PM",Kudos,Activity,12215904155
"Aug 22, 2024, 6:19:12 PM",Kudos,Activity,12214772007
"Aug 22, 2024, 6:19:35 PM",Kudos,Activity,12214760145
"Aug 22, 2024, 6:20:06 PM",Kudos,Activity,12214489213
"Aug 22, 2024, 6:20:24 PM",Kudos,Activity,12212133302
"Aug 22, 2024, 6:20:35 PM",Kudos,Activity,12213447492
"Aug 22, 2024, 6:20:49 PM",Kudos,Activity,12212454971
"Aug 22, 2024, 6:20:57 PM",Kudos,Activity,12213968495
"Aug 22, 2024, 6:21:32 PM",Kudos,Activity,12212802852
"Aug 22, 2024, 6:21:54 PM",Kudos,Activity,12210298401
"Aug 23, 2024, 11:50:16 AM",Kudos,Activity,12220993310
"Aug 23, 2024, 11:55:51 AM",Kudos,Activity,12220513052
"Aug 23, 2024, 11:55:57 AM",Kudos,Activity,12220648051
"Aug 23, 2024, 1:54:37 PM",Kudos,Activity,12221596373
"Aug 23, 2024, 1:54:38 PM",Kudos,Activity,12221718149
"Aug 23, 2024, 1:55:07 PM",Kudos,Activity,12221751125
"Aug 23, 2024, 1:55:14 PM",Kudos,Activity,12221190428
"Aug 23, 2024, 3:03:58 PM",Kudos,Activity,12221751368
"Aug 23, 2024, 3:04:04 PM",Kudos,Activity,12222353766
"Aug 23, 2024, 6:50:57 PM",Kudos,Activity,12223810366
"Aug 25, 2024, 4:04:23 AM",Kudos,Activity,12232359834
"Aug 25, 2024, 4:04:54 AM",Kudos,Activity,12232116635
"Aug 25, 2024, 4:05:24 AM",Kudos,Activity,12230101037
"Aug 25, 2024, 4:05:29 AM",Kudos,Activity,12231352377
"Aug 25, 2024, 2:05:33 PM",Kudos,Activity,12238687060
"Aug 25, 2024, 2:05:36 PM",Kudos,Activity,12238940920
"Aug 26, 2024, 1:22:42 AM",Kudos,Activity,12239839319
"Aug 26, 2024, 1:22:55 AM",Kudos,Activity,12239416117
"Aug 26, 2024, 1:23:30 AM",Kudos,Activity,12242508069
"Aug 26, 2024, 1:23:49 AM",Kudos,Activity,12240047303
"Aug 26, 2024, 1:49:40 PM",Kudos,Activity,12246050769
"Aug 26, 2024, 5:47:08 PM",Kudos,Activity,12248325936
"Aug 26, 2024, 5:47:16 PM",Kudos,Activity,12247262069
"Aug 27, 2024, 10:45:05 AM",Kudos,Activity,12251316822
"Aug 27, 2024, 10:45:08 AM",Kudos,Activity,12251760228
"Aug 27, 2024, 1:33:29 PM",Kudos,Activity,12255014289
"Aug 27, 2024, 1:34:26 PM",Kudos,Activity,12253989172
"Aug 27, 2024, 2:55:28 PM",Kudos,Activity,12255248961
"Aug 27, 2024, 4:23:49 PM",Kudos,Activity,12255835344
"Aug 28, 2024, 2:35:20 PM",Kudos,Activity,12262900713
"Aug 28, 2024, 2:35:31 PM",Kudos,Activity,12259146643
"Aug 28, 2024, 2:35:47 PM",Kudos,Activity,12259545746
"Aug 28, 2024, 8:24:09 PM",Kudos,Activity,12265216096
"Aug 28, 2024, 8:24:36 PM",Kudos,Activity,12264734268
"Aug 29, 2024, 12:11:18 AM",Kudos,Activity,12268810676
"Aug 29, 2024, 12:11:29 AM",Kudos,Activity,12268589953
"Aug 29, 2024, 12:11:40 AM",Kudos,Activity,12267394659
"Aug 29, 2024, 12:27:26 PM",Kudos,Activity,12271850506
"Aug 29, 2024, 12:28:06 PM",Kudos,Activity,12268966979
"Aug 29, 2024, 12:28:10 PM",Kudos,Activity,12269059580
"Aug 29, 2024, 12:28:33 PM",Kudos,Activity,12272297909
"Aug 29, 2024, 4:39:17 PM",Kudos,Activity,12273537703
"Aug 29, 2024, 4:39:25 PM",Kudos,Activity,12272662920
"Aug 29, 2024, 4:39:54 PM",Kudos,Activity,12274123310
"Aug 29, 2024, 4:40:00 PM",Kudos,Activity,12273440481
"Aug 29, 2024, 4:40:34 PM",Kudos,Activity,12272885067
"Aug 29, 2024, 7:07:20 PM",Kudos,Activity,12275402099
"Aug 29, 2024, 9:38:25 PM",Kudos,Activity,12276275282
"Aug 30, 2024, 12:27:40 PM",Kudos,Activity,12280374654
"Aug 30, 2024, 12:27:42 PM",Kudos,Activity,12280100888
"Aug 30, 2024, 12:28:05 PM",Kudos,Activity,12280468708
"Aug 30, 2024, 12:28:33 PM",Kudos,Activity,12277894125
"Aug 30, 2024, 12:28:44 PM",Kudos,Activity,12280118885
"Aug 30, 2024, 2:25:29 PM",Kudos,Activity,12281505474
"Aug 30, 2024, 6:44:18 PM",Kudos,Activity,12282368369
"Aug 30, 2024, 6:44:26 PM",Kudos,Activity,12282950796
"Aug 30, 2024, 11:42:32 PM",Kudos,Activity,12283992074
"Aug 31, 2024, 11:52:01 AM",Kudos,Activity,12285658148
"Aug 31, 2024, 11:52:09 AM",Kudos,Activity,12284934420
"Aug 31, 2024, 11:52:28 AM",Kudos,Activity,12288461834
"Aug 31, 2024, 7:24:44 PM",Kudos,Activity,12291251552
"Aug 31, 2024, 7:25:00 PM",Kudos,Activity,12290551883
"Aug 31, 2024, 7:25:46 PM",Kudos,Activity,12291633288
"Sep 2, 2024, 1:37:04 PM",Kudos,Activity,12305882827
"Sep 2, 2024, 1:37:12 PM",Kudos,Activity,12304924450
"Sep 2, 2024, 1:37:39 PM",Kudos,Activity,12298572279
"Sep 2, 2024, 1:37:43 PM",Kudos,Activity,12298593698
"Sep 2, 2024, 1:38:06 PM",Kudos,Activity,12301580885
"Sep 2, 2024, 2:40:22 PM",Kudos,Activity,12306378251
"Sep 3, 2024, 11:41:53 AM",Kudos,Activity,12313586199
"Sep 3, 2024, 11:42:08 AM",Kudos,Activity,12313759549
"Sep 3, 2024, 11:42:42 AM",Kudos,Activity,12311532289
"Sep 3, 2024, 8:24:23 PM",Kudos,Activity,12314838720
"Sep 3, 2024, 8:24:34 PM",Kudos,Activity,12314192925
"Sep 3, 2024, 8:24:45 PM",Kudos,Activity,12317971175
"Sep 3, 2024, 8:25:17 PM",Kudos,Activity,12315808264
"Sep 4, 2024, 10:57:48 AM",Kudos,Activity,12322727574
"Sep 4, 2024, 10:58:48 AM",Kudos,Activity,12320408922
"Sep 4, 2024, 2:04:02 PM",Kudos,Activity,12324063506
"Sep 4, 2024, 8:28:39 PM",Kudos,Activity,12323253542
"Sep 5, 2024, 1:47:36 AM",Kudos,Activity,12328633215
"Sep 5, 2024, 1:48:02 AM",Kudos,Activity,12328934976
"Sep 5, 2024, 1:48:07 AM",Kudos,Activity,12329238580
"Sep 5, 2024, 11:56:52 AM",Kudos,Activity,12331687916
"Sep 5, 2024, 11:57:18 AM",Kudos,Activity,12331237983
"Sep 5, 2024, 6:34:31 PM",Kudos,Activity,12332488676
"Sep 5, 2024, 6:35:12 PM",Kudos,Activity,12333344391
"Sep 5, 2024, 6:35:34 PM",Kudos,Activity,12333271922
"Sep 5, 2024, 6:35:42 PM",Kudos,Activity,12329567320
"Sep 5, 2024, 9:39:44 PM",Kudos,Activity,12335169965
"Sep 5, 2024, 9:39:47 PM",Kudos,Activity,12335377698
"Sep 5, 2024, 9:40:04 PM",Kudos,Activity,12336083221
"Sep 6, 2024, 12:00:50 PM",Kudos,Activity,12340134647
"Sep 6, 2024, 12:00:52 PM",Kudos,Activity,12339894886
"Sep 6, 2024, 12:01:01 PM",Kudos,Activity,12339889627
"Sep 6, 2024, 12:01:16 PM",Kudos,Activity,12339122941
"Sep 6, 2024, 12:01:20 PM",Kudos,Activity,12337289856
"Sep 6, 2024, 3:17:37 PM",Kudos,Activity,12341274055
"Sep 6, 2024, 3:18:08 PM",Kudos,Activity,12341307079
"Sep 6, 2024, 7:32:15 PM",Kudos,Activity,12342479965
"Sep 6, 2024, 7:56:50 PM",Kudos,Activity,12343598053
"Sep 6, 2024, 9:42:10 PM",Kudos,Activity,12343891903
"Sep 7, 2024, 3:11:39 AM",Kudos,Activity,12345070493
"Sep 7, 2024, 12:37:14 PM",Kudos,Activity,12348533146
"Sep 7, 2024, 12:37:38 PM",Kudos,Activity,12345037712
"Sep 7, 2024, 4:29:15 PM",Kudos,Activity,12349964424
"Sep 7, 2024, 4:29:48 PM",Kudos,Activity,12350739478
"Sep 7, 2024, 4:30:12 PM",Kudos,Activity,12350724661
"Sep 7, 2024, 4:30:50 PM",Kudos,Activity,12350649621
"Sep 8, 2024, 2:56:00 PM",Kudos,Activity,12353106308
"Sep 9, 2024, 2:08:10 AM",Kudos,Activity,12362564854
"Sep 9, 2024, 2:08:12 AM",Kudos,Activity,12362424939
"Sep 9, 2024, 11:16:12 AM",Kudos,Activity,12365121161
"Sep 9, 2024, 8:29:11 PM",Kudos,Activity,12366825690
"Sep 9, 2024, 8:29:42 PM",Kudos,Activity,12365763445
"Sep 9, 2024, 8:29:48 PM",Kudos,Activity,12366871776
"Sep 9, 2024, 8:30:27 PM",Kudos,Activity,12366988214
"Sep 10, 2024, 1:30:25 PM",Kudos,Activity,12373541529
"Sep 10, 2024, 1:30:32 PM",Kudos,Activity,12369964448
"Sep 11, 2024, 2:06:26 AM",Kudos,Activity,12379688768
"Sep 11, 2024, 12:18:33 PM",Kudos,Activity,12382063024
"Sep 11, 2024, 12:18:43 PM",Kudos,Activity,12380133703
"Sep 11, 2024, 12:18:48 PM",Kudos,Activity,12382236339
"Sep 11, 2024, 12:19:24 PM",Kudos,Activity,12379952270
"Sep 11, 2024, 12:19:28 PM",Kudos,Activity,12376898415
"Sep 11, 2024, 5:15:18 PM",Kudos,Activity,12384008909
"Sep 11, 2024, 5:15:20 PM",Kudos,Activity,12384516343
"Sep 11, 2024, 8:54:41 PM",Kudos,Activity,12383030531
"Sep 12, 2024, 12:39:34 PM",Kudos,Activity,12390884984
"Sep 12, 2024, 12:39:39 PM",Kudos,Activity,12388018532
"Sep 12, 2024, 12:40:02 PM",Kudos,Activity,12388088871
"Sep 12, 2024, 12:40:05 PM",Kudos,Activity,12388703813
"Sep 12, 2024, 6:23:50 PM",Kudos,Activity,12391617085
"Sep 12, 2024, 6:24:11 PM",Kudos,Activity,12392832582
"Sep 12, 2024, 6:24:14 PM",Kudos,Activity,12391428095
"Sep 12, 2024, 6:24:17 PM",Kudos,Activity,12388143993
"Sep 12, 2024, 6:24:48 PM",Kudos,Activity,12388246464
"Sep 12, 2024, 6:24:50 PM",Kudos,Activity,12390330422
"Sep 13, 2024, 11:52:50 AM",Kudos,Activity,12396614966
"Sep 13, 2024, 11:52:58 AM",Kudos,Activity,12398657724
"Sep 13, 2024, 11:53:15 AM",Kudos,Activity,12398654429
"Sep 13, 2024, 11:53:29 AM",Kudos,Activity,12395967021
"Sep 13, 2024, 1:15:51 PM",Kudos,Activity,12399485120
"Sep 13, 2024, 1:16:39 PM",Kudos,Activity,12398312279
"Sep 13, 2024, 6:40:56 PM",Kudos,Activity,12399945888
"Sep 13, 2024, 6:41:20 PM",Kudos,Activity,12401730483
"Sep 13, 2024, 7:12:30 PM",Kudos,Activity,12398686406
"Sep 14, 2024, 11:53:09 AM",Kudos,Activity,12403880576
"Sep 14, 2024, 11:53:18 AM",Kudos,Activity,12403661836
"Sep 14, 2024, 11:53:31 AM",Kudos,Post,32279141
"Sep 14, 2024, 11:53:35 AM",Kudos,Activity,12403259025
"Sep 14, 2024, 6:28:13 PM",Kudos,Activity,12409358325
"Sep 14, 2024, 6:30:18 PM",Kudos,Activity,12407866100
"Sep 14, 2024, 6:31:05 PM",Kudos,Activity,12409001934
"Sep 14, 2024, 6:31:17 PM",Kudos,Activity,12406930340
"Sep 14, 2024, 6:34:23 PM",Kudos,Activity,12408174494
"Sep 14, 2024, 6:34:25 PM",Kudos,Activity,12408820278
"Sep 14, 2024, 6:34:51 PM",Kudos,Activity,12408153228
"Sep 14, 2024, 6:34:54 PM",Kudos,Activity,12409325531
"Sep 14, 2024, 6:35:17 PM",Kudos,Activity,12410100667
"Sep 15, 2024, 3:05:50 AM",Kudos,Activity,12412276745
"Sep 15, 2024, 3:05:56 AM",Kudos,Activity,12410356033
"Sep 15, 2024, 3:06:11 AM",Kudos,Activity,12411600787
"Sep 15, 2024, 8:06:12 PM",Kudos,Activity,12416898192
"Sep 15, 2024, 8:06:28 PM",Kudos,Activity,12417042235
"Sep 15, 2024, 8:06:34 PM",Kudos,Activity,12419506500
"Sep 15, 2024, 8:06:42 PM",Kudos,Activity,12419508059
"Sep 15, 2024, 8:06:49 PM",Kudos,Activity,12419777061
"Sep 15, 2024, 8:07:02 PM",Kudos,Activity,12417216212
"Sep 15, 2024, 8:07:05 PM",Kudos,Activity,12416942533
"Sep 15, 2024, 8:07:08 PM",Kudos,Activity,12415729754
"Sep 16, 2024, 11:39:00 AM",Kudos,Activity,12423258969
"Sep 16, 2024, 11:39:23 AM",Kudos,Activity,12420402172
"Sep 16, 2024, 11:39:50 AM",Kudos,Activity,12419928994
"Sep 16, 2024, 11:40:22 AM",Kudos,Activity,12421119607
"Sep 16, 2024, 11:40:34 AM",Kudos,Activity,12420425787
"Sep 16, 2024, 1:30:07 PM",Kudos,Activity,12423511646
"Sep 16, 2024, 3:44:56 PM",Kudos,Activity,12424592536
"Sep 16, 2024, 3:45:11 PM",Kudos,Activity,12424695961
"Sep 17, 2024, 2:59:14 AM",Kudos,Activity,12427110669
"Sep 17, 2024, 1:58:21 PM",Kudos,Activity,12431656733
"Sep 17, 2024, 1:58:32 PM",Kudos,Activity,12432366809
"Sep 17, 2024, 1:58:34 PM",Kudos,Activity,12432297975
"Sep 17, 2024, 1:58:43 PM",Kudos,Activity,12431233474
"Sep 17, 2024, 3:40:03 PM",Kudos,Activity,12433245682
"Sep 17, 2024, 3:40:12 PM",Kudos,Activity,12433291045
"Sep 17, 2024, 3:40:23 PM",Kudos,Activity,12433409684
"Sep 17, 2024, 7:13:22 PM",Kudos,Activity,12434112040
"Sep 18, 2024, 10:32:06 AM",Kudos,Activity,12438213444
"Sep 18, 2024, 10:32:21 AM",Kudos,Activity,12437131067
"Sep 18, 2024, 10:32:31 AM",Kudos,Activity,12438523480
"Sep 18, 2024, 10:33:02 AM",Kudos,Activity,12437961226
"Sep 18, 2024, 2:26:35 PM",Kudos,Activity,12441915192
"Sep 18, 2024, 2:26:41 PM",Kudos,Activity,12442000697
"Sep 18, 2024, 2:27:26 PM",Kudos,Activity,12441300936
"Sep 18, 2024, 2:27:38 PM",Kudos,Activity,12440289782
"Sep 18, 2024, 7:36:33 PM",Kudos,Activity,12440217374
"Sep 18, 2024, 7:36:43 PM",Kudos,Activity,12442402603
"Sep 19, 2024, 1:05:18 PM",Kudos,Activity,12449539165
"Sep 19, 2024, 1:05:22 PM",Kudos,Activity,12446312560
"Sep 19, 2024, 1:05:40 PM",Kudos,Activity,12446476030
"Sep 19, 2024, 1:06:02 PM",Kudos,Activity,12450024562
"Sep 19, 2024, 6:07:51 PM",Kudos,Activity,12451245172
"Sep 20, 2024, 4:56:09 PM",Kudos,Activity,12458364275
"Sep 20, 2024, 4:56:21 PM",Kudos,Activity,12455513015
"Sep 20, 2024, 4:56:37 PM",Kudos,Activity,12454229115
"Sep 20, 2024, 4:56:54 PM",Kudos,Activity,12455306954
"Sep 20, 2024, 4:57:03 PM",Kudos,Activity,12458464468
"Sep 20, 2024, 4:57:15 PM",Kudos,Activity,12454167021
"Sep 20, 2024, 4:57:18 PM",Kudos,Activity,12455244563
"Sep 21, 2024, 11:00:50 AM",Kudos,Activity,12465387438
"Sep 21, 2024, 11:01:05 AM",Kudos,Activity,12461454821
"Sep 21, 2024, 11:01:19 AM",Kudos,Activity,12462648990
"Sep 21, 2024, 11:02:22 AM",Kudos,Activity,12462922993
"Sep 21, 2024, 11:02:24 AM",Kudos,Activity,12462641127
"Sep 21, 2024, 11:02:31 AM",Kudos,Activity,12462820661
"Sep 21, 2024, 11:02:48 AM",Kudos,Activity,12462074479
"Sep 22, 2024, 12:03:39 PM",Kudos,Activity,12468765680
"Sep 22, 2024, 12:03:48 PM",Kudos,Activity,12469050768
"Sep 22, 2024, 12:03:52 PM",Kudos,Activity,12470529427
"Sep 22, 2024, 12:04:04 PM",Kudos,Activity,12468282685
"Sep 22, 2024, 12:04:13 PM",Kudos,Activity,12468976851
"Sep 23, 2024, 11:59:31 AM",Kudos,Activity,12476068092
"Sep 23, 2024, 12:00:16 PM",Kudos,Activity,12480129481
"Sep 23, 2024, 12:00:23 PM",Kudos,Activity,12477430744
"Sep 23, 2024, 12:00:30 PM",Kudos,Activity,12479266280
"Sep 23, 2024, 12:01:02 PM",Kudos,Activity,12479035669
"Sep 23, 2024, 12:01:07 PM",Kudos,Activity,12482273767
"Sep 23, 2024, 2:26:38 PM",Kudos,Activity,12483375227
"Sep 23, 2024, 8:12:26 PM",Kudos,Activity,12484665293
"Sep 23, 2024, 10:53:49 PM",Kudos,Activity,12486437635
"Sep 24, 2024, 10:43:59 AM",Kudos,Activity,12488631611
"Sep 24, 2024, 10:44:08 AM",Kudos,Activity,12490488855
"Sep 24, 2024, 8:37:22 PM",Kudos,Activity,12491277718
"Sep 24, 2024, 8:37:34 PM",Kudos,Activity,12491577065
"Sep 24, 2024, 8:37:40 PM",Kudos,Activity,12491351230
"Sep 24, 2024, 8:37:44 PM",Kudos,Activity,12491426523
"Sep 24, 2024, 8:37:53 PM",Kudos,Activity,12492508023
"Sep 24, 2024, 8:38:26 PM",Kudos,Activity,12492458839
"Sep 24, 2024, 8:38:37 PM",Kudos,Activity,12490872629
"Sep 25, 2024, 2:52:23 AM",Kudos,Activity,12497178042
"Sep 25, 2024, 2:52:48 AM",Kudos,Activity,12496929427
"Sep 25, 2024, 2:53:16 AM",Kudos,Activity,12496140457
"Sep 25, 2024, 11:49:39 AM",Kudos,Activity,12499384876
"Sep 25, 2024, 12:44:09 PM",Kudos,Activity,12499883018
"Sep 25, 2024, 2:25:50 PM",Kudos,Activity,12500255548
"Sep 25, 2024, 6:40:02 PM",Kudos,Activity,12501070976
"Sep 26, 2024, 11:48:41 AM",Kudos,Activity,12507670142
"Sep 26, 2024, 11:49:00 AM",Kudos,Activity,12504389189
"Sep 26, 2024, 11:51:46 AM",Kudos,Activity,12504579380
"Sep 26, 2024, 8:42:02 PM",Kudos,Activity,12507904929
"Sep 26, 2024, 8:43:03 PM",Kudos,Activity,12511265739
"Sep 26, 2024, 8:44:56 PM",Kudos,Activity,12509041842
"Sep 27, 2024, 1:51:09 AM",Kudos,Activity,12512334042
"Sep 27, 2024, 2:45:17 PM",Kudos,Activity,12515874493
"Sep 27, 2024, 2:45:23 PM",Kudos,Activity,12514910327
"Sep 27, 2024, 2:46:56 PM",Kudos,Activity,12514929554
"Sep 27, 2024, 7:57:38 PM",Kudos,Activity,12517616418
"Sep 27, 2024, 7:57:46 PM",Kudos,Activity,12516391379
"Sep 27, 2024, 7:58:41 PM",Kudos,Activity,12516464161
"Sep 29, 2024, 6:20:58 PM",Kudos,Activity,12532985031
"Sep 29, 2024, 6:21:32 PM",Kudos,Activity,12532991529
"Sep 29, 2024, 6:21:52 PM",Kudos,Activity,12534010125
"Sep 29, 2024, 6:21:57 PM",Kudos,Activity,12525663833
"Sep 29, 2024, 6:22:08 PM",Kudos,Activity,12526749049
"Sep 29, 2024, 6:22:15 PM",Kudos,Activity,12527111027
"Sep 29, 2024, 6:22:32 PM",Kudos,Activity,12527159214
"Sep 29, 2024, 6:22:39 PM",Kudos,Activity,12525109520
"Sep 29, 2024, 6:22:43 PM",Kudos,Activity,12526932705
"Sep 29, 2024, 6:22:56 PM",Kudos,Activity,12524870238
"Sep 29, 2024, 6:23:00 PM",Kudos,Activity,12533675736
"Sep 29, 2024, 6:23:03 PM",Kudos,Activity,12523941955
"Sep 29, 2024, 6:23:11 PM",Kudos,Activity,12524228083
"Sep 30, 2024, 5:19:28 PM",Kudos,Activity,12540212104
"Sep 30, 2024, 5:19:40 PM",Kudos,Activity,12539587387
"Sep 30, 2024, 5:20:04 PM",Kudos,Activity,12539720347
"Sep 30, 2024, 5:20:27 PM",Kudos,Activity,12538954230
"Sep 30, 2024, 5:20:35 PM",Kudos,Activity,12536896287
"Sep 30, 2024, 5:20:45 PM",Kudos,Activity,12539763973
"Sep 30, 2024, 5:21:25 PM",Kudos,Activity,12535191490
"Sep 30, 2024, 9:31:16 PM",Kudos,Activity,12542690745
"Oct 1, 2024, 12:01:19 PM",Kudos,Activity,12546965170
"Oct 1, 2024, 12:01:26 PM",Kudos,Activity,12547276697
"Oct 1, 2024, 4:05:52 PM",Kudos,Activity,12547786481
"Oct 1, 2024, 8:18:25 PM",Kudos,Activity,12550244491
"Oct 1, 2024, 8:18:29 PM",Kudos,Activity,12550547842
"Oct 1, 2024, 8:19:27 PM",Kudos,Activity,12549061133
"Oct 1, 2024, 8:19:34 PM",Kudos,Activity,12548046058
"Oct 2, 2024, 12:24:57 AM",Kudos,Activity,12552317807
"Oct 2, 2024, 12:25:00 AM",Kudos,Activity,12551890483
"Oct 2, 2024, 12:25:11 AM",Kudos,Activity,12552494458
"Oct 2, 2024, 1:49:11 AM",Kudos,Activity,12547763173
"Oct 2, 2024, 2:25:12 AM",Kudos,Activity,12553104510
"Oct 2, 2024, 10:14:28 AM",Kudos,Activity,12553237391
"Oct 2, 2024, 11:41:40 AM",Kudos,Activity,12555264195
"Oct 2, 2024, 11:41:58 AM",Kudos,Activity,12555057581
"Oct 2, 2024, 6:38:25 PM",Kudos,Activity,12556863005
"Oct 2, 2024, 6:38:33 PM",Kudos,Activity,12558859641
"Oct 3, 2024, 12:00:07 AM",Kudos,Activity,12559993477
"Oct 3, 2024, 12:01:28 AM",Kudos,Activity,12559565741
"Oct 3, 2024, 11:56:30 AM",Kudos,Activity,12563713367
"Oct 3, 2024, 11:56:45 AM",Kudos,Activity,12561117385
"Oct 3, 2024, 1:56:27 PM",Kudos,Activity,12564116855
"Oct 3, 2024, 1:56:43 PM",Kudos,Activity,12564579071
"Oct 3, 2024, 4:36:06 PM",Kudos,Activity,12564870562
"Oct 3, 2024, 4:36:09 PM",Kudos,Activity,12565190021
"Oct 3, 2024, 4:36:32 PM",Kudos,Activity,12565436093
"Oct 3, 2024, 4:36:42 PM",Kudos,Activity,12565605033
"Oct 4, 2024, 2:05:13 AM",Kudos,Activity,12568614786
"Oct 4, 2024, 12:03:23 PM",Kudos,Activity,12571377184
"Oct 4, 2024, 12:03:31 PM",Kudos,Activity,12571711154
"Oct 4, 2024, 12:03:36 PM",Kudos,Activity,12571466372
"Oct 4, 2024, 12:17:55 PM",Kudos,Activity,12571860291
"Oct 4, 2024, 5:30:53 PM",Kudos,Activity,12573413433
"Oct 5, 2024, 2:00:42 AM",Kudos,Activity,12576355532
"Oct 5, 2024, 2:01:14 AM",Kudos,Activity,12574663667
"Oct 5, 2024, 2:26:35 PM",Kudos,Activity,12580858785
"Oct 5, 2024, 2:26:41 PM",Kudos,Activity,12580693214
"Oct 5, 2024, 3:30:02 PM",Kudos,Activity,12581094785
"Oct 6, 2024, 12:45:51 PM",Kudos,Activity,12581943907
"Oct 6, 2024, 12:46:12 PM",Kudos,Activity,12582757326
"Oct 6, 2024, 12:46:16 PM",Kudos,Activity,12581943758
"Oct 6, 2024, 12:46:25 PM",Kudos,Activity,12584822664
"Oct 6, 2024, 12:46:34 PM",Kudos,Activity,12582946605
"Oct 6, 2024, 12:46:54 PM",Kudos,Activity,12582561170
"Oct 6, 2024, 12:46:59 PM",Kudos,Activity,12586254034
"Oct 6, 2024, 12:47:08 PM",Kudos,Activity,12582538556
"Oct 6, 2024, 12:47:11 PM",Kudos,Activity,12584813683
"Oct 6, 2024, 5:53:50 PM",Kudos,Activity,12591713452
"Oct 6, 2024, 11:56:47 PM",Kudos,Activity,12594101680
"Oct 7, 2024, 12:25:44 PM",Kudos,Activity,12596959747
"Oct 7, 2024, 1:52:23 PM",Kudos,Activity,12597140429
"Oct 7, 2024, 8:35:30 PM",Kudos,Activity,12600516871
"Oct 7, 2024, 11:52:25 PM",Kudos,Activity,12601585471
"Oct 7, 2024, 11:52:42 PM",Kudos,Activity,12601089452
"Oct 8, 2024, 5:22:16 PM",Kudos,Activity,12604555666
"Oct 8, 2024, 5:23:11 PM",Kudos,Activity,12606018995
"Oct 8, 2024, 5:23:15 PM",Kudos,Activity,12603945768
"Oct 8, 2024, 11:53:44 PM",Kudos,Activity,12609405285
"Oct 9, 2024, 12:12:46 AM",Kudos,Activity,12609243338
"Oct 9, 2024, 1:33:55 AM",Kudos,Activity,12610277210
"Oct 9, 2024, 2:36:59 PM",Kudos,Activity,12613598916
"Oct 9, 2024, 2:37:03 PM",Kudos,Activity,12612609161
"Oct 9, 2024, 2:37:06 PM",Kudos,Activity,12610470909
"Oct 9, 2024, 8:23:02 PM",Kudos,Activity,12616562163
"Oct 10, 2024, 12:02:34 PM",Kudos,Activity,12620407518
"Oct 10, 2024, 12:02:40 PM",Kudos,Activity,12618494223
"Oct 10, 2024, 12:02:47 PM",Kudos,Activity,12620555857
"Oct 10, 2024, 12:02:51 PM",Kudos,Activity,12620158885
"Oct 10, 2024, 12:02:57 PM",Kudos,Activity,12618593308
"Oct 10, 2024, 12:03:12 PM",Kudos,Activity,12618634851
"Oct 10, 2024, 12:03:17 PM",Kudos,Activity,12617286116
"Oct 10, 2024, 12:03:26 PM",Kudos,Activity,12617864259
"Oct 10, 2024, 7:45:50 PM",Kudos,Activity,12622296270
"Oct 10, 2024, 11:39:19 PM",Kudos,Activity,12625017235
"Oct 10, 2024, 11:40:10 PM",Kudos,Activity,12624736239
"Oct 11, 2024, 12:49:26 PM",Kudos,Activity,12628068850
"Oct 11, 2024, 12:49:40 PM",Kudos,Activity,12628720496
"Oct 11, 2024, 12:49:53 PM",Kudos,Activity,12628751098
"Oct 11, 2024, 12:50:11 PM",Kudos,Activity,12625863463
"Oct 11, 2024, 2:28:38 PM",Kudos,Activity,12629115336
"Oct 11, 2024, 2:29:33 PM",Kudos,Activity,12628932302
"Oct 13, 2024, 12:30:35 AM",Kudos,Activity,12639594484
"Oct 13, 2024, 12:30:58 AM",Kudos,Activity,12637578409
"Oct 13, 2024, 12:31:13 AM",Kudos,Activity,12637151294
"Oct 13, 2024, 12:31:51 AM",Kudos,Activity,12638056776
"Oct 13, 2024, 10:58:22 AM",Kudos,Activity,12641460200
"Oct 13, 2024, 11:00:22 AM",Kudos,Activity,12639593859
"Oct 13, 2024, 11:00:34 AM",Kudos,Activity,12637280762
"Oct 13, 2024, 11:01:01 AM",Kudos,Activity,12631124065
"Oct 13, 2024, 11:01:04 AM",Kudos,Activity,12640185881
"Oct 13, 2024, 11:01:14 AM",Kudos,Activity,12629887475
"Oct 13, 2024, 11:01:18 AM",Kudos,Activity,12633142779
"Oct 13, 2024, 11:01:25 AM",Kudos,Activity,12640631780
"Oct 13, 2024, 11:01:31 AM",Kudos,Activity,12640174459
"Oct 13, 2024, 11:02:16 AM",Kudos,Activity,12632278445
"Oct 14, 2024, 9:09:04 PM",Kudos,Activity,12653001559
"Oct 14, 2024, 9:09:10 PM",Kudos,Activity,12651920158
"Oct 14, 2024, 9:09:17 PM",Kudos,Activity,12648797582
"Oct 14, 2024, 9:09:33 PM",Kudos,Activity,12645437097
"Oct 14, 2024, 9:09:38 PM",Kudos,Activity,12648772146
"Oct 14, 2024, 9:09:39 PM",Kudos,Activity,12648790341
"Oct 14, 2024, 9:09:57 PM",Kudos,Activity,12648623583
"Oct 14, 2024, 9:10:06 PM",Kudos,Activity,12647483934
"Oct 14, 2024, 9:10:09 PM",Kudos,Activity,12649302153
"Oct 14, 2024, 9:10:36 PM",Kudos,Activity,12650063863
"Oct 15, 2024, 11:29:38 AM",Kudos,Activity,12659816934
"Oct 16, 2024, 11:47:38 AM",Kudos,Activity,12668181088
"Oct 16, 2024, 11:47:46 AM",Kudos,Activity,12666091816
"Oct 16, 2024, 11:47:52 AM",Kudos,Activity,12663766335
"Oct 16, 2024, 11:48:04 AM",Kudos,Activity,12666122585
"Oct 16, 2024, 11:48:09 AM",Kudos,Activity,12662058109
"Oct 16, 2024, 8:14:03 PM",Kudos,Activity,12670724661
"Oct 16, 2024, 8:14:08 PM",Kudos,Activity,12670520692
"Oct 16, 2024, 8:14:21 PM",Kudos,Activity,12669774102
"Oct 16, 2024, 8:14:26 PM",Kudos,Activity,12668957131
"Oct 16, 2024, 8:14:42 PM",Kudos,Activity,12657549243
"Oct 16, 2024, 8:15:03 PM",Kudos,Activity,12640501187
"Oct 17, 2024, 12:06:21 PM",Kudos,Activity,12676168150
"Oct 17, 2024, 12:07:01 PM",Kudos,Activity,12673249802
"Oct 17, 2024, 12:07:07 PM",Kudos,Activity,12673436506
"Oct 17, 2024, 2:52:17 PM",Kudos,Activity,12677117886
"Oct 17, 2024, 2:52:24 PM",Kudos,Activity,12677547433
"Oct 17, 2024, 2:52:29 PM",Kudos,Activity,12677532295
"Oct 17, 2024, 7:17:13 PM",Kudos,Activity,12678273521
"Oct 17, 2024, 7:17:16 PM",Kudos,Activity,12678731410
"Oct 17, 2024, 7:19:44 PM",Kudos,Activity,12676845899
"Oct 18, 2024, 12:36:41 AM",Kudos,Activity,12680893865
"Oct 18, 2024, 12:46:14 PM",Kudos,Activity,12681893432
"Oct 18, 2024, 12:46:32 PM",Kudos,Activity,12683966155
"Oct 20, 2024, 11:38:53 AM",Kudos,Activity,12696907768
"Oct 20, 2024, 11:39:12 AM",Kudos,Activity,12693238318
"Oct 20, 2024, 11:39:29 AM",Kudos,Activity,12691418045
"Oct 20, 2024, 11:39:50 AM",Kudos,Activity,12687772902
"Oct 20, 2024, 11:39:55 AM",Kudos,Activity,12693729330
"Oct 20, 2024, 11:40:34 AM",Kudos,Activity,12696107580
"Oct 20, 2024, 11:40:46 AM",Kudos,Activity,12693681361
"Oct 20, 2024, 11:40:49 AM",Kudos,Activity,12685063292
"Oct 20, 2024, 11:40:54 AM",Kudos,Activity,12689955572
"Oct 22, 2024, 4:47:04 PM",Kudos,Activity,12717506686
"Oct 22, 2024, 4:47:11 PM",Kudos,Activity,12715596523
"Oct 22, 2024, 4:47:39 PM",Kudos,Activity,12702621561
"Oct 22, 2024, 9:30:32 PM",Kudos,Activity,12716080350
"Oct 22, 2024, 9:30:41 PM",Kudos,Activity,12712460749
"Oct 22, 2024, 9:30:46 PM",Kudos,Activity,12704967007
"Oct 23, 2024, 11:46:02 AM",Kudos,Activity,12724410199
"Oct 23, 2024, 11:46:05 AM",Kudos,Activity,12721385750
"Oct 23, 2024, 11:46:15 AM",Kudos,Activity,12720981194
"Oct 23, 2024, 11:46:19 AM",Kudos,Activity,12721617587
"Oct 23, 2024, 11:46:23 AM",Kudos,Activity,12720954840
"Oct 23, 2024, 11:46:40 AM",Kudos,Activity,12721353475
"Oct 23, 2024, 11:46:56 AM",Kudos,Activity,12721975977
"Oct 23, 2024, 1:23:12 PM",Kudos,Activity,12724055107
"Oct 23, 2024, 1:23:22 PM",Kudos,Activity,12712885684
"Oct 23, 2024, 2:17:15 PM",Kudos,Activity,12695383912
"Oct 23, 2024, 2:17:36 PM",Kudos,Activity,12688816404
"Oct 23, 2024, 5:31:58 PM",Kudos,Activity,12725930642
"Oct 23, 2024, 5:32:17 PM",Kudos,Activity,12689577856
"Oct 24, 2024, 1:42:46 AM",Kudos,Activity,12729364663
"Oct 24, 2024, 1:42:48 AM",Kudos,Activity,12730272019
"Oct 24, 2024, 1:43:13 AM",Kudos,Activity,12729089081
"Oct 24, 2024, 1:43:17 AM",Kudos,Activity,12730085151
"Oct 24, 2024, 1:43:42 AM",Kudos,Activity,12688383947
"Oct 24, 2024, 12:06:32 PM",Kudos,Activity,12732467391
"Oct 24, 2024, 12:06:35 PM",Kudos,Activity,12730484367
"Oct 24, 2024, 4:07:12 PM",Kudos,Activity,12733633493
"Oct 24, 2024, 9:53:15 PM",Kudos,Activity,12736889966
"Oct 24, 2024, 11:18:45 PM",Kudos,Activity,12737284472
"Oct 25, 2024, 12:00:05 PM",Kudos,Activity,12740395400
"Oct 25, 2024, 12:00:07 PM",Kudos,Activity,12738358724
"Oct 25, 2024, 12:00:16 PM",Kudos,Activity,12738191461
"Oct 25, 2024, 12:00:25 PM",Kudos,Activity,12740285682
"Oct 25, 2024, 12:00:30 PM",Kudos,Activity,12738018428
"Oct 25, 2024, 12:05:37 PM",Kudos,Activity,12739967653
"Oct 25, 2024, 4:42:46 PM",Kudos,Activity,12742178138
"Oct 25, 2024, 4:42:51 PM",Kudos,Activity,12741436068
"Oct 25, 2024, 4:43:07 PM",Kudos,Activity,12741764011
"Oct 25, 2024, 4:43:12 PM",Kudos,Activity,12740970669
"Oct 26, 2024, 2:41:12 PM",Kudos,Activity,12744073928
"Oct 26, 2024, 2:41:24 PM",Kudos,Activity,12749248321
"Oct 26, 2024, 2:41:28 PM",Kudos,Activity,12744414549
"Oct 26, 2024, 2:41:31 PM",Kudos,Activity,12748604372
"Oct 26, 2024, 2:41:37 PM",Kudos,Activity,12749489425
"Oct 26, 2024, 2:42:40 PM",Kudos,Activity,12745447028
"Oct 26, 2024, 2:43:01 PM",Kudos,Activity,12749432450
"Oct 26, 2024, 2:43:15 PM",Kudos,Activity,12744826869
"Oct 27, 2024, 3:15:30 AM",Kudos,Activity,12753330826
"Oct 27, 2024, 3:15:33 AM",Kudos,Activity,12753086543
"Oct 27, 2024, 3:15:38 AM",Kudos,Activity,12749707863
"Oct 27, 2024, 3:15:58 AM",Kudos,Activity,12749739368
"Oct 27, 2024, 3:16:20 AM",Kudos,Activity,12751235103
"Oct 27, 2024, 2:56:31 PM",Kudos,Activity,12758207163
"Oct 27, 2024, 2:56:35 PM",Kudos,Activity,12758014237
"Oct 27, 2024, 2:56:39 PM",Kudos,Activity,12758248555
"Oct 27, 2024, 7:31:54 PM",Kudos,Activity,12759311764
"Oct 27, 2024, 7:31:57 PM",Kudos,Activity,12760277204
"Oct 27, 2024, 7:32:07 PM",Kudos,Activity,12759707341
"Oct 27, 2024, 7:32:24 PM",Kudos,Activity,12759538913
"Oct 28, 2024, 11:59:54 AM",Kudos,Activity,12762097186
"Oct 28, 2024, 11:59:58 AM",Kudos,Activity,12764046435
"Oct 28, 2024, 12:00:13 PM",Kudos,Activity,12761756265
"Oct 28, 2024, 12:00:18 PM",Kudos,Activity,12761020081
"Oct 28, 2024, 12:00:21 PM",Kudos,Activity,12761017354
"Oct 28, 2024, 1:57:21 PM",Kudos,Activity,12764811173
"Oct 28, 2024, 1:57:24 PM",Kudos,Activity,12764825195
"Oct 28, 2024, 5:54:20 PM",Kudos,Activity,12765761532
"Oct 28, 2024, 5:54:20 PM",Kudos,Activity,12765517127
"Oct 29, 2024, 12:53:27 PM",Kudos,Activity,12771989711
"Oct 29, 2024, 12:53:42 PM",Kudos,Activity,12769294250
"Oct 29, 2024, 12:53:48 PM",Kudos,Activity,12769808093
"Oct 29, 2024, 12:53:52 PM",Kudos,Activity,12771727523
"Oct 29, 2024, 12:53:59 PM",Kudos,Activity,12769606468
"Oct 29, 2024, 9:30:10 PM",Kudos,Activity,12774952116
"Oct 29, 2024, 9:30:19 PM",Kudos,Activity,12775403890
"Oct 29, 2024, 9:30:46 PM",Kudos,Activity,12775531407
"Oct 29, 2024, 9:31:14 PM",Kudos,Activity,12752821306
"Oct 29, 2024, 9:31:16 PM",Kudos,Activity,12774171746
"Oct 29, 2024, 10:43:45 PM",Kudos,Activity,12777005406
"Oct 30, 2024, 10:34:58 AM",Kudos,Activity,12777256643
"Oct 30, 2024, 1:51:23 PM",Kudos,Activity,12780309440
"Oct 30, 2024, 1:51:27 PM",Kudos,Activity,12780011255
"Oct 30, 2024, 3:55:26 PM",Kudos,Activity,12781743446
"Oct 30, 2024, 7:55:56 PM",Kudos,Activity,12782118292
"Oct 30, 2024, 9:50:07 PM",Kudos,Activity,12783541378
"Oct 31, 2024, 2:40:55 AM",Kudos,Activity,12786165371
"Oct 31, 2024, 2:41:10 AM",Kudos,Activity,12786325252
"Oct 31, 2024, 2:41:16 AM",Kudos,Activity,12786012171
"Oct 31, 2024, 2:42:09 AM",Kudos,Activity,12785857041
"Oct 31, 2024, 2:43:05 AM",Kudos,Activity,12786009080
"Oct 31, 2024, 12:00:01 PM",Kudos,Activity,12788218972
"Nov 1, 2024, 12:18:37 AM",Kudos,Activity,12792407294
"Nov 1, 2024, 12:18:45 AM",Kudos,Activity,12792768334
"Nov 1, 2024, 12:18:54 AM",Kudos,Activity,12790138621
"Nov 1, 2024, 12:19:02 AM",Kudos,Activity,12793074916
"Nov 1, 2024, 12:19:08 AM",Kudos,Activity,12793128758
"Nov 1, 2024, 12:19:28 AM",Kudos,Activity,12789311220
"Nov 1, 2024, 12:19:31 AM",Kudos,Activity,12791925450
"Nov 1, 2024, 12:19:33 AM",Kudos,Activity,12788531206
"Nov 1, 2024, 1:07:13 PM",Kudos,Activity,12796411572
"Nov 1, 2024, 1:07:15 PM",Kudos,Activity,12795789747
"Nov 1, 2024, 1:07:23 PM",Kudos,Activity,12793974531
"Nov 2, 2024, 5:28:03 PM",Kudos,Activity,12804703963
"Nov 2, 2024, 5:28:14 PM",Kudos,Activity,12805747638
"Nov 2, 2024, 5:28:28 PM",Kudos,Activity,12805747806
"Nov 2, 2024, 5:28:37 PM",Kudos,Activity,12800602260
"Nov 2, 2024, 5:29:19 PM",Kudos,Activity,12803634122
"Nov 2, 2024, 5:29:27 PM",Kudos,Activity,12800275825
"Nov 2, 2024, 5:29:41 PM",Kudos,Activity,12805974848
"Nov 2, 2024, 5:29:43 PM",Kudos,Activity,12806136436
"Nov 2, 2024, 5:29:51 PM",Kudos,Activity,12799124755
"Nov 3, 2024, 3:17:32 PM",Kudos,Activity,12813097988
"Nov 3, 2024, 3:18:40 PM",Kudos,Activity,12812926774
"Nov 3, 2024, 3:18:44 PM",Kudos,Activity,12808544386
"Nov 3, 2024, 3:18:46 PM",Kudos,Activity,12807681658
"Nov 3, 2024, 3:18:50 PM",Kudos,Activity,12807127205
"Nov 3, 2024, 3:18:59 PM",Kudos,Activity,12808234025
"Nov 3, 2024, 6:35:08 PM",Kudos,Activity,12815779903
"Nov 3, 2024, 6:35:49 PM",Kudos,Activity,12814326310
"Nov 4, 2024, 12:44:25 AM",Kudos,Activity,12817446917
"Nov 4, 2024, 12:44:31 AM",Kudos,Activity,12816151086
"Nov 4, 2024, 12:49:08 AM",Kudos,Activity,12816465071
"Nov 4, 2024, 1:48:24 AM",Kudos,Activity,12816526344
"Nov 4, 2024, 1:48:26 AM",Kudos,Activity,12800112105
"Nov 4, 2024, 1:48:29 AM",Kudos,Activity,12800968408
"Nov 4, 2024, 1:48:46 AM",Kudos,Activity,12814456204
"Nov 4, 2024, 2:14:16 AM",Kudos,Activity,12814434109
"Nov 4, 2024, 2:14:30 AM",Kudos,Activity,12797265886
"Nov 4, 2024, 2:14:39 AM",Kudos,Activity,12800065963
"Nov 4, 2024, 2:14:51 AM",Kudos,Activity,12805531546
"Nov 4, 2024, 12:59:08 PM",Kudos,Activity,12820255427
"Nov 4, 2024, 3:17:51 PM",Kudos,Activity,12820757335
"Nov 4, 2024, 3:17:54 PM",Kudos,Activity,12819933440
"Nov 4, 2024, 9:31:36 PM",Kudos,Activity,12821511342
"Nov 4, 2024, 9:31:41 PM",Kudos,Activity,12820255134
"Nov 4, 2024, 11:03:37 PM",Kudos,Activity,12824088167
"Nov 5, 2024, 2:45:28 AM",Kudos,Activity,12825308080
"Nov 5, 2024, 1:59:19 PM",Kudos,Activity,12827794693
"Nov 5, 2024, 1:59:32 PM",Kudos,Activity,12827471417
"Nov 5, 2024, 1:59:40 PM",Kudos,Activity,12824880178
"Nov 5, 2024, 4:41:13 PM",Kudos,Activity,12828851518
"Nov 5, 2024, 4:41:20 PM",Kudos,Activity,12829045772
"Nov 5, 2024, 10:20:11 PM",Kudos,Activity,12829878854
"Nov 5, 2024, 10:20:15 PM",Kudos,Activity,12831423553
"Nov 6, 2024, 7:56:24 PM",Kudos,Activity,12836489489
"Nov 6, 2024, 7:56:35 PM",Kudos,Activity,12835869787
"Nov 6, 2024, 7:56:58 PM",Kudos,Activity,12833728749
"Nov 6, 2024, 7:57:52 PM",Kudos,Activity,12836810050
"Nov 7, 2024, 12:38:06 PM",Kudos,Activity,12841797731
"Nov 7, 2024, 12:38:08 PM",Kudos,Activity,12843958661
"Nov 7, 2024, 12:38:37 PM",Kudos,Activity,12841815211
"Nov 7, 2024, 12:38:59 PM",Kudos,Activity,12840099163
"Nov 7, 2024, 12:39:10 PM",Kudos,Activity,12843621078
"Nov 7, 2024, 12:39:19 PM",Kudos,Activity,12840918662
"Nov 7, 2024, 8:30:24 PM",Kudos,Activity,12844241881
"Nov 7, 2024, 8:30:28 PM",Kudos,Activity,12844291218
"Nov 7, 2024, 8:31:36 PM",Kudos,Activity,12844404792
"Nov 7, 2024, 8:31:53 PM",Kudos,Activity,12841540136
"Nov 7, 2024, 8:31:58 PM",Kudos,Activity,12841261415
"Nov 8, 2024, 1:12:47 PM",Kudos,Activity,12851338158
"Nov 8, 2024, 1:12:54 PM",Kudos,Activity,12850203564
"Nov 8, 2024, 1:12:59 PM",Kudos,Activity,12850194555
"Nov 8, 2024, 1:13:07 PM",Kudos,Activity,12849272052
"Nov 9, 2024, 5:32:49 PM",Kudos,Activity,12860700326
"Nov 9, 2024, 5:33:50 PM",Kudos,Activity,12856940047
"Nov 9, 2024, 5:34:01 PM",Kudos,Activity,12856437456
"Nov 9, 2024, 5:34:04 PM",Kudos,Activity,12855863986
"Nov 9, 2024, 5:34:17 PM",Kudos,Activity,12855863775
"Nov 9, 2024, 5:34:19 PM",Kudos,Activity,12855580125
"Nov 10, 2024, 12:57:50 AM",Kudos,Activity,12862965441
"Nov 10, 2024, 12:58:02 AM",Kudos,Activity,12862506475
"Nov 10, 2024, 12:58:15 AM",Kudos,Activity,12862719781
"Nov 10, 2024, 5:37:28 PM",Kudos,Activity,12868259057
"Nov 10, 2024, 5:37:35 PM",Kudos,Activity,12869916738
"Nov 10, 2024, 5:38:01 PM",Kudos,Activity,12869601517
"Nov 11, 2024, 9:41:19 PM",Kudos,Activity,12875772220
"Nov 11, 2024, 9:41:34 PM",Kudos,Activity,12878607691
"Nov 11, 2024, 9:42:34 PM",Kudos,Activity,12874721271
"Nov 11, 2024, 9:42:38 PM",Kudos,Activity,12870113616
"Nov 11, 2024, 9:42:56 PM",Kudos,Activity,12870302097
"Nov 11, 2024, 9:43:35 PM",Kudos,Activity,12875772211
"Nov 11, 2024, 9:43:56 PM",Kudos,Activity,12870155966
"Nov 11, 2024, 9:43:59 PM",Kudos,Activity,12871453400
"Nov 11, 2024, 9:44:05 PM",Kudos,Activity,12863044628
"Nov 12, 2024, 1:05:19 PM",Kudos,Activity,12882650953
"Nov 12, 2024, 1:05:43 PM",Kudos,Activity,12880136263
"Nov 12, 2024, 6:42:32 PM",Kudos,Activity,12884419825
"Nov 12, 2024, 6:42:41 PM",Kudos,Activity,12884056132
"Nov 12, 2024, 6:42:51 PM",Kudos,Activity,12884285766
"Nov 12, 2024, 10:26:32 PM",Kudos,Activity,12887007211
"Nov 12, 2024, 10:26:50 PM",Kudos,Activity,12875807542
"Nov 13, 2024, 3:50:32 PM",Kudos,Activity,12890564986
"Nov 13, 2024, 3:50:33 PM",Kudos,Activity,12888580270
"Nov 13, 2024, 3:50:45 PM",Kudos,Activity,12888015028
"Nov 13, 2024, 3:51:07 PM",Kudos,Activity,12888011155
"Nov 13, 2024, 10:25:26 PM",Kudos,Activity,12893828231
"Nov 13, 2024, 10:26:31 PM",Kudos,Activity,12894870439
"Nov 14, 2024, 12:54:54 PM",Kudos,Activity,12898248337
"Nov 14, 2024, 12:54:57 PM",Kudos,Activity,12898014473
"Nov 14, 2024, 12:55:01 PM",Kudos,Activity,12896159128
"Nov 14, 2024, 12:55:21 PM",Kudos,Activity,12895164174
"Nov 14, 2024, 12:55:31 PM",Kudos,Activity,12895828302
"Nov 14, 2024, 12:55:37 PM",Kudos,Activity,12896011613
"Nov 14, 2024, 12:55:41 PM",Kudos,Activity,12895832660
"Nov 14, 2024, 12:55:54 PM",Kudos,Activity,12898566545
"Nov 14, 2024, 11:51:33 PM",Kudos,Activity,12899410528
"Nov 14, 2024, 11:51:39 PM",Kudos,Activity,12899028673
"Nov 14, 2024, 11:51:49 PM",Kudos,Activity,12900502621
"Nov 15, 2024, 3:07:05 AM",Kudos,Activity,12903251193
"Nov 15, 2024, 3:02:54 PM",Kudos,Activity,12905506373
"Nov 15, 2024, 9:09:12 PM",Kudos,Activity,12908418969
"Nov 17, 2024, 10:08:09 PM",Kudos,Activity,12925305817
"Nov 17, 2024, 10:08:25 PM",Kudos,Activity,12913034245
"Nov 17, 2024, 10:08:36 PM",Kudos,Activity,12915319775
"Nov 17, 2024, 10:08:58 PM",Kudos,Activity,12915116359
"Nov 17, 2024, 10:09:24 PM",Kudos,Activity,12914668647
"Nov 17, 2024, 10:10:01 PM",Kudos,Activity,12911289046
"Nov 19, 2024, 12:34:36 AM",Kudos,Activity,12932552774
"Nov 19, 2024, 12:34:53 AM",Kudos,Activity,12932280203
"Nov 19, 2024, 12:35:03 AM",Kudos,Activity,12931679852
"Nov 19, 2024, 12:53:36 PM",Kudos,Activity,12935781871
"Nov 19, 2024, 12:55:04 PM",Kudos,Activity,12936121022
"Nov 19, 2024, 12:55:12 PM",Kudos,Activity,12935972806
"Nov 19, 2024, 12:55:40 PM",Kudos,Activity,12933722355
"Nov 20, 2024, 11:23:00 PM",Kudos,Activity,12947799522
"Nov 20, 2024, 11:23:19 PM",Kudos,Activity,12943161444
"Nov 20, 2024, 11:23:22 PM",Kudos,Activity,12944635608
"Nov 20, 2024, 11:23:29 PM",Kudos,Activity,12944922795
"Nov 20, 2024, 11:23:35 PM",Kudos,Activity,12942967321
"Nov 20, 2024, 11:23:55 PM",Kudos,Activity,12940749632
"Nov 21, 2024, 11:56:38 AM",Kudos,Activity,12950666878
"Nov 21, 2024, 11:56:42 AM",Kudos,Activity,12947998176
"Nov 21, 2024, 11:57:17 AM",Kudos,Activity,12948375566
"Nov 21, 2024, 1:13:05 PM",Kudos,Activity,12940676124
"Nov 21, 2024, 1:13:07 PM",Kudos,Activity,12936319345
"Nov 22, 2024, 1:11:04 PM",Kudos,Activity,12957818026
"Nov 22, 2024, 1:11:42 PM",Kudos,Activity,12957737082
"Nov 22, 2024, 1:12:01 PM",Kudos,Activity,12957341291
"Nov 22, 2024, 1:12:04 PM",Kudos,Activity,12954773279
"Nov 22, 2024, 1:12:08 PM",Kudos,Activity,12953651677
"Nov 22, 2024, 1:12:10 PM",Kudos,Activity,12955016145
"Nov 25, 2024, 8:35:26 PM",Kudos,Activity,12974044205
"Nov 25, 2024, 8:35:33 PM",Kudos,Activity,12974578008
"Nov 25, 2024, 8:35:46 PM",Kudos,Activity,12973797007
"Nov 25, 2024, 8:35:50 PM",Kudos,Activity,12967437219
"Nov 25, 2024, 8:36:01 PM",Kudos,Activity,12968521646
"Nov 25, 2024, 8:36:10 PM",Kudos,Activity,12965715889
"Nov 28, 2024, 10:37:25 AM",Kudos,Activity,12991477896
"Nov 28, 2024, 10:37:36 AM",Kudos,Activity,12992063538
"Nov 28, 2024, 10:37:51 AM",Kudos,Activity,12994998079
"Nov 28, 2024, 10:38:01 AM",Kudos,Activity,12988166042
"Nov 28, 2024, 10:38:20 AM",Kudos,Activity,12986836859
"Nov 28, 2024, 8:51:47 PM",Kudos,Activity,13003836699
"Nov 28, 2024, 8:51:49 PM",Kudos,Activity,13003107279
"Nov 28, 2024, 8:52:04 PM",Kudos,Activity,13002890161
"Nov 28, 2024, 8:52:13 PM",Kudos,Activity,13001776690
"Nov 28, 2024, 11:02:07 PM",Kudos,Activity,13003586200
"Nov 28, 2024, 11:02:10 PM",Kudos,Activity,13001870049
"Nov 28, 2024, 11:02:41 PM",Kudos,Activity,13002113268
"Nov 28, 2024, 11:02:45 PM",Kudos,Activity,13003381089
"Nov 30, 2024, 4:59:33 PM",Kudos,Activity,13012530280
"Nov 30, 2024, 4:59:49 PM",Kudos,Activity,13010007396
"Dec 1, 2024, 7:40:09 PM",Kudos,Activity,13018591552
"Dec 1, 2024, 7:40:15 PM",Kudos,Activity,13021370050
"Dec 1, 2024, 7:40:32 PM",Kudos,Activity,13025189535
"Dec 1, 2024, 7:40:53 PM",Kudos,Activity,13019184545
"Dec 1, 2024, 7:41:03 PM",Kudos,Activity,13017512422
"Dec 1, 2024, 7:41:20 PM",Kudos,Activity,13017746630
"Dec 1, 2024, 7:41:48 PM",Kudos,Activity,13019054537
"Dec 1, 2024, 7:41:56 PM",Kudos,Activity,13009034823
"Dec 1, 2024, 7:42:24 PM",Kudos,Activity,13003045938
"Dec 1, 2024, 7:45:38 PM",Kudos,Activity,12974949046
"Dec 2, 2024, 2:30:17 AM",Kudos,Activity,13026867218
"Dec 2, 2024, 2:32:04 AM",Kudos,Activity,13017479104
"Dec 2, 2024, 2:32:12 AM",Kudos,Activity,13003613593
"Dec 2, 2024, 2:32:51 AM",Kudos,Activity,13009398036
"Dec 2, 2024, 2:33:12 AM",Kudos,Activity,13010442540
"Dec 2, 2024, 1:47:15 PM",Kudos,Activity,13029582605
"Dec 2, 2024, 1:47:23 PM",Kudos,Activity,13029582861
"Dec 2, 2024, 1:47:24 PM",Kudos,Activity,13030175946
"Dec 2, 2024, 1:47:28 PM",Kudos,Activity,13027695913
"Dec 2, 2024, 4:06:14 PM",Kudos,Activity,13030456799
"Dec 2, 2024, 4:06:24 PM",Kudos,Activity,13029326166
"Dec 2, 2024, 9:48:55 PM",Kudos,Activity,13032297869
"Dec 2, 2024, 9:49:06 PM",Kudos,Activity,13031421215
"Dec 2, 2024, 9:49:14 PM",Kudos,Activity,13031146395
"Dec 3, 2024, 3:53:41 AM",Kudos,Activity,13033392764
"Dec 3, 2024, 3:53:52 AM",Kudos,Activity,13033987331
"Dec 3, 2024, 12:57:49 PM",Kudos,Activity,13036905906
"Dec 3, 2024, 12:58:28 PM",Kudos,Activity,13037015371
"Dec 3, 2024, 12:58:49 PM",Kudos,Activity,13035014519
"Dec 3, 2024, 8:45:34 PM",Kudos,Activity,13037778243
"Dec 3, 2024, 8:45:39 PM",Kudos,Activity,13038975083
"Dec 3, 2024, 8:45:48 PM",Kudos,Activity,13038481382
"Dec 3, 2024, 8:47:56 PM",Kudos,Activity,13040427099
"Dec 3, 2024, 8:48:01 PM",Kudos,Activity,13038414970
"Dec 4, 2024, 1:56:03 AM",Kudos,Activity,13041844675
"Dec 4, 2024, 1:56:29 AM",Kudos,Activity,13041469776
"Dec 4, 2024, 7:49:56 PM",Kudos,Activity,13046292828
"Dec 4, 2024, 7:50:01 PM",Kudos,Activity,13045571973
"Dec 4, 2024, 7:50:12 PM",Kudos,Post,33668664
"Dec 4, 2024, 7:50:39 PM",Kudos,Activity,13042518017
"Dec 4, 2024, 7:50:42 PM",Kudos,Activity,13044460512
"Dec 4, 2024, 7:51:52 PM",Kudos,Activity,13043011152
"Dec 5, 2024, 12:45:14 PM",Kudos,Activity,13051549101
"Dec 5, 2024, 12:45:22 PM",Kudos,Activity,13051695948
"Dec 5, 2024, 12:45:35 PM",Kudos,Activity,13048315447
"Dec 5, 2024, 12:45:46 PM",Kudos,Activity,13048219428
"Dec 5, 2024, 12:46:08 PM",Kudos,Activity,13048906361
"Dec 5, 2024, 9:41:51 PM",Kudos,Activity,13052421435
"Dec 5, 2024, 9:41:59 PM",Kudos,Activity,13052660632
"Dec 6, 2024, 2:47:32 AM",Kudos,Activity,13055672253
"Dec 6, 2024, 2:47:50 AM",Kudos,Activity,13055702496
"Dec 6, 2024, 11:38:40 AM",Kudos,Activity,13054465772
"Dec 6, 2024, 2:25:06 PM",Kudos,Activity,13058208776
"Dec 6, 2024, 2:25:17 PM",Kudos,Activity,13058967956
"Dec 6, 2024, 6:07:47 PM",Kudos,Activity,13059544506
"Dec 6, 2024, 6:08:05 PM",Kudos,Activity,13059402959
"Dec 7, 2024, 3:41:06 AM",Kudos,Activity,13061750468
"Dec 7, 2024, 4:38:09 PM",Kudos,Activity,13062813802
"Dec 7, 2024, 4:38:38 PM",Kudos,Activity,13066594541
"Dec 7, 2024, 4:38:48 PM",Kudos,Activity,13066402006
"Dec 7, 2024, 4:38:56 PM",Kudos,Activity,13066397211
"Dec 7, 2024, 4:39:10 PM",Kudos,Activity,13066061736
"Dec 7, 2024, 4:39:19 PM",Kudos,Activity,13066577836
"Dec 7, 2024, 7:35:00 PM",Kudos,Activity,13066049247
"Dec 7, 2024, 7:35:05 PM",Kudos,Activity,13066846700
"Dec 7, 2024, 7:35:20 PM",Kudos,Activity,13066755333
"Dec 7, 2024, 7:35:43 PM",Kudos,Activity,13067434241
"Dec 7, 2024, 11:23:28 PM",Kudos,Activity,13068458326
"Dec 7, 2024, 11:23:49 PM",Kudos,Activity,13058911937
"Dec 8, 2024, 1:23:04 PM",Kudos,Activity,13069208209
"Dec 8, 2024, 10:41:32 PM",Kudos,Activity,13073318077
"Dec 8, 2024, 10:42:12 PM",Kudos,Activity,13075530020
"Dec 8, 2024, 10:42:14 PM",Kudos,Activity,13075509277
"Dec 8, 2024, 10:42:22 PM",Kudos,Activity,13073618094
"Dec 8, 2024, 10:43:05 PM",Kudos,Activity,13073137927
"Dec 9, 2024, 2:46:12 AM",Kudos,Activity,13075998962
"Dec 9, 2024, 2:46:26 AM",Kudos,Activity,13075856183
"Dec 9, 2024, 2:46:36 AM",Kudos,Activity,13075870623
"Dec 9, 2024, 1:02:07 PM",Kudos,Activity,13078049305
"Dec 9, 2024, 1:02:31 PM",Kudos,Activity,13077908389
"Dec 10, 2024, 12:48:48 PM",Kudos,Activity,13085000772
"Dec 10, 2024, 12:48:51 PM",Kudos,Activity,13082180809
"Dec 10, 2024, 12:49:00 PM",Kudos,Activity,13082537478
"Dec 10, 2024, 12:49:04 PM",Kudos,Activity,13082892167
"Dec 10, 2024, 12:49:33 PM",Kudos,Activity,13081481979
"Dec 10, 2024, 7:47:14 PM",Kudos,Activity,13086636475
"Dec 10, 2024, 7:47:28 PM",Kudos,Activity,13086091519
"Dec 11, 2024, 2:21:18 PM",Kudos,Activity,13090307373
"Dec 11, 2024, 2:21:30 PM",Kudos,Activity,13092215513
"Dec 11, 2024, 2:21:35 PM",Kudos,Activity,13090028378
"Dec 11, 2024, 2:21:45 PM",Kudos,Activity,13090366109
"Dec 11, 2024, 11:19:56 PM",Kudos,Activity,13096354035
"Dec 12, 2024, 2:01:45 AM",Kudos,Activity,13096774884
"Dec 12, 2024, 2:02:06 AM",Kudos,Activity,13085774067
"Dec 12, 2024, 2:03:39 AM",Kudos,Activity,13086173748
"Dec 12, 2024, 2:03:55 AM",Kudos,Activity,13090214700
"Dec 13, 2024, 2:08:42 AM",Kudos,Activity,13103749410
"Dec 13, 2024, 2:08:44 AM",Kudos,Activity,13103756800
"Dec 13, 2024, 2:09:55 AM",Kudos,Activity,13099409107
"Dec 13, 2024, 2:12:50 AM",Kudos,Activity,13099588165
"Dec 13, 2024, 2:13:13 AM",Kudos,Activity,13102421463
"Dec 13, 2024, 2:13:20 AM",Kudos,Activity,13100251414
"Dec 13, 2024, 2:13:36 AM",Kudos,Activity,13104050057
"Dec 13, 2024, 2:54:45 AM",Kudos,Activity,13104281803
"Dec 13, 2024, 2:54:57 AM",Kudos,Activity,13097512672
"Dec 13, 2024, 1:54:12 PM",Kudos,Activity,13106297549
"Dec 13, 2024, 6:13:55 PM",Kudos,Activity,13108024220
"Dec 13, 2024, 6:14:19 PM",Kudos,Activity,13107704990
"Dec 13, 2024, 11:29:43 PM",Kudos,Activity,13109576955
"Dec 13, 2024, 11:29:51 PM",Kudos,Activity,13109836864
"Dec 15, 2024, 6:27:00 AM",Kudos,Activity,13117008020
"Dec 15, 2024, 6:27:08 AM",Kudos,Activity,13117873495
"Dec 15, 2024, 6:27:35 AM",Kudos,Activity,13110408201
"Dec 15, 2024, 6:28:00 AM",Kudos,Activity,13110549370
"Dec 15, 2024, 6:28:39 AM",Kudos,Activity,13110092425
"Dec 15, 2024, 6:28:57 AM",Kudos,Activity,13110439021
"Dec 15, 2024, 6:29:36 AM",Kudos,Activity,13116690533
"Dec 15, 2024, 6:30:39 AM",Kudos,Activity,13112324090
"Dec 15, 2024, 4:21:09 PM",Kudos,Activity,13121662970
"Dec 15, 2024, 8:15:41 PM",Kudos,Activity,13122551064
"Dec 15, 2024, 8:15:44 PM",Kudos,Activity,13123252778
"Dec 15, 2024, 11:58:07 PM",Kudos,Activity,13124370361
"Dec 16, 2024, 5:15:11 PM",Kudos,Activity,13126898555
"Dec 16, 2024, 5:15:13 PM",Kudos,Activity,13127841387
"Dec 16, 2024, 5:15:21 PM",Kudos,Activity,13127504899
"Dec 16, 2024, 5:15:32 PM",Kudos,Activity,13126676288
"Dec 16, 2024, 6:52:12 PM",Kudos,Activity,13129162629
"Dec 16, 2024, 10:02:05 PM",Kudos,Activity,13124758949
"Dec 17, 2024, 12:57:35 AM",Kudos,Activity,13130908827
"Dec 17, 2024, 2:21:06 PM",Kudos,Activity,13134223288
"Dec 17, 2024, 2:21:15 PM",Kudos,Activity,13133912441
"Dec 17, 2024, 2:22:04 PM",Kudos,Activity,13131165743
"Dec 18, 2024, 4:28:04 AM",Kudos,Activity,13138909250
"Dec 18, 2024, 4:28:07 AM",Kudos,Activity,13138508089
"Dec 18, 2024, 4:28:14 AM",Kudos,Activity,13139289007
"Dec 18, 2024, 3:26:53 PM",Kudos,Activity,13141215975
"Dec 18, 2024, 3:26:57 PM",Kudos,Activity,13142350415
"Dec 18, 2024, 3:27:04 PM",Kudos,Activity,13142211422
"Dec 18, 2024, 3:27:16 PM",Kudos,Activity,13139206822
"Dec 23, 2024, 3:07:32 PM",Kudos,Activity,13169880641
"Dec 23, 2024, 3:07:53 PM",Kudos,Activity,13167667835
"Dec 23, 2024, 3:08:03 PM",Kudos,Activity,13169051739
"Dec 23, 2024, 3:08:10 PM",Kudos,Activity,13164091792
"Dec 23, 2024, 3:08:25 PM",Kudos,Activity,13162689031
"Dec 23, 2024, 3:08:33 PM",Kudos,Activity,13162920974
"Dec 23, 2024, 3:08:54 PM",Kudos,Activity,13162185893
"Dec 24, 2024, 5:55:13 PM",Kudos,Activity,13178264242
"Dec 24, 2024, 5:55:16 PM",Kudos,Activity,13182801542
"Dec 24, 2024, 5:55:29 PM",Kudos,Activity,13182443077
"Dec 24, 2024, 5:55:36 PM",Kudos,Activity,13181789058
"Dec 24, 2024, 5:55:38 PM",Kudos,Activity,13182893796
"Dec 24, 2024, 5:55:47 PM",Kudos,Activity,13180579034
"Dec 24, 2024, 5:56:06 PM",Kudos,Activity,13181221903
"Dec 24, 2024, 5:56:13 PM",Kudos,Activity,13178424003
"Dec 24, 2024, 5:56:16 PM",Kudos,Activity,13178027395
"Dec 24, 2024, 5:56:30 PM",Kudos,Activity,13173634237
"Dec 24, 2024, 11:50:48 PM",Kudos,Activity,13184458067
"Dec 24, 2024, 11:51:01 PM",Kudos,Activity,13184252931
"Dec 24, 2024, 11:54:13 PM",Kudos,Activity,13184556834
"Dec 24, 2024, 11:54:46 PM",Kudos,Activity,13183364013
"Dec 24, 2024, 11:55:45 PM",Kudos,Activity,13175438501
"Dec 24, 2024, 11:55:58 PM",Kudos,Activity,13158032468
"Dec 25, 2024, 3:40:52 AM",Kudos,Activity,13184615875
"Dec 25, 2024, 3:41:01 AM",Kudos,Activity,13183993322
"Dec 25, 2024, 3:41:54 AM",Kudos,Activity,13162806402
"Dec 25, 2024, 8:12:44 PM",Kudos,Activity,13189112691
"Dec 25, 2024, 8:13:00 PM",Kudos,Activity,13189157974
"Dec 25, 2024, 8:13:41 PM",Kudos,Activity,13187276449
"Dec 25, 2024, 8:14:07 PM",Kudos,Activity,13188965073
"Dec 25, 2024, 8:14:09 PM",Kudos,Activity,13187964687
"Dec 25, 2024, 8:14:20 PM",Kudos,Activity,13187919899
"Dec 25, 2024, 8:14:23 PM",Kudos,Activity,13188146647
"Dec 25, 2024, 11:59:24 PM",Kudos,Activity,13157519233
"Dec 25, 2024, 11:59:27 PM",Kudos,Activity,13164003419
"Dec 25, 2024, 11:59:59 PM",Kudos,Activity,13189761745
"Dec 26, 2024, 6:05:37 AM",Kudos,Activity,13190783610
"Dec 26, 2024, 6:06:16 AM",Kudos,Activity,13152742102
"Dec 26, 2024, 3:28:52 PM",Kudos,Activity,13192608880
"Dec 26, 2024, 3:29:13 PM",Kudos,Activity,13194412294
"Dec 27, 2024, 12:56:13 AM",Kudos,Activity,13197285335
"Dec 27, 2024, 12:56:31 AM",Kudos,Activity,13197288596
"Dec 27, 2024, 3:00:07 PM",Kudos,Activity,13199900760
"Dec 28, 2024, 5:02:58 AM",Kudos,Activity,13202755051
"Dec 29, 2024, 3:59:50 PM",Kudos,Activity,13216986309
"Dec 29, 2024, 3:59:54 PM",Kudos,Activity,13217275866
"Dec 29, 2024, 4:00:15 PM",Kudos,Activity,13211285092
"Dec 29, 2024, 4:00:19 PM",Kudos,Activity,13210025864
"Dec 29, 2024, 8:52:04 PM",Kudos,Activity,13219088777
"Dec 29, 2024, 8:52:08 PM",Kudos,Activity,13218594720
"Dec 29, 2024, 8:52:11 PM",Kudos,Activity,13218105561
"Dec 29, 2024, 8:52:18 PM",Kudos,Activity,13218755970
"Dec 29, 2024, 8:52:27 PM",Kudos,Activity,13210337333
"Dec 29, 2024, 8:52:39 PM",Kudos,Activity,13210127624
"Dec 29, 2024, 8:52:41 PM",Kudos,Activity,13210270697
"Dec 29, 2024, 8:54:02 PM",Kudos,Activity,13212324947
"Dec 29, 2024, 8:54:08 PM",Kudos,Activity,13209138444
"Dec 29, 2024, 8:54:12 PM",Kudos,Activity,13210758216
"Dec 30, 2024, 12:57:10 AM",Kudos,Activity,13219974316
"Dec 30, 2024, 12:57:29 AM",Kudos,Activity,13220112398
"Dec 30, 2024, 12:57:44 AM",Kudos,Activity,13210464581
"Dec 30, 2024, 2:59:02 AM",Kudos,Activity,13197690197
"Dec 30, 2024, 3:00:08 AM",Kudos,Activity,13196823560
"Dec 31, 2024, 4:57:07 PM",Kudos,Activity,13230739285
"Dec 31, 2024, 4:57:23 PM",Kudos,Activity,13231638477
"Dec 31, 2024, 4:57:37 PM",Kudos,Activity,13232273502
"Dec 31, 2024, 4:58:00 PM",Kudos,Activity,13230457188
"Dec 31, 2024, 4:58:05 PM",Kudos,Activity,13226627079
"Dec 31, 2024, 4:58:30 PM",Kudos,Activity,13222470766
"Dec 31, 2024, 4:58:48 PM",Kudos,Activity,13224742728
"Dec 31, 2024, 4:58:54 PM",Kudos,Activity,13223555358
"Dec 31, 2024, 8:42:08 PM",Kudos,Activity,13225517569
"Jan 2, 2025, 1:56:32 AM",Kudos,Activity,13242719942
"Jan 2, 2025, 1:56:44 AM",Kudos,Activity,13241493161
"Jan 2, 2025, 1:56:46 AM",Kudos,Activity,13240868455
"Jan 2, 2025, 1:57:53 AM",Kudos,Activity,12250023840
"Jan 2, 2025, 10:58:05 PM",Kudos,Activity,13248027482
"Jan 2, 2025, 10:58:41 PM",Kudos,Activity,13245305051
"Jan 2, 2025, 10:58:51 PM",Kudos,Activity,13246506147
"Jan 2, 2025, 10:59:09 PM",Kudos,Activity,13243698847
"Jan 2, 2025, 10:59:36 PM",Kudos,Activity,13244983575
"Jan 3, 2025, 1:19:42 AM",Kudos,Activity,13237733359
"Jan 3, 2025, 1:19:44 AM",Kudos,Activity,13234911206
"Jan 3, 2025, 1:19:52 AM",Kudos,Activity,13239007959
"Jan 3, 2025, 1:19:56 AM",Kudos,Activity,13242282466
"Jan 3, 2025, 1:20:08 AM",Kudos,Activity,13234472491
"Jan 3, 2025, 1:20:16 AM",Kudos,Activity,13234984707
"Jan 3, 2025, 1:20:41 AM",Kudos,Activity,13234944177
"Jan 3, 2025, 2:08:24 PM",Kudos,Activity,13254114161
"Jan 3, 2025, 3:40:51 PM",Kudos,Activity,13251804826
"Jan 3, 2025, 3:41:33 PM",Kudos,Activity,13252379210
"Jan 3, 2025, 3:42:29 PM",Kudos,Activity,13251993475
"Jan 3, 2025, 6:44:18 PM",Kudos,Activity,13256940706
"Jan 3, 2025, 6:44:45 PM",Kudos,Activity,13257274321
"Jan 3, 2025, 6:44:52 PM",Kudos,Activity,13255298582
"Jan 3, 2025, 6:45:36 PM",Kudos,Activity,13251243162
"Jan 3, 2025, 6:45:43 PM",Kudos,Activity,13255005380
"Jan 3, 2025, 8:52:38 PM",Kudos,Activity,13257437107
"Jan 3, 2025, 11:55:22 PM",Kudos,Activity,13259304716
"Jan 4, 2025, 4:08:39 AM",Kudos,Activity,13259481293
"Jan 4, 2025, 3:55:51 PM",Kudos,Activity,13265119745
"Jan 4, 2025, 3:56:23 PM",Kudos,Activity,13263973185
"Jan 4, 2025, 5:56:49 PM",Kudos,Activity,13265711674
"Jan 4, 2025, 5:56:58 PM",Kudos,Activity,13266093701
"Jan 4, 2025, 5:57:03 PM",Kudos,Activity,13266015781
"Jan 4, 2025, 5:57:09 PM",Kudos,Activity,13265705209
"Jan 5, 2025, 2:40:20 AM",Kudos,Activity,13268561141
"Jan 5, 2025, 2:40:40 AM",Kudos,Activity,13266760748
"Jan 5, 2025, 2:41:00 AM",Kudos,Activity,13267680035
"Jan 5, 2025, 4:36:12 AM",Kudos,Activity,13268893811
"Jan 5, 2025, 6:10:40 PM",Kudos,Activity,13274171099
"Jan 5, 2025, 6:11:38 PM",Kudos,Activity,13274426141
"Jan 5, 2025, 6:12:58 PM",Kudos,Activity,13274300869
"Jan 5, 2025, 6:13:28 PM",Kudos,Activity,13271978704
"Jan 5, 2025, 6:13:38 PM",Kudos,Activity,13272053496
"Jan 5, 2025, 6:13:41 PM",Kudos,Activity,13273804574
"Jan 5, 2025, 6:14:14 PM",Kudos,Activity,13269722396
"Jan 5, 2025, 6:14:41 PM",Kudos,Activity,13274065822
"Jan 5, 2025, 6:14:46 PM",Kudos,Activity,13274202229
"Jan 5, 2025, 6:17:48 PM",Kudos,Activity,13274695836
"Jan 5, 2025, 7:29:42 PM",Kudos,Activity,13274983513
"Jan 6, 2025, 3:22:47 AM",Kudos,Activity,13276898933
"Jan 6, 2025, 12:57:52 PM",Kudos,Activity,13280202471
"Jan 6, 2025, 9:24:56 PM",Kudos,Activity,13281354119
"Jan 6, 2025, 9:25:01 PM",Kudos,Activity,13279856118
"Jan 6, 2025, 9:26:54 PM",Kudos,Activity,13273913315
"Jan 7, 2025, 2:54:15 AM",Kudos,Activity,13286301047
"Jan 7, 2025, 2:54:46 AM",Kudos,Activity,13285429289
"Jan 7, 2025, 12:56:46 PM",Kudos,Activity,13289057159
"Jan 7, 2025, 12:59:02 PM",Kudos,Activity,13288881475
"Jan 7, 2025, 1:18:12 PM",Kudos,Activity,13286679384
"Jan 7, 2025, 4:06:24 PM",Kudos,Activity,13289615063
"Jan 8, 2025, 12:18:14 AM",Kudos,Activity,13295075912
"Jan 8, 2025, 12:18:28 AM",Kudos,Activity,13291495930
"Jan 8, 2025, 12:18:38 AM",Kudos,Activity,13294198851
"Jan 8, 2025, 12:18:48 AM",Kudos,Activity,13292431704
"Jan 8, 2025, 12:19:06 AM",Kudos,Activity,13291149447
"Jan 8, 2025, 12:19:26 AM",Kudos,Activity,13290489732
"Jan 8, 2025, 2:36:30 AM",Kudos,Activity,13295436400
"Jan 8, 2025, 2:37:45 AM",Kudos,Activity,13295492263
"Jan 8, 2025, 2:38:02 AM",Kudos,Activity,13295581529
"Jan 8, 2025, 2:38:28 AM",Kudos,Activity,13295272415
"Jan 8, 2025, 5:38:09 PM",Kudos,Activity,13298375300
"Jan 8, 2025, 5:38:15 PM",Kudos,Activity,13296730779
"Jan 8, 2025, 5:38:22 PM",Kudos,Activity,13295944117
"Jan 8, 2025, 10:42:25 PM",Kudos,Activity,13300603803
"Jan 8, 2025, 10:42:43 PM",Kudos,Activity,13301669162
"Jan 8, 2025, 10:42:58 PM",Kudos,Activity,13300360397
"Jan 9, 2025, 1:28:25 AM",Kudos,Activity,13303329340
"Jan 9, 2025, 12:50:29 PM",Kudos,Activity,13307016583
"Jan 9, 2025, 12:58:18 PM",Kudos,Activity,13305051837
"Jan 9, 2025, 12:58:30 PM",Kudos,Activity,13307293174
"Jan 9, 2025, 12:58:44 PM",Kudos,Activity,13304295768
"Jan 9, 2025, 11:03:03 PM",Kudos,Activity,13308909849
"Jan 9, 2025, 11:03:23 PM",Kudos,Activity,13311290568
"Jan 9, 2025, 11:03:35 PM",Kudos,Activity,13307852910
"Jan 9, 2025, 11:03:41 PM",Kudos,Activity,13308025787
"Jan 9, 2025, 11:03:46 PM",Kudos,Activity,13307512194
"Jan 9, 2025, 11:03:51 PM",Kudos,Activity,13309966553
"Jan 10, 2025, 4:19:23 AM",Kudos,Activity,13312678477
"Jan 10, 2025, 4:19:25 AM",Kudos,Activity,13312748899
"Jan 10, 2025, 4:19:27 AM",Kudos,Activity,13312472233
"Jan 10, 2025, 4:19:31 AM",Kudos,Activity,13312940337
"Jan 10, 2025, 4:19:34 AM",Kudos,Activity,13312423764
"Jan 10, 2025, 11:53:07 AM",Kudos,Activity,13313785711
"Jan 10, 2025, 11:53:16 AM",Kudos,Activity,13315217849
"Jan 10, 2025, 1:34:15 PM",Kudos,Activity,13315551164
"Jan 10, 2025, 6:26:28 PM",Kudos,Activity,13315903616
"Jan 10, 2025, 6:26:41 PM",Kudos,Activity,13316228337
"Jan 10, 2025, 6:28:48 PM",Kudos,Activity,13315980393
"Jan 10, 2025, 7:17:16 PM",Kudos,Activity,13318121883
"Jan 10, 2025, 7:17:18 PM",Kudos,Activity,13318257751
"Jan 10, 2025, 7:17:26 PM",Kudos,Activity,13317479528
"Jan 10, 2025, 7:18:32 PM",Kudos,Activity,13316960203
"Jan 11, 2025, 3:59:31 AM",Kudos,Activity,13319440664
"Jan 11, 2025, 4:48:14 PM",Kudos,Activity,13321359101
"Jan 11, 2025, 4:48:21 PM",Kudos,Activity,13325055940
"Jan 11, 2025, 4:48:31 PM",Kudos,Activity,13326344346
"Jan 11, 2025, 4:48:39 PM",Kudos,Activity,13326500776
"Jan 11, 2025, 5:57:54 PM",Kudos,Activity,13326904927
"Jan 11, 2025, 5:57:58 PM",Kudos,Activity,13327194723
"Jan 11, 2025, 5:58:05 PM",Kudos,Activity,13326856420
"Jan 11, 2025, 5:58:24 PM",Kudos,Activity,13326925340
"Jan 12, 2025, 12:10:31 AM",Kudos,Activity,13329025926
"Jan 12, 2025, 12:10:37 AM",Kudos,Activity,13328704606
"Jan 12, 2025, 12:10:46 AM",Kudos,Activity,13328989044
"Jan 12, 2025, 4:47:39 AM",Kudos,Activity,13329982550
"Jan 13, 2025, 1:03:08 AM",Kudos,Activity,13339176095
"Jan 13, 2025, 1:03:31 AM",Kudos,Activity,13335714589
"Jan 13, 2025, 1:03:48 AM",Kudos,Activity,13336882819
"Jan 13, 2025, 1:03:52 AM",Kudos,Activity,13338486743
"Jan 13, 2025, 1:03:54 AM",Kudos,Activity,13337968858
"Jan 13, 2025, 1:04:04 AM",Kudos,Activity,13335632996
"Jan 13, 2025, 3:26:20 AM",Kudos,Activity,13336791640
"Jan 13, 2025, 3:26:24 AM",Kudos,Activity,13335629984
"Jan 13, 2025, 11:27:06 PM",Kudos,Activity,13346624309
"Jan 13, 2025, 11:27:11 PM",Kudos,Activity,13343785163
"Jan 13, 2025, 11:27:14 PM",Kudos,Activity,13346123704
"Jan 13, 2025, 11:27:22 PM",Kudos,Activity,13345150982
"Jan 13, 2025, 11:27:29 PM",Kudos,Activity,13342712277
"Jan 13, 2025, 11:28:21 PM",Kudos,Activity,13336431867
"Jan 13, 2025, 11:28:56 PM",Kudos,Activity,13336303488
"Jan 13, 2025, 11:29:11 PM",Kudos,Activity,13341980276
"Jan 14, 2025, 12:05:25 AM",Kudos,Activity,13347752715
"Jan 14, 2025, 1:44:25 AM",Kudos,Activity,13348295460
"Jan 14, 2025, 1:44:33 AM",Kudos,Activity,13348189058
"Jan 14, 2025, 1:44:38 AM",Kudos,Activity,13348307542
"Jan 14, 2025, 1:44:43 AM",Kudos,Activity,13348307013
"Jan 14, 2025, 1:44:48 AM",Kudos,Activity,13343800835
"Jan 15, 2025, 12:15:35 AM",Kudos,Activity,13356032278
"Jan 15, 2025, 1:56:40 AM",Kudos,Activity,13357217551
"Jan 15, 2025, 12:54:03 PM",Kudos,Activity,13358260502
"Jan 15, 2025, 12:54:08 PM",Kudos,Activity,13360503652
"Jan 15, 2025, 12:54:11 PM",Kudos,Activity,13360308173
"Jan 15, 2025, 12:54:16 PM",Kudos,Activity,13358227196
"Jan 15, 2025, 12:54:36 PM",Kudos,Activity,13358215366
"Jan 15, 2025, 12:55:12 PM",Kudos,Activity,13358102328
"Jan 15, 2025, 12:55:29 PM",Kudos,Activity,13352400127
"Jan 15, 2025, 12:56:14 PM",Kudos,Activity,13353578910
"Jan 15, 2025, 12:56:25 PM",Kudos,Activity,13357351535
"Jan 15, 2025, 12:56:38 PM",Kudos,Activity,13351286421
"Jan 15, 2025, 12:56:45 PM",Kudos,Activity,13352619824
"Jan 15, 2025, 7:52:39 PM",Kudos,Activity,13362160574
"Jan 15, 2025, 7:52:45 PM",Kudos,Activity,13362647163
"Jan 15, 2025, 7:52:49 PM",Kudos,Activity,13362765877
"Jan 15, 2025, 7:53:12 PM",Kudos,Activity,13363295167
"Jan 15, 2025, 7:53:58 PM",Kudos,Activity,13363550800
"Jan 15, 2025, 7:54:02 PM",Kudos,Activity,13361626153
"Jan 15, 2025, 7:54:10 PM",Kudos,Activity,13362536976
"Jan 15, 2025, 7:54:14 PM",Kudos,Activity,13362468760
"Jan 15, 2025, 7:54:25 PM",Kudos,Activity,13352379525
"Jan 15, 2025, 7:54:35 PM",Kudos,Activity,13351087464
"Jan 15, 2025, 7:54:43 PM",Kudos,Activity,13348603154
"Jan 15, 2025, 7:54:45 PM",Kudos,Activity,13355570544
"Jan 15, 2025, 7:54:53 PM",Kudos,Activity,13348951305
"Jan 15, 2025, 8:09:22 PM",Kudos,Activity,13357329185
"Jan 16, 2025, 1:23:00 AM",Kudos,Activity,13353981346
"Jan 16, 2025, 12:56:44 PM",Kudos,Activity,13369832360
"Jan 16, 2025, 12:57:02 PM",Kudos,Activity,13369587218
"Jan 16, 2025, 12:57:06 PM",Kudos,Activity,13369258630
"Jan 16, 2025, 6:26:05 PM",Kudos,Activity,13371459634
"Jan 16, 2025, 9:29:39 PM",Kudos,Activity,13373844160
"Jan 16, 2025, 9:31:10 PM",Kudos,Activity,13370838219
"Jan 16, 2025, 9:31:12 PM",Kudos,Activity,13372447738
"Jan 16, 2025, 9:31:15 PM",Kudos,Activity,13370679912
"Jan 17, 2025, 1:59:53 AM",Kudos,Activity,13375135555
"Jan 17, 2025, 2:01:08 AM",Kudos,Activity,13375481274
"Jan 17, 2025, 2:01:11 AM",Kudos,Activity,13375243938
"Jan 17, 2025, 2:01:44 AM",Kudos,Activity,13374298109
"Jan 17, 2025, 2:01:58 AM",Kudos,Activity,13374763594
"Jan 17, 2025, 3:24:45 AM",Kudos,Activity,13375285472
"Jan 17, 2025, 3:24:56 AM",Kudos,Activity,13375602981
"Jan 17, 2025, 3:25:10 AM",Kudos,Activity,13374542840
"Jan 17, 2025, 3:26:25 AM",Kudos,Activity,13374345504
"Jan 17, 2025, 3:43:44 PM",Kudos,Activity,13378822055
"Jan 17, 2025, 3:44:12 PM",Kudos,Activity,13378895153
"Jan 17, 2025, 3:44:14 PM",Kudos,Activity,13378997064
"Jan 17, 2025, 3:44:19 PM",Kudos,Activity,13379150455
"Jan 17, 2025, 3:44:24 PM",Kudos,Activity,13379451401
"Jan 17, 2025, 4:06:34 PM",Kudos,Activity,13378889789
"Jan 17, 2025, 4:06:49 PM",Kudos,Activity,13378043144
"Jan 18, 2025, 4:54:56 PM",Kudos,Activity,13387747849
"Jan 18, 2025, 4:55:11 PM",Kudos,Activity,13389465868
"Jan 18, 2025, 4:55:26 PM",Kudos,Activity,13389442361
"Jan 18, 2025, 4:55:54 PM",Kudos,Activity,13382207812
"Jan 18, 2025, 5:09:36 PM",Kudos,Activity,13389602663
"Jan 18, 2025, 5:09:45 PM",Kudos,Activity,13388334250
"Jan 18, 2025, 5:10:12 PM",Kudos,Activity,13384125702
"Jan 18, 2025, 5:10:52 PM",Kudos,Activity,13382077159
"Jan 18, 2025, 5:11:21 PM",Kudos,Activity,13383856679
"Jan 18, 2025, 5:11:26 PM",Kudos,Activity,13382538289
"Jan 18, 2025, 8:54:52 PM",Kudos,Activity,13389855172
"Jan 18, 2025, 8:55:07 PM",Kudos,Activity,13389763160
"Jan 18, 2025, 8:55:14 PM",Kudos,Activity,13390460084
"Jan 18, 2025, 8:55:21 PM",Kudos,Activity,13390155691
"Jan 18, 2025, 8:55:30 PM",Kudos,Activity,13382926349
"Jan 19, 2025, 12:57:53 PM",Kudos,Activity,13392260031
"Jan 19, 2025, 12:57:56 PM",Kudos,Activity,13393078423
"Jan 19, 2025, 3:46:14 PM",Kudos,Activity,13398281117
"Jan 19, 2025, 3:47:07 PM",Kudos,Activity,13397551264
"Jan 19, 2025, 3:48:15 PM",Kudos,Activity,13397785978
"Jan 20, 2025, 1:17:19 AM",Kudos,Activity,13398659845
"Jan 20, 2025, 1:18:06 AM",Kudos,Activity,13398572873
"Jan 20, 2025, 1:18:08 AM",Kudos,Activity,13398816072
"Jan 20, 2025, 1:18:28 AM",Kudos,Activity,13401801402
"Jan 20, 2025, 1:18:45 AM",Kudos,Activity,13399274780
"Jan 20, 2025, 1:19:31 AM",Kudos,Activity,13398414665
"Jan 20, 2025, 1:19:48 AM",Kudos,Activity,13399773476
"Jan 20, 2025, 3:49:04 PM",Kudos,Activity,13404208610
"Jan 20, 2025, 3:49:09 PM",Kudos,Activity,13399877927
"Jan 20, 2025, 3:50:01 PM",Kudos,Activity,13400826052
"Jan 20, 2025, 3:50:09 PM",Kudos,Activity,13398671915
"Jan 20, 2025, 4:28:25 PM",Kudos,Activity,13405990503
"Jan 20, 2025, 4:28:40 PM",Kudos,Activity,13405296596
"Jan 20, 2025, 4:28:47 PM",Kudos,Activity,13400090564
"Jan 20, 2025, 10:08:18 PM",Kudos,Activity,13409112301
"Jan 20, 2025, 10:08:27 PM",Kudos,Activity,13407992880
"Jan 20, 2025, 10:08:38 PM",Kudos,Activity,13407824164
"Jan 20, 2025, 10:08:41 PM",Kudos,Activity,13407318872
"Jan 21, 2025, 2:31:24 PM",Kudos,Activity,13413109935
"Jan 21, 2025, 2:31:36 PM",Kudos,Activity,13412788873
"Jan 21, 2025, 11:59:20 PM",Kudos,Activity,13418564316
"Jan 21, 2025, 11:59:30 PM",Kudos,Activity,13416212299
"Jan 21, 2025, 11:59:47 PM",Kudos,Activity,13417157579
"Jan 21, 2025, 11:59:52 PM",Kudos,Activity,13415252681
"Jan 22, 2025, 12:00:00 AM",Kudos,Activity,13418133840
"Jan 22, 2025, 12:00:04 AM",Kudos,Activity,13418073355
"Jan 22, 2025, 12:00:08 AM",Kudos,Activity,13414950975
"Jan 22, 2025, 12:00:22 AM",Kudos,Activity,13414889627
"Jan 22, 2025, 2:15:56 AM",Kudos,Activity,13419552139
"Jan 22, 2025, 2:15:58 AM",Kudos,Activity,13418850593
"Jan 22, 2025, 2:16:13 AM",Kudos,Activity,13419223462
"Jan 22, 2025, 2:16:18 AM",Kudos,Activity,13419440749
"Jan 22, 2025, 2:17:03 AM",Kudos,Activity,13413625908
"Jan 22, 2025, 2:17:14 AM",Kudos,Activity,13415062906
"Jan 22, 2025, 11:52:37 AM",Kudos,Activity,13421687212
"Jan 22, 2025, 11:52:42 AM",Kudos,Activity,13422101606
"Jan 22, 2025, 11:52:46 AM",Kudos,Activity,13421908891
"Jan 22, 2025, 6:40:22 PM",Kudos,Activity,13424941937
"Jan 22, 2025, 6:40:38 PM",Kudos,Activity,13423046733
"Jan 22, 2025, 10:34:13 PM",Kudos,Activity,13425294176
"Jan 22, 2025, 10:34:16 PM",Kudos,Activity,13427040777
"Jan 22, 2025, 10:34:22 PM",Kudos,Activity,13423848876
"Jan 22, 2025, 10:34:55 PM",Kudos,Activity,13424377301
"Jan 22, 2025, 10:35:03 PM",Kudos,Activity,13423416323
"Jan 22, 2025, 10:35:16 PM",Kudos,Activity,13423224960
"Jan 23, 2025, 12:54:42 PM",Kudos,Activity,13428434727
"Jan 23, 2025, 12:55:10 PM",Kudos,Activity,13430669130
"Jan 23, 2025, 12:55:49 PM",Kudos,Activity,13427968615
"Jan 23, 2025, 12:55:49 PM",Kudos,Activity,13430513349
"Jan 23, 2025, 12:56:15 PM",Kudos,Activity,13430187099
"Jan 23, 2025, 10:18:01 PM",Kudos,Activity,13433384789
"Jan 23, 2025, 10:18:11 PM",Kudos,Activity,13431632600
"Jan 24, 2025, 2:27:41 AM",Kudos,Activity,13436678156
"Jan 24, 2025, 2:27:47 AM",Kudos,Activity,13435977369
"Jan 24, 2025, 2:27:48 AM",Kudos,Activity,13435453715
"Jan 24, 2025, 2:27:54 AM",Kudos,Activity,13432847136
"Jan 24, 2025, 3:55:21 AM",Kudos,Activity,13436400125
"Jan 24, 2025, 3:55:23 AM",Kudos,Activity,13436621408
"Jan 24, 2025, 3:55:35 AM",Kudos,Activity,13436857033
"Jan 24, 2025, 3:57:02 AM",Kudos,Activity,13432781725
"Jan 24, 2025, 3:57:30 AM",Kudos,Activity,13436029214
"Jan 24, 2025, 2:00:09 PM",Kudos,Activity,13438997567
"Jan 24, 2025, 2:00:12 PM",Kudos,Activity,13438750720
"Jan 24, 2025, 2:00:17 PM",Kudos,Activity,13439601546
"Jan 24, 2025, 2:00:20 PM",Kudos,Activity,13439783113
"Jan 24, 2025, 2:00:22 PM",Kudos,Activity,13439819889
"Jan 24, 2025, 2:00:31 PM",Kudos,Activity,13439586923
"Jan 24, 2025, 3:51:53 PM",Kudos,Activity,13439904532
"Jan 24, 2025, 3:51:59 PM",Kudos,Activity,13439944142
"Jan 25, 2025, 12:07:22 AM",Kudos,Activity,13441786425
"Jan 25, 2025, 2:17:43 AM",Kudos,Activity,13443362052
"Jan 25, 2025, 2:17:49 AM",Kudos,Activity,13440691041
"Jan 25, 2025, 2:17:52 AM",Kudos,Activity,13440668490
"Jan 25, 2025, 2:18:19 AM",Kudos,Activity,13443688245
"Jan 25, 2025, 4:29:34 PM",Kudos,Activity,13449069370
"Jan 25, 2025, 4:29:45 PM",Kudos,Activity,13447440994
"Jan 25, 2025, 4:29:50 PM",Kudos,Activity,13449206281
"Jan 25, 2025, 4:29:55 PM",Kudos,Activity,13440723353
"Jan 25, 2025, 4:29:58 PM",Kudos,Activity,13444394279
"Jan 25, 2025, 4:55:30 PM",Kudos,Activity,13450014005
"Jan 25, 2025, 5:32:47 PM",Kudos,Activity,13450391099
"Jan 25, 2025, 5:33:09 PM",Kudos,Activity,13450018035
"Jan 25, 2025, 5:47:28 PM",Kudos,Activity,13450578364
"Jan 25, 2025, 5:50:08 PM",Kudos,Activity,13450653934
"Jan 25, 2025, 10:37:50 PM",Kudos,Activity,13451784060
"Jan 25, 2025, 10:38:08 PM",Kudos,Activity,13451319744
"Jan 25, 2025, 10:38:16 PM",Kudos,Activity,13451000016
"Jan 25, 2025, 10:57:34 PM",Kudos,Post,34733657
"Jan 25, 2025, 10:58:20 PM",Kudos,Activity,13451460157
"Jan 25, 2025, 11:48:50 PM",Kudos,Activity,13452447808
"Jan 25, 2025, 11:48:55 PM",Kudos,Activity,13452617235
"Jan 26, 2025, 2:00:01 PM",Kudos,Activity,13453702717
"Jan 27, 2025, 11:22:53 PM",Kudos,Activity,13466659886
"Jan 27, 2025, 11:23:14 PM",Kudos,Activity,13466825565
"Jan 27, 2025, 11:23:31 PM",Kudos,Activity,13459024504
"Jan 27, 2025, 11:23:45 PM",Kudos,Activity,13461548996
"Jan 27, 2025, 11:23:48 PM",Kudos,Activity,13461957537
"Jan 27, 2025, 11:24:09 PM",Kudos,Activity,13460926233
"Jan 27, 2025, 11:24:20 PM",Kudos,Activity,13467110238
"Jan 27, 2025, 11:24:24 PM",Kudos,Activity,13460251563
"Jan 27, 2025, 11:24:42 PM",Kudos,Activity,13459111353
"Jan 27, 2025, 11:24:45 PM",Kudos,Activity,13460331568
"Jan 27, 2025, 11:25:19 PM",Kudos,Activity,13458443301
"Jan 28, 2025, 1:04:51 AM",Kudos,Activity,13470073273
"Jan 28, 2025, 1:05:10 AM",Kudos,Activity,13470056431
"Jan 28, 2025, 10:34:13 PM",Kudos,Activity,13474208184
"Jan 29, 2025, 12:03:44 AM",Kudos,Activity,13475535279
"Jan 29, 2025, 12:03:48 AM",Kudos,Activity,13474606592
"Jan 29, 2025, 12:03:55 AM",Kudos,Activity,13479102327
"Jan 29, 2025, 12:04:41 AM",Kudos,Activity,13475332484
"Jan 29, 2025, 12:04:53 AM",Kudos,Activity,13475370517
"Jan 29, 2025, 12:04:57 AM",Kudos,Activity,13473488774
"Jan 29, 2025, 12:05:31 AM",Kudos,Activity,13474157304
"Jan 29, 2025, 12:53:23 AM",Kudos,Activity,13479393967
"Jan 29, 2025, 12:53:27 AM",Kudos,Activity,13471044191
"Jan 29, 2025, 12:53:29 AM",Kudos,Activity,13473807391
"Jan 29, 2025, 2:14:29 AM",Kudos,Activity,13480036143
"Jan 29, 2025, 2:14:50 AM",Kudos,Activity,13478641459
"Jan 29, 2025, 1:01:50 PM",Kudos,Activity,13480264682
"Jan 29, 2025, 1:02:00 PM",Kudos,Activity,13480277272
"Jan 29, 2025, 1:02:03 PM",Kudos,Activity,13482649507
"Jan 29, 2025, 1:02:07 PM",Kudos,Activity,13482595071
"Jan 29, 2025, 1:02:11 PM",Kudos,Activity,13480434705
"Jan 29, 2025, 10:10:42 PM",Kudos,Activity,13485323391
"Jan 29, 2025, 10:10:54 PM",Kudos,Activity,13486197746
"Jan 29, 2025, 10:10:58 PM",Kudos,Activity,13484812982
"Jan 29, 2025, 10:11:10 PM",Kudos,Activity,13483975517
"Jan 30, 2025, 3:20:35 AM",Kudos,Activity,13488759518
"Jan 30, 2025, 3:20:38 AM",Kudos,Activity,13489164252
"Jan 30, 2025, 3:20:41 AM",Kudos,Activity,13488656653
"Jan 30, 2025, 1:00:38 PM",Kudos,Activity,13491735606
"Jan 30, 2025, 1:00:40 PM",Kudos,Activity,13492072266
"Jan 30, 2025, 1:00:48 PM",Kudos,Activity,13491527798
"Jan 30, 2025, 2:02:59 PM",Kudos,Activity,13492672681
"Jan 31, 2025, 3:24:54 AM",Kudos,Activity,13496583898
"Jan 31, 2025, 3:25:01 AM",Kudos,Activity,13496531133
"Jan 31, 2025, 3:25:31 AM",Kudos,Activity,13497319018
"Jan 31, 2025, 3:26:07 AM",Kudos,Activity,13497353745
"Jan 31, 2025, 3:26:32 AM",Kudos,Activity,13494311410
"Jan 31, 2025, 3:26:36 AM",Kudos,Activity,13492899487
"Jan 31, 2025, 1:57:58 PM",Kudos,Activity,13501210273
"Jan 31, 2025, 1:58:28 PM",Kudos,Activity,13497693697
"Jan 31, 2025, 1:58:47 PM",Kudos,Activity,13497073596
"Jan 31, 2025, 1:59:07 PM",Kudos,Activity,13497929713
"Jan 31, 2025, 1:59:09 PM",Kudos,Activity,13497632218
"Jan 31, 2025, 1:59:19 PM",Kudos,Activity,13498080260
"Jan 31, 2025, 1:59:26 PM",Kudos,Activity,13500403161
"Jan 31, 2025, 2:12:02 PM",Kudos,Activity,13501236923
"Jan 31, 2025, 2:12:07 PM",Kudos,Activity,13501306818
"Jan 31, 2025, 2:40:25 PM",Kudos,Activity,13501259097
"Jan 31, 2025, 2:40:46 PM",Kudos,Activity,13501424703
"Jan 31, 2025, 4:00:26 PM",Kudos,Activity,13501289539
"Jan 31, 2025, 7:38:39 PM",Kudos,Activity,13502192305
"Jan 31, 2025, 7:38:56 PM",Kudos,Activity,13503232581
"Feb 1, 2025, 1:01:12 AM",Kudos,Activity,13504770687
"Feb 1, 2025, 1:01:24 AM",Kudos,Activity,13504068834
"Feb 1, 2025, 1:01:29 AM",Kudos,Activity,13504545860
"Feb 1, 2025, 12:58:19 PM",Kudos,Activity,13505778746
"Feb 1, 2025, 12:58:24 PM",Kudos,Activity,13506120319
"Feb 1, 2025, 4:52:24 PM",Kudos,Activity,13511503541
"Feb 1, 2025, 4:52:43 PM",Kudos,Activity,13510586111
"Feb 1, 2025, 4:52:52 PM",Kudos,Activity,13511339081
"Feb 1, 2025, 4:52:55 PM",Kudos,Activity,13510429553
"Feb 1, 2025, 4:53:05 PM",Kudos,Activity,13505601090
"Feb 1, 2025, 10:37:55 PM",Kudos,Activity,13513823666
"Feb 1, 2025, 10:38:20 PM",Kudos,Activity,13512842841
"Feb 1, 2025, 10:38:33 PM",Kudos,Activity,13512048838
"Feb 2, 2025, 3:43:17 AM",Kudos,Activity,13514191061
"Feb 2, 2025, 3:43:22 AM",Kudos,Activity,13514089748
"Feb 2, 2025, 6:09:13 PM",Kudos,Activity,13513345004
"Feb 2, 2025, 6:09:29 PM",Kudos,Activity,13512195835
"Feb 2, 2025, 6:09:33 PM",Kudos,Activity,13512066275
"Feb 2, 2025, 6:09:35 PM",Kudos,Activity,13512065498
"Feb 2, 2025, 6:10:09 PM",Kudos,Activity,13513508985
"Feb 2, 2025, 6:10:10 PM",Kudos,Activity,13513356048
"Feb 3, 2025, 2:39:28 AM",Kudos,Activity,13522122809
"Feb 3, 2025, 2:39:57 AM",Kudos,Activity,13521080194
"Feb 3, 2025, 2:40:03 AM",Kudos,Activity,13520879161
"Feb 3, 2025, 2:40:46 AM",Kudos,Activity,13523658968
"Feb 3, 2025, 2:40:48 AM",Kudos,Activity,13523477505
"Feb 3, 2025, 2:26:19 PM",Kudos,Activity,13527031600
"Feb 3, 2025, 2:31:26 PM",Kudos,Activity,13522266371
"Feb 4, 2025, 12:17:07 AM",Kudos,Activity,13528706390
"Feb 4, 2025, 12:17:32 AM",Kudos,Activity,13532737215
"Feb 4, 2025, 12:17:36 AM",Kudos,Activity,13532289391
"Feb 4, 2025, 12:18:02 AM",Kudos,Activity,13528257982
"Feb 4, 2025, 12:18:10 AM",Kudos,Activity,13532481549
"Feb 4, 2025, 12:18:21 AM",Kudos,Activity,13524043705
"Feb 4, 2025, 1:21:48 AM",Kudos,Activity,13532902497
"Feb 4, 2025, 1:34:03 AM",Kudos,Activity,13532891774
"Feb 4, 2025, 1:34:06 AM",Kudos,Activity,13530025091
"Feb 4, 2025, 1:34:15 AM",Kudos,Activity,13527492875
"Feb 4, 2025, 1:34:24 AM",Kudos,Activity,13522663947
"Feb 4, 2025, 1:35:04 AM",Kudos,Activity,13531517002
"Feb 4, 2025, 1:35:07 AM",Kudos,Activity,13522011955
"Feb 4, 2025, 1:35:08 AM",Kudos,Activity,13524965346
"Feb 4, 2025, 1:35:11 AM",Kudos,Activity,13529478610
"Feb 4, 2025, 2:00:26 AM",Kudos,Activity,13533302958
"Feb 4, 2025, 2:00:43 AM",Kudos,Activity,13511165347
"Feb 4, 2025, 12:55:26 PM",Kudos,Activity,13536399503
"Feb 4, 2025, 12:55:46 PM",Kudos,Activity,13536465465
"Feb 4, 2025, 12:55:54 PM",Kudos,Activity,13536166240
"Feb 4, 2025, 12:55:58 PM",Kudos,Activity,13535932047
"Feb 4, 2025, 12:56:03 PM",Kudos,Activity,13533428789
"Feb 4, 2025, 12:56:33 PM",Kudos,Activity,13528362655
"Feb 4, 2025, 3:20:15 PM",Kudos,Activity,13537442881
"Feb 4, 2025, 3:20:25 PM",Kudos,Activity,13537121715
"Feb 4, 2025, 3:20:31 PM",Kudos,Activity,13537099323
"Feb 4, 2025, 3:20:33 PM",Kudos,Activity,13537479571
"Feb 4, 2025, 3:20:37 PM",Kudos,Activity,13536885604
"Feb 4, 2025, 3:20:42 PM",Kudos,Activity,13522117182
"Feb 5, 2025, 12:20:26 PM",Kudos,Activity,13545511433
"Feb 5, 2025, 12:20:32 PM",Kudos,Activity,13545412855
"Feb 5, 2025, 12:20:48 PM",Kudos,Activity,13542083356
"Feb 5, 2025, 12:21:00 PM",Kudos,Activity,13542366573
"Feb 5, 2025, 12:21:02 PM",Kudos,Activity,13542364638
"Feb 5, 2025, 12:21:03 PM",Kudos,Activity,13541932144
"Feb 5, 2025, 12:21:11 PM",Kudos,Activity,13539142222
"Feb 5, 2025, 12:21:21 PM",Kudos,Activity,13542340569
"Feb 5, 2025, 12:22:13 PM",Kudos,Activity,13538742937
"Feb 5, 2025, 12:22:20 PM",Kudos,Activity,13541977644
"Feb 5, 2025, 12:22:52 PM",Kudos,Activity,13484818762
"Feb 6, 2025, 1:54:10 AM",Kudos,Activity,13550625986
"Feb 6, 2025, 1:54:25 AM",Kudos,Activity,13550112129
"Feb 6, 2025, 2:38:23 AM",Kudos,Activity,13551232099
"Feb 6, 2025, 2:38:43 AM",Kudos,Activity,13551440832
"Feb 6, 2025, 2:38:53 AM",Kudos,Activity,13546903309
"Feb 6, 2025, 2:38:58 AM",Kudos,Activity,13546663915
"Feb 6, 2025, 2:39:06 AM",Kudos,Activity,13546400690
"Feb 6, 2025, 2:39:14 AM",Kudos,Activity,13546337826
"Feb 6, 2025, 2:39:56 AM",Kudos,Activity,13548137097
"Feb 7, 2025, 12:52:16 AM",Kudos,Activity,13559281744
"Feb 7, 2025, 12:52:28 AM",Kudos,Activity,13559890863
"Feb 7, 2025, 12:52:31 AM",Kudos,Activity,13560247297
"Feb 7, 2025, 12:52:32 AM",Kudos,Activity,13560496124
"Feb 7, 2025, 12:52:39 AM",Kudos,Activity,13554963387
"Feb 7, 2025, 12:52:57 AM",Kudos,Activity,13556022461
"Feb 7, 2025, 12:52:58 AM",Kudos,Activity,13558645455
"Feb 7, 2025, 2:03:42 AM",Kudos,Activity,13560719797
"Feb 7, 2025, 2:14:17 PM",Kudos,Activity,13563816287
"Feb 7, 2025, 2:15:14 PM",Kudos,Activity,13560753585
"Feb 7, 2025, 2:15:14 PM",Kudos,Activity,13563287290
"Feb 7, 2025, 2:28:10 PM",Kudos,Activity,13564231171
"Feb 7, 2025, 2:28:18 PM",Kudos,Activity,13564386822
"Feb 7, 2025, 2:28:20 PM",Kudos,Activity,13564373392
"Feb 7, 2025, 2:28:25 PM",Kudos,Activity,13561187007
"Feb 7, 2025, 2:28:26 PM",Kudos,Activity,13563859437
"Feb 7, 2025, 10:44:46 PM",Kudos,Activity,13564467560
"Feb 7, 2025, 10:44:48 PM",Kudos,Activity,13565104537
"Feb 7, 2025, 10:45:13 PM",Kudos,Activity,13565692479
"Feb 7, 2025, 10:46:33 PM",Kudos,Activity,13567610048
"Feb 7, 2025, 10:46:36 PM",Kudos,Activity,13565392252
"Feb 7, 2025, 10:47:11 PM",Kudos,Activity,13555765873
"Feb 7, 2025, 10:47:16 PM",Kudos,Activity,13556536000
"Feb 7, 2025, 10:48:02 PM",Kudos,Activity,13563036339
"Feb 8, 2025, 1:30:17 AM",Kudos,Activity,13567692166
"Feb 8, 2025, 1:30:25 AM",Kudos,Activity,13567824316
"Feb 8, 2025, 1:30:46 AM",Kudos,Activity,13567520238
"Feb 8, 2025, 1:30:58 AM",Kudos,Activity,13552889889
"Feb 8, 2025, 4:24:07 PM",Kudos,Activity,13573967049
"Feb 8, 2025, 4:24:18 PM",Kudos,Activity,13574328656
"Feb 8, 2025, 4:24:23 PM",Kudos,Activity,13573225577
"Feb 8, 2025, 5:14:34 PM",Kudos,Activity,13574187130
"Feb 8, 2025, 5:14:38 PM",Kudos,Activity,13573766693
"Feb 8, 2025, 5:14:43 PM",Kudos,Activity,13573531982
"Feb 8, 2025, 5:15:04 PM",Kudos,Activity,13569922440
"Feb 8, 2025, 5:15:11 PM",Kudos,Activity,13568621525
"Feb 8, 2025, 5:15:42 PM",Kudos,Activity,13536590010
"Feb 8, 2025, 5:15:48 PM",Kudos,Activity,13549949121
"Feb 8, 2025, 7:01:01 PM",Kudos,Activity,13574901479
"Feb 8, 2025, 7:04:47 PM",Kudos,Activity,13575200142
"Feb 8, 2025, 7:05:17 PM",Kudos,Activity,13575127110
"Feb 8, 2025, 7:08:13 PM",Kudos,Activity,13575019068
"Feb 8, 2025, 7:08:18 PM",Kudos,Activity,13575026742
"Feb 8, 2025, 7:09:39 PM",Kudos,Activity,13575240513
"Feb 8, 2025, 7:10:38 PM",Kudos,Activity,13574467582
"Feb 9, 2025, 1:31:33 AM",Kudos,Activity,13577613531
"Feb 9, 2025, 1:31:35 AM",Kudos,Activity,13576473796
"Feb 9, 2025, 1:31:42 AM",Kudos,Activity,13576249738
"Feb 9, 2025, 1:31:49 AM",Kudos,Activity,13576306583
"Feb 9, 2025, 1:32:10 AM",Kudos,Activity,13574868569
"Feb 9, 2025, 2:48:17 AM",Kudos,Activity,13577932697
"Feb 9, 2025, 2:48:24 AM",Kudos,Activity,13565504426
"Feb 9, 2025, 2:49:32 AM",Kudos,Activity,13558373428
"Feb 9, 2025, 3:09:04 AM",Kudos,Activity,13548333046
"Feb 9, 2025, 3:09:06 AM",Kudos,Activity,13551759210
"Feb 9, 2025, 2:25:18 PM",Kudos,Activity,13581400487
"Feb 9, 2025, 5:11:20 PM",Kudos,Activity,13584183636
"Feb 9, 2025, 5:11:59 PM",Kudos,Activity,13584301938
"Feb 9, 2025, 5:12:02 PM",Kudos,Activity,13584167344
"Feb 9, 2025, 6:09:44 PM",Kudos,Activity,13583939739
"Feb 9, 2025, 6:20:52 PM",Kudos,Activity,13583725071
"Feb 9, 2025, 6:21:03 PM",Kudos,Post,35045265
"Feb 10, 2025, 3:59:49 AM",Kudos,Activity,13584960294
"Feb 10, 2025, 4:00:12 AM",Kudos,Activity,13586564012
"Feb 10, 2025, 4:00:31 AM",Kudos,Activity,13585383961
"Feb 10, 2025, 4:01:54 AM",Kudos,Activity,13586859828
"Feb 10, 2025, 4:02:32 AM",Kudos,Activity,13585268896
"Feb 10, 2025, 4:03:51 AM",Kudos,Activity,13586509275
"Feb 10, 2025, 9:37:26 PM",Kudos,Activity,13590608873
"Feb 10, 2025, 9:37:34 PM",Kudos,Activity,13591000461
"Feb 10, 2025, 9:37:39 PM",Kudos,Activity,13589583702
"Feb 10, 2025, 9:38:10 PM",Kudos,Activity,13591964919
"Feb 10, 2025, 9:38:12 PM",Kudos,Activity,13591732769
"Feb 10, 2025, 11:29:01 PM",Kudos,Activity,13594494298
"Feb 10, 2025, 11:29:25 PM",Kudos,Activity,13594421161
"Feb 11, 2025, 9:35:10 PM",Kudos,Activity,13602166155
"Feb 11, 2025, 9:35:19 PM",Kudos,Activity,13598345765
"Feb 11, 2025, 9:35:28 PM",Kudos,Activity,13599026677
"Feb 11, 2025, 9:35:37 PM",Kudos,Activity,13601246042
"Feb 11, 2025, 9:35:53 PM",Kudos,Activity,13602088771
"Feb 12, 2025, 1:47:05 AM",Kudos,Activity,13603662329
"Feb 12, 2025, 1:47:12 AM",Kudos,Activity,13604657612
"Feb 12, 2025, 1:47:21 AM",Kudos,Activity,13603739991
"Feb 12, 2025, 1:48:12 AM",Kudos,Activity,13604665554
"Feb 12, 2025, 2:16:06 AM",Kudos,Activity,13604679136
"Feb 12, 2025, 2:16:21 AM",Kudos,Activity,13604717814
"Feb 12, 2025, 2:16:24 AM",Kudos,Activity,13604789170
"Feb 12, 2025, 2:16:30 AM",Kudos,Activity,13601032291
"Feb 12, 2025, 2:16:36 AM",Kudos,Activity,13595233120
"Feb 12, 2025, 2:16:41 AM",Kudos,Activity,13602808139
"Feb 12, 2025, 2:16:48 AM",Kudos,Activity,13595595057
"Feb 12, 2025, 2:17:09 AM",Kudos,Activity,13601094070
"Feb 12, 2025, 3:13:53 AM",Kudos,Activity,13601083492
"Feb 12, 2025, 3:14:40 AM",Kudos,Activity,13601107112
"Feb 12, 2025, 3:56:14 AM",Kudos,Activity,13594776223
"Feb 12, 2025, 3:56:22 AM",Kudos,Activity,13595842882
"Feb 12, 2025, 3:56:28 AM",Kudos,Activity,13577268634
"Feb 12, 2025, 3:57:21 AM",Kudos,Activity,13601639031
"Feb 12, 2025, 3:58:08 AM",Kudos,Activity,13573505987
"Feb 12, 2025, 12:19:17 PM",Kudos,Activity,13607206623
"Feb 12, 2025, 12:19:29 PM",Kudos,Activity,13607306589
"Feb 12, 2025, 11:39:02 PM",Kudos,Activity,13612602815
"Feb 12, 2025, 11:40:12 PM",Kudos,Activity,13612262941
"Feb 12, 2025, 11:42:06 PM",Kudos,Post,35105407
"Feb 12, 2025, 11:42:33 PM",Kudos,Activity,13612391122
"Feb 12, 2025, 11:42:35 PM",Kudos,Activity,13608480686
"Feb 12, 2025, 11:42:46 PM",Kudos,Activity,13608641281
"Feb 12, 2025, 11:42:50 PM",Kudos,Activity,13608881680
"Feb 12, 2025, 11:42:56 PM",Kudos,Activity,13607849566
"Feb 12, 2025, 11:43:00 PM",Kudos,Activity,13610937524
"Feb 13, 2025, 12:56:48 AM",Kudos,Activity,13613164440
"Feb 13, 2025, 12:57:49 AM",Kudos,Activity,13609587080
"Feb 13, 2025, 1:42:45 AM",Kudos,Activity,13613195343
"Feb 13, 2025, 1:42:53 AM",Kudos,Activity,13613195495
"Feb 13, 2025, 12:34:01 PM",Kudos,Activity,13616153960
"Feb 13, 2025, 12:34:11 PM",Kudos,Activity,13615812596
"Feb 13, 2025, 3:37:59 PM",Kudos,Activity,13617327884
"Feb 13, 2025, 3:38:50 PM",Kudos,Activity,13617304178
"Feb 13, 2025, 4:39:06 PM",Kudos,Activity,13617739917
"Feb 14, 2025, 1:27:45 AM",Kudos,Activity,13621666262
"Feb 14, 2025, 1:27:58 AM",Kudos,Activity,13620638288
"Feb 14, 2025, 1:28:15 AM",Kudos,Activity,13620765329
"Feb 14, 2025, 1:28:42 AM",Kudos,Activity,13621355607
"Feb 14, 2025, 1:28:46 AM",Kudos,Activity,13621669531
"Feb 14, 2025, 3:30:48 AM",Kudos,Activity,13621910519
"Feb 14, 2025, 3:30:57 AM",Kudos,Activity,13621665718
"Feb 14, 2025, 3:31:12 AM",Kudos,Post,35130296
"Feb 14, 2025, 3:31:55 AM",Kudos,Activity,13618389054
"Feb 14, 2025, 3:31:56 AM",Kudos,Activity,13618405503
"Feb 14, 2025, 3:32:24 AM",Kudos,Activity,13618294214
"Feb 14, 2025, 3:32:51 AM",Kudos,Activity,13621596324
"Feb 14, 2025, 3:33:02 AM",Kudos,Activity,13618221349
"Feb 14, 2025, 2:06:23 PM",Kudos,Activity,13624934504
"Feb 14, 2025, 2:06:54 PM",Kudos,Activity,13624298114
"Feb 14, 2025, 2:06:59 PM",Kudos,Activity,13625085248
"Feb 14, 2025, 2:07:00 PM",Kudos,Activity,13622325618
"Feb 14, 2025, 2:07:10 PM",Kudos,Activity,13624830487
"Feb 14, 2025, 11:37:42 PM",Kudos,Activity,13625780599
"Feb 14, 2025, 11:37:46 PM",Kudos,Activity,13625888841
"Feb 14, 2025, 11:38:10 PM",Kudos,Activity,13625739290
"Feb 14, 2025, 11:38:50 PM",Kudos,Activity,13626372570
"Feb 14, 2025, 11:39:15 PM",Kudos,Activity,13626628605
"Feb 15, 2025, 12:24:36 PM",Kudos,Activity,13627444352
"Feb 15, 2025, 12:24:40 PM",Kudos,Activity,13628792795
"Feb 15, 2025, 12:25:25 PM",Kudos,Activity,13627688195
"Feb 15, 2025, 9:16:06 PM",Kudos,Activity,13636937377
"Feb 15, 2025, 9:16:12 PM",Kudos,Activity,13634780366
"Feb 15, 2025, 9:16:20 PM",Kudos,Activity,13635784913
"Feb 15, 2025, 9:16:23 PM",Kudos,Activity,13633535504
"Feb 15, 2025, 9:16:41 PM",Kudos,Activity,13636009123
"Feb 15, 2025, 9:16:47 PM",Kudos,Activity,13635306165
"Feb 15, 2025, 9:16:47 PM",Kudos,Activity,13634455827
"Feb 15, 2025, 9:16:52 PM",Kudos,Activity,13635359580
"Feb 15, 2025, 9:17:09 PM",Kudos,Activity,13634895308
"Feb 15, 2025, 9:17:16 PM",Kudos,Activity,13635986731
"Feb 15, 2025, 9:17:49 PM",Kudos,Activity,13636078913
"Feb 15, 2025, 9:26:07 PM",Kudos,Activity,13634797710
"Feb 16, 2025, 5:16:39 AM",Kudos,Activity,13637120584
"Feb 16, 2025, 5:16:47 AM",Kudos,Activity,13638257931
"Feb 16, 2025, 5:16:59 AM",Kudos,Activity,13637697966
"Feb 16, 2025, 5:17:31 AM",Kudos,Activity,13637803708
"Feb 16, 2025, 5:17:46 AM",Kudos,Activity,13634877993
"Feb 16, 2025, 5:17:47 AM",Kudos,Activity,13636019230
"Feb 16, 2025, 2:56:51 PM",Kudos,Activity,13641450329
"Feb 16, 2025, 2:57:57 PM",Kudos,Activity,13635889642
"Feb 16, 2025, 2:58:03 PM",Kudos,Activity,13635975339
"Feb 16, 2025, 2:58:06 PM",Kudos,Activity,13635684642
"Feb 16, 2025, 4:44:27 PM",Kudos,Activity,13643718185
"Feb 16, 2025, 9:33:29 PM",Kudos,Activity,13644879824
"Feb 16, 2025, 9:33:35 PM",Kudos,Activity,13645922849
"Feb 16, 2025, 9:59:50 PM",Kudos,Activity,13646186340
"Feb 16, 2025, 9:59:52 PM",Kudos,Activity,13646632110
"Feb 17, 2025, 2:43:14 PM",Kudos,Activity,13647395058
"Feb 17, 2025, 11:00:09 PM",Kudos,Activity,13654054907
"Feb 17, 2025, 11:00:17 PM",Kudos,Activity,13655205286
"Feb 17, 2025, 11:00:25 PM",Kudos,Activity,13653174411
"Feb 17, 2025, 11:00:33 PM",Kudos,Activity,13652968539
"Feb 17, 2025, 11:00:44 PM",Kudos,Activity,13655066725
"Feb 17, 2025, 11:00:48 PM",Kudos,Activity,13652440766
"Feb 17, 2025, 11:00:51 PM",Kudos,Activity,13653071677
"Feb 17, 2025, 11:00:52 PM",Kudos,Activity,13652499162
"Feb 17, 2025, 11:01:03 PM",Kudos,Activity,13653520100
"Feb 17, 2025, 11:01:05 PM",Kudos,Activity,13655275855
"Feb 17, 2025, 11:18:12 PM",Kudos,Activity,13648244800
"Feb 17, 2025, 11:18:17 PM",Kudos,Activity,13650458828
"Feb 18, 2025, 1:06:39 AM",Kudos,Activity,13655842287
"Feb 18, 2025, 1:06:46 AM",Kudos,Activity,13656044107
"Feb 18, 2025, 1:06:50 AM",Kudos,Activity,13655946050
"Feb 18, 2025, 2:34:33 PM",Kudos,Activity,13659665063
"Feb 18, 2025, 2:34:56 PM",Kudos,Activity,13659338263
"Feb 18, 2025, 2:35:15 PM",Kudos,Activity,13656707638
"Feb 18, 2025, 2:35:56 PM",Kudos,Activity,13656615243
"Feb 18, 2025, 2:36:05 PM",Kudos,Activity,13659512224
"Feb 18, 2025, 2:36:08 PM",Kudos,Activity,13658956847
"Feb 18, 2025, 3:09:24 PM",Kudos,Activity,13660528956
"Feb 19, 2025, 12:25:14 AM",Kudos,Activity,13664411577
"Feb 19, 2025, 12:25:44 AM",Kudos,Activity,13665013612
"Feb 19, 2025, 12:25:49 AM",Kudos,Activity,13661153137
"Feb 19, 2025, 2:59:17 AM",Kudos,Activity,13662473212
"Feb 19, 2025, 2:59:22 AM",Kudos,Activity,13664947412
"Feb 19, 2025, 2:59:26 AM",Kudos,Activity,13665096772
"Feb 19, 2025, 2:59:37 AM",Kudos,Activity,13662672253
"Feb 19, 2025, 3:00:05 AM",Kudos,Activity,13662990865
"Feb 19, 2025, 3:00:17 AM",Kudos,Activity,13664282115
"Feb 19, 2025, 3:03:29 AM",Kudos,Activity,13665635124
"Feb 19, 2025, 3:03:34 AM",Kudos,Activity,13665798457
"Feb 19, 2025, 3:03:35 AM",Kudos,Activity,13665635133
"Feb 19, 2025, 12:56:29 PM",Kudos,Activity,13668417176
"Feb 19, 2025, 12:56:47 PM",Kudos,Activity,13668339582
"Feb 19, 2025, 12:57:16 PM",Kudos,Activity,13668765185
"Feb 19, 2025, 12:57:26 PM",Kudos,Activity,13668276442
"Feb 19, 2025, 12:57:31 PM",Kudos,Activity,13665994320
"Feb 19, 2025, 12:57:34 PM",Kudos,Activity,13665516118
"Feb 19, 2025, 12:57:36 PM",Kudos,Activity,13665731704
"Feb 19, 2025, 12:57:43 PM",Kudos,Activity,13661686232
"Feb 19, 2025, 1:10:18 PM",Kudos,Activity,13669147709
"Feb 19, 2025, 1:10:20 PM",Kudos,Activity,13669143185
"Feb 19, 2025, 3:56:22 PM",Kudos,Activity,13669596215
"Feb 19, 2025, 10:53:49 PM",Kudos,Activity,13671344145
"Feb 19, 2025, 10:54:31 PM",Kudos,Activity,13672381806
"Feb 19, 2025, 10:54:32 PM",Kudos,Activity,13672627526
"Feb 19, 2025, 10:54:34 PM",Kudos,Activity,13673385904
"Feb 19, 2025, 10:54:39 PM",Kudos,Activity,13670894928
"Feb 19, 2025, 10:55:13 PM",Kudos,Activity,13671011323
"Feb 20, 2025, 1:01:17 AM",Kudos,Activity,13674507958
"Feb 20, 2025, 1:02:56 AM",Kudos,Activity,13673527079
"Feb 20, 2025, 1:02:58 AM",Kudos,Activity,13673827707
"Feb 20, 2025, 1:03:01 AM",Kudos,Activity,13674505786
"Feb 20, 2025, 2:45:36 AM",Kudos,Activity,13674553389
"Feb 20, 2025, 2:45:42 AM",Kudos,Activity,13674794444
"Feb 20, 2025, 2:45:47 AM",Kudos,Activity,13674553380
"Feb 20, 2025, 2:45:49 AM",Kudos,Activity,13674553377
"Feb 20, 2025, 2:45:55 AM",Kudos,Activity,13674780076
"Feb 20, 2025, 8:11:04 PM",Kudos,Activity,13677743965
"Feb 20, 2025, 8:11:11 PM",Kudos,Activity,13679647244
"Feb 20, 2025, 8:12:26 PM",Kudos,Activity,13675487000
"Feb 20, 2025, 8:12:27 PM",Kudos,Activity,13677859990
"Feb 20, 2025, 8:12:31 PM",Kudos,Activity,13680207771
"Feb 20, 2025, 8:12:47 PM",Kudos,Activity,13677424218
"Feb 20, 2025, 8:13:01 PM",Kudos,Activity,13677619955
"Feb 20, 2025, 8:13:06 PM",Kudos,Activity,13680126383
"Feb 20, 2025, 8:13:13 PM",Kudos,Activity,13677242317
"Feb 20, 2025, 8:13:16 PM",Kudos,Activity,13678335593
"Feb 21, 2025, 2:25:10 PM",Kudos,Activity,13686884918
"Feb 21, 2025, 2:25:19 PM",Kudos,Activity,13686073828
"Feb 21, 2025, 2:25:23 PM",Kudos,Activity,13686574195
"Feb 21, 2025, 2:25:25 PM",Kudos,Activity,13685838564
"Feb 21, 2025, 2:25:27 PM",Kudos,Activity,13683612600
"Feb 21, 2025, 2:26:35 PM",Kudos,Activity,13686241218
"Feb 21, 2025, 2:26:38 PM",Kudos,Activity,13686937332
"Feb 21, 2025, 2:26:45 PM",Kudos,Activity,13682389433
"Feb 21, 2025, 2:26:57 PM",Kudos,Activity,13683331760
"Feb 21, 2025, 2:27:06 PM",Kudos,Activity,13683166229
"Feb 21, 2025, 2:27:18 PM",Kudos,Activity,13683143106
"Feb 21, 2025, 2:27:20 PM",Kudos,Activity,13686494930
"Feb 21, 2025, 2:27:25 PM",Kudos,Activity,13681981995
"Feb 21, 2025, 2:27:31 PM",Kudos,Activity,13682847321
"Feb 21, 2025, 2:27:40 PM",Kudos,Activity,13683115420
"Feb 21, 2025, 2:27:47 PM",Kudos,Activity,13682940169
"Feb 21, 2025, 2:28:11 PM",Kudos,Activity,13682303438
"Feb 21, 2025, 9:08:32 PM",Kudos,Activity,13688835816
"Feb 21, 2025, 9:08:40 PM",Kudos,Activity,13688736619
"Feb 21, 2025, 9:08:54 PM",Kudos,Activity,13688878973
"Feb 21, 2025, 9:08:57 PM",Kudos,Activity,13687055880
"Feb 21, 2025, 9:10:54 PM",Kudos,Activity,13677038682
"Feb 22, 2025, 2:55:38 AM",Kudos,Activity,13690858031
"Feb 22, 2025, 2:55:55 AM",Kudos,Activity,13690335023
"Feb 22, 2025, 2:56:26 AM",Kudos,Activity,13690908056
"Feb 22, 2025, 4:52:55 PM",Kudos,Activity,13696734854
"Feb 22, 2025, 5:48:24 PM",Kudos,Activity,13697532246
"Feb 22, 2025, 5:49:29 PM",Kudos,Activity,13695375855
"Feb 22, 2025, 5:49:40 PM",Kudos,Activity,13697834320
"Feb 22, 2025, 5:49:45 PM",Kudos,Activity,13696683994
"Feb 22, 2025, 10:39:44 PM",Kudos,Activity,13699316898
"Feb 22, 2025, 10:40:11 PM",Kudos,Activity,13697912603
"Feb 22, 2025, 10:40:14 PM",Kudos,Activity,13698734416
"Feb 22, 2025, 10:40:16 PM",Kudos,Activity,13699110444
"Feb 22, 2025, 10:40:27 PM",Kudos,Activity,13699629615
"Feb 22, 2025, 10:40:28 PM",Kudos,Activity,13698381620
"Feb 22, 2025, 10:41:10 PM",Kudos,Activity,13697959641
"Feb 22, 2025, 10:41:11 PM",Kudos,Activity,13697428619
"Feb 22, 2025, 10:41:12 PM",Kudos,Activity,13697922923
"Feb 22, 2025, 10:41:15 PM",Kudos,Activity,13697929956
"Feb 22, 2025, 10:41:16 PM",Kudos,Activity,13698337247
"Feb 22, 2025, 10:41:27 PM",Kudos,Activity,13699331528
"Feb 22, 2025, 10:41:33 PM",Kudos,Activity,13699359951
"Feb 22, 2025, 10:41:46 PM",Kudos,Activity,13699354388
"Feb 22, 2025, 10:41:51 PM",Kudos,Activity,13698445118
"Feb 22, 2025, 10:42:19 PM",Kudos,Activity,13697448323
"Feb 23, 2025, 4:56:35 AM",Kudos,Activity,13700622614
"Feb 23, 2025, 4:56:40 AM",Kudos,Activity,13699901435
"Feb 23, 2025, 12:12:36 PM",Kudos,Activity,13695905920
"Feb 23, 2025, 1:32:25 PM",Kudos,Activity,13704827539
"Feb 23, 2025, 1:32:43 PM",Kudos,Activity,13701471661
"Feb 23, 2025, 1:32:50 PM",Kudos,Activity,13701296299
"Feb 23, 2025, 1:33:24 PM",Kudos,Activity,13691947510
"Feb 23, 2025, 1:33:37 PM",Kudos,Activity,13694695228
"Feb 23, 2025, 1:33:47 PM",Kudos,Activity,13683198478
"Feb 23, 2025, 1:33:57 PM",Kudos,Activity,13690588419
"Feb 23, 2025, 1:34:03 PM",Kudos,Activity,13684439069
"Feb 23, 2025, 1:34:05 PM",Kudos,Activity,13696385363
"Feb 23, 2025, 1:34:09 PM",Kudos,Activity,13691250127
"Feb 23, 2025, 1:34:18 PM",Kudos,Activity,13684231124
"Feb 23, 2025, 1:34:29 PM",Kudos,Activity,13659883210
"Feb 23, 2025, 7:08:11 PM",Kudos,Activity,13705970057
"Feb 23, 2025, 7:08:25 PM",Kudos,Activity,13706648084
"Feb 23, 2025, 7:09:37 PM",Kudos,Activity,13707118949
"Feb 23, 2025, 7:10:13 PM",Kudos,Activity,13706863399
"Feb 23, 2025, 7:10:33 PM",Kudos,Activity,13707757384
"Feb 23, 2025, 9:26:36 PM",Kudos,Activity,13708979712
"Feb 23, 2025, 9:26:47 PM",Kudos,Activity,13707271676
"Feb 23, 2025, 11:53:50 PM",Kudos,Activity,13709664503
"Feb 23, 2025, 11:54:32 PM",Kudos,Activity,13709236286
"Feb 23, 2025, 11:54:41 PM",Kudos,Activity,13709864367
"Feb 23, 2025, 11:54:44 PM",Kudos,Activity,13707931080
"Feb 23, 2025, 11:54:55 PM",Kudos,Activity,13708258644
"Feb 23, 2025, 11:55:06 PM",Kudos,Activity,13707573863
"Feb 23, 2025, 11:55:25 PM",Kudos,Activity,13708188357
"Feb 23, 2025, 11:55:40 PM",Kudos,Activity,13708965705
"Feb 24, 2025, 11:36:10 AM",Kudos,Activity,13710482725
"Feb 24, 2025, 11:36:15 AM",Kudos,Activity,13710160541
"Feb 24, 2025, 11:36:28 AM",Kudos,Activity,13712587475
"Feb 24, 2025, 12:53:17 PM",Kudos,Activity,13712793209
"Feb 24, 2025, 12:53:20 PM",Kudos,Activity,13713205349
"Feb 24, 2025, 12:53:24 PM",Kudos,Activity,13712693856
"Feb 24, 2025, 6:12:51 PM",Kudos,Activity,13714182665
"Feb 24, 2025, 6:12:54 PM",Kudos,Activity,13713888076
"Feb 24, 2025, 6:13:01 PM",Kudos,Activity,13714382294
"Feb 24, 2025, 6:13:15 PM",Kudos,Activity,13715527556
"Feb 24, 2025, 6:13:46 PM",Kudos,Activity,13713550806
"Feb 24, 2025, 11:01:10 PM",Kudos,Activity,13716912177
"Feb 24, 2025, 11:01:19 PM",Kudos,Activity,13717679513
"Feb 24, 2025, 11:01:28 PM",Kudos,Activity,13717693972
"Feb 24, 2025, 11:07:29 PM",Kudos,Activity,13717909349
"Feb 24, 2025, 11:07:36 PM",Kudos,Activity,13715896904
"Feb 25, 2025, 5:32:36 PM",Kudos,Activity,13722992607
"Feb 25, 2025, 5:32:43 PM",Kudos,Activity,13721785504
"Feb 25, 2025, 5:32:48 PM",Kudos,Activity,13722596920
"Feb 25, 2025, 5:32:57 PM",Kudos,Activity,13723091789
"Feb 25, 2025, 5:33:03 PM",Kudos,Activity,13722740165
"Feb 25, 2025, 5:33:09 PM",Kudos,Activity,13722010259
"Feb 25, 2025, 5:33:11 PM",Kudos,Activity,13718441196
"Feb 25, 2025, 5:33:17 PM",Kudos,Activity,13718894814
"Feb 25, 2025, 5:33:24 PM",Kudos,Activity,13721921803
"Feb 25, 2025, 5:33:26 PM",Kudos,Activity,13719088685
"Feb 25, 2025, 5:33:56 PM",Kudos,Activity,13718179760
"Feb 25, 2025, 5:34:03 PM",Kudos,Activity,13724425261
"Feb 25, 2025, 5:34:05 PM",Kudos,Activity,13724473839
"Feb 25, 2025, 5:34:11 PM",Kudos,Activity,13722936115
"Feb 25, 2025, 8:44:33 PM",Kudos,Activity,13725415263
"Feb 25, 2025, 8:44:47 PM",Kudos,Activity,13722409762
"Feb 25, 2025, 8:44:51 PM",Kudos,Activity,13725593344
"Feb 25, 2025, 8:45:17 PM",Kudos,Activity,13718105379
"Feb 25, 2025, 10:15:29 PM",Kudos,Activity,13726956719
"Feb 25, 2025, 10:15:33 PM",Kudos,Activity,13727038628
"Feb 25, 2025, 10:15:37 PM",Kudos,Activity,13727251882
"Feb 25, 2025, 10:15:44 PM",Kudos,Activity,13719393787
"Feb 25, 2025, 10:15:47 PM",Kudos,Activity,13722049951
"Feb 25, 2025, 10:15:49 PM",Kudos,Activity,13718084134
"Feb 26, 2025, 1:37:11 AM",Kudos,Activity,13727775905
"Feb 26, 2025, 1:37:12 AM",Kudos,Activity,13728081833
"Feb 26, 2025, 1:37:29 AM",Kudos,Activity,13727979544
"Feb 26, 2025, 2:16:19 AM",Kudos,Activity,13727781846
"Feb 26, 2025, 3:51:40 AM",Kudos,Activity,13729010454
"Feb 26, 2025, 3:51:49 AM",Kudos,Activity,13728865018
"Feb 26, 2025, 3:52:04 AM",Kudos,Activity,13727998819
"Feb 26, 2025, 3:52:12 AM",Kudos,Activity,13727317994
"Feb 26, 2025, 3:52:36 AM",Kudos,Activity,13727871742
"Feb 26, 2025, 3:52:42 AM",Kudos,Activity,13728478664
"Feb 26, 2025, 3:17:00 PM",Kudos,Activity,13732785695
"Feb 26, 2025, 3:17:09 PM",Kudos,Activity,13732691900
"Feb 26, 2025, 3:17:29 PM",Kudos,Activity,13731771474
"Feb 26, 2025, 3:17:34 PM",Kudos,Activity,13732011688
"Feb 26, 2025, 6:10:08 PM",Kudos,Activity,13734190348
"Feb 26, 2025, 6:10:25 PM",Kudos,Activity,13734434754
"Feb 26, 2025, 6:10:41 PM",Kudos,Activity,13733432409
"Feb 26, 2025, 6:10:52 PM",Kudos,Activity,13733255218
"Feb 26, 2025, 6:11:04 PM",Kudos,Activity,13734499155
"Feb 26, 2025, 6:11:14 PM",Kudos,Activity,13733741832
"Feb 26, 2025, 6:11:16 PM",Kudos,Activity,13733544671
"Feb 26, 2025, 6:11:18 PM",Kudos,Activity,13733568689
"Feb 26, 2025, 6:11:27 PM",Kudos,Activity,13731427452
"Feb 26, 2025, 6:11:29 PM",Kudos,Activity,13731393206
"Feb 26, 2025, 6:11:47 PM",Kudos,Activity,13728039455
"Feb 26, 2025, 6:12:05 PM",Kudos,Activity,13729157940
"Feb 26, 2025, 6:12:44 PM",Kudos,Activity,13727768712
"Feb 27, 2025, 12:28:30 AM",Kudos,Activity,13735942860
"Feb 27, 2025, 12:28:34 AM",Kudos,Activity,13737193686
"Feb 27, 2025, 12:29:05 AM",Kudos,Activity,13736300770
"Feb 27, 2025, 12:29:19 AM",Kudos,Activity,13737201241
"Feb 27, 2025, 12:29:44 AM",Kudos,Activity,13737025351
"Feb 27, 2025, 12:30:42 AM",Kudos,Activity,13736514440
"Feb 27, 2025, 12:31:03 AM",Kudos,Activity,13737339643
"Feb 27, 2025, 12:31:08 AM",Kudos,Activity,13719418411
"Feb 27, 2025, 1:11:43 AM",Kudos,Activity,13737541449
"Feb 27, 2025, 2:19:59 PM",Kudos,Activity,13740681801
"Feb 27, 2025, 2:20:07 PM",Kudos,Activity,13740945088
"Feb 27, 2025, 2:20:15 PM",Kudos,Activity,13741378643
"Feb 27, 2025, 2:20:19 PM",Kudos,Activity,13738397941
"Feb 27, 2025, 2:24:20 PM",Kudos,Activity,13740263374
"Feb 27, 2025, 2:24:26 PM",Kudos,Activity,13740806885
"Feb 27, 2025, 2:24:51 PM",Kudos,Activity,13741462635
"Feb 27, 2025, 2:24:59 PM",Kudos,Activity,13737916863
"Feb 27, 2025, 2:25:23 PM",Kudos,Activity,13739745473
"Feb 27, 2025, 8:07:28 PM",Kudos,Activity,13743706462
"Feb 27, 2025, 8:08:17 PM",Kudos,Activity,13743713008
"Feb 27, 2025, 8:08:27 PM",Kudos,Activity,13743470979
"Feb 27, 2025, 8:08:41 PM",Kudos,Activity,13742964191
"Feb 28, 2025, 3:36:56 AM",Kudos,Activity,13746590327
"Feb 28, 2025, 3:36:56 AM",Kudos,Activity,13746597576
"Feb 28, 2025, 3:37:16 AM",Kudos,Activity,13746491988
"Feb 28, 2025, 3:37:22 AM",Kudos,Activity,13746510993
"Feb 28, 2025, 3:37:48 AM",Kudos,Activity,13746427296
"Feb 28, 2025, 3:37:56 AM",Kudos,Activity,13746942439
"Feb 28, 2025, 3:37:59 AM",Kudos,Activity,13745557820
"Feb 28, 2025, 3:38:02 AM",Kudos,Activity,13745545420
"Feb 28, 2025, 3:38:14 AM",Kudos,Activity,13744833290
"Feb 28, 2025, 3:30:09 PM",Kudos,Activity,13750942960
"Feb 28, 2025, 3:30:16 PM",Kudos,Activity,13750172567
"Feb 28, 2025, 3:30:34 PM",Kudos,Activity,13749927309
"Feb 28, 2025, 3:30:49 PM",Kudos,Activity,13750823878
"Feb 28, 2025, 3:30:50 PM",Kudos,Activity,13749920045
"Feb 28, 2025, 3:30:52 PM",Kudos,Activity,13750091247
"Feb 28, 2025, 3:31:13 PM",Kudos,Activity,13749748206
"Feb 28, 2025, 3:31:16 PM",Kudos,Activity,13750266570
"Feb 28, 2025, 3:31:19 PM",Kudos,Activity,13749504761
"Feb 28, 2025, 3:31:58 PM",Kudos,Activity,13746531788
"Feb 28, 2025, 3:32:05 PM",Kudos,Activity,13750477980
"Feb 28, 2025, 3:32:08 PM",Kudos,Activity,13747754436
"Feb 28, 2025, 3:32:14 PM",Kudos,Activity,13750009770
"Feb 28, 2025, 5:33:10 PM",Kudos,Activity,13751717590
"Feb 28, 2025, 7:51:44 PM",Kudos,Activity,13752983518
"Mar 1, 2025, 5:29:49 AM",Kudos,Activity,13754786864
"Mar 1, 2025, 5:29:55 AM",Kudos,Activity,13754283373
"Mar 1, 2025, 5:30:20 AM",Kudos,Activity,13754594455
"Mar 1, 2025, 5:30:24 AM",Kudos,Activity,13754766241
"Mar 1, 2025, 4:36:04 PM",Kudos,Activity,13759204780
"Mar 1, 2025, 8:03:20 PM",Kudos,Activity,13761666742
"Mar 1, 2025, 8:14:57 PM",Kudos,Activity,13761374763
"Mar 1, 2025, 8:15:27 PM",Kudos,Activity,13760953185
"Mar 1, 2025, 8:15:32 PM",Kudos,Activity,13761937545
"Mar 1, 2025, 8:15:34 PM",Kudos,Activity,13761144944
"Mar 1, 2025, 8:15:39 PM",Kudos,Activity,13761802379
"Mar 1, 2025, 8:15:48 PM",Kudos,Activity,13761189213
"Mar 1, 2025, 8:15:51 PM",Kudos,Activity,13761395365
"Mar 1, 2025, 8:16:00 PM",Kudos,Activity,13761433803
"Mar 1, 2025, 8:16:06 PM",Kudos,Activity,13762386762
"Mar 1, 2025, 8:16:20 PM",Kudos,Activity,13761383368
"Mar 1, 2025, 8:17:17 PM",Kudos,Activity,13761576726
"Mar 1, 2025, 8:17:25 PM",Kudos,Activity,13759911683
"Mar 1, 2025, 8:17:30 PM",Kudos,Activity,13758164651
"Mar 1, 2025, 8:17:34 PM",Kudos,Activity,13760057889
"Mar 1, 2025, 8:17:40 PM",Kudos,Activity,13760250519
"Mar 1, 2025, 8:17:48 PM",Kudos,Activity,13759904913
"Mar 1, 2025, 8:17:52 PM",Kudos,Activity,13760016901
"Mar 2, 2025, 4:22:53 AM",Kudos,Activity,13762784692
"Mar 2, 2025, 4:23:03 AM",Kudos,Activity,13762728216
"Mar 2, 2025, 4:23:05 AM",Kudos,Activity,13763825788
"Mar 2, 2025, 4:23:51 AM",Kudos,Activity,13764488961
"Mar 2, 2025, 4:24:33 AM",Kudos,Activity,13764410159
"Mar 2, 2025, 4:24:53 AM",Kudos,Activity,13762619632
"Mar 2, 2025, 4:25:13 AM",Kudos,Activity,13763908761
"Mar 2, 2025, 2:11:58 PM",Kudos,Activity,13768801739
"Mar 2, 2025, 2:12:14 PM",Kudos,Activity,13764725774
"Mar 2, 2025, 2:12:38 PM",Kudos,Activity,13763230973
"Mar 2, 2025, 4:29:55 PM",Kudos,Activity,13770128476
"Mar 2, 2025, 4:30:11 PM",Kudos,Activity,13770214037
"Mar 2, 2025, 4:30:12 PM",Kudos,Activity,13770194648
"Mar 2, 2025, 4:30:20 PM",Kudos,Activity,13770225890
"Mar 2, 2025, 4:30:37 PM",Kudos,Activity,13768631114
"Mar 2, 2025, 6:31:12 PM",Kudos,Activity,13771434986
"Mar 2, 2025, 6:31:43 PM",Kudos,Activity,13770216842
"Mar 2, 2025, 6:31:47 PM",Kudos,Activity,13771056422
"Mar 2, 2025, 6:33:54 PM",Kudos,Activity,13769915032
"Mar 3, 2025, 5:32:46 PM",Kudos,Activity,13776583165
"Mar 3, 2025, 5:32:50 PM",Kudos,Activity,13776267122
"Mar 3, 2025, 5:32:54 PM",Kudos,Activity,13772460170
"Mar 3, 2025, 5:33:03 PM",Kudos,Activity,13772563720
"Mar 3, 2025, 5:33:05 PM",Kudos,Activity,13772572196
"Mar 3, 2025, 5:33:10 PM",Kudos,Activity,13776048361
"Mar 3, 2025, 5:33:23 PM",Kudos,Activity,13773847991
"Mar 3, 2025, 5:33:26 PM",Kudos,Activity,13773135371
"Mar 3, 2025, 5:33:33 PM",Kudos,Activity,13777632539
"Mar 3, 2025, 5:33:59 PM",Kudos,Activity,13778114435
"Mar 3, 2025, 5:34:04 PM",Kudos,Activity,13774381027
"Mar 3, 2025, 5:34:12 PM",Kudos,Activity,13771863376
"Mar 4, 2025, 5:28:12 PM",Kudos,Activity,13785379877
"Mar 4, 2025, 5:28:14 PM",Kudos,Activity,13785878945
"Mar 4, 2025, 5:28:17 PM",Kudos,Activity,13786280918
"Mar 4, 2025, 5:28:34 PM",Kudos,Activity,13783081374
"Mar 4, 2025, 5:28:43 PM",Kudos,Activity,13786277360
"Mar 4, 2025, 5:28:59 PM",Kudos,Activity,13782181969
"Mar 4, 2025, 5:29:11 PM",Kudos,Activity,13782127654
"Mar 4, 2025, 5:29:23 PM",Kudos,Activity,13787876697
"Mar 4, 2025, 5:29:25 PM",Kudos,Activity,13785149906
"Mar 4, 2025, 5:29:27 PM",Kudos,Activity,13782145418
"Mar 4, 2025, 5:29:36 PM",Kudos,Activity,13787669031
"Mar 4, 2025, 5:29:38 PM",Kudos,Activity,13782518506
"Mar 4, 2025, 5:29:40 PM",Kudos,Activity,13782888086
"Mar 4, 2025, 5:29:41 PM",Kudos,Activity,13778559305
"Mar 5, 2025, 12:39:12 AM",Kudos,Activity,13790379876
"Mar 5, 2025, 2:50:58 AM",Kudos,Activity,13791915205
"Mar 5, 2025, 2:51:35 AM",Kudos,Activity,13791956782
"Mar 5, 2025, 2:51:49 AM",Kudos,Activity,13792210070
"Mar 5, 2025, 2:51:58 AM",Kudos,Activity,13792091676
"Mar 5, 2025, 11:36:29 AM",Kudos,Activity,13794727263
"Mar 5, 2025, 11:36:51 AM",Kudos,Activity,13792445642
"Mar 5, 2025, 11:37:35 AM",Kudos,Activity,13788752360
"Mar 5, 2025, 1:13:34 PM",Kudos,Activity,13795344330
"Mar 5, 2025, 5:02:59 PM",Kudos,Activity,13797374257
"Mar 6, 2025, 1:58:52 AM",Kudos,Activity,13801153711
"Mar 6, 2025, 1:59:07 AM",Kudos,Activity,13800957285
"Mar 6, 2025, 1:59:10 AM",Kudos,Activity,13801003220
"Mar 6, 2025, 1:59:16 AM",Kudos,Activity,13800313130
"Mar 6, 2025, 2:02:02 AM",Kudos,Activity,13801426921
"Mar 6, 2025, 2:02:29 PM",Kudos,Activity,13804259667
"Mar 6, 2025, 2:02:36 PM",Kudos,Activity,13804920231
"Mar 6, 2025, 2:02:37 PM",Kudos,Activity,13804906595
"Mar 6, 2025, 2:02:43 PM",Kudos,Activity,13805241379
"Mar 6, 2025, 2:02:56 PM",Kudos,Activity,13805284472
"Mar 6, 2025, 2:03:04 PM",Kudos,Activity,13803963452
"Mar 6, 2025, 2:03:29 PM",Kudos,Activity,13801973581
"Mar 6, 2025, 2:03:37 PM",Kudos,Activity,13800492509
"Mar 6, 2025, 2:03:43 PM",Kudos,Activity,13801521939
"Mar 6, 2025, 5:29:33 PM",Kudos,Activity,13806090999
"Mar 6, 2025, 5:29:59 PM",Kudos,Activity,13805424643
"Mar 6, 2025, 10:14:17 PM",Kudos,Activity,13797234849
"Mar 6, 2025, 11:37:17 PM",Kudos,Activity,13809898379
"Mar 6, 2025, 11:37:24 PM",Kudos,Activity,13809733659
"Mar 7, 2025, 12:19:15 AM",Kudos,Activity,13810076453
"Mar 7, 2025, 12:19:16 AM",Kudos,Activity,13810125145
"Mar 7, 2025, 2:00:25 AM",Kudos,Activity,13791761148
"Mar 7, 2025, 2:00:41 AM",Kudos,Activity,13809414917
"Mar 7, 2025, 2:00:43 AM",Kudos,Activity,13810553271
"Mar 7, 2025, 1:56:28 PM",Kudos,Activity,13814071517
"Mar 7, 2025, 1:56:40 PM",Kudos,Activity,13814114425
"Mar 7, 2025, 1:56:44 PM",Kudos,Activity,13813311465
"Mar 7, 2025, 1:56:51 PM",Kudos,Activity,13813566442
"Mar 7, 2025, 1:56:56 PM",Kudos,Activity,13811001984
"Mar 7, 2025, 4:31:58 PM",Kudos,Activity,13814830919
"Mar 7, 2025, 4:32:23 PM",Kudos,Activity,13815405292
"Mar 7, 2025, 4:32:50 PM",Kudos,Activity,13805424772
"Mar 7, 2025, 4:33:02 PM",Kudos,Activity,13504270828
"Mar 7, 2025, 4:33:17 PM",Kudos,Activity,13145634623
"Mar 7, 2025, 4:33:21 PM",Kudos,Activity,13076415858
"Mar 7, 2025, 4:33:37 PM",Kudos,Activity,12713305511
"Mar 7, 2025, 4:34:06 PM",Kudos,Activity,12610793516
"Mar 7, 2025, 9:59:13 PM",Kudos,Activity,13816995451
"Mar 7, 2025, 10:00:12 PM",Kudos,Activity,13817663878
"Mar 7, 2025, 10:00:17 PM",Kudos,Activity,13815826447
"Mar 7, 2025, 10:00:24 PM",Kudos,Activity,13815315584
"Mar 7, 2025, 10:00:35 PM",Kudos,Activity,13816041146
"Mar 7, 2025, 11:45:02 PM",Kudos,Activity,13818001522
"Mar 8, 2025, 3:49:35 AM",Kudos,Activity,13818320614
"Mar 8, 2025, 3:49:37 AM",Kudos,Activity,13819128472
"Mar 8, 2025, 3:49:38 AM",Kudos,Activity,13818715188
"Mar 8, 2025, 3:49:41 AM",Kudos,Activity,13819150502
"Mar 8, 2025, 3:49:44 AM",Kudos,Activity,13819159281
"Mar 8, 2025, 3:50:44 AM",Kudos,Activity,13819006413
"Mar 8, 2025, 2:13:15 PM",Kudos,Activity,13823337262
"Mar 8, 2025, 2:13:56 PM",Kudos,Activity,13823531030
"Mar 8, 2025, 2:14:01 PM",Kudos,Activity,13822430630
"Mar 8, 2025, 5:06:02 PM",Kudos,Activity,13825073399
"Mar 8, 2025, 5:06:08 PM",Kudos,Activity,13824701353
"Mar 8, 2025, 5:06:31 PM",Kudos,Activity,13825479636
"Mar 8, 2025, 5:06:35 PM",Kudos,Activity,13825530315
"Mar 8, 2025, 5:06:37 PM",Kudos,Activity,13825429572
"Mar 8, 2025, 5:06:39 PM",Kudos,Activity,13825425822
"Mar 8, 2025, 5:06:48 PM",Kudos,Activity,13823889210
"Mar 8, 2025, 5:43:34 PM",Kudos,Activity,13825979042
"Mar 8, 2025, 7:06:40 PM",Kudos,Activity,13826002631
"Mar 8, 2025, 7:06:42 PM",Kudos,Activity,13826292450
"Mar 8, 2025, 7:06:47 PM",Kudos,Activity,13826333622
"Mar 8, 2025, 7:06:53 PM",Kudos,Activity,13826471776
"Mar 8, 2025, 7:07:11 PM",Kudos,Activity,13825987508
"Mar 8, 2025, 7:07:46 PM",Kudos,Activity,13826292470
"Mar 8, 2025, 7:07:52 PM",Kudos,Activity,13817777498
"Mar 8, 2025, 7:07:54 PM",Kudos,Activity,13826469784
"Mar 8, 2025, 7:08:02 PM",Kudos,Activity,13800943913
"Mar 8, 2025, 7:08:11 PM",Kudos,Activity,13826566056
"Mar 8, 2025, 7:51:57 PM",Kudos,Activity,13826625680
"Mar 8, 2025, 7:52:02 PM",Kudos,Activity,13826742826
"Mar 8, 2025, 7:52:32 PM",Kudos,Activity,13826867409
"Mar 8, 2025, 10:05:54 PM",Kudos,Activity,13827084658
"Mar 9, 2025, 1:19:42 AM",Kudos,Activity,13828062620
"Mar 9, 2025, 1:19:50 AM",Kudos,Activity,13828121580
"Mar 9, 2025, 1:19:52 AM",Kudos,Activity,13827774161
"Mar 9, 2025, 1:19:54 AM",Kudos,Activity,13828048454
"Mar 9, 2025, 4:40:24 AM",Kudos,Activity,13828843114
"Mar 9, 2025, 4:40:33 AM",Kudos,Activity,13828959804
"Mar 9, 2025, 4:40:35 AM",Kudos,Activity,13828829739
"Mar 9, 2025, 2:12:10 PM",Kudos,Activity,13833574833
"Mar 9, 2025, 2:12:21 PM",Kudos,Activity,13832260415
"Mar 9, 2025, 4:49:18 PM",Kudos,Activity,13835100913
"Mar 9, 2025, 4:52:59 PM",Kudos,Activity,13835761892
"Mar 9, 2025, 4:53:03 PM",Kudos,Activity,13834901996
"Mar 9, 2025, 4:53:12 PM",Kudos,Post,35583194
"Mar 9, 2025, 4:53:14 PM",Kudos,Activity,13835118774
"Mar 9, 2025, 4:53:23 PM",Kudos,Activity,13834447138
"Mar 9, 2025, 4:53:26 PM",Kudos,Activity,13835824696
"Mar 10, 2025, 12:19:56 AM",Kudos,Activity,13836920816
"Mar 10, 2025, 3:08:13 AM",Kudos,Activity,13839319896
"Mar 10, 2025, 3:08:19 AM",Kudos,Activity,13839249449
"Mar 10, 2025, 3:08:22 AM",Kudos,Activity,13838451373
"Mar 10, 2025, 3:08:24 AM",Kudos,Activity,13836845618
"Mar 10, 2025, 3:08:29 AM",Kudos,Activity,13838306900
"Mar 10, 2025, 3:08:32 AM",Kudos,Activity,13836734485
"Mar 10, 2025, 3:08:34 AM",Kudos,Activity,13837433049
"Mar 10, 2025, 3:08:41 AM",Kudos,Activity,13838572795
"Mar 10, 2025, 11:55:54 AM",Kudos,Activity,13841578626
"Mar 10, 2025, 11:55:57 AM",Kudos,Activity,13841274554
"Mar 10, 2025, 11:56:52 AM",Kudos,Activity,13816280999
"Mar 10, 2025, 11:56:57 AM",Kudos,Activity,13841018458
"Mar 10, 2025, 2:23:10 PM",Kudos,Activity,13834147448
"Mar 10, 2025, 2:23:22 PM",Kudos,Activity,13807285824
"Mar 10, 2025, 2:23:24 PM",Kudos,Activity,13807115976
"Mar 10, 2025, 2:24:28 PM",Kudos,Activity,13800975820
"Mar 10, 2025, 2:24:59 PM",Kudos,Activity,13794851310
"Mar 10, 2025, 2:25:01 PM",Kudos,Activity,13791708457
"Mar 10, 2025, 2:25:30 PM",Kudos,Activity,13797488919
"Mar 10, 2025, 2:25:32 PM",Kudos,Activity,13800260058
"Mar 10, 2025, 8:47:50 PM",Kudos,Activity,13845594742
"Mar 10, 2025, 8:47:56 PM",Kudos,Activity,13846045335
"Mar 10, 2025, 8:48:24 PM",Kudos,Activity,13843121183
"Mar 10, 2025, 8:48:27 PM",Kudos,Activity,13844813025
"Mar 10, 2025, 8:48:43 PM",Kudos,Activity,13843338517
"Mar 10, 2025, 8:48:46 PM",Kudos,Activity,13843469611
"Mar 10, 2025, 8:48:48 PM",Kudos,Activity,13843701499
"Mar 11, 2025, 11:33:06 AM",Kudos,Activity,13846927982
"Mar 11, 2025, 11:33:16 AM",Kudos,Activity,13846926840
"Mar 11, 2025, 11:33:20 AM",Kudos,Activity,13850640073
"Mar 11, 2025, 11:33:34 AM",Kudos,Activity,13847302200
"Mar 11, 2025, 11:33:37 AM",Kudos,Activity,13847789975
"Mar 11, 2025, 11:33:56 AM",Kudos,Activity,13848227575
"Mar 11, 2025, 11:34:06 AM",Kudos,Activity,13850372237
"Mar 11, 2025, 11:34:07 AM",Kudos,Activity,13847102357
"Mar 11, 2025, 11:34:09 AM",Kudos,Activity,13847922532
"Mar 11, 2025, 11:34:54 AM",Kudos,Activity,13847238351
"Mar 11, 2025, 11:34:58 AM",Kudos,Activity,13847242251
"Mar 11, 2025, 11:35:00 AM",Kudos,Activity,13847962890
"Mar 11, 2025, 11:35:12 AM",Kudos,Activity,13847537672
"Mar 11, 2025, 11:35:26 AM",Kudos,Activity,13847109723
"Mar 11, 2025, 11:35:37 AM",Kudos,Activity,13846957143
"Mar 11, 2025, 11:35:50 AM",Kudos,Activity,13847567954
"Mar 11, 2025, 11:35:52 AM",Kudos,Activity,13846880718
"Mar 11, 2025, 9:55:36 PM",Kudos,Activity,13851153484
"Mar 11, 2025, 9:56:31 PM",Kudos,Activity,13855828288
"Mar 11, 2025, 9:57:12 PM",Kudos,Activity,13853792641
"Mar 11, 2025, 9:57:22 PM",Kudos,Activity,13851314737
"Mar 11, 2025, 9:57:31 PM",Kudos,Activity,13855131052
"Mar 11, 2025, 9:58:57 PM",Kudos,Activity,13851143495
"Mar 11, 2025, 9:59:13 PM",Kudos,Activity,13853916750
"Mar 11, 2025, 9:59:18 PM",Kudos,Activity,13851052129
"Mar 11, 2025, 9:59:21 PM",Kudos,Activity,13853973969
"Mar 11, 2025, 9:59:30 PM",Kudos,Activity,13853546581
"Mar 11, 2025, 9:59:32 PM",Kudos,Activity,13853485263
"Mar 11, 2025, 9:59:34 PM",Kudos,Activity,13855445653
"Mar 11, 2025, 9:59:37 PM",Kudos,Activity,13856370179
"Mar 11, 2025, 9:59:40 PM",Kudos,Activity,13851235944
"Mar 11, 2025, 9:59:44 PM",Kudos,Activity,13856349356
"Mar 11, 2025, 9:59:56 PM",Kudos,Activity,13851602065
"Mar 11, 2025, 11:35:21 PM",Kudos,Activity,13856842632
"Mar 11, 2025, 11:35:24 PM",Kudos,Activity,13856590261
"Mar 11, 2025, 11:35:28 PM",Kudos,Activity,13856932100
"Mar 11, 2025, 11:35:36 PM",Kudos,Activity,13856985960
"Mar 11, 2025, 11:35:39 PM",Kudos,Activity,13857152398
"Mar 11, 2025, 11:35:42 PM",Kudos,Activity,13857095125
"Mar 11, 2025, 11:35:45 PM",Kudos,Activity,13856697055
"Mar 11, 2025, 11:35:48 PM",Kudos,Activity,13846940257
"Mar 11, 2025, 11:35:59 PM",Kudos,Activity,13846869556
"Mar 12, 2025, 1:29:53 AM",Kudos,Activity,13857899354
"Mar 12, 2025, 1:30:13 AM",Kudos,Activity,13857637440
"Mar 12, 2025, 1:30:21 AM",Kudos,Activity,13855886499
"Mar 12, 2025, 1:30:28 AM",Kudos,Activity,13857106404
"Mar 12, 2025, 12:22:11 PM",Kudos,Activity,13860905027
"Mar 12, 2025, 12:22:17 PM",Kudos,Activity,13858299931
"Mar 12, 2025, 12:22:33 PM",Kudos,Activity,13860403162
"Mar 12, 2025, 12:22:59 PM",Kudos,Activity,13858342133
"Mar 12, 2025, 12:23:01 PM",Kudos,Activity,13858343883
"Mar 12, 2025, 12:23:06 PM",Kudos,Activity,13861156401
"Mar 12, 2025, 12:23:10 PM",Kudos,Activity,13856907338
"Mar 12, 2025, 12:23:17 PM",Kudos,Activity,13860215772
"Mar 12, 2025, 12:23:19 PM",Kudos,Activity,13858450980
"Mar 12, 2025, 12:23:22 PM",Kudos,Activity,13861064489
"Mar 12, 2025, 12:23:39 PM",Kudos,Activity,13810425674
"Mar 12, 2025, 2:39:10 PM",Kudos,Activity,13861276029
"Mar 12, 2025, 2:39:22 PM",Kudos,Activity,13861242657
"Mar 12, 2025, 2:39:31 PM",Kudos,Activity,13861713141
"Mar 12, 2025, 4:56:25 PM",Kudos,Activity,13862490255
"Mar 12, 2025, 4:56:27 PM",Kudos,Activity,13862696988
"Mar 12, 2025, 4:56:44 PM",Kudos,Activity,13861170280
"Mar 12, 2025, 6:26:59 PM",Kudos,Activity,13863270211
"Mar 12, 2025, 6:27:36 PM",Kudos,Activity,13863278908
"Mar 12, 2025, 6:27:40 PM",Kudos,Activity,13862830881
"Mar 12, 2025, 6:27:47 PM",Kudos,Post,35657870
"Mar 12, 2025, 6:28:03 PM",Kudos,Activity,13862451919
"Mar 12, 2025, 9:24:30 PM",Kudos,Activity,13863796793
"Mar 12, 2025, 9:24:37 PM",Kudos,Activity,13865210987
"Mar 12, 2025, 11:39:37 PM",Kudos,Activity,13866639810
"Mar 12, 2025, 11:39:43 PM",Kudos,Activity,13865907507
"Mar 12, 2025, 11:39:55 PM",Kudos,Activity,13866003002
"Mar 13, 2025, 12:44:19 AM",Kudos,Activity,13866015116
"Mar 13, 2025, 1:55:10 AM",Kudos,Activity,13867353551
"Mar 13, 2025, 1:55:12 AM",Kudos,Activity,13867353483
"Mar 13, 2025, 12:10:44 PM",Kudos,Activity,13869656143
"Mar 13, 2025, 12:11:04 PM",Kudos,Activity,13870084206
"Mar 13, 2025, 12:11:13 PM",Kudos,Activity,13869955164
"Mar 13, 2025, 12:11:56 PM",Kudos,Activity,13867561515
"Mar 13, 2025, 8:16:08 PM",Kudos,Activity,13872507900
"Mar 13, 2025, 8:16:14 PM",Kudos,Activity,13872469970
"Mar 13, 2025, 10:35:06 PM",Kudos,Activity,13875376047
"Mar 13, 2025, 10:35:16 PM",Kudos,Activity,13870840374
"Mar 13, 2025, 10:35:21 PM",Kudos,Activity,13873737100
"Mar 13, 2025, 10:35:27 PM",Kudos,Activity,13872587234
"Mar 13, 2025, 10:35:56 PM",Kudos,Activity,13872300713
"Mar 13, 2025, 10:35:58 PM",Kudos,Activity,13872192530
"Mar 13, 2025, 10:36:07 PM",Kudos,Activity,13871127249
"Mar 13, 2025, 10:36:08 PM",Kudos,Activity,13871437815
"Mar 13, 2025, 10:36:16 PM",Kudos,Activity,13871050398
"Mar 13, 2025, 10:36:23 PM",Kudos,Activity,13871754595
"Mar 13, 2025, 11:36:43 PM",Kudos,Activity,13875792360
"Mar 13, 2025, 11:36:48 PM",Kudos,Activity,13876096848
"Mar 13, 2025, 11:37:04 PM",Kudos,Activity,13876176445
"Mar 14, 2025, 12:57:36 AM",Kudos,Activity,13876593026
"Mar 14, 2025, 12:57:38 AM",Kudos,Activity,13876309571
"Mar 14, 2025, 12:58:44 AM",Kudos,Activity,13876300450
"Mar 14, 2025, 12:58:47 AM",Kudos,Activity,13876553794
"Mar 14, 2025, 12:58:57 AM",Kudos,Activity,13876474323
"Mar 14, 2025, 12:59:03 AM",Kudos,Activity,13876668727
"Mar 14, 2025, 2:10:40 AM",Kudos,Activity,13876824588
"Mar 14, 2025, 2:10:42 AM",Kudos,Activity,13876324741
"Mar 14, 2025, 2:10:44 AM",Kudos,Activity,13876880822
"Mar 14, 2025, 10:56:53 AM",Kudos,Activity,13877234544
"Mar 14, 2025, 1:16:19 PM",Kudos,Activity,13878993512
"Mar 14, 2025, 1:16:22 PM",Kudos,Activity,13879963578
"Mar 14, 2025, 1:16:24 PM",Kudos,Activity,13879961474
"Mar 14, 2025, 1:18:08 PM",Kudos,Activity,13879574953
"Mar 14, 2025, 1:18:11 PM",Kudos,Activity,13879302751
"Mar 14, 2025, 1:18:16 PM",Kudos,Activity,13879497204
"Mar 14, 2025, 1:18:32 PM",Kudos,Activity,13879579707
"Mar 14, 2025, 2:52:29 PM",Kudos,Activity,13880364295
"Mar 14, 2025, 2:52:54 PM",Kudos,Activity,13879708455
"Mar 14, 2025, 2:53:17 PM",Kudos,Activity,13880606794
"Mar 14, 2025, 2:53:25 PM",Kudos,Activity,13880070991
"Mar 14, 2025, 2:53:29 PM",Kudos,Activity,13880051907
"Mar 14, 2025, 5:49:46 PM",Kudos,Activity,13876142383
"Mar 14, 2025, 5:49:56 PM",Kudos,Activity,13881870332
"Mar 15, 2025, 3:16:29 AM",Kudos,Activity,13883962995
"Mar 15, 2025, 3:16:56 AM",Kudos,Activity,13882126710
"Mar 15, 2025, 3:17:03 AM",Kudos,Activity,13882125291
"Mar 15, 2025, 3:17:11 AM",Kudos,Activity,13883399625
"Mar 15, 2025, 3:17:29 AM",Kudos,Activity,13883685535
"Mar 15, 2025, 3:17:35 AM",Kudos,Activity,13884251288
"Mar 15, 2025, 3:17:41 AM",Kudos,Activity,13883421537
"Mar 15, 2025, 3:17:45 AM",Kudos,Activity,13884609483
"Mar 15, 2025, 3:17:48 AM",Kudos,Activity,13884744371
"Mar 15, 2025, 3:18:20 AM",Kudos,Activity,13885027940
"Mar 15, 2025, 3:20:19 AM",Kudos,Activity,13883464772
"Mar 15, 2025, 12:33:06 PM",Kudos,Activity,13887575679
"Mar 15, 2025, 5:46:01 PM",Kudos,Activity,13888985483
"Mar 15, 2025, 5:46:06 PM",Kudos,Activity,13889308862
"Mar 15, 2025, 5:46:28 PM",Kudos,Activity,13889474170
"Mar 15, 2025, 5:46:33 PM",Kudos,Activity,13889485375
"Mar 15, 2025, 5:46:37 PM",Kudos,Activity,13889064460
"Mar 15, 2025, 5:46:41 PM",Kudos,Activity,13889071035
"Mar 15, 2025, 5:46:53 PM",Kudos,Activity,13888785151
"Mar 15, 2025, 8:12:03 PM",Kudos,Activity,13890740341
"Mar 15, 2025, 9:58:50 PM",Kudos,Activity,13891629998
"Mar 15, 2025, 9:58:53 PM",Kudos,Activity,13893027109
"Mar 15, 2025, 9:59:10 PM",Kudos,Activity,13892904727
"Mar 15, 2025, 9:59:46 PM",Kudos,Activity,13891674716
"Mar 15, 2025, 10:02:04 PM",Kudos,Activity,13891613008
"Mar 15, 2025, 10:02:08 PM",Kudos,Activity,13890706011
"Mar 15, 2025, 10:02:11 PM",Kudos,Activity,13892152444
"Mar 15, 2025, 10:02:14 PM",Kudos,Activity,13892293170
"Mar 15, 2025, 10:02:45 PM",Kudos,Activity,13891474425
"Mar 15, 2025, 10:02:50 PM",Kudos,Activity,13891003796
"Mar 15, 2025, 10:03:16 PM",Kudos,Activity,13890076058
"Mar 15, 2025, 10:03:33 PM",Kudos,Activity,13890406909
"Mar 15, 2025, 10:03:37 PM",Kudos,Activity,13890547277
"Mar 15, 2025, 10:03:47 PM",Kudos,Activity,13890598939
"Mar 16, 2025, 1:03:36 AM",Kudos,Activity,13893231091
"Mar 16, 2025, 1:03:52 AM",Kudos,Activity,13893323719
"Mar 16, 2025, 12:50:37 PM",Kudos,Activity,13897874735
"Mar 16, 2025, 12:50:51 PM",Kudos,Activity,13894389569
"Mar 16, 2025, 12:50:57 PM",Kudos,Activity,13896466192
"Mar 16, 2025, 7:03:07 PM",Kudos,Activity,13899448911
"Mar 16, 2025, 7:03:29 PM",Kudos,Activity,13899952111
"Mar 16, 2025, 7:03:50 PM",Kudos,Activity,13899481647
"Mar 16, 2025, 7:04:14 PM",Kudos,Activity,13899706776
"Mar 16, 2025, 7:04:24 PM",Kudos,Activity,13899178692
"Mar 16, 2025, 7:04:36 PM",Kudos,Activity,13900502899
"Mar 16, 2025, 7:04:44 PM",Kudos,Activity,13899551116
"Mar 16, 2025, 7:05:15 PM",Kudos,Activity,13898557557
"Mar 16, 2025, 7:05:20 PM",Kudos,Activity,13901095811
"Mar 16, 2025, 7:05:22 PM",Kudos,Activity,13900603271
"Mar 16, 2025, 7:05:35 PM",Kudos,Activity,13901143951
"Mar 16, 2025, 7:06:09 PM",Kudos,Activity,13900819674
"Mar 17, 2025, 12:08:13 AM",Kudos,Activity,13903194804
"Mar 17, 2025, 7:52:52 PM",Kudos,Activity,13908568032
"Mar 17, 2025, 7:53:57 PM",Kudos,Activity,13908467707
"Mar 17, 2025, 7:54:04 PM",Kudos,Activity,13908160765
"Mar 17, 2025, 7:54:17 PM",Kudos,Activity,13906041170
"Mar 17, 2025, 7:54:19 PM",Kudos,Activity,13905893550
"Mar 17, 2025, 7:54:22 PM",Kudos,Activity,13907889792
"Mar 17, 2025, 7:54:24 PM",Kudos,Activity,13907968580
"Mar 17, 2025, 7:54:28 PM",Kudos,Activity,13907844297
"Mar 17, 2025, 11:19:53 PM",Kudos,Activity,13911542853
"Mar 17, 2025, 11:20:14 PM",Kudos,Activity,13911592213
"Mar 17, 2025, 11:20:18 PM",Kudos,Activity,13911225182
"Mar 17, 2025, 11:20:26 PM",Kudos,Activity,13911746528
"Mar 18, 2025, 1:49:23 AM",Kudos,Activity,13912304746
"Mar 18, 2025, 1:49:35 AM",Kudos,Activity,13911833717
"Mar 18, 2025, 1:50:12 AM",Kudos,Activity,13911879147
"Mar 18, 2025, 9:14:12 PM",Kudos,Activity,13920399148
"Mar 18, 2025, 9:14:28 PM",Kudos,Activity,13915694703
"Mar 18, 2025, 9:14:30 PM",Kudos,Activity,13916420163
"Mar 18, 2025, 9:14:35 PM",Kudos,Activity,13915567721
"Mar 19, 2025, 12:37:34 AM",Kudos,Activity,13921500889
"Mar 19, 2025, 12:37:45 AM",Kudos,Activity,13921405841
"Mar 19, 2025, 12:37:50 AM",Kudos,Activity,13921725165
"Mar 19, 2025, 12:38:01 AM",Kudos,Activity,13920982428
"Mar 19, 2025, 12:38:03 AM",Kudos,Activity,13920717805
"Mar 19, 2025, 12:38:09 AM",Kudos,Activity,13921255868
"Mar 19, 2025, 12:38:11 AM",Kudos,Activity,13921594926
"Mar 19, 2025, 12:38:13 AM",Kudos,Activity,13921687960
"Mar 19, 2025, 12:38:32 AM",Kudos,Activity,13921171627
"Mar 19, 2025, 1:58:29 AM",Kudos,Activity,13916914346
"Mar 19, 2025, 1:58:33 AM",Kudos,Activity,13913070695
"Mar 19, 2025, 1:59:20 AM",Kudos,Activity,13914943372
"Mar 19, 2025, 1:59:22 AM",Kudos,Activity,13916649223
"Mar 19, 2025, 1:59:31 AM",Kudos,Activity,13917303844
"Mar 19, 2025, 1:59:34 AM",Kudos,Activity,13919829319
"Mar 19, 2025, 1:59:37 AM",Kudos,Activity,13915947304
"Mar 19, 2025, 1:59:42 AM",Kudos,Activity,13918086564
"Mar 19, 2025, 1:59:46 AM",Kudos,Activity,13914722431
"Mar 19, 2025, 1:59:51 AM",Kudos,Activity,13917194662
"Mar 19, 2025, 1:59:53 AM",Kudos,Activity,13917243654
"Mar 19, 2025, 1:59:58 AM",Kudos,Activity,13915286700
"Mar 19, 2025, 1:59:58 AM",Kudos,Activity,13912741858
"Mar 19, 2025, 2:00:00 AM",Kudos,Activity,13915693314
"Mar 19, 2025, 3:20:09 AM",Kudos,Activity,13922619693
"Mar 19, 2025, 3:20:31 AM",Kudos,Activity,13912726425
"Mar 19, 2025, 3:20:42 AM",Kudos,Activity,13915694501
"Mar 19, 2025, 11:23:28 AM",Kudos,Activity,13924872480
"Mar 19, 2025, 11:23:33 AM",Kudos,Activity,13924717468
"Mar 19, 2025, 11:23:38 AM",Kudos,Activity,13922815465
"Mar 19, 2025, 11:23:52 AM",Kudos,Activity,13922815092
"Mar 19, 2025, 11:24:33 AM",Kudos,Activity,13915513369
"Mar 19, 2025, 11:24:51 AM",Kudos,Activity,13915291936
"Mar 19, 2025, 12:46:24 PM",Kudos,Activity,13925580065
"Mar 19, 2025, 12:46:26 PM",Kudos,Activity,13925170780
"Mar 19, 2025, 12:46:38 PM",Kudos,Activity,13925481530
"Mar 19, 2025, 10:09:59 PM",Kudos,Activity,13930382572
"Mar 19, 2025, 10:10:19 PM",Kudos,Activity,13930763982
"Mar 19, 2025, 10:10:28 PM",Kudos,Activity,13930798250
"Mar 19, 2025, 10:10:42 PM",Kudos,Activity,13930856238
"Mar 19, 2025, 10:10:48 PM",Kudos,Activity,13930335037
"Mar 19, 2025, 10:10:57 PM",Kudos,Activity,13930509476
"Mar 19, 2025, 10:48:31 PM",Kudos,Activity,13930946663
"Mar 19, 2025, 10:48:40 PM",Kudos,Activity,13928485399
"Mar 19, 2025, 10:48:51 PM",Kudos,Activity,13926264640
"Mar 20, 2025, 1:15:47 AM",Kudos,Activity,13931756766
"Mar 20, 2025, 1:15:52 AM",Kudos,Activity,13930986929
"Mar 20, 2025, 1:16:28 AM",Kudos,Activity,13931334724
"Mar 20, 2025, 1:16:35 AM",Kudos,Activity,13931275206
"Mar 20, 2025, 2:47:52 AM",Kudos,Activity,13932181820
"Mar 20, 2025, 2:47:55 AM",Kudos,Activity,13932181813
"Mar 20, 2025, 10:35:17 AM",Kudos,Activity,13932622595
"Mar 20, 2025, 10:35:30 AM",Kudos,Activity,13934365496
"Mar 20, 2025, 12:10:52 PM",Kudos,Activity,13934627290
"Mar 20, 2025, 5:37:15 PM",Kudos,Activity,13935287849
"Mar 20, 2025, 5:37:22 PM",Kudos,Activity,13937036346
"Mar 20, 2025, 5:37:42 PM",Kudos,Activity,13936634200
"Mar 20, 2025, 5:37:52 PM",Kudos,Activity,13937755306
"Mar 20, 2025, 5:38:19 PM",Kudos,Activity,13937480528
"Mar 20, 2025, 5:38:22 PM",Kudos,Activity,13937511779
"Mar 20, 2025, 8:45:56 PM",Kudos,Activity,13936264792
"Mar 21, 2025, 2:52:58 PM",Kudos,Activity,13944928993
"Mar 21, 2025, 2:53:00 PM",Kudos,Activity,13944735689
"Mar 21, 2025, 2:53:02 PM",Kudos,Activity,13944754483
"Mar 21, 2025, 2:53:05 PM",Kudos,Activity,13944706476
"Mar 21, 2025, 2:53:06 PM",Kudos,Activity,13945408942
"Mar 21, 2025, 2:53:08 PM",Kudos,Activity,13944738277
"Mar 21, 2025, 2:53:09 PM",Kudos,Activity,13944506496
"Mar 21, 2025, 2:53:41 PM",Kudos,Activity,13943856035
"Mar 21, 2025, 2:53:44 PM",Kudos,Activity,13944533778
"Mar 21, 2025, 2:53:46 PM",Kudos,Activity,13941402014
"Mar 21, 2025, 2:53:50 PM",Kudos,Activity,13940833562
"Mar 21, 2025, 2:54:01 PM",Kudos,Activity,13941121380
"Mar 21, 2025, 2:54:04 PM",Kudos,Activity,13941642624
"Mar 21, 2025, 2:54:08 PM",Kudos,Activity,13940227724
"Mar 21, 2025, 2:54:14 PM",Kudos,Activity,13941045921
"Mar 21, 2025, 2:54:20 PM",Kudos,Activity,13940788203
"Mar 21, 2025, 2:54:25 PM",Kudos,Activity,13941021373
"Mar 21, 2025, 5:32:15 PM",Kudos,Activity,13946705502
"Mar 21, 2025, 5:32:24 PM",Kudos,Activity,13946068234
"Mar 21, 2025, 5:33:28 PM",Kudos,Activity,13945931180
"Mar 21, 2025, 5:33:30 PM",Kudos,Activity,13945909676
"Mar 21, 2025, 5:33:32 PM",Kudos,Activity,13946661729
"Mar 21, 2025, 5:33:35 PM",Kudos,Activity,13945691269
"Mar 21, 2025, 10:48:04 PM",Kudos,Activity,13948748352
"Mar 21, 2025, 10:48:11 PM",Kudos,Activity,13947497307
"Mar 22, 2025, 8:26:14 AM",Kudos,Activity,13950212021
"Mar 22, 2025, 8:26:41 AM",Kudos,Activity,13949657994
"Mar 22, 2025, 8:26:48 AM",Kudos,Activity,13949692968
"Mar 22, 2025, 12:13:00 PM",Kudos,Activity,13952887919
"Mar 22, 2025, 12:13:03 PM",Kudos,Activity,13948502738
"Mar 22, 2025, 12:13:09 PM",Kudos,Post,35806422
"Mar 22, 2025, 12:19:36 PM",Kudos,Activity,13949730323
"Mar 22, 2025, 12:19:44 PM",Kudos,Activity,13948760183
"Mar 22, 2025, 12:19:47 PM",Kudos,Activity,13948417788
"Mar 22, 2025, 4:09:57 PM",Kudos,Activity,13955394022
"Mar 22, 2025, 4:11:42 PM",Kudos,Activity,13954868619
"Mar 22, 2025, 4:12:21 PM",Kudos,Activity,13954644698
"Mar 22, 2025, 4:12:24 PM",Kudos,Activity,13954351794
"Mar 22, 2025, 4:13:00 PM",Kudos,Activity,13954537407
"Mar 22, 2025, 4:13:06 PM",Kudos,Activity,13954881178
"Mar 22, 2025, 4:13:16 PM",Kudos,Activity,13955882327
"Mar 22, 2025, 4:24:37 PM",Kudos,Activity,13956066586
"Mar 22, 2025, 4:24:54 PM",Kudos,Activity,13954234829
"Mar 22, 2025, 7:19:42 PM",Kudos,Activity,13957228090
"Mar 22, 2025, 7:20:22 PM",Kudos,Activity,13956887809
"Mar 22, 2025, 7:20:39 PM",Kudos,Activity,13956455312
"Mar 22, 2025, 7:21:15 PM",Kudos,Activity,13956900886
"Mar 22, 2025, 7:21:50 PM",Kudos,Activity,13956687599
"Mar 22, 2025, 7:21:53 PM",Kudos,Activity,13956350788
"Mar 22, 2025, 7:21:56 PM",Kudos,Activity,13956217741
"Mar 22, 2025, 8:34:59 PM",Kudos,Activity,13957609912
"Mar 22, 2025, 8:35:08 PM",Kudos,Activity,13957521805
"Mar 22, 2025, 9:36:22 PM",Kudos,Activity,13958171078
"Mar 22, 2025, 9:37:28 PM",Kudos,Activity,13958237180
"Mar 22, 2025, 11:13:07 PM",Kudos,Activity,13958599311
"Mar 22, 2025, 11:13:33 PM",Kudos,Activity,13957370601
"Mar 22, 2025, 11:14:05 PM",Kudos,Activity,13958067097
"Mar 23, 2025, 11:36:07 AM",Kudos,Activity,13958857163
"Mar 23, 2025, 11:36:14 AM",Kudos,Activity,13959748510
"Mar 23, 2025, 11:36:40 AM",Kudos,Activity,13958172038
"Mar 23, 2025, 4:43:11 PM",Kudos,Activity,13965231216
"Mar 23, 2025, 4:43:24 PM",Kudos,Activity,13964982672
"Mar 23, 2025, 4:43:52 PM",Kudos,Activity,13965082991
"Mar 23, 2025, 4:44:17 PM",Kudos,Activity,13965981445
"Mar 23, 2025, 4:44:23 PM",Kudos,Activity,13964996424
"Mar 23, 2025, 4:44:26 PM",Kudos,Activity,13965826905
"Mar 24, 2025, 1:31:37 AM",Kudos,Activity,13969097333
"Mar 24, 2025, 1:31:44 AM",Kudos,Activity,13968323951
"Mar 24, 2025, 1:33:15 AM",Kudos,Activity,13966585314
"Mar 24, 2025, 1:33:22 AM",Kudos,Activity,13969143491
"Mar 24, 2025, 1:34:01 AM",Kudos,Activity,13966275283
"Mar 24, 2025, 1:34:05 AM",Kudos,Activity,13968633967
"Mar 24, 2025, 1:34:15 AM",Kudos,Activity,13968324016
"Mar 24, 2025, 1:34:20 AM",Kudos,Activity,13969395378
"Mar 24, 2025, 1:34:33 AM",Kudos,Activity,13968513264
"Mar 24, 2025, 1:34:42 AM",Kudos,Activity,13967220822
"Mar 24, 2025, 1:34:54 AM",Kudos,Activity,13968053133
"Mar 24, 2025, 1:34:58 AM",Kudos,Activity,13969405918
"Mar 24, 2025, 1:35:09 AM",Kudos,Activity,13968752504
"Mar 24, 2025, 1:35:25 AM",Kudos,Activity,13968696055
"Mar 24, 2025, 1:35:31 AM",Kudos,Activity,13969078701
"Mar 24, 2025, 11:45:52 AM",Kudos,Activity,13967655564
"Mar 24, 2025, 12:03:45 PM",Kudos,Activity,13971397117
"Mar 24, 2025, 12:03:48 PM",Kudos,Activity,13969735759
"Mar 24, 2025, 12:03:53 PM",Kudos,Post,35843015
"Mar 24, 2025, 12:03:56 PM",Kudos,Activity,13971599275
"Mar 24, 2025, 6:26:40 PM",Kudos,Activity,13972218788
"Mar 24, 2025, 6:26:47 PM",Kudos,Activity,13974986014
"Mar 24, 2025, 6:26:49 PM",Kudos,Activity,13973801687
"Mar 24, 2025, 6:26:53 PM",Kudos,Activity,13973712971
"Mar 24, 2025, 9:18:04 PM",Kudos,Activity,13976071322
"Mar 24, 2025, 9:18:15 PM",Kudos,Activity,13975785077
"Mar 25, 2025, 2:54:17 AM",Kudos,Activity,13977950831
"Mar 25, 2025, 2:54:20 AM",Kudos,Activity,13977419321
"Mar 25, 2025, 2:54:28 AM",Kudos,Activity,13978291139
"Mar 25, 2025, 2:54:37 AM",Kudos,Activity,13978270836
"Mar 25, 2025, 2:54:48 AM",Kudos,Activity,13977659493
"Mar 25, 2025, 2:54:56 AM",Kudos,Activity,13977214511
"Mar 25, 2025, 2:55:02 AM",Kudos,Activity,13977847837
"Mar 25, 2025, 2:55:11 AM",Kudos,Activity,13978150250
"Mar 25, 2025, 2:55:19 AM",Kudos,Activity,13978060921
"Mar 25, 2025, 1:10:48 PM",Kudos,Activity,13981919838
"Mar 25, 2025, 1:10:57 PM",Kudos,Activity,13981012560
"Mar 25, 2025, 1:11:20 PM",Kudos,Activity,13981034506
"Mar 25, 2025, 1:11:30 PM",Kudos,Activity,13978778291
"Mar 25, 2025, 1:11:36 PM",Kudos,Activity,13981587614
"Mar 25, 2025, 1:12:21 PM",Kudos,Activity,13980750350
"Mar 25, 2025, 1:12:27 PM",Kudos,Activity,13981748290
"Mar 25, 2025, 1:14:34 PM",Kudos,Activity,13982028399
"Mar 25, 2025, 1:14:45 PM",Kudos,Activity,13978788574
"Mar 25, 2025, 4:07:45 PM",Kudos,Activity,13983145099
"Mar 25, 2025, 4:08:08 PM",Kudos,Activity,13982787956
"Mar 25, 2025, 4:08:10 PM",Kudos,Activity,13982387729
"Mar 25, 2025, 4:08:25 PM",Kudos,Activity,13982641381
"Mar 25, 2025, 8:57:38 PM",Kudos,Activity,13983599229
"Mar 25, 2025, 8:57:42 PM",Kudos,Activity,13985919754
"Mar 25, 2025, 8:59:04 PM",Kudos,Activity,13984576664
"Mar 25, 2025, 11:35:19 PM",Kudos,Activity,13987613569
"Mar 25, 2025, 11:35:30 PM",Kudos,Activity,13987674297
"Mar 25, 2025, 11:35:33 PM",Kudos,Activity,13986371640
"Mar 25, 2025, 11:41:37 PM",Kudos,Activity,13987374178
"Mar 25, 2025, 11:41:58 PM",Kudos,Activity,13986522435
"Mar 25, 2025, 11:42:03 PM",Kudos,Activity,13987293501
"Mar 25, 2025, 11:42:06 PM",Kudos,Activity,13987558308
"Mar 25, 2025, 11:42:11 PM",Kudos,Activity,13987447741
"Mar 25, 2025, 11:42:17 PM",Kudos,Activity,13987539553
"Mar 25, 2025, 11:42:29 PM",Kudos,Activity,13987590671
"Mar 25, 2025, 11:42:37 PM",Kudos,Activity,13984170752
"Mar 25, 2025, 11:42:40 PM",Kudos,Activity,13984162899
"Mar 26, 2025, 1:13:06 AM",Kudos,Activity,13987910635
"Mar 26, 2025, 1:13:10 AM",Kudos,Activity,13988165234
"Mar 26, 2025, 1:13:37 AM",Kudos,Activity,13988171136
"Mar 26, 2025, 1:13:50 AM",Kudos,Activity,13988072654
"Mar 26, 2025, 1:13:56 AM",Kudos,Activity,13988300756
"Mar 26, 2025, 12:18:28 PM",Kudos,Activity,13991655714
"Mar 26, 2025, 12:18:35 PM",Kudos,Activity,13990755239
"Mar 26, 2025, 12:18:48 PM",Kudos,Activity,13988629291
"Mar 26, 2025, 12:18:56 PM",Kudos,Activity,13991053399
"Mar 26, 2025, 12:18:59 PM",Kudos,Activity,13988990443
"Mar 26, 2025, 12:19:05 PM",Kudos,Activity,13989023403
"Mar 26, 2025, 12:19:07 PM",Kudos,Activity,13988797074
"Mar 26, 2025, 12:19:09 PM",Kudos,Activity,13990373402
"Mar 26, 2025, 12:19:14 PM",Kudos,Activity,13988453776
"Mar 26, 2025, 12:19:18 PM",Kudos,Activity,13988501249
"Mar 26, 2025, 12:19:18 PM",Kudos,Activity,13988453775
"Mar 26, 2025, 12:53:03 PM",Kudos,Activity,13992001987
"Mar 26, 2025, 1:46:36 PM",Kudos,Activity,13992232849
"Mar 26, 2025, 2:20:24 PM",Kudos,Activity,13992501545
"Mar 26, 2025, 9:20:57 PM",Kudos,Activity,13993393136
"Mar 26, 2025, 9:20:58 PM",Kudos,Activity,13993394255
"Mar 26, 2025, 9:21:00 PM",Kudos,Activity,13992954189
"Mar 26, 2025, 9:21:03 PM",Kudos,Activity,13992785276
"Mar 27, 2025, 2:00:24 AM",Kudos,Activity,13998128796
"Mar 27, 2025, 2:00:31 AM",Kudos,Activity,13998300411
"Mar 27, 2025, 2:00:39 AM",Kudos,Activity,13998132050
"Mar 27, 2025, 2:00:41 AM",Kudos,Activity,13998206366
"Mar 27, 2025, 2:00:43 AM",Kudos,Activity,13996692576
"Mar 27, 2025, 2:00:57 AM",Kudos,Activity,13997718836
"Mar 27, 2025, 2:01:09 AM",Kudos,Activity,13994399869
"Mar 27, 2025, 2:01:43 AM",Kudos,Activity,13994884144
"Mar 27, 2025, 2:01:57 AM",Kudos,Activity,13997450936
"Mar 27, 2025, 6:12:23 PM",Kudos,Activity,14000675398
"Mar 27, 2025, 6:12:39 PM",Kudos,Activity,14001591258
"Mar 27, 2025, 8:28:30 PM",Kudos,Activity,14001131559
"Mar 27, 2025, 8:29:06 PM",Kudos,Activity,14004629793
"Mar 27, 2025, 8:29:08 PM",Kudos,Activity,14004611503
"Mar 27, 2025, 8:29:17 PM",Kudos,Activity,14001730408
"Mar 27, 2025, 8:29:28 PM",Kudos,Activity,14002823594
"Mar 27, 2025, 8:30:30 PM",Kudos,Activity,14002546209
"Mar 27, 2025, 8:30:32 PM",Kudos,Activity,14001099235
"Mar 27, 2025, 8:30:34 PM",Kudos,Activity,14003695469
"Mar 27, 2025, 8:30:47 PM",Kudos,Activity,14003686119
"Mar 27, 2025, 8:31:09 PM",Kudos,Activity,13998697324
"Mar 27, 2025, 8:31:28 PM",Kudos,Activity,14003592213
"Mar 27, 2025, 8:31:29 PM",Kudos,Activity,13997760544
"Mar 27, 2025, 8:31:38 PM",Kudos,Activity,13996749723
"Mar 27, 2025, 8:31:43 PM",Kudos,Activity,13997651334
"Mar 27, 2025, 11:04:58 PM",Kudos,Activity,14006447450
"Mar 27, 2025, 11:05:00 PM",Kudos,Activity,14006556749
"Mar 27, 2025, 11:05:09 PM",Kudos,Activity,14006401548
"Mar 27, 2025, 11:05:11 PM",Kudos,Activity,14006302062
"Mar 27, 2025, 11:05:18 PM",Kudos,Activity,13996019982
"Mar 27, 2025, 11:31:22 PM",Kudos,Activity,14006773657
"Mar 27, 2025, 11:31:25 PM",Kudos,Activity,14006926165
"Mar 27, 2025, 11:59:24 PM",Kudos,Activity,14007065965
"Mar 27, 2025, 11:59:43 PM",Kudos,Activity,14007085737
"Mar 27, 2025, 11:59:57 PM",Kudos,Activity,14007106390
"Mar 28, 2025, 1:11:08 AM",Kudos,Activity,14007101551
"Mar 28, 2025, 1:11:20 AM",Kudos,Activity,14007176493
"Mar 28, 2025, 1:11:25 AM",Kudos,Activity,14007372902
"Mar 28, 2025, 2:23:23 AM",Kudos,Activity,14007549112
"Mar 28, 2025, 2:23:26 AM",Kudos,Activity,14007549152
"Mar 28, 2025, 10:56:23 AM",Kudos,Activity,14007975775
"Mar 28, 2025, 1:13:28 PM",Kudos,Activity,14010428385
"Mar 28, 2025, 1:13:43 PM",Kudos,Activity,14010474716
"Mar 28, 2025, 1:14:07 PM",Kudos,Activity,14010594067
"Mar 28, 2025, 1:14:53 PM",Kudos,Activity,14009794673
"Mar 28, 2025, 1:14:57 PM",Kudos,Activity,14010827569
"Mar 28, 2025, 1:14:59 PM",Kudos,Activity,14010776824
"Mar 28, 2025, 1:15:05 PM",Kudos,Activity,14010726626
"Mar 28, 2025, 1:15:27 PM",Kudos,Activity,14010775692
"Mar 28, 2025, 1:15:29 PM",Kudos,Activity,14010561352
"Mar 28, 2025, 1:15:34 PM",Kudos,Activity,14010295663
"Mar 28, 2025, 1:15:41 PM",Kudos,Activity,14010295408
"Mar 28, 2025, 1:15:45 PM",Kudos,Activity,14010295655
"Mar 28, 2025, 7:28:09 PM",Kudos,Activity,14010943823
"Mar 28, 2025, 7:28:15 PM",Kudos,Activity,14012753709
"Mar 28, 2025, 7:28:16 PM",Kudos,Activity,14010288105
"Mar 28, 2025, 7:28:59 PM",Kudos,Activity,14012837590
"Mar 28, 2025, 7:29:52 PM",Kudos,Activity,14012512589
"Mar 28, 2025, 7:30:05 PM",Kudos,Activity,14013530683
"Mar 28, 2025, 7:30:08 PM",Kudos,Activity,14011619088
"Mar 28, 2025, 7:30:36 PM",Kudos,Activity,14012001841
"Mar 28, 2025, 7:30:47 PM",Kudos,Activity,14012136835
"Mar 28, 2025, 7:31:00 PM",Kudos,Activity,14010944735
"Mar 28, 2025, 9:59:00 PM",Kudos,Activity,14014503143
"Mar 28, 2025, 9:59:02 PM",Kudos,Activity,14014384501
"Mar 28, 2025, 9:59:08 PM",Kudos,Activity,14014535759
"Mar 29, 2025, 11:12:29 AM",Kudos,Activity,14015368158
"Mar 29, 2025, 11:12:44 AM",Kudos,Activity,14015308308
"Mar 29, 2025, 11:12:49 AM",Kudos,Activity,14016385017
"Mar 29, 2025, 11:13:02 AM",Kudos,Activity,14016344511
"Mar 29, 2025, 11:13:18 AM",Kudos,Activity,14016549520
"Mar 29, 2025, 11:13:36 AM",Kudos,Activity,14015471684
"Mar 29, 2025, 2:26:08 PM",Kudos,Activity,14020350784
"Mar 29, 2025, 7:37:42 PM",Kudos,Activity,14021065443
"Mar 29, 2025, 7:37:51 PM",Kudos,Activity,14022398371
"Mar 29, 2025, 7:37:53 PM",Kudos,Activity,14022394107
"Mar 29, 2025, 7:37:57 PM",Kudos,Activity,14021877819
"Mar 29, 2025, 7:38:07 PM",Kudos,Activity,14020610675
"Mar 29, 2025, 7:38:49 PM",Kudos,Activity,14021188744
"Mar 29, 2025, 7:38:58 PM",Kudos,Activity,14020596929
"Mar 29, 2025, 7:39:27 PM",Kudos,Activity,14022600725
"Mar 29, 2025, 7:39:30 PM",Kudos,Activity,14022732572
"Mar 29, 2025, 7:39:38 PM",Kudos,Activity,14022464626
"Mar 29, 2025, 7:39:41 PM",Kudos,Activity,14022471636
"Mar 29, 2025, 7:40:01 PM",Kudos,Activity,14022114468
"Mar 29, 2025, 7:50:42 PM",Kudos,Activity,14021575491
"Mar 29, 2025, 7:50:48 PM",Kudos,Activity,14023276138
"Mar 29, 2025, 7:50:57 PM",Kudos,Activity,14018626353
"Mar 30, 2025, 11:22:02 AM",Kudos,Activity,14025506258
"Mar 30, 2025, 11:22:09 AM",Kudos,Activity,14023596873
"Mar 30, 2025, 11:22:13 AM",Kudos,Activity,14025506382
"Mar 30, 2025, 11:22:36 AM",Kudos,Activity,14025509111
"Mar 30, 2025, 11:22:39 AM",Kudos,Activity,14024612106
"Mar 30, 2025, 11:22:43 AM",Kudos,Activity,14024308186
"Mar 30, 2025, 11:22:54 AM",Kudos,Activity,14025506663
"Mar 30, 2025, 11:23:06 AM",Kudos,Activity,14021885861
"Mar 30, 2025, 5:32:33 PM",Kudos,Activity,14030313376
"Mar 30, 2025, 5:35:25 PM",Kudos,Activity,14030333462
"Mar 30, 2025, 5:35:27 PM",Kudos,Activity,14030331335
"Mar 30, 2025, 5:35:41 PM",Kudos,Activity,14030386307
"Mar 30, 2025, 5:35:53 PM",Kudos,Activity,14031105229
"Mar 30, 2025, 5:36:08 PM",Kudos,Activity,14030434226
"Mar 30, 2025, 5:36:12 PM",Kudos,Activity,14029783741
"Mar 30, 2025, 5:36:19 PM",Kudos,Activity,14030939673
"Mar 30, 2025, 5:36:43 PM",Kudos,Activity,14030983117
"Mar 30, 2025, 5:36:52 PM",Kudos,Activity,14022365724
"Mar 30, 2025, 5:36:57 PM",Kudos,Activity,14030319919
"Mar 30, 2025, 5:37:51 PM",Kudos,Activity,14023302875
"Mar 30, 2025, 8:07:21 PM",Kudos,Activity,14031565029
"Mar 30, 2025, 9:23:53 PM",Kudos,Activity,14032207500
"Mar 30, 2025, 9:24:38 PM",Kudos,Activity,14032926806
"Mar 30, 2025, 9:25:09 PM",Kudos,Activity,14033122554
"Mar 30, 2025, 9:25:27 PM",Kudos,Activity,14032906813
"Mar 30, 2025, 9:25:37 PM",Kudos,Activity,14032582594
"Mar 30, 2025, 9:25:40 PM",Kudos,Activity,14034012347
"Mar 30, 2025, 9:25:44 PM",Kudos,Activity,14033668073
"Mar 30, 2025, 9:25:51 PM",Kudos,Activity,14033804331
"Mar 30, 2025, 9:25:57 PM",Kudos,Activity,14032406001
"Mar 30, 2025, 9:26:00 PM",Kudos,Activity,14031626593
"Mar 30, 2025, 9:26:03 PM",Kudos,Activity,14031558533
"Mar 31, 2025, 1:29:26 AM",Kudos,Activity,14030735932
"Mar 31, 2025, 1:29:37 AM",Kudos,Activity,14034789080
"Mar 31, 2025, 1:29:39 AM",Kudos,Activity,14034971556
"Mar 31, 2025, 12:08:49 PM",Kudos,Activity,14037253189
"Mar 31, 2025, 12:12:42 PM",Kudos,Activity,14037889708
"Mar 31, 2025, 1:56:45 PM",Kudos,Activity,14037955960
"Mar 31, 2025, 1:56:54 PM",Kudos,Activity,14038334986
"Mar 31, 2025, 1:57:00 PM",Kudos,Activity,14038138951
"Mar 31, 2025, 1:57:04 PM",Kudos,Activity,14038227809
"Mar 31, 2025, 2:20:20 PM",Kudos,Activity,14038335036
"Mar 31, 2025, 11:34:26 PM",Kudos,Activity,14043395180
"Mar 31, 2025, 11:35:26 PM",Kudos,Activity,14043269274
"Mar 31, 2025, 11:44:41 PM",Kudos,Activity,14043314724
"Mar 31, 2025, 11:44:45 PM",Kudos,Activity,14043456439
"Mar 31, 2025, 11:44:57 PM",Kudos,Activity,14042771202
"Mar 31, 2025, 11:45:03 PM",Kudos,Activity,14040209436
"Mar 31, 2025, 11:45:05 PM",Kudos,Activity,14039641977
"Mar 31, 2025, 11:45:33 PM",Kudos,Activity,14039490257
"Mar 31, 2025, 11:45:46 PM",Kudos,Activity,14039625604
"Mar 31, 2025, 11:51:32 PM",Kudos,Activity,14043563773
"Apr 1, 2025, 2:51:18 AM",Kudos,Activity,14044270602
"Apr 1, 2025, 2:51:20 AM",Kudos,Activity,14043789129
"Apr 1, 2025, 2:51:36 AM",Kudos,Activity,14044152836
"Apr 1, 2025, 2:51:42 AM",Kudos,Activity,14044017383
"Apr 1, 2025, 2:51:53 AM",Kudos,Activity,14043575735
"Apr 1, 2025, 12:31:17 PM",Kudos,Activity,14046942877
"Apr 1, 2025, 12:31:19 PM",Kudos,Activity,14047725518
"Apr 1, 2025, 12:31:29 PM",Kudos,Activity,14046887678
"Apr 1, 2025, 12:31:32 PM",Kudos,Activity,14047727637
"Apr 1, 2025, 12:31:40 PM",Kudos,Activity,14046578510
"Apr 1, 2025, 7:13:35 PM",Kudos,Activity,14048577418
"Apr 1, 2025, 7:13:38 PM",Kudos,Activity,14049297517
"Apr 1, 2025, 7:14:19 PM",Kudos,Activity,14047839951
"Apr 1, 2025, 7:14:29 PM",Kudos,Activity,14050058647
"Apr 1, 2025, 7:14:51 PM",Kudos,Activity,14050115566
"Apr 1, 2025, 7:15:03 PM",Kudos,Activity,14050147257
"Apr 1, 2025, 7:15:15 PM",Kudos,Activity,14048965762
"Apr 1, 2025, 7:15:20 PM",Kudos,Activity,14048686615
"Apr 2, 2025, 2:14:13 AM",Kudos,Activity,14054383098
"Apr 2, 2025, 2:14:28 AM",Kudos,Activity,14053640406
"Apr 2, 2025, 2:14:32 AM",Kudos,Activity,14053399648
"Apr 2, 2025, 2:14:37 AM",Kudos,Activity,14053964650
"Apr 2, 2025, 2:14:57 AM",Kudos,Activity,14054062534
"Apr 2, 2025, 2:15:02 AM",Kudos,Activity,14053888895
"Apr 2, 2025, 2:15:13 AM",Kudos,Activity,14054542623
"Apr 2, 2025, 2:15:28 AM",Kudos,Activity,14054505818
"Apr 2, 2025, 2:15:32 AM",Kudos,Activity,14054475985
"Apr 2, 2025, 2:15:36 AM",Kudos,Activity,14054390863
"Apr 2, 2025, 2:15:39 AM",Kudos,Activity,14052622771
"Apr 2, 2025, 2:16:30 AM",Kudos,Activity,14052803104
"Apr 2, 2025, 11:20:40 AM",Kudos,Activity,14056982566
"Apr 2, 2025, 6:30:14 PM",Kudos,Activity,14057915402
"Apr 2, 2025, 6:30:15 PM",Kudos,Activity,14060102742
"Apr 2, 2025, 6:30:19 PM",Kudos,Activity,14059800447
"Apr 2, 2025, 6:30:25 PM",Kudos,Activity,14058653399
"Apr 2, 2025, 6:30:33 PM",Kudos,Activity,14057727083
"Apr 2, 2025, 6:30:37 PM",Kudos,Activity,14058271720
"Apr 2, 2025, 6:30:39 PM",Kudos,Activity,14061287948
"Apr 2, 2025, 6:30:43 PM",Kudos,Activity,14059407580
"Apr 2, 2025, 6:30:46 PM",Kudos,Activity,14059849819
"Apr 2, 2025, 6:30:49 PM",Kudos,Activity,14059394700
"Apr 2, 2025, 6:30:53 PM",Kudos,Activity,14058113773
"Apr 2, 2025, 6:30:56 PM",Kudos,Activity,14058183674
"Apr 2, 2025, 6:31:24 PM",Kudos,Activity,14052771414
"Apr 2, 2025, 6:31:33 PM",Kudos,Activity,14052405695
"Apr 2, 2025, 11:50:12 PM",Kudos,Activity,14063003599
"Apr 2, 2025, 11:50:24 PM",Kudos,Activity,14063389273
"Apr 2, 2025, 11:50:40 PM",Kudos,Activity,14063058787
"Apr 2, 2025, 11:50:47 PM",Kudos,Activity,14062273851
"Apr 3, 2025, 2:41:25 AM",Kudos,Activity,14063885592
"Apr 3, 2025, 10:22:08 AM",Kudos,Activity,14064842965
"Apr 3, 2025, 10:22:32 AM",Kudos,Activity,14064138121
"Apr 3, 2025, 12:04:19 PM",Kudos,Activity,14067013686
"Apr 3, 2025, 12:04:29 PM",Kudos,Activity,14067390715
"Apr 3, 2025, 12:05:02 PM",Kudos,Activity,14066604522
"Apr 3, 2025, 12:05:14 PM",Kudos,Activity,14067181737
"Apr 3, 2025, 12:13:01 PM",Kudos,Activity,14063718971
"Apr 3, 2025, 4:24:46 PM",Kudos,Activity,14067177202
"Apr 3, 2025, 5:10:40 PM",Kudos,Activity,14070085652
"Apr 3, 2025, 5:11:11 PM",Kudos,Activity,14069925876
"Apr 3, 2025, 5:11:31 PM",Kudos,Activity,14069702958
"Apr 3, 2025, 5:11:42 PM",Kudos,Activity,14069869741
"Apr 3, 2025, 8:04:15 PM",Kudos,Activity,14071272515
"Apr 3, 2025, 8:51:20 PM",Kudos,Activity,14072110746
"Apr 4, 2025, 1:10:14 AM",Kudos,Activity,14073172022
"Apr 4, 2025, 1:10:24 AM",Kudos,Activity,14072512176
"Apr 4, 2025, 1:10:28 AM",Kudos,Activity,14073244913
"Apr 4, 2025, 1:10:37 AM",Kudos,Activity,14073213947
"Apr 4, 2025, 1:10:57 AM",Kudos,Activity,14073654346
"Apr 4, 2025, 1:11:02 AM",Kudos,Activity,14072743872
"Apr 4, 2025, 1:11:23 AM",Kudos,Activity,14072769269
"Apr 4, 2025, 1:11:30 AM",Kudos,Activity,14073169038
"Apr 4, 2025, 1:12:04 AM",Kudos,Activity,14073139116
"Apr 4, 2025, 1:12:05 AM",Kudos,Activity,14073243619
"Apr 4, 2025, 1:12:15 AM",Kudos,Activity,14073612959
"Apr 4, 2025, 12:59:53 PM",Kudos,Activity,14074036933
"Apr 4, 2025, 12:59:55 PM",Kudos,Activity,14074045765
"Apr 4, 2025, 12:59:59 PM",Kudos,Activity,14076336628
"Apr 4, 2025, 4:55:51 PM",Kudos,Activity,14077384249
"Apr 4, 2025, 4:56:22 PM",Kudos,Activity,14077379077
"Apr 4, 2025, 4:56:49 PM",Kudos,Activity,14076782669
"Apr 4, 2025, 4:56:51 PM",Kudos,Activity,14077412340
"Apr 4, 2025, 4:56:53 PM",Kudos,Activity,14076449947
"Apr 4, 2025, 4:57:03 PM",Kudos,Activity,14077514484
"Apr 4, 2025, 4:57:05 PM",Kudos,Activity,14077497209
"Apr 4, 2025, 4:57:08 PM",Kudos,Activity,14077420500
"Apr 4, 2025, 4:57:09 PM",Kudos,Activity,14078412984
"Apr 4, 2025, 4:57:12 PM",Kudos,Activity,14078676759
"Apr 4, 2025, 4:57:17 PM",Kudos,Activity,14079409463
"Apr 4, 2025, 4:57:18 PM",Kudos,Activity,14078671367
"Apr 4, 2025, 4:58:43 PM",Kudos,Activity,14078438384
"Apr 4, 2025, 4:58:46 PM",Kudos,Activity,14077413107
"Apr 4, 2025, 4:58:54 PM",Kudos,Activity,14078281590
"Apr 4, 2025, 8:08:25 PM",Kudos,Activity,14080742673
"Apr 4, 2025, 8:09:14 PM",Kudos,Activity,14079819703
"Apr 4, 2025, 8:09:24 PM",Kudos,Activity,14080040942
"Apr 4, 2025, 8:09:32 PM",Kudos,Activity,14080396723
"Apr 4, 2025, 8:09:48 PM",Kudos,Activity,14077153305
"Apr 4, 2025, 11:15:25 PM",Kudos,Activity,14081072156
"Apr 4, 2025, 11:15:42 PM",Kudos,Activity,14081992118
"Apr 4, 2025, 11:15:44 PM",Kudos,Activity,14081721148
"Apr 5, 2025, 12:09:14 AM",Kudos,Activity,14082139483
"Apr 5, 2025, 12:09:38 AM",Kudos,Activity,14082190757
"Apr 5, 2025, 12:09:48 AM",Kudos,Activity,14081151747
"Apr 5, 2025, 11:16:58 AM",Kudos,Activity,14085138889
"Apr 5, 2025, 11:17:09 AM",Kudos,Activity,14082835817
"Apr 5, 2025, 11:17:22 AM",Kudos,Activity,14083011737
"Apr 5, 2025, 11:17:54 AM",Kudos,Activity,14083500653
"Apr 5, 2025, 11:18:12 AM",Kudos,Activity,14082841727
"Apr 5, 2025, 2:08:43 PM",Kudos,Activity,14086049522
"Apr 5, 2025, 2:55:27 PM",Kudos,Activity,14087583021
"Apr 5, 2025, 2:56:09 PM",Kudos,Activity,14087344970
"Apr 5, 2025, 6:56:08 PM",Kudos,Activity,14089155184
"Apr 5, 2025, 6:56:29 PM",Kudos,Activity,14089833465
"Apr 5, 2025, 6:56:33 PM",Kudos,Activity,14089833281
"Apr 5, 2025, 6:56:53 PM",Kudos,Activity,14089292345
"Apr 5, 2025, 6:56:56 PM",Kudos,Activity,14089303892
"Apr 5, 2025, 6:58:36 PM",Kudos,Activity,14088436286
"Apr 5, 2025, 6:58:40 PM",Kudos,Activity,14089506048
"Apr 5, 2025, 6:58:46 PM",Kudos,Activity,14088632084
"Apr 5, 2025, 6:58:51 PM",Kudos,Activity,14089080755
"Apr 5, 2025, 6:58:56 PM",Kudos,Activity,14087593880
"Apr 5, 2025, 8:23:56 PM",Kudos,Activity,14090680502
"Apr 5, 2025, 8:24:00 PM",Kudos,Activity,14090684634
"Apr 5, 2025, 8:24:03 PM",Kudos,Activity,14090558262
"Apr 5, 2025, 8:24:11 PM",Kudos,Activity,14090544338
"Apr 6, 2025, 1:45:43 AM",Kudos,Activity,14092405876
"Apr 6, 2025, 1:45:51 AM",Kudos,Activity,14091538375
"Apr 6, 2025, 1:46:30 AM",Kudos,Post,36131745
"Apr 6, 2025, 3:08:22 PM",Kudos,Activity,14098392794
"Apr 6, 2025, 11:44:59 PM",Kudos,Activity,14099813498
"Apr 6, 2025, 11:45:08 PM",Kudos,Activity,14098757158
"Apr 6, 2025, 11:45:13 PM",Kudos,Activity,14099485579
"Apr 6, 2025, 11:45:33 PM",Kudos,Activity,14100485001
"Apr 6, 2025, 11:45:37 PM",Kudos,Activity,14100499519
"Apr 6, 2025, 11:45:42 PM",Kudos,Activity,14098929611
"Apr 6, 2025, 11:45:52 PM",Kudos,Activity,14101471747
"Apr 6, 2025, 11:45:54 PM",Kudos,Activity,14099110793
"Apr 6, 2025, 11:46:01 PM",Kudos,Activity,14101528601
"Apr 6, 2025, 11:46:22 PM",Kudos,Activity,14100023500
"Apr 6, 2025, 11:46:31 PM",Kudos,Activity,14101341771
"Apr 6, 2025, 11:46:43 PM",Kudos,Activity,14099706996
"Apr 6, 2025, 11:46:48 PM",Kudos,Activity,14101429677
"Apr 6, 2025, 11:46:53 PM",Kudos,Activity,14101809410
"Apr 6, 2025, 11:46:55 PM",Kudos,Activity,14102289246
"Apr 6, 2025, 11:47:18 PM",Kudos,Activity,14101400612
"Apr 6, 2025, 11:47:22 PM",Kudos,Activity,14099131970
"Apr 6, 2025, 11:47:25 PM",Kudos,Activity,14099398012
"Apr 7, 2025, 12:19:26 PM",Kudos,Activity,14102652850
"Apr 7, 2025, 12:55:46 PM",Kudos,Activity,14105303300
"Apr 7, 2025, 12:55:51 PM",Kudos,Activity,14102775098
"Apr 7, 2025, 12:55:53 PM",Kudos,Activity,14103643204
"Apr 7, 2025, 12:56:02 PM",Kudos,Activity,14105171338
"Apr 7, 2025, 12:56:07 PM",Kudos,Activity,14102362244
"Apr 7, 2025, 12:56:15 PM",Kudos,Activity,14101577620
"Apr 7, 2025, 1:24:09 PM",Kudos,Activity,14106312297
"Apr 7, 2025, 1:24:32 PM",Kudos,Activity,14103910176
"Apr 7, 2025, 1:25:02 PM",Kudos,Activity,14098565031
"Apr 7, 2025, 1:25:06 PM",Kudos,Activity,14100761465
"Apr 7, 2025, 8:47:44 PM",Kudos,Activity,14106943027
"Apr 7, 2025, 8:48:16 PM",Kudos,Activity,14106618605
"Apr 7, 2025, 8:48:18 PM",Kudos,Activity,14107234294
"Apr 7, 2025, 8:48:22 PM",Kudos,Activity,14107566067
"Apr 7, 2025, 8:48:24 PM",Kudos,Activity,14107496195
"Apr 7, 2025, 8:48:25 PM",Kudos,Activity,14107498815
"Apr 7, 2025, 8:48:35 PM",Kudos,Activity,14110247185
"Apr 7, 2025, 8:48:37 PM",Kudos,Activity,14106789502
"Apr 7, 2025, 10:23:23 PM",Kudos,Activity,14110555669
"Apr 8, 2025, 12:19:51 AM",Kudos,Activity,14110905984
"Apr 8, 2025, 12:19:58 AM",Kudos,Activity,14111031785
"Apr 8, 2025, 12:20:00 AM",Kudos,Activity,14111286377
"Apr 8, 2025, 12:20:04 AM",Kudos,Activity,14111376989
"Apr 8, 2025, 12:20:05 AM",Kudos,Activity,14111105434
"Apr 8, 2025, 12:20:22 AM",Kudos,Activity,14111255995
"Apr 8, 2025, 12:52:31 AM",Kudos,Activity,14111839347
"Apr 8, 2025, 12:52:34 AM",Kudos,Activity,14111932653
"Apr 8, 2025, 12:52:38 AM",Kudos,Activity,14111939569
"Apr 8, 2025, 12:52:41 AM",Kudos,Activity,14110917288
"Apr 8, 2025, 12:52:43 AM",Kudos,Activity,14111796758
"Apr 8, 2025, 12:52:50 AM",Kudos,Activity,14107057073
"Apr 8, 2025, 1:26:02 AM",Kudos,Activity,14090962309
"Apr 8, 2025, 11:30:41 AM",Kudos,Activity,14112344103
"Apr 8, 2025, 11:30:54 AM",Kudos,Activity,14115015319
"Apr 8, 2025, 11:30:57 AM",Kudos,Activity,14114554169
"Apr 8, 2025, 10:29:25 PM",Kudos,Activity,14119242606
"Apr 8, 2025, 10:29:30 PM",Kudos,Activity,14116427311
"Apr 8, 2025, 10:29:32 PM",Kudos,Activity,14120981549
"Apr 8, 2025, 10:29:58 PM",Kudos,Activity,14116157431
"Apr 8, 2025, 10:30:07 PM",Kudos,Activity,14117737542
"Apr 8, 2025, 10:30:12 PM",Kudos,Activity,14115924431
"Apr 8, 2025, 10:30:13 PM",Kudos,Activity,14115929528
"Apr 8, 2025, 10:30:19 PM",Kudos,Activity,14115392644
"Apr 8, 2025, 10:30:21 PM",Kudos,Activity,14119388814
"Apr 8, 2025, 10:31:27 PM",Kudos,Activity,14118496851
"Apr 8, 2025, 10:31:32 PM",Kudos,Activity,14118565043
"Apr 8, 2025, 10:31:35 PM",Kudos,Activity,14116530572
"Apr 8, 2025, 10:31:38 PM",Kudos,Activity,14115575283
"Apr 8, 2025, 10:31:44 PM",Kudos,Activity,14116400501
"Apr 8, 2025, 10:31:45 PM",Kudos,Activity,14121030268
"Apr 8, 2025, 10:31:52 PM",Kudos,Activity,14120321503
"Apr 8, 2025, 10:32:05 PM",Kudos,Activity,14116514260
"Apr 9, 2025, 2:23:11 AM",Kudos,Activity,14121649162
"Apr 9, 2025, 2:23:21 AM",Kudos,Activity,14121835306
"Apr 9, 2025, 2:23:57 AM",Kudos,Activity,14121607124
"Apr 9, 2025, 2:24:00 AM",Kudos,Activity,14122548021
"Apr 9, 2025, 2:24:02 AM",Kudos,Activity,14122429973
"Apr 9, 2025, 2:24:12 AM",Kudos,Activity,14121739232
"Apr 9, 2025, 2:24:14 AM",Kudos,Activity,14122548060
"Apr 9, 2025, 1:11:35 PM",Kudos,Activity,14123006144
"Apr 9, 2025, 1:11:38 PM",Kudos,Activity,14126122597
"Apr 9, 2025, 1:11:47 PM",Kudos,Activity,14126494329
"Apr 9, 2025, 1:11:50 PM",Kudos,Activity,14126561685
"Apr 9, 2025, 1:11:55 PM",Kudos,Activity,14126100423
"Apr 9, 2025, 1:12:06 PM",Kudos,Activity,14123194329
"Apr 9, 2025, 1:12:20 PM",Kudos,Post,36207169
"Apr 9, 2025, 7:55:31 PM",Kudos,Activity,14128344422
"Apr 9, 2025, 7:56:04 PM",Kudos,Activity,14129666419
"Apr 9, 2025, 7:56:07 PM",Kudos,Activity,14127900787
"Apr 9, 2025, 7:56:10 PM",Kudos,Activity,14127819999
"Apr 9, 2025, 7:56:12 PM",Kudos,Activity,14127687392
"Apr 9, 2025, 7:56:13 PM",Kudos,Activity,14127694041
"Apr 9, 2025, 7:56:19 PM",Kudos,Activity,14128110338
"Apr 9, 2025, 7:56:24 PM",Kudos,Activity,14129082195
"Apr 9, 2025, 9:50:43 PM",Kudos,Activity,14130853415
"Apr 9, 2025, 9:53:36 PM",Kudos,Activity,14131158234
"Apr 10, 2025, 12:49:51 AM",Kudos,Activity,14131962865
"Apr 10, 2025, 12:50:30 AM",Kudos,Activity,14131664432
"Apr 10, 2025, 12:51:03 AM",Kudos,Activity,14131507686
"Apr 10, 2025, 12:51:13 AM",Kudos,Activity,14132086989
"Apr 10, 2025, 12:51:15 AM",Kudos,Activity,14132200942
"Apr 10, 2025, 12:51:29 AM",Kudos,Activity,14132024467
"Apr 10, 2025, 10:15:19 PM",Kudos,Activity,14136346320
"Apr 10, 2025, 10:15:27 PM",Kudos,Activity,14136690806
"Apr 10, 2025, 10:16:09 PM",Kudos,Activity,14140074314
"Apr 10, 2025, 10:16:33 PM",Kudos,Activity,14135165485
"Apr 10, 2025, 10:16:37 PM",Kudos,Activity,14135287423
"Apr 10, 2025, 10:16:39 PM",Kudos,Activity,14137896413
"Apr 10, 2025, 10:17:47 PM",Kudos,Activity,14138494125
"Apr 10, 2025, 10:18:14 PM",Kudos,Activity,14138418372
"Apr 10, 2025, 10:18:19 PM",Kudos,Activity,14138346008
"Apr 10, 2025, 10:18:22 PM",Kudos,Activity,14135983961
"Apr 10, 2025, 10:18:26 PM",Kudos,Activity,14133529310
"Apr 10, 2025, 10:18:33 PM",Kudos,Activity,14132643351
"Apr 10, 2025, 10:18:37 PM",Kudos,Activity,14132571668
"Apr 10, 2025, 10:18:42 PM",Kudos,Activity,14132643299
"Apr 10, 2025, 11:11:11 PM",Kudos,Activity,14141135801
"Apr 10, 2025, 11:11:15 PM",Kudos,Activity,14141257065
"Apr 11, 2025, 11:18:26 AM",Kudos,Activity,14144662696
"Apr 11, 2025, 11:18:29 AM",Kudos,Activity,14141707295
"Apr 11, 2025, 11:18:57 AM",Kudos,Activity,14141738052
"Apr 11, 2025, 2:58:06 PM",Kudos,Activity,14146310740
"Apr 11, 2025, 2:58:16 PM",Kudos,Activity,14145789865
"Apr 11, 2025, 2:58:23 PM",Kudos,Activity,14146363937
"Apr 11, 2025, 2:58:28 PM",Kudos,Activity,14145663151
"Apr 11, 2025, 2:58:35 PM",Kudos,Activity,14145928346
"Apr 11, 2025, 2:58:43 PM",Kudos,Activity,14145692468
"Apr 11, 2025, 2:58:46 PM",Kudos,Activity,14145681816
"Apr 11, 2025, 2:58:48 PM",Kudos,Activity,14145076220
"Apr 11, 2025, 2:58:55 PM",Kudos,Activity,14141681704
"Apr 11, 2025, 2:59:45 PM",Kudos,Activity,14141466792
"Apr 11, 2025, 3:00:15 PM",Kudos,Activity,14141484192
"Apr 11, 2025, 3:00:18 PM",Kudos,Activity,14141649984
"Apr 11, 2025, 3:00:30 PM",Kudos,Activity,14142271374
"Apr 11, 2025, 3:00:44 PM",Kudos,Activity,14132013715
"Apr 11, 2025, 9:34:13 PM",Kudos,Activity,14148618305
"Apr 12, 2025, 12:51:29 AM",Kudos,Activity,14149431716
"Apr 12, 2025, 12:51:34 AM",Kudos,Activity,14149929566
"Apr 12, 2025, 12:51:46 AM",Kudos,Activity,14149693362
"Apr 12, 2025, 3:22:39 PM",Kudos,Activity,14155716533
"Apr 12, 2025, 3:22:53 PM",Kudos,Activity,14155826196
"Apr 12, 2025, 3:23:00 PM",Kudos,Activity,14156117859
"Apr 12, 2025, 3:23:25 PM",Kudos,Activity,14156213483
"Apr 12, 2025, 3:23:30 PM",Kudos,Activity,14154233193
"Apr 12, 2025, 3:23:34 PM",Kudos,Activity,14155163412
"Apr 12, 2025, 3:23:54 PM",Kudos,Activity,14155906002
"Apr 12, 2025, 3:43:06 PM",Kudos,Activity,14156803672
"Apr 12, 2025, 3:43:23 PM",Kudos,Activity,14148312405
"Apr 12, 2025, 3:43:30 PM",Kudos,Activity,14145334261
"Apr 12, 2025, 4:09:30 PM",Kudos,Activity,14157053869
"Apr 12, 2025, 4:09:51 PM",Kudos,Activity,14157125385
"Apr 12, 2025, 4:09:54 PM",Kudos,Activity,14157126003
"Apr 12, 2025, 4:10:05 PM",Kudos,Activity,14157053981
"Apr 12, 2025, 4:10:09 PM",Kudos,Activity,14148598652
"Apr 12, 2025, 4:10:10 PM",Kudos,Activity,14146911170
"Apr 12, 2025, 4:10:13 PM",Kudos,Activity,14147270534
"Apr 12, 2025, 4:10:18 PM",Kudos,Activity,14147620655
"Apr 12, 2025, 4:10:20 PM",Kudos,Activity,14142140384
"Apr 12, 2025, 4:10:22 PM",Kudos,Activity,14141735311
"Apr 12, 2025, 4:10:24 PM",Kudos,Activity,14141680339
"Apr 12, 2025, 4:10:29 PM",Kudos,Activity,14147581409
"Apr 12, 2025, 5:11:46 PM",Kudos,Activity,14157341990
"Apr 12, 2025, 6:10:53 PM",Kudos,Activity,14158027226
"Apr 12, 2025, 6:10:55 PM",Kudos,Activity,14158024353
"Apr 12, 2025, 6:11:03 PM",Kudos,Activity,14157902874
"Apr 12, 2025, 6:11:09 PM",Kudos,Activity,14158041412
"Apr 12, 2025, 6:13:55 PM",Kudos,Activity,14158324468
"Apr 12, 2025, 6:53:11 PM",Kudos,Activity,14158404694
"Apr 12, 2025, 6:53:13 PM",Kudos,Activity,14158404682
"Apr 12, 2025, 6:54:06 PM",Kudos,Activity,14137166158
"Apr 12, 2025, 6:54:09 PM",Kudos,Activity,14132710654
"Apr 12, 2025, 6:54:11 PM",Kudos,Activity,14137340711
"Apr 12, 2025, 9:22:48 PM",Kudos,Activity,14159095790
"Apr 12, 2025, 9:22:51 PM",Kudos,Activity,14159073322
"Apr 12, 2025, 9:22:57 PM",Kudos,Activity,14159380475
"Apr 13, 2025, 1:51:14 PM",Kudos,Activity,14165339927
"Apr 13, 2025, 1:53:46 PM",Kudos,Activity,14160988036
"Apr 13, 2025, 1:53:54 PM",Kudos,Activity,14165150241
"Apr 13, 2025, 1:54:22 PM",Kudos,Activity,14159645566
"Apr 13, 2025, 5:00:49 PM",Kudos,Activity,14166054643
"Apr 13, 2025, 5:02:00 PM",Kudos,Activity,14167371485
"Apr 13, 2025, 5:02:02 PM",Kudos,Activity,14167803047
"Apr 13, 2025, 5:02:07 PM",Kudos,Activity,14166223575
"Apr 13, 2025, 5:02:09 PM",Kudos,Activity,14166911731
"Apr 13, 2025, 5:02:18 PM",Kudos,Activity,14160728461
"Apr 13, 2025, 5:02:20 PM",Kudos,Activity,14160050569
"Apr 14, 2025, 11:56:58 AM",Kudos,Activity,14173011613
"Apr 14, 2025, 11:57:04 AM",Kudos,Activity,14173120157
"Apr 14, 2025, 11:57:10 AM",Kudos,Activity,14170945136
"Apr 14, 2025, 11:57:42 AM",Kudos,Activity,14170885508
"Apr 14, 2025, 11:57:53 AM",Kudos,Activity,14168920774
"Apr 14, 2025, 11:58:05 AM",Kudos,Activity,14169394013
"Apr 14, 2025, 11:58:10 AM",Kudos,Activity,14169391795
"Apr 14, 2025, 11:58:11 AM",Kudos,Activity,14169395027
"Apr 14, 2025, 11:58:16 AM",Kudos,Activity,14169051079
"Apr 14, 2025, 11:58:25 AM",Kudos,Activity,14168570807
"Apr 14, 2025, 11:58:28 AM",Kudos,Activity,14170202296
"Apr 14, 2025, 11:58:35 AM",Kudos,Activity,14169514540
"Apr 14, 2025, 11:58:37 AM",Kudos,Activity,14170212168
"Apr 14, 2025, 11:59:34 AM",Kudos,Activity,14168621543
"Apr 15, 2025, 2:14:08 AM",Kudos,Activity,14179774976
"Apr 15, 2025, 2:14:15 AM",Kudos,Activity,14176961603
"Apr 15, 2025, 2:14:19 AM",Kudos,Activity,14177023606
"Apr 15, 2025, 2:14:23 AM",Kudos,Activity,14179609020
"Apr 15, 2025, 2:14:30 AM",Kudos,Activity,14177246440
"Apr 15, 2025, 2:14:39 AM",Kudos,Activity,14179092756
"Apr 15, 2025, 2:14:42 AM",Kudos,Activity,14178955332
"Apr 15, 2025, 2:14:47 AM",Kudos,Activity,14179469001
"Apr 15, 2025, 2:14:49 AM",Kudos,Activity,14175004873
"Apr 15, 2025, 2:14:53 AM",Kudos,Activity,14179320677
"Apr 15, 2025, 2:15:05 AM",Kudos,Activity,14179268222
"Apr 15, 2025, 2:15:13 AM",Kudos,Activity,14180292996
"Apr 15, 2025, 2:15:27 AM",Kudos,Activity,14174253955
"Apr 15, 2025, 2:15:34 AM",Kudos,Activity,14177908371
"Apr 15, 2025, 2:15:40 AM",Kudos,Activity,14173872133
"Apr 15, 2025, 2:15:44 AM",Kudos,Activity,14175403766
"Apr 15, 2025, 2:15:45 AM",Kudos,Activity,14175387590
"Apr 15, 2025, 2:15:46 AM",Kudos,Activity,14175407891
"Apr 15, 2025, 2:15:52 AM",Kudos,Activity,14179092800
"Apr 15, 2025, 2:16:10 AM",Kudos,Activity,14180089351
"Apr 15, 2025, 2:16:16 AM",Kudos,Activity,14179599737
"Apr 15, 2025, 2:16:22 AM",Kudos,Activity,14179265332
"Apr 15, 2025, 2:16:29 AM",Kudos,Activity,14179068238
"Apr 15, 2025, 1:02:00 PM",Kudos,Activity,14182791561
"Apr 15, 2025, 1:02:12 PM",Kudos,Activity,14183331080
"Apr 15, 2025, 1:02:33 PM",Kudos,Activity,14182723123
"Apr 15, 2025, 1:02:36 PM",Kudos,Activity,14180297028
"Apr 15, 2025, 1:02:41 PM",Kudos,Activity,14183616763
"Apr 15, 2025, 1:02:44 PM",Kudos,Activity,14180712460
"Apr 15, 2025, 1:02:51 PM",Kudos,Activity,14182613285
"Apr 15, 2025, 1:02:54 PM",Kudos,Activity,14182847980
"Apr 15, 2025, 5:23:43 PM",Kudos,Activity,14185924646
"Apr 15, 2025, 5:23:49 PM",Kudos,Activity,14185116587
"Apr 15, 2025, 5:23:51 PM",Kudos,Activity,14185695186
"Apr 15, 2025, 5:23:53 PM",Kudos,Activity,14185868224
"Apr 15, 2025, 8:48:11 PM",Kudos,Activity,14186377567
"Apr 15, 2025, 8:48:48 PM",Kudos,Activity,14187457670
"Apr 15, 2025, 8:49:06 PM",Kudos,Activity,14186727468
"Apr 15, 2025, 8:49:15 PM",Kudos,Activity,14182920636
"Apr 15, 2025, 10:37:32 PM",Kudos,Activity,14188848217
"Apr 16, 2025, 11:58:33 AM",Kudos,Activity,14190225662
"Apr 16, 2025, 11:58:40 AM",Kudos,Activity,14192550015
"Apr 16, 2025, 11:58:42 AM",Kudos,Activity,14189248644
"Apr 16, 2025, 11:58:44 AM",Kudos,Activity,14190216754
"Apr 16, 2025, 11:58:45 AM",Kudos,Activity,14189632519
"Apr 16, 2025, 11:58:47 AM",Kudos,Activity,14189997925
"Apr 16, 2025, 11:59:11 AM",Kudos,Activity,14189241679
"Apr 16, 2025, 11:59:59 AM",Kudos,Activity,14193068463
"Apr 16, 2025, 12:00:01 PM",Kudos,Activity,14190226091
"Apr 16, 2025, 12:00:13 PM",Kudos,Activity,14189013940
"Apr 16, 2025, 12:00:27 PM",Kudos,Activity,14189630186
"Apr 16, 2025, 9:47:31 PM",Kudos,Activity,14193547263
"Apr 16, 2025, 9:47:43 PM",Kudos,Activity,14193667310
"Apr 16, 2025, 9:47:47 PM",Kudos,Activity,14193759086
"Apr 16, 2025, 9:47:51 PM",Kudos,Activity,14197182977
"Apr 16, 2025, 9:47:58 PM",Kudos,Activity,14195467148
"Apr 16, 2025, 9:48:20 PM",Kudos,Post,36359097
"Apr 16, 2025, 9:48:26 PM",Kudos,Activity,14195464127
"Apr 16, 2025, 9:48:52 PM",Kudos,Activity,14195512315
"Apr 16, 2025, 9:48:53 PM",Kudos,Activity,14194800789
"Apr 16, 2025, 9:48:56 PM",Kudos,Activity,14196555355
"Apr 16, 2025, 9:49:26 PM",Kudos,Activity,14193744261
"Apr 16, 2025, 9:49:29 PM",Kudos,Activity,14193410042
"Apr 16, 2025, 9:49:32 PM",Kudos,Activity,14194019596
"Apr 17, 2025, 1:22:54 PM",Kudos,Activity,14201846252
"Apr 17, 2025, 1:23:03 PM",Kudos,Activity,14203374180
"Apr 17, 2025, 1:23:11 PM",Kudos,Activity,14200035951
"Apr 17, 2025, 1:23:35 PM",Kudos,Activity,14199373440
"Apr 17, 2025, 1:23:38 PM",Kudos,Activity,14202041315
"Apr 17, 2025, 1:23:47 PM",Kudos,Activity,14198452692
"Apr 17, 2025, 1:24:08 PM",Kudos,Activity,14198606331
"Apr 17, 2025, 1:24:12 PM",Kudos,Activity,14198274754
"Apr 17, 2025, 10:03:00 PM",Kudos,Activity,14204274196
"Apr 17, 2025, 10:03:04 PM",Kudos,Activity,14203997488
"Apr 17, 2025, 10:03:33 PM",Kudos,Activity,14206090761
"Apr 17, 2025, 10:03:43 PM",Kudos,Activity,14204755392
"Apr 17, 2025, 10:03:47 PM",Kudos,Activity,14204798425
"Apr 18, 2025, 1:52:57 AM",Kudos,Activity,14208076186
"Apr 18, 2025, 1:53:05 AM",Kudos,Activity,14208032404
"Apr 18, 2025, 1:53:21 AM",Kudos,Activity,14208188659
"Apr 18, 2025, 1:53:37 AM",Kudos,Activity,14208625136
"Apr 18, 2025, 1:53:57 AM",Kudos,Activity,14207965375
"Apr 18, 2025, 1:54:25 AM",Kudos,Activity,14207912628
"Apr 18, 2025, 1:54:29 AM",Kudos,Activity,14207815189
"Apr 18, 2025, 1:54:31 AM",Kudos,Activity,14207977631
"Apr 18, 2025, 1:54:56 AM",Kudos,Activity,14202288958
"Apr 18, 2025, 11:08:58 AM",Kudos,Activity,14208976028
"Apr 18, 2025, 11:09:08 AM",Kudos,Activity,14208038384
"Apr 18, 2025, 11:09:14 AM",Kudos,Activity,14211352579
"Apr 18, 2025, 11:09:16 AM",Kudos,Activity,14211310090
"Apr 18, 2025, 11:09:22 AM",Kudos,Activity,14208224917
"Apr 18, 2025, 11:09:40 AM",Kudos,Activity,14208995316
"Apr 18, 2025, 1:28:05 PM",Kudos,Activity,14212705385
"Apr 18, 2025, 1:28:21 PM",Kudos,Activity,14212377295
"Apr 18, 2025, 1:28:23 PM",Kudos,Activity,14213038325
"Apr 18, 2025, 1:28:31 PM",Kudos,Activity,14213088734
"Apr 18, 2025, 1:28:33 PM",Kudos,Activity,14212836399
"Apr 18, 2025, 1:28:49 PM",Kudos,Activity,14211800247
"Apr 18, 2025, 8:21:44 PM",Kudos,Activity,14216147912
"Apr 18, 2025, 8:21:49 PM",Kudos,Activity,14215634648
"Apr 18, 2025, 8:22:06 PM",Kudos,Activity,14213225653
"Apr 18, 2025, 8:22:07 PM",Kudos,Activity,14213865072
"Apr 18, 2025, 8:22:12 PM",Kudos,Activity,14213416717
"Apr 18, 2025, 8:22:17 PM",Kudos,Activity,14215587066
"Apr 18, 2025, 8:22:48 PM",Kudos,Activity,14213591903
"Apr 19, 2025, 12:18:43 AM",Kudos,Activity,14212406986
"Apr 19, 2025, 12:18:43 AM",Kudos,Activity,14217375369
"Apr 19, 2025, 3:04:11 AM",Kudos,Activity,14217961511
"Apr 19, 2025, 3:04:28 AM",Kudos,Activity,14213525765
"Apr 19, 2025, 3:05:07 AM",Kudos,Activity,14216363783
"Apr 19, 2025, 3:34:28 PM",Kudos,Activity,14222504073
"Apr 19, 2025, 3:34:31 PM",Kudos,Activity,14222714630
"Apr 19, 2025, 3:34:35 PM",Kudos,Activity,14221694685
"Apr 19, 2025, 3:34:37 PM",Kudos,Activity,14218617109
"Apr 19, 2025, 3:34:39 PM",Kudos,Activity,14222919776
"Apr 19, 2025, 3:34:48 PM",Kudos,Activity,14222502203
"Apr 19, 2025, 3:35:56 PM",Kudos,Activity,14212872443
"Apr 19, 2025, 3:35:59 PM",Kudos,Activity,14223022672
"Apr 19, 2025, 3:40:02 PM",Kudos,Activity,14223433708
"Apr 19, 2025, 7:46:39 PM",Kudos,Activity,14224510983
"Apr 19, 2025, 7:46:54 PM",Kudos,Activity,14225031095
"Apr 19, 2025, 7:48:01 PM",Kudos,Activity,14225528390
"Apr 19, 2025, 7:48:02 PM",Kudos,Activity,14225529815
"Apr 19, 2025, 7:50:03 PM",Kudos,Activity,14224139544
"Apr 19, 2025, 7:50:20 PM",Kudos,Activity,14224799769
"Apr 19, 2025, 7:50:23 PM",Kudos,Activity,14225033653
"Apr 19, 2025, 7:50:34 PM",Kudos,Activity,14226335421
"Apr 19, 2025, 7:50:40 PM",Kudos,Activity,14225111129
"Apr 19, 2025, 7:50:47 PM",Kudos,Activity,14224078678
"Apr 19, 2025, 7:50:48 PM",Kudos,Activity,14225847415
"Apr 19, 2025, 7:50:56 PM",Kudos,Activity,14224769208
"Apr 19, 2025, 7:51:05 PM",Kudos,Activity,14226313064
"Apr 20, 2025, 4:15:01 AM",Kudos,Activity,14228374933
"Apr 20, 2025, 4:15:33 AM",Kudos,Activity,14222579842
"Apr 20, 2025, 4:16:34 AM",Kudos,Activity,14228193010
"Apr 20, 2025, 4:16:38 AM",Kudos,Activity,14227285917
"Apr 20, 2025, 4:16:41 AM",Kudos,Activity,14227211839
"Apr 20, 2025, 4:16:54 AM",Kudos,Activity,14227151554
"Apr 20, 2025, 4:16:58 AM",Kudos,Activity,14225960615
"Apr 20, 2025, 4:17:06 AM",Kudos,Activity,14224314703
"Apr 20, 2025, 4:18:01 AM",Kudos,Activity,14225425474
"Apr 20, 2025, 4:18:03 AM",Kudos,Activity,14225749467
"Apr 20, 2025, 4:18:11 AM",Kudos,Activity,14225222139
"Apr 20, 2025, 4:18:40 AM",Kudos,Activity,14223752875
"Apr 20, 2025, 11:42:27 AM",Kudos,Activity,14221834235
"Apr 20, 2025, 1:02:36 PM",Kudos,Activity,14232102125
"Apr 20, 2025, 1:02:47 PM",Kudos,Activity,14231326565
"Apr 20, 2025, 5:33:52 PM",Kudos,Activity,14234364661
"Apr 20, 2025, 5:34:17 PM",Kudos,Activity,14234189006
"Apr 20, 2025, 5:34:26 PM",Kudos,Activity,14235100852
"Apr 20, 2025, 5:34:45 PM",Kudos,Activity,14233783073
"Apr 20, 2025, 5:35:10 PM",Kudos,Activity,14233178283
"Apr 20, 2025, 5:35:51 PM",Kudos,Activity,14233509879
"Apr 20, 2025, 5:36:07 PM",Kudos,Activity,14233484244
"Apr 20, 2025, 5:36:17 PM",Kudos,Activity,14234053172
"Apr 20, 2025, 5:36:23 PM",Kudos,Activity,14234985715
"Apr 20, 2025, 5:36:35 PM",Kudos,Activity,14234336116
"Apr 21, 2025, 5:11:44 PM",Kudos,Activity,14243700715
"Apr 21, 2025, 5:11:58 PM",Kudos,Activity,14244296234
"Apr 21, 2025, 5:12:48 PM",Kudos,Activity,14238399696
"Apr 21, 2025, 5:12:50 PM",Kudos,Activity,14238380198
"Apr 21, 2025, 5:12:56 PM",Kudos,Activity,14237385379
"Apr 22, 2025, 12:40:04 AM",Kudos,Activity,14245731358
"Apr 22, 2025, 12:41:07 AM",Kudos,Activity,14245490158
"Apr 22, 2025, 12:41:42 AM",Kudos,Activity,14245155240
"Apr 22, 2025, 12:42:37 AM",Kudos,Activity,14246838808
"Apr 22, 2025, 12:42:43 AM",Kudos,Activity,14244978157
"Apr 22, 2025, 12:43:02 AM",Kudos,Activity,14246268530
"Apr 22, 2025, 12:43:11 AM",Kudos,Activity,14247068346
"Apr 22, 2025, 12:43:15 AM",Kudos,Activity,14247110560
"Apr 22, 2025, 12:43:18 AM",Kudos,Activity,14245682524
"Apr 22, 2025, 12:43:22 AM",Kudos,Activity,14246152720
"Apr 22, 2025, 12:43:31 AM",Kudos,Activity,14246789351
"Apr 22, 2025, 12:43:37 AM",Kudos,Activity,14244742652
"Apr 22, 2025, 12:43:44 AM",Kudos,Activity,14247263846
"Apr 22, 2025, 4:45:18 PM",Kudos,Activity,14244733436
"Apr 22, 2025, 5:05:01 PM",Kudos,Activity,14250896114
"Apr 22, 2025, 5:05:03 PM",Kudos,Activity,14251890690
"Apr 22, 2025, 5:05:08 PM",Kudos,Activity,14251038799
"Apr 22, 2025, 5:05:18 PM",Kudos,Activity,14251678881
"Apr 22, 2025, 5:06:05 PM",Kudos,Activity,14235728203
"Apr 22, 2025, 5:06:13 PM",Kudos,Activity,14236751512
"Apr 22, 2025, 5:06:17 PM",Kudos,Activity,14250618787
"Apr 22, 2025, 5:06:20 PM",Kudos,Activity,14248165195
"Apr 22, 2025, 5:06:23 PM",Kudos,Activity,14251295949
"Apr 22, 2025, 5:06:27 PM",Kudos,Activity,14235988061
"Apr 22, 2025, 5:06:42 PM",Kudos,Activity,14226546944
"Apr 22, 2025, 5:06:47 PM",Kudos,Activity,14253512827
"Apr 22, 2025, 5:07:15 PM",Kudos,Activity,14224911060
"Apr 22, 2025, 5:07:42 PM",Kudos,Activity,14227032662
"Apr 22, 2025, 5:08:03 PM",Kudos,Activity,14237748463
"Apr 22, 2025, 5:08:25 PM",Kudos,Activity,14223604830
"Apr 23, 2025, 12:07:24 PM",Kudos,Activity,14257617511
"Apr 23, 2025, 12:07:29 PM",Kudos,Activity,14257511802
"Apr 23, 2025, 12:07:31 PM",Kudos,Activity,14258556892
"Apr 23, 2025, 12:07:34 PM",Kudos,Activity,14257514448
"Apr 23, 2025, 12:07:40 PM",Kudos,Activity,14258383524
"Apr 23, 2025, 12:07:42 PM",Kudos,Activity,14261044035
"Apr 23, 2025, 12:07:52 PM",Kudos,Activity,14257680166
"Apr 23, 2025, 12:08:11 PM",Kudos,Activity,14254381646
"Apr 23, 2025, 12:08:19 PM",Kudos,Activity,14256917160
"Apr 23, 2025, 12:08:48 PM",Kudos,Activity,14257367005
"Apr 23, 2025, 12:08:51 PM",Kudos,Activity,14258459398
"Apr 23, 2025, 12:08:54 PM",Kudos,Activity,14260745386
"Apr 23, 2025, 12:08:56 PM",Kudos,Activity,14258332485
"Apr 23, 2025, 1:07:00 PM",Kudos,Activity,14262103603
"Apr 23, 2025, 1:07:01 PM",Kudos,Activity,14262097911
"Apr 23, 2025, 1:07:25 PM",Kudos,Activity,14261833454
"Apr 23, 2025, 1:07:31 PM",Kudos,Activity,14262094840
"Apr 23, 2025, 1:07:42 PM",Kudos,Activity,14258693684
"Apr 23, 2025, 1:07:47 PM",Kudos,Activity,14257269949
"Apr 23, 2025, 1:07:49 PM",Kudos,Activity,14256373665
"Apr 23, 2025, 1:08:00 PM",Kudos,Activity,14254378293
"Apr 23, 2025, 1:18:33 PM",Kudos,Activity,14258280246
"Apr 23, 2025, 1:18:36 PM",Kudos,Activity,14246973558
"Apr 23, 2025, 4:45:21 PM",Kudos,Activity,14262615717
"Apr 23, 2025, 4:45:24 PM",Kudos,Activity,14262242526
"Apr 23, 2025, 4:46:00 PM",Kudos,Activity,14261702798
"Apr 23, 2025, 4:46:35 PM",Kudos,Activity,14263056851
"Apr 23, 2025, 6:20:01 PM",Kudos,Activity,14265152987
"Apr 23, 2025, 6:20:47 PM",Kudos,Activity,14264111852
"Apr 23, 2025, 10:48:56 PM",Kudos,Activity,14266421604
"Apr 23, 2025, 10:49:24 PM",Kudos,Activity,14267013541
"Apr 23, 2025, 10:49:27 PM",Kudos,Activity,14265968378
"Apr 24, 2025, 1:11:54 PM",Kudos,Activity,14268464698
"Apr 24, 2025, 1:13:33 PM",Kudos,Activity,14267226887
"Apr 24, 2025, 1:13:41 PM",Kudos,Activity,14267635105
"Apr 24, 2025, 1:13:49 PM",Kudos,Activity,14270848676
"Apr 24, 2025, 1:24:51 PM",Kudos,Activity,14267320095
"Apr 24, 2025, 1:25:08 PM",Kudos,Activity,14268350265
"Apr 24, 2025, 1:25:25 PM",Kudos,Activity,14268663981
"Apr 24, 2025, 1:25:29 PM",Kudos,Activity,14269101735
"Apr 24, 2025, 1:25:48 PM",Kudos,Activity,14267341060
"Apr 24, 2025, 1:25:52 PM",Kudos,Activity,14268618676
"Apr 24, 2025, 1:26:13 PM",Kudos,Activity,14268122281
"Apr 24, 2025, 1:26:26 PM",Kudos,Activity,14262256512
"Apr 24, 2025, 2:17:23 PM",Kudos,Activity,14267659869
"Apr 24, 2025, 2:17:37 PM",Kudos,Activity,14268805732
"Apr 24, 2025, 7:27:03 PM",Kudos,Activity,14272230282
"Apr 24, 2025, 7:27:14 PM",Kudos,Activity,14275185032
"Apr 24, 2025, 7:27:18 PM",Kudos,Activity,14271707203
"Apr 24, 2025, 7:27:37 PM",Kudos,Activity,14273144886
"Apr 24, 2025, 7:28:18 PM",Kudos,Activity,14272235600
"Apr 24, 2025, 11:12:33 PM",Kudos,Activity,14276710378
"Apr 24, 2025, 11:12:39 PM",Kudos,Activity,14276859428
"Apr 24, 2025, 11:12:43 PM",Kudos,Activity,14276058716
"Apr 25, 2025, 12:55:24 AM",Kudos,Activity,14277211688
"Apr 25, 2025, 12:55:27 AM",Kudos,Activity,14277327772
"Apr 25, 2025, 12:55:32 AM",Kudos,Activity,14277487577
"Apr 25, 2025, 12:55:51 AM",Kudos,Activity,14277595916
"Apr 25, 2025, 3:50:03 PM",Kudos,Activity,14283013495
"Apr 25, 2025, 3:50:05 PM",Kudos,Activity,14281746201
"Apr 25, 2025, 3:50:07 PM",Kudos,Activity,14281466419
"Apr 25, 2025, 3:50:14 PM",Kudos,Activity,14281435906
"Apr 25, 2025, 3:50:34 PM",Kudos,Activity,14281942108
"Apr 25, 2025, 3:50:41 PM",Kudos,Activity,14280551928
"Apr 25, 2025, 3:50:43 PM",Kudos,Activity,14278071152
"Apr 25, 2025, 3:51:01 PM",Kudos,Activity,14281699844
"Apr 25, 2025, 3:51:03 PM",Kudos,Activity,14282315749
"Apr 25, 2025, 3:51:28 PM",Kudos,Activity,14281575697
"Apr 25, 2025, 3:51:33 PM",Kudos,Activity,14281715167
"Apr 25, 2025, 3:51:46 PM",Kudos,Activity,14282642385
"Apr 25, 2025, 3:51:50 PM",Kudos,Activity,14281883899
"Apr 25, 2025, 3:51:54 PM",Kudos,Activity,14272495553
"Apr 25, 2025, 3:52:02 PM",Kudos,Activity,14282047179
"Apr 25, 2025, 3:52:04 PM",Kudos,Activity,14277781067
"Apr 25, 2025, 5:21:13 PM",Kudos,Activity,14283413611
"Apr 25, 2025, 5:21:18 PM",Kudos,Activity,14283177051
"Apr 25, 2025, 5:21:35 PM",Kudos,Activity,14277926316
"Apr 25, 2025, 5:21:36 PM",Kudos,Activity,14277979173
"Apr 25, 2025, 5:21:38 PM",Kudos,Activity,14281536716
"Apr 25, 2025, 5:21:44 PM",Kudos,Activity,14277627521
"Apr 26, 2025, 1:10:47 AM",Kudos,Activity,14285542357
"Apr 26, 2025, 1:10:50 AM",Kudos,Activity,14282599427
"Apr 26, 2025, 1:11:00 AM",Kudos,Activity,14284034533
"Apr 26, 2025, 1:16:37 AM",Kudos,Activity,14285747103
"Apr 26, 2025, 1:16:48 AM",Kudos,Activity,14285958496
"Apr 26, 2025, 1:16:51 AM",Kudos,Activity,14284619098
"Apr 26, 2025, 1:17:02 AM",Kudos,Post,36541832
"Apr 26, 2025, 1:17:04 AM",Kudos,Activity,14284770039
"Apr 26, 2025, 1:17:07 AM",Kudos,Activity,14284670187
"Apr 26, 2025, 2:23:14 AM",Kudos,Activity,14286959390
"Apr 26, 2025, 6:19:50 PM",Kudos,Activity,14293938199
"Apr 26, 2025, 6:19:55 PM",Kudos,Activity,14292105994
"Apr 26, 2025, 6:20:54 PM",Kudos,Activity,14291826137
"Apr 26, 2025, 6:21:12 PM",Kudos,Activity,14292089900
"Apr 26, 2025, 6:21:29 PM",Kudos,Activity,14294379924
"Apr 26, 2025, 6:21:34 PM",Kudos,Activity,14292549312
"Apr 26, 2025, 6:21:37 PM",Kudos,Activity,14292223074
"Apr 26, 2025, 6:21:40 PM",Kudos,Activity,14293978802
"Apr 26, 2025, 6:21:44 PM",Kudos,Activity,14292346609
"Apr 26, 2025, 6:21:46 PM",Kudos,Activity,14293005733
"Apr 26, 2025, 6:21:48 PM",Kudos,Activity,14291576520
"Apr 26, 2025, 6:21:49 PM",Kudos,Activity,14292698032
"Apr 26, 2025, 7:43:43 PM",Kudos,Activity,14294543349
"Apr 27, 2025, 4:58:28 PM",Kudos,Activity,14304512832
"Apr 27, 2025, 4:59:04 PM",Kudos,Activity,14302707843
"Apr 27, 2025, 4:59:12 PM",Kudos,Activity,14304427039
"Apr 27, 2025, 4:59:17 PM",Kudos,Activity,14302960964
"Apr 27, 2025, 4:59:23 PM",Kudos,Activity,14302096043
"Apr 27, 2025, 4:59:27 PM",Kudos,Activity,14303662729
"Apr 27, 2025, 4:59:30 PM",Kudos,Activity,14303994688
"Apr 27, 2025, 4:59:59 PM",Kudos,Activity,14295532796
"Apr 27, 2025, 5:05:13 PM",Kudos,Activity,14304769575
"Apr 27, 2025, 6:01:07 PM",Kudos,Activity,14305068047
"Apr 27, 2025, 6:01:29 PM",Kudos,Activity,14303907771
"Apr 27, 2025, 6:03:24 PM",Kudos,Activity,14294435828
"Apr 27, 2025, 6:03:53 PM",Kudos,Activity,14301520356
"Apr 27, 2025, 6:03:57 PM",Kudos,Post,36561599
"Apr 27, 2025, 6:04:03 PM",Kudos,Activity,14294660784
"Apr 27, 2025, 6:04:29 PM",Kudos,Activity,14293682852
"Apr 27, 2025, 6:04:39 PM",Kudos,Activity,14295616550
"Apr 27, 2025, 6:04:42 PM",Kudos,Activity,14304511471
"Apr 27, 2025, 6:25:19 PM",Kudos,Activity,14305376297
"Apr 27, 2025, 8:09:16 PM",Kudos,Activity,14305573420
"Apr 27, 2025, 8:09:31 PM",Kudos,Activity,14305813178
"Apr 27, 2025, 9:46:05 PM",Kudos,Activity,14306784908
"Apr 27, 2025, 9:46:18 PM",Kudos,Activity,14306767593
"Apr 27, 2025, 11:04:07 PM",Kudos,Activity,14300189685
"Apr 27, 2025, 11:32:25 PM",Kudos,Activity,14307260158
"Apr 28, 2025, 1:53:44 AM",Kudos,Activity,14296136841
"Apr 28, 2025, 1:53:56 AM",Kudos,Activity,14294881554
"Apr 28, 2025, 1:54:03 AM",Kudos,Activity,14291965960
"Apr 28, 2025, 1:55:10 AM",Kudos,Activity,14291655319
"Apr 28, 2025, 1:55:19 AM",Kudos,Activity,14302723686
"Apr 28, 2025, 1:55:22 AM",Kudos,Activity,14296136662
"Apr 28, 2025, 11:18:38 AM",Kudos,Activity,14310171567
"Apr 28, 2025, 11:18:44 AM",Kudos,Activity,14307883527
"Apr 28, 2025, 11:18:47 AM",Kudos,Activity,14300170182
"Apr 28, 2025, 7:56:23 PM",Kudos,Activity,14313875840
"Apr 28, 2025, 7:57:00 PM",Kudos,Activity,14313013592
"Apr 28, 2025, 7:57:20 PM",Kudos,Activity,14311496085
"Apr 28, 2025, 7:57:27 PM",Kudos,Activity,14312048988
"Apr 28, 2025, 7:57:41 PM",Kudos,Activity,14308041354
"Apr 28, 2025, 7:57:46 PM",Kudos,Activity,14312930645
"Apr 28, 2025, 7:57:52 PM",Kudos,Activity,14310718026
"Apr 28, 2025, 7:57:54 PM",Kudos,Activity,14313334140
"Apr 28, 2025, 7:58:00 PM",Kudos,Activity,14312612483
"Apr 28, 2025, 7:58:03 PM",Kudos,Activity,14311456639
"Apr 28, 2025, 8:35:51 PM",Kudos,Activity,14315394164
"Apr 28, 2025, 10:24:47 PM",Kudos,Activity,14315360644
"Apr 29, 2025, 1:18:16 AM",Kudos,Activity,14316704356
"Apr 29, 2025, 1:18:32 AM",Kudos,Activity,14315821566
"Apr 29, 2025, 1:49:43 AM",Kudos,Activity,14317030599
"Apr 29, 2025, 1:49:49 AM",Kudos,Activity,14316872466
"Apr 29, 2025, 1:51:17 AM",Kudos,Activity,14317474108
"Apr 29, 2025, 1:51:27 AM",Kudos,Activity,14316752962
"Apr 29, 2025, 6:11:12 PM",Kudos,Activity,14321655661
"Apr 29, 2025, 6:11:16 PM",Kudos,Activity,14319208589
"Apr 29, 2025, 6:11:36 PM",Kudos,Activity,14321373149
"Apr 29, 2025, 6:11:48 PM",Kudos,Activity,14321599132
"Apr 29, 2025, 6:11:56 PM",Kudos,Activity,14320661416
"Apr 29, 2025, 6:12:11 PM",Kudos,Activity,14318051872
"Apr 29, 2025, 6:12:25 PM",Kudos,Activity,14321270144
"Apr 29, 2025, 6:12:31 PM",Kudos,Activity,14317761532
"Apr 29, 2025, 6:12:36 PM",Kudos,Activity,14321364530
"Apr 29, 2025, 6:12:40 PM",Kudos,Activity,14321733180
"Apr 29, 2025, 6:12:43 PM",Kudos,Activity,14325040663
"Apr 29, 2025, 6:12:48 PM",Kudos,Activity,14321941529
"Apr 29, 2025, 9:52:15 PM",Kudos,Activity,14326588255
"Apr 29, 2025, 9:55:55 PM",Kudos,Activity,14326198667
"Apr 29, 2025, 9:56:03 PM",Kudos,Activity,14326590447
"Apr 30, 2025, 10:44:36 AM",Kudos,Activity,14327635002
"Apr 30, 2025, 10:44:45 AM",Kudos,Activity,14328765231
"Apr 30, 2025, 10:44:53 AM",Kudos,Activity,14327959639
"Apr 30, 2025, 10:44:56 AM",Kudos,Activity,14327766765
"Apr 30, 2025, 10:45:02 AM",Kudos,Activity,14328742626
"Apr 30, 2025, 10:45:27 AM",Kudos,Activity,14327377809
"Apr 30, 2025, 10:45:29 AM",Kudos,Activity,14327585834
"Apr 30, 2025, 10:45:32 AM",Kudos,Activity,14327951771
"Apr 30, 2025, 10:45:38 AM",Kudos,Activity,14327511508
"Apr 30, 2025, 10:45:44 AM",Kudos,Activity,14327718796
"Apr 30, 2025, 12:51:47 PM",Kudos,Activity,14331334542
"Apr 30, 2025, 12:51:49 PM",Kudos,Activity,14332027334
"Apr 30, 2025, 12:51:54 PM",Kudos,Activity,14332093709
"Apr 30, 2025, 12:52:19 PM",Kudos,Activity,14332455075
"Apr 30, 2025, 12:52:46 PM",Kudos,Activity,14327835279
"Apr 30, 2025, 12:52:49 PM",Kudos,Activity,14327642538
"Apr 30, 2025, 2:04:50 PM",Kudos,Activity,14332468320
"Apr 30, 2025, 2:04:54 PM",Kudos,Activity,14332624136
"Apr 30, 2025, 2:05:34 PM",Kudos,Activity,14332719035
"Apr 30, 2025, 2:05:37 PM",Kudos,Activity,14332951627
"Apr 30, 2025, 2:05:44 PM",Kudos,Post,36587210
"May 1, 2025, 1:02:20 AM",Kudos,Activity,14337280841
"May 1, 2025, 1:02:25 AM",Kudos,Activity,14335379749
"May 1, 2025, 1:02:30 AM",Kudos,Activity,14335311429
"May 1, 2025, 1:02:35 AM",Kudos,Activity,14335370268
"May 1, 2025, 1:02:42 AM",Kudos,Activity,14337227035
"May 1, 2025, 1:02:47 AM",Kudos,Activity,14336127456
"May 1, 2025, 1:02:54 AM",Kudos,Activity,14337956618
"May 1, 2025, 1:02:56 AM",Kudos,Activity,14337722368
"May 1, 2025, 1:03:01 AM",Kudos,Activity,14337940681
"May 1, 2025, 1:03:06 AM",Kudos,Activity,14333630018
"May 1, 2025, 1:03:13 AM",Kudos,Activity,14333896887
"May 1, 2025, 1:03:26 AM",Kudos,Activity,14334067201
"May 1, 2025, 10:49:52 AM",Kudos,Activity,14340290779
"May 1, 2025, 10:49:56 AM",Kudos,Activity,14339000225
"May 1, 2025, 10:50:03 AM",Kudos,Activity,14339024799
"May 1, 2025, 10:50:21 AM",Kudos,Activity,14337488359
"May 1, 2025, 8:42:56 PM",Kudos,Activity,14347412466
"May 1, 2025, 8:43:26 PM",Kudos,Activity,14347296193
"May 1, 2025, 8:43:32 PM",Kudos,Activity,14347878597
"May 1, 2025, 8:43:35 PM",Kudos,Activity,14342987935
"May 1, 2025, 8:43:47 PM",Kudos,Activity,14342182701
"May 1, 2025, 8:43:52 PM",Kudos,Activity,14345263580
"May 1, 2025, 8:44:09 PM",Kudos,Activity,14343408759
"May 1, 2025, 8:44:37 PM",Kudos,Activity,14347722332
"May 1, 2025, 8:44:42 PM",Kudos,Activity,14344592791
"May 1, 2025, 8:44:43 PM",Kudos,Activity,14347002154
"May 1, 2025, 8:44:50 PM",Kudos,Activity,14346778892
"May 1, 2025, 8:44:54 PM",Kudos,Activity,14343119021
"May 1, 2025, 8:45:20 PM",Kudos,Activity,14343787086
"May 1, 2025, 9:56:03 PM",Kudos,Activity,14348808921
"May 1, 2025, 9:58:10 PM",Kudos,Activity,14344756995
"May 2, 2025, 9:38:51 PM",Kudos,Activity,14354163448
"May 2, 2025, 9:39:02 PM",Kudos,Activity,14354160293
"May 2, 2025, 9:39:08 PM",Kudos,Activity,14352874504
"May 2, 2025, 9:39:10 PM",Kudos,Activity,14354085386
"May 2, 2025, 9:39:13 PM",Kudos,Activity,14355122315
"May 3, 2025, 10:11:18 AM",Kudos,Activity,14360059334
"May 3, 2025, 10:11:21 AM",Kudos,Activity,14358923462
"May 3, 2025, 10:11:24 AM",Kudos,Activity,14360059270
"May 3, 2025, 10:11:31 AM",Kudos,Activity,14358642732
"May 3, 2025, 10:11:40 AM",Kudos,Activity,14358974115
"May 3, 2025, 10:11:50 AM",Kudos,Post,36683845
"May 3, 2025, 10:13:00 AM",Kudos,Activity,14349397376
"May 3, 2025, 2:18:56 PM",Kudos,Activity,14364142895
"May 3, 2025, 4:25:52 PM",Kudos,Activity,14366002363
"May 3, 2025, 4:25:57 PM",Kudos,Activity,14365784179
"May 3, 2025, 4:26:05 PM",Kudos,Activity,14364889060
"May 3, 2025, 4:26:13 PM",Kudos,Activity,14366051028
"May 3, 2025, 4:26:18 PM",Kudos,Activity,14366121245
"May 3, 2025, 4:26:27 PM",Kudos,Activity,14366128036
"May 3, 2025, 4:26:40 PM",Kudos,Activity,14364631148
"May 3, 2025, 4:26:48 PM",Kudos,Activity,14364903819
"May 3, 2025, 4:26:51 PM",Kudos,Activity,14354071573
"May 3, 2025, 4:26:53 PM",Kudos,Activity,14353553115
"May 3, 2025, 4:26:54 PM",Kudos,Activity,14353852563
"May 3, 2025, 4:26:56 PM",Kudos,Activity,14349590772
"May 3, 2025, 4:27:11 PM",Kudos,Activity,14350197114
"May 3, 2025, 4:27:14 PM",Kudos,Activity,14363840528
"May 3, 2025, 6:14:44 PM",Kudos,Activity,14367705056
"May 3, 2025, 6:14:50 PM",Kudos,Activity,14366756935
"May 3, 2025, 6:15:11 PM",Kudos,Activity,14349524374
"May 3, 2025, 7:55:14 PM",Kudos,Activity,14368195873
"May 3, 2025, 7:55:17 PM",Kudos,Activity,14368180519
"May 3, 2025, 7:55:21 PM",Kudos,Activity,14367842017
"May 3, 2025, 7:55:51 PM",Kudos,Activity,14368445710
"May 3, 2025, 7:55:56 PM",Kudos,Activity,14367697908
"May 3, 2025, 7:56:02 PM",Kudos,Activity,14349772909
"May 3, 2025, 7:56:06 PM",Kudos,Activity,14354826437
"May 3, 2025, 7:56:18 PM",Kudos,Activity,14349787670
"May 3, 2025, 7:56:28 PM",Kudos,Activity,14365158976
"May 3, 2025, 9:24:58 PM",Kudos,Activity,14368545162
"May 3, 2025, 9:25:07 PM",Kudos,Activity,14368502148
"May 3, 2025, 9:25:23 PM",Kudos,Activity,14368548005
"May 3, 2025, 9:25:26 PM",Kudos,Activity,14363045066
"May 3, 2025, 9:25:28 PM",Kudos,Activity,14350305671
"May 3, 2025, 9:25:38 PM",Kudos,Activity,14364903767
"May 3, 2025, 9:25:44 PM",Kudos,Activity,14348989158
"May 4, 2025, 12:16:06 AM",Kudos,Activity,14369544701
"May 4, 2025, 12:16:25 AM",Kudos,Activity,14369412851
"May 4, 2025, 12:16:43 AM",Kudos,Activity,14354083847
"May 4, 2025, 1:55:03 AM",Kudos,Activity,14351433159
"May 4, 2025, 1:55:11 AM",Kudos,Activity,14349915588
"May 4, 2025, 1:50:47 PM",Kudos,Activity,14375489989
"May 4, 2025, 1:51:11 PM",Kudos,Activity,14370760778
"May 4, 2025, 1:51:15 PM",Kudos,Activity,14368758927
"May 4, 2025, 1:51:26 PM",Kudos,Activity,14374665091
"May 4, 2025, 1:51:33 PM",Kudos,Activity,14373506010
"May 4, 2025, 1:51:38 PM",Kudos,Activity,14370565080
"May 4, 2025, 4:18:31 PM",Kudos,Activity,14376851085
"May 4, 2025, 4:18:58 PM",Kudos,Activity,14376476942
"May 4, 2025, 4:19:12 PM",Kudos,Activity,14376149972
"May 4, 2025, 4:19:22 PM",Kudos,Activity,14376666120
"May 4, 2025, 10:54:23 PM",Kudos,Activity,14377259725
"May 4, 2025, 10:55:00 PM",Kudos,Activity,14378187244
"May 4, 2025, 10:55:06 PM",Kudos,Activity,14377061869
"May 4, 2025, 10:55:11 PM",Kudos,Activity,14377025947
"May 4, 2025, 10:55:59 PM",Kudos,Activity,14377346380
"May 4, 2025, 10:56:02 PM",Kudos,Activity,14379510627
"May 4, 2025, 10:56:42 PM",Kudos,Activity,14377258922
"May 4, 2025, 10:56:59 PM",Kudos,Activity,14379586576
"May 4, 2025, 10:57:15 PM",Kudos,Activity,14377542705
"May 4, 2025, 10:57:58 PM",Kudos,Activity,14377798791
"May 4, 2025, 11:00:46 PM",Kudos,Activity,14378988430
"May 4, 2025, 11:00:48 PM",Kudos,Activity,14379974435
"May 4, 2025, 11:00:57 PM",Kudos,Activity,14379509398
"May 5, 2025, 12:21:37 AM",Kudos,Activity,14378213553
"May 5, 2025, 12:21:43 AM",Kudos,Activity,14377588670
"May 5, 2025, 11:52:26 AM",Kudos,Activity,14383274202
"May 5, 2025, 12:15:56 PM",Kudos,Activity,14384059209
"May 5, 2025, 12:15:59 PM",Kudos,Activity,14383194433
"May 5, 2025, 12:16:04 PM",Kudos,Activity,14383558252
"May 5, 2025, 6:11:01 PM",Kudos,Activity,14387093991
"May 5, 2025, 6:11:05 PM",Kudos,Activity,14386773799
"May 5, 2025, 6:12:00 PM",Kudos,Activity,14385671299
"May 5, 2025, 6:12:16 PM",Kudos,Activity,14386176928
"May 5, 2025, 6:12:21 PM",Kudos,Activity,14385900757
"May 5, 2025, 6:12:50 PM",Kudos,Activity,14386504661
"May 5, 2025, 6:12:55 PM",Kudos,Activity,14385462168
"May 5, 2025, 6:12:59 PM",Kudos,Activity,14385391309
"May 5, 2025, 6:13:15 PM",Kudos,Activity,14386225966
"May 5, 2025, 9:22:27 PM",Kudos,Activity,14388598008
"May 5, 2025, 9:22:29 PM",Kudos,Activity,14388591879
"May 6, 2025, 1:38:19 AM",Kudos,Activity,14389456106
"May 6, 2025, 1:38:24 AM",Kudos,Activity,14390081887
"May 6, 2025, 1:38:27 AM",Kudos,Activity,14389635529
"May 6, 2025, 1:38:32 AM",Kudos,Activity,14389467459
"May 6, 2025, 10:45:43 AM",Kudos,Activity,14390401270
"May 6, 2025, 10:45:47 AM",Kudos,Activity,14392961852
"May 6, 2025, 10:45:59 AM",Kudos,Activity,14390509392
"May 6, 2025, 11:53:03 AM",Kudos,Activity,14393250115
"May 6, 2025, 11:53:06 AM",Kudos,Activity,14393731477
"May 6, 2025, 11:53:30 AM",Kudos,Activity,14393604641
"May 6, 2025, 11:53:51 AM",Kudos,Activity,14389296802
"May 6, 2025, 11:54:09 AM",Kudos,Activity,14389958446
"May 6, 2025, 11:54:22 AM",Kudos,Activity,14392761988
"May 6, 2025, 2:39:51 PM",Kudos,Activity,14393956299
"May 6, 2025, 2:40:12 PM",Kudos,Activity,14394407156
"May 6, 2025, 2:40:20 PM",Kudos,Activity,14394950795
"May 6, 2025, 4:15:56 PM",Kudos,Activity,14395678533
"May 6, 2025, 4:16:00 PM",Kudos,Activity,14395656898
"May 6, 2025, 6:35:52 PM",Kudos,Activity,14395574571
"May 6, 2025, 6:36:06 PM",Kudos,Activity,14396535999
"May 6, 2025, 6:36:15 PM",Kudos,Activity,14396208925
"May 6, 2025, 6:36:17 PM",Kudos,Activity,14396069779
"May 6, 2025, 9:22:50 PM",Kudos,Activity,14399121420
"May 6, 2025, 9:23:02 PM",Kudos,Activity,14398897450
"May 7, 2025, 2:17:51 AM",Kudos,Activity,14399596362
"May 7, 2025, 2:18:00 AM",Kudos,Activity,14400581367
"May 7, 2025, 2:18:15 AM",Kudos,Activity,14399676493
"May 7, 2025, 2:18:17 AM",Kudos,Activity,14399822564
"May 7, 2025, 2:18:25 AM",Kudos,Activity,14399976304
"May 7, 2025, 2:18:52 AM",Kudos,Activity,14399450707
"May 7, 2025, 2:18:55 AM",Kudos,Activity,14400828590
"May 7, 2025, 12:30:00 PM",Kudos,Activity,14401316198
"May 7, 2025, 12:30:01 PM",Kudos,Activity,14404337355
"May 7, 2025, 12:30:05 PM",Kudos,Activity,14403763261
"May 7, 2025, 12:30:09 PM",Kudos,Activity,14401537130
"May 7, 2025, 12:30:12 PM",Kudos,Activity,14401405851
"May 7, 2025, 12:30:23 PM",Kudos,Activity,14403561518
"May 7, 2025, 12:30:25 PM",Kudos,Activity,14401108616
"May 7, 2025, 12:30:33 PM",Kudos,Activity,14403749013
"May 7, 2025, 12:30:52 PM",Kudos,Activity,14404028029
"May 7, 2025, 12:30:59 PM",Kudos,Activity,14404310247
"May 7, 2025, 1:36:54 PM",Kudos,Activity,14404559574
"May 7, 2025, 1:37:15 PM",Kudos,Activity,14405143644
"May 7, 2025, 1:37:18 PM",Kudos,Activity,14405143377
"May 7, 2025, 1:37:58 PM",Kudos,Activity,14404406670
"May 7, 2025, 2:30:45 PM",Kudos,Activity,14405279006
"May 7, 2025, 2:30:51 PM",Kudos,Activity,14405568017
"May 7, 2025, 2:48:59 PM",Kudos,Activity,14405789670
"May 7, 2025, 6:21:40 PM",Kudos,Activity,14406571163
"May 7, 2025, 6:21:45 PM",Kudos,Activity,14406796949
"May 7, 2025, 6:21:49 PM",Kudos,Activity,14406576137
"May 7, 2025, 6:21:57 PM",Kudos,Activity,14406863892
"May 7, 2025, 7:03:17 PM",Kudos,Activity,14407437595
"May 7, 2025, 9:33:45 PM",Kudos,Activity,14409034289
"May 7, 2025, 9:34:24 PM",Kudos,Activity,14408600020
"May 7, 2025, 9:34:36 PM",Kudos,Activity,14408770809
"May 8, 2025, 5:11:45 PM",Kudos,Activity,14417558750
"May 8, 2025, 5:13:10 PM",Kudos,Activity,14414095285
"May 8, 2025, 5:13:23 PM",Kudos,Activity,14414921135
"May 8, 2025, 5:13:30 PM",Kudos,Activity,14415891688
"May 8, 2025, 5:13:34 PM",Kudos,Activity,14417091560
"May 8, 2025, 5:13:40 PM",Kudos,Activity,14414969714
"May 8, 2025, 5:13:47 PM",Kudos,Activity,14414515514
"May 8, 2025, 5:13:49 PM",Kudos,Activity,14415425250
"May 8, 2025, 5:14:05 PM",Kudos,Activity,14416177148
"May 8, 2025, 5:15:26 PM",Kudos,Activity,14416786479
"May 8, 2025, 5:15:31 PM",Kudos,Activity,14414586639
"May 8, 2025, 5:15:33 PM",Kudos,Activity,14416471898
"May 8, 2025, 5:15:37 PM",Kudos,Activity,14410768319
"May 8, 2025, 5:15:53 PM",Kudos,Activity,14416215199
"May 8, 2025, 9:08:47 PM",Kudos,Activity,14419007597
"May 8, 2025, 9:08:54 PM",Kudos,Activity,14410635716
"May 8, 2025, 10:59:42 PM",Kudos,Activity,14419946686
"May 8, 2025, 10:59:52 PM",Kudos,Activity,14410886014
"May 8, 2025, 11:11:58 PM",Kudos,Activity,14409982019
"May 8, 2025, 11:12:03 PM",Kudos,Activity,14411688104
"May 8, 2025, 11:12:06 PM",Kudos,Activity,14410480407
"May 9, 2025, 4:36:33 AM",Kudos,Activity,14420852028
"May 9, 2025, 4:36:45 AM",Kudos,Activity,14420878775
"May 9, 2025, 4:36:56 AM",Kudos,Activity,14421636665
"May 9, 2025, 4:37:04 AM",Kudos,Activity,14420904207
"May 9, 2025, 4:37:07 AM",Kudos,Activity,14421288000
"May 9, 2025, 4:37:13 AM",Kudos,Activity,14420814502
"May 9, 2025, 4:37:16 AM",Kudos,Activity,14420866600
"May 9, 2025, 4:37:21 AM",Kudos,Activity,14419098859
"May 9, 2025, 4:37:23 AM",Kudos,Activity,14421578695
"May 9, 2025, 4:37:27 AM",Kudos,Activity,14410247878
"May 9, 2025, 1:14:43 PM",Kudos,Activity,14424810496
"May 9, 2025, 1:15:05 PM",Kudos,Activity,14423994384
"May 9, 2025, 1:15:10 PM",Kudos,Activity,14425178511
"May 9, 2025, 1:15:22 PM",Kudos,Activity,14424084766
"May 9, 2025, 1:15:25 PM",Kudos,Activity,14425379426
"May 9, 2025, 1:15:27 PM",Kudos,Activity,14424813201
"May 9, 2025, 1:15:34 PM",Kudos,Activity,14425211711
"May 9, 2025, 1:15:53 PM",Kudos,Activity,14410452348
"May 9, 2025, 1:15:57 PM",Kudos,Activity,14410461411
"May 9, 2025, 3:00:57 PM",Kudos,Activity,14426195325
"May 9, 2025, 3:01:15 PM",Kudos,Activity,14424826754
"May 9, 2025, 3:01:21 PM",Kudos,Activity,14425898090
"May 9, 2025, 3:01:22 PM",Kudos,Activity,14426270039
"May 9, 2025, 3:01:36 PM",Kudos,Activity,14426050399
"May 9, 2025, 3:02:14 PM",Kudos,Activity,14411169131
"May 9, 2025, 3:02:43 PM",Kudos,Activity,14425615667
"May 9, 2025, 3:02:48 PM",Kudos,Activity,14411406847
"May 9, 2025, 3:02:59 PM",Kudos,Activity,14419482388
"May 9, 2025, 3:03:04 PM",Kudos,Activity,14412007607
"May 9, 2025, 7:39:06 PM",Kudos,Activity,14426429229
"May 9, 2025, 7:39:23 PM",Kudos,Activity,14427366097
"May 9, 2025, 7:39:25 PM",Kudos,Activity,14428626787
"May 9, 2025, 7:39:35 PM",Kudos,Activity,14426862613
"May 9, 2025, 7:39:46 PM",Kudos,Activity,14426314523
"May 9, 2025, 7:39:53 PM",Kudos,Activity,14428002450
"May 9, 2025, 7:39:57 PM",Kudos,Activity,14427156183
"May 9, 2025, 10:16:48 PM",Kudos,Activity,14429108858
"May 9, 2025, 10:16:55 PM",Kudos,Activity,14429108832
"May 9, 2025, 10:17:03 PM",Kudos,Activity,14428901807
"May 9, 2025, 10:17:11 PM",Kudos,Activity,14415719491
"May 9, 2025, 10:51:50 PM",Kudos,Activity,14424923666
"May 10, 2025, 5:32:46 PM",Kudos,Activity,14436673464
"May 10, 2025, 5:32:53 PM",Kudos,Activity,14436370860
"May 10, 2025, 5:32:57 PM",Kudos,Activity,14435280588
"May 10, 2025, 5:33:03 PM",Kudos,Activity,14438297291
"May 10, 2025, 5:33:09 PM",Kudos,Activity,14436666988
"May 10, 2025, 5:33:39 PM",Kudos,Activity,14437470905
"May 10, 2025, 7:27:53 PM",Kudos,Activity,14438642150
"May 10, 2025, 7:27:54 PM",Kudos,Activity,14438689396
"May 10, 2025, 7:27:58 PM",Kudos,Activity,14436436236
"May 10, 2025, 7:28:10 PM",Kudos,Activity,14431125141
"May 10, 2025, 7:28:13 PM",Kudos,Activity,14436680470
"May 10, 2025, 7:28:16 PM",Kudos,Activity,14437002677
"May 10, 2025, 7:28:22 PM",Kudos,Activity,14429616244
"May 10, 2025, 8:06:12 PM",Kudos,Activity,14439345124
"May 10, 2025, 11:21:01 PM",Kudos,Activity,14440227002
"May 10, 2025, 11:21:18 PM",Kudos,Activity,14439970272
"May 10, 2025, 11:21:25 PM",Kudos,Activity,14439850314
"May 11, 2025, 2:10:54 AM",Kudos,Activity,14441318529
"May 11, 2025, 2:11:44 AM",Kudos,Activity,14440977828
"May 11, 2025, 2:17:36 AM",Kudos,Activity,14441217862
"May 11, 2025, 2:17:38 AM",Kudos,Activity,14441145295
"May 11, 2025, 4:00:51 AM",Kudos,Activity,14441485849
"May 11, 2025, 4:00:34 PM",Kudos,Activity,14447096482
"May 11, 2025, 4:00:59 PM",Kudos,Activity,14448168244
"May 11, 2025, 4:01:45 PM",Kudos,Activity,14446918218
"May 11, 2025, 4:01:51 PM",Kudos,Activity,14442579770
"May 11, 2025, 7:47:10 PM",Kudos,Activity,14449661519
"May 11, 2025, 7:47:21 PM",Kudos,Activity,14450087299
"May 11, 2025, 7:47:41 PM",Kudos,Activity,14447458953
"May 11, 2025, 7:47:43 PM",Kudos,Activity,14449765080
"May 11, 2025, 7:48:16 PM",Kudos,Activity,14450101860
"May 11, 2025, 7:48:49 PM",Kudos,Activity,14449764924
"May 11, 2025, 7:49:05 PM",Kudos,Activity,14448853984
"May 11, 2025, 7:49:10 PM",Kudos,Activity,14448653178
"May 11, 2025, 7:49:14 PM",Kudos,Activity,14450305380
"May 11, 2025, 7:49:18 PM",Kudos,Activity,14449843501
"May 11, 2025, 7:49:37 PM",Kudos,Activity,14450215397
"May 11, 2025, 7:50:07 PM",Kudos,Activity,14447682194
"May 11, 2025, 8:23:43 PM",Kudos,Activity,14448888631
"May 12, 2025, 3:08:27 AM",Kudos,Activity,14451584852
"May 12, 2025, 3:08:42 AM",Kudos,Activity,14451599941
"May 12, 2025, 2:58:09 PM",Kudos,Activity,14456196194
"May 12, 2025, 2:58:15 PM",Kudos,Activity,14454489682
"May 12, 2025, 2:58:21 PM",Kudos,Activity,14455647033
"May 12, 2025, 2:58:32 PM",Kudos,Activity,14455220917
"May 12, 2025, 2:58:34 PM",Kudos,Activity,14455471013
"May 12, 2025, 2:58:39 PM",Kudos,Activity,14454473644
"May 12, 2025, 4:23:29 PM",Kudos,Activity,14457065636
"May 12, 2025, 4:23:48 PM",Kudos,Activity,14456798141
"May 12, 2025, 4:23:55 PM",Kudos,Activity,14457143926
"May 12, 2025, 4:24:05 PM",Kudos,Activity,14456764748
"May 13, 2025, 2:01:11 PM",Kudos,Activity,14465362165
"May 13, 2025, 2:01:17 PM",Kudos,Activity,14466014934
"May 13, 2025, 2:01:23 PM",Kudos,Activity,14466739022
"May 13, 2025, 2:01:46 PM",Kudos,Activity,14465383997
"May 13, 2025, 2:01:58 PM",Kudos,Activity,14466387942
"May 13, 2025, 2:02:17 PM",Kudos,Activity,14465893720
"May 13, 2025, 2:02:19 PM",Kudos,Activity,14457869829
"May 13, 2025, 2:02:24 PM",Kudos,Activity,14461807791
"May 13, 2025, 2:02:30 PM",Kudos,Activity,14466428825
"May 13, 2025, 2:02:42 PM",Kudos,Activity,14461333814
"May 13, 2025, 2:02:46 PM",Kudos,Activity,14460764107
"May 13, 2025, 2:02:48 PM",Kudos,Activity,14460424420
"May 13, 2025, 2:02:52 PM",Kudos,Activity,14462246736
"May 13, 2025, 3:30:24 PM",Kudos,Activity,14467654572
"May 13, 2025, 3:30:26 PM",Kudos,Activity,14467162192
"May 13, 2025, 3:30:34 PM",Kudos,Activity,14461638840
"May 13, 2025, 3:30:41 PM",Kudos,Activity,14461338675
"May 13, 2025, 3:30:45 PM",Kudos,Activity,14459453203
"May 13, 2025, 4:32:09 PM",Kudos,Activity,14468146645
"May 13, 2025, 4:32:14 PM",Kudos,Activity,14468244848
"May 13, 2025, 4:32:34 PM",Kudos,Activity,14466528150
"May 13, 2025, 5:43:56 PM",Kudos,Activity,14468471389
"May 13, 2025, 5:44:13 PM",Kudos,Activity,14469032007
"May 14, 2025, 4:12:15 AM",Kudos,Activity,14473115319
"May 14, 2025, 4:12:33 AM",Kudos,Activity,14473399817
"May 14, 2025, 4:12:41 AM",Kudos,Activity,14473486053
"May 14, 2025, 4:12:44 AM",Kudos,Activity,14472771890
"May 14, 2025, 4:12:46 AM",Kudos,Activity,14472033293
"May 14, 2025, 4:12:48 AM",Kudos,Activity,14472578744
"May 14, 2025, 4:12:50 AM",Kudos,Activity,14472474081
"May 14, 2025, 4:12:52 AM",Kudos,Activity,14472187005
"May 14, 2025, 4:12:57 AM",Kudos,Activity,14472722197
"May 14, 2025, 4:13:01 AM",Kudos,Activity,14472495841
"May 14, 2025, 4:13:03 AM",Kudos,Activity,14471405118
"May 14, 2025, 4:13:05 AM",Kudos,Activity,14473673102
"May 14, 2025, 4:13:07 AM",Kudos,Activity,14471164510
"May 14, 2025, 4:13:11 AM",Kudos,Activity,14470772145
"May 14, 2025, 4:13:18 AM",Kudos,Activity,14473762322
"May 14, 2025, 4:13:22 AM",Kudos,Activity,14472966295
"May 14, 2025, 4:13:32 AM",Kudos,Activity,14472280505
"May 14, 2025, 4:13:36 AM",Kudos,Activity,14472539540
"May 14, 2025, 4:13:39 AM",Kudos,Activity,14471897753
"May 14, 2025, 3:47:17 PM",Kudos,Activity,14477444152
"May 14, 2025, 3:47:59 PM",Kudos,Activity,14478103030
"May 14, 2025, 3:48:04 PM",Kudos,Activity,14477143886
"May 14, 2025, 3:48:11 PM",Kudos,Activity,14477143303
"May 14, 2025, 3:48:21 PM",Kudos,Activity,14476929770
"May 14, 2025, 3:49:06 PM",Kudos,Activity,14476277309
"May 14, 2025, 3:49:08 PM",Kudos,Activity,14476397535
"May 14, 2025, 3:49:13 PM",Kudos,Activity,14478354671
"May 14, 2025, 4:12:38 PM",Kudos,Activity,14479082295
"May 14, 2025, 4:12:40 PM",Kudos,Activity,14478995338
"May 14, 2025, 4:12:43 PM",Kudos,Activity,14479026501
"May 14, 2025, 4:12:44 PM",Kudos,Activity,14476631499
"May 14, 2025, 4:12:47 PM",Kudos,Activity,14476360266
"May 14, 2025, 4:14:17 PM",Kudos,Activity,14476376397
"May 14, 2025, 4:14:19 PM",Kudos,Activity,14477450323
"May 14, 2025, 7:08:27 PM",Kudos,Activity,14481453068
"May 14, 2025, 9:01:11 PM",Kudos,Activity,14482322243
"May 14, 2025, 9:01:37 PM",Kudos,Activity,14481603538
"May 14, 2025, 9:03:29 PM",Kudos,Activity,14480475310
"May 15, 2025, 4:16:55 AM",Kudos,Activity,14483074756
"May 15, 2025, 4:17:06 AM",Kudos,Activity,14484336265
"May 15, 2025, 4:17:26 AM",Kudos,Activity,14483436728
"May 15, 2025, 4:17:31 AM",Kudos,Activity,14483352944
"May 15, 2025, 4:17:49 AM",Kudos,Activity,14483180539
"May 15, 2025, 4:17:54 AM",Kudos,Activity,14484334931
"May 15, 2025, 4:18:03 AM",Kudos,Activity,14483359292
"May 15, 2025, 4:18:12 AM",Kudos,Activity,14484283968
"May 15, 2025, 4:18:33 AM",Kudos,Activity,14484448884
"May 15, 2025, 4:19:03 AM",Kudos,Activity,14481622063
"May 15, 2025, 3:16:11 PM",Kudos,Activity,14487029928
"May 15, 2025, 3:16:19 PM",Kudos,Activity,14488636264
"May 15, 2025, 3:16:29 PM",Kudos,Activity,14487010920
"May 15, 2025, 3:16:38 PM",Kudos,Activity,14487547440
"May 15, 2025, 3:16:45 PM",Kudos,Activity,14486870691
"May 15, 2025, 3:16:56 PM",Kudos,Activity,14482328233
"May 15, 2025, 3:16:59 PM",Kudos,Activity,14488604389
"May 15, 2025, 3:17:01 PM",Kudos,Activity,14488788741
"May 15, 2025, 3:17:08 PM",Kudos,Activity,14486952603
"May 16, 2025, 1:24:13 AM",Kudos,Activity,14493611039
"May 16, 2025, 1:24:33 AM",Kudos,Activity,14492595143
"May 16, 2025, 1:24:38 AM",Kudos,Activity,14493414102
"May 16, 2025, 1:24:53 AM",Kudos,Activity,14493837494
"May 16, 2025, 1:25:03 AM",Kudos,Activity,14493116997
"May 16, 2025, 1:25:09 AM",Kudos,Activity,14489616360
"May 16, 2025, 1:25:18 AM",Kudos,Activity,14493783416
"May 16, 2025, 1:25:25 AM",Kudos,Activity,14490986549
"May 16, 2025, 1:25:34 AM",Kudos,Activity,14493462626
"May 16, 2025, 1:25:39 AM",Kudos,Activity,14489891823
"May 16, 2025, 1:25:42 AM",Kudos,Activity,14494238520
"May 16, 2025, 1:25:45 AM",Kudos,Activity,14489640960
"May 16, 2025, 1:26:37 AM",Kudos,Activity,14492726334
"May 16, 2025, 1:26:46 AM",Kudos,Activity,14493778936
"May 16, 2025, 1:38:51 PM",Kudos,Activity,14497719565
"May 16, 2025, 1:38:56 PM",Kudos,Activity,14497607941
"May 16, 2025, 1:39:00 PM",Kudos,Activity,14496835623
"May 16, 2025, 1:39:05 PM",Kudos,Activity,14497652724
"May 16, 2025, 1:39:07 PM",Kudos,Activity,14498279649
"May 16, 2025, 1:39:09 PM",Kudos,Activity,14498359638
"May 16, 2025, 1:39:12 PM",Kudos,Activity,14497562601
"May 16, 2025, 1:39:23 PM",Kudos,Activity,14496827004
"May 16, 2025, 1:39:30 PM",Kudos,Activity,14498293446
"May 16, 2025, 1:39:34 PM",Kudos,Activity,14496504244
"May 16, 2025, 4:12:38 PM",Kudos,Activity,14498012720
"May 16, 2025, 4:13:11 PM",Kudos,Activity,14498132595
"May 16, 2025, 4:13:30 PM",Kudos,Activity,14498812153
"May 16, 2025, 4:13:44 PM",Kudos,Activity,14498679877
"May 16, 2025, 4:13:52 PM",Kudos,Activity,14498719150
"May 16, 2025, 4:13:58 PM",Kudos,Post,36956994
"May 16, 2025, 6:03:16 PM",Kudos,Activity,14500405320
"May 16, 2025, 8:09:15 PM",Kudos,Activity,14500786368
"May 16, 2025, 8:09:23 PM",Kudos,Activity,14501376684
"May 16, 2025, 8:09:51 PM",Kudos,Activity,14500329549
"May 16, 2025, 8:20:58 PM",Kudos,Activity,14501455703
"May 17, 2025, 1:20:46 AM",Kudos,Activity,14502525789
"May 17, 2025, 1:20:48 AM",Kudos,Activity,14502004939
"May 17, 2025, 1:21:17 AM",Kudos,Activity,14502795256
"May 17, 2025, 1:21:46 AM",Kudos,Activity,14497691436
"May 17, 2025, 9:40:10 AM",Kudos,Activity,14503201731
"May 17, 2025, 9:40:22 AM",Kudos,Activity,14505310234
"May 17, 2025, 5:50:46 PM",Kudos,Activity,14509867731
"May 17, 2025, 5:51:18 PM",Kudos,Activity,14509497650
"May 17, 2025, 5:51:23 PM",Kudos,Activity,14510265205
"May 17, 2025, 6:35:49 PM",Kudos,Activity,14511431575
"May 17, 2025, 6:35:51 PM",Kudos,Activity,14511130612
"May 17, 2025, 6:35:56 PM",Kudos,Activity,14509729338
"May 17, 2025, 6:35:59 PM",Kudos,Activity,14508944252
"May 17, 2025, 6:36:08 PM",Kudos,Activity,14509233821
"May 17, 2025, 6:36:16 PM",Kudos,Activity,14509889931
"May 17, 2025, 6:36:23 PM",Kudos,Activity,14508250062
"May 17, 2025, 6:36:29 PM",Kudos,Activity,14508335595
"May 17, 2025, 6:36:32 PM",Kudos,Activity,14509891436
"May 17, 2025, 6:36:39 PM",Kudos,Activity,14508985385
"May 17, 2025, 6:36:43 PM",Kudos,Activity,14509982815
"May 17, 2025, 6:36:54 PM",Kudos,Activity,14510496612
"May 17, 2025, 6:36:57 PM",Kudos,Activity,14509661780
"May 17, 2025, 6:36:59 PM",Kudos,Activity,14509685982
"May 17, 2025, 6:37:02 PM",Kudos,Activity,14507987018
"May 17, 2025, 6:53:49 PM",Kudos,Activity,14511251028
"May 17, 2025, 6:54:00 PM",Kudos,Activity,14507095491
"May 17, 2025, 6:54:06 PM",Kudos,Activity,14509007922
"May 17, 2025, 6:54:16 PM",Kudos,Activity,14508577399
"May 17, 2025, 6:54:20 PM",Kudos,Activity,14509351631
"May 17, 2025, 6:55:24 PM",Kudos,Activity,14510650981
"May 17, 2025, 8:59:48 PM",Kudos,Activity,14512125642
"May 17, 2025, 8:59:56 PM",Kudos,Activity,14512157061
"May 17, 2025, 9:00:01 PM",Kudos,Activity,14511992420
"May 17, 2025, 9:01:57 PM",Kudos,Activity,14508801169
"May 17, 2025, 10:07:53 PM",Kudos,Activity,14512572219
"May 18, 2025, 4:54:40 PM",Kudos,Activity,14521240699
"May 18, 2025, 4:54:57 PM",Kudos,Activity,14520099010
"May 18, 2025, 4:55:00 PM",Kudos,Activity,14520269353
"May 18, 2025, 4:55:18 PM",Kudos,Activity,14519486516
"May 18, 2025, 4:56:01 PM",Kudos,Activity,14520245641
"May 18, 2025, 4:56:35 PM",Kudos,Activity,14519381439
"May 18, 2025, 4:56:45 PM",Kudos,Activity,14519334788
"May 18, 2025, 4:57:02 PM",Kudos,Activity,14520123901
"May 18, 2025, 4:57:11 PM",Kudos,Activity,14518720762
"May 18, 2025, 4:57:14 PM",Kudos,Activity,14519999490
"May 18, 2025, 4:57:23 PM",Kudos,Activity,14520204758
"May 18, 2025, 4:57:35 PM",Kudos,Activity,14518635917
"May 18, 2025, 4:57:51 PM",Kudos,Activity,14520879287
"May 18, 2025, 4:57:53 PM",Kudos,Activity,14520400077
"May 18, 2025, 4:58:16 PM",Kudos,Activity,14514217828
"May 19, 2025, 5:41:59 PM",Kudos,Activity,14527369484
"May 19, 2025, 5:42:01 PM",Kudos,Activity,14529932818
"May 19, 2025, 5:42:03 PM",Kudos,Activity,14529789230
"May 19, 2025, 5:42:05 PM",Kudos,Activity,14530206240
"May 19, 2025, 5:42:07 PM",Kudos,Activity,14522372547
"May 19, 2025, 5:43:18 PM",Kudos,Activity,14523985209
"May 19, 2025, 5:43:23 PM",Kudos,Activity,14522072884
"May 19, 2025, 5:43:35 PM",Kudos,Activity,14527253640
"May 19, 2025, 5:43:40 PM",Kudos,Activity,14521670402
"May 19, 2025, 5:43:54 PM",Kudos,Activity,14521899526
"May 19, 2025, 5:44:00 PM",Kudos,Activity,14524132882
"May 19, 2025, 5:44:03 PM",Kudos,Activity,14526172695
"May 19, 2025, 8:04:58 PM",Kudos,Activity,14531314637
"May 20, 2025, 11:29:43 AM",Kudos,Activity,14538142795
"May 20, 2025, 11:30:21 AM",Kudos,Activity,14535235719
"May 20, 2025, 11:30:38 AM",Kudos,Activity,14538120680
"May 20, 2025, 11:30:47 AM",Kudos,Activity,14534442610
"May 20, 2025, 11:31:05 AM",Kudos,Activity,14534356237
"May 20, 2025, 11:31:11 AM",Kudos,Activity,14533018840
"May 20, 2025, 11:31:26 AM",Kudos,Activity,14533285264
"May 20, 2025, 12:22:54 PM",Kudos,Activity,14538450047
"May 20, 2025, 12:23:04 PM",Kudos,Activity,14538693395
"May 20, 2025, 10:54:21 PM",Kudos,Activity,14544761422
"May 20, 2025, 10:55:11 PM",Kudos,Activity,14538960346
"May 20, 2025, 10:55:20 PM",Kudos,Activity,14543580234
"May 20, 2025, 10:55:23 PM",Kudos,Activity,14544666930
"May 20, 2025, 10:55:29 PM",Kudos,Activity,14543259802
"May 20, 2025, 10:55:32 PM",Kudos,Activity,14541173823
"May 20, 2025, 10:55:35 PM",Kudos,Activity,14541375194
"May 20, 2025, 10:55:38 PM",Kudos,Activity,14541386083
"May 20, 2025, 10:55:40 PM",Kudos,Activity,14541384106
"May 20, 2025, 10:55:43 PM",Kudos,Activity,14538992024
"May 20, 2025, 10:55:49 PM",Kudos,Activity,14542313738
"May 21, 2025, 12:10:06 AM",Kudos,Activity,14545271014
"May 21, 2025, 12:10:09 AM",Kudos,Activity,14545083041
"May 21, 2025, 12:11:01 AM",Kudos,Activity,14545295935
"May 21, 2025, 8:50:57 PM",Kudos,Activity,14554443915
"May 21, 2025, 8:50:57 PM",Kudos,Activity,14554442546
"May 21, 2025, 8:51:00 PM",Kudos,Activity,14550119001
"May 21, 2025, 8:51:06 PM",Kudos,Activity,14549784664
"May 21, 2025, 8:51:09 PM",Kudos,Activity,14549088805
"May 21, 2025, 8:51:12 PM",Kudos,Activity,14546296852
"May 21, 2025, 8:51:24 PM",Kudos,Activity,14553706817
"May 21, 2025, 8:53:15 PM",Kudos,Activity,14546372559
"May 21, 2025, 8:53:43 PM",Kudos,Activity,14551429206
"May 22, 2025, 12:19:15 PM",Kudos,Activity,14558968837
"May 22, 2025, 12:19:21 PM",Kudos,Activity,14557102157
"May 22, 2025, 12:19:24 PM",Kudos,Activity,14556528140
"May 22, 2025, 3:26:33 PM",Kudos,Activity,14560078457
"May 22, 2025, 3:26:35 PM",Kudos,Activity,14560000898
"May 22, 2025, 3:26:47 PM",Kudos,Activity,14555406024
"May 22, 2025, 3:26:49 PM",Kudos,Activity,14556486086
"May 22, 2025, 3:26:51 PM",Kudos,Activity,14556739556
"May 22, 2025, 3:27:27 PM",Kudos,Activity,14550549870
"May 22, 2025, 3:27:33 PM",Kudos,Activity,14556214591
"May 22, 2025, 3:27:42 PM",Kudos,Activity,14556883194
"May 22, 2025, 3:27:49 PM",Kudos,Activity,14556633409
"May 22, 2025, 3:27:58 PM",Kudos,Activity,14555528938
"May 22, 2025, 7:04:45 PM",Kudos,Activity,14561933081
"May 22, 2025, 7:04:47 PM",Kudos,Activity,14561885433
"May 22, 2025, 7:05:07 PM",Kudos,Activity,14562219580
"May 22, 2025, 7:05:13 PM",Kudos,Activity,14550704800
"May 22, 2025, 7:05:30 PM",Kudos,Activity,14551369375
"May 22, 2025, 10:32:05 PM",Kudos,Activity,14563823156
"May 22, 2025, 10:32:08 PM",Kudos,Activity,14563905107
"May 23, 2025, 1:53:15 AM",Kudos,Activity,14565650578
"May 23, 2025, 1:53:27 AM",Kudos,Activity,14565782224
"May 23, 2025, 1:53:35 AM",Kudos,Activity,14565475456
"May 23, 2025, 1:53:43 AM",Kudos,Activity,14565770420
"May 23, 2025, 10:55:31 AM",Kudos,Activity,14566258284
"May 23, 2025, 12:57:01 PM",Kudos,Activity,14569754908
"May 23, 2025, 12:57:09 PM",Kudos,Activity,14569645707
"May 23, 2025, 12:57:13 PM",Kudos,Activity,14569700446
"May 23, 2025, 12:57:19 PM",Kudos,Activity,14569332085
"May 23, 2025, 12:57:34 PM",Kudos,Activity,14569638766
"May 23, 2025, 12:57:40 PM",Kudos,Activity,14568790377
"May 23, 2025, 12:57:44 PM",Kudos,Activity,14569758339
"May 23, 2025, 1:32:26 PM",Kudos,Activity,14569905279
"May 23, 2025, 1:32:36 PM",Kudos,Activity,14569793326
"May 23, 2025, 2:13:08 PM",Kudos,Activity,14570393022
"May 23, 2025, 2:14:55 PM",Kudos,Activity,14570273908
"May 23, 2025, 2:15:06 PM",Kudos,Activity,14570228363
"May 23, 2025, 7:12:55 PM",Kudos,Activity,14571968418
"May 23, 2025, 7:13:04 PM",Kudos,Activity,14571304589
"May 23, 2025, 7:13:19 PM",Kudos,Activity,14571439345
"May 23, 2025, 7:13:33 PM",Kudos,Activity,14570661000
"May 23, 2025, 7:13:36 PM",Kudos,Activity,14572974307
"May 23, 2025, 7:14:03 PM",Kudos,Activity,14571520383
"May 23, 2025, 7:14:05 PM",Kudos,Activity,14571045815
"May 23, 2025, 9:18:31 PM",Kudos,Activity,14573340586
"May 23, 2025, 9:18:36 PM",Kudos,Activity,14573040365
"May 26, 2025, 9:15:27 PM",Kudos,Activity,14602631735
"May 26, 2025, 9:15:32 PM",Kudos,Activity,14602647424
"May 26, 2025, 9:16:16 PM",Kudos,Activity,14604257490
"May 26, 2025, 9:16:20 PM",Kudos,Activity,14602632333
"May 26, 2025, 9:16:32 PM",Kudos,Activity,14598549800
"May 26, 2025, 9:16:35 PM",Kudos,Activity,14604116400
"May 26, 2025, 9:16:38 PM",Kudos,Activity,14601841049
"May 26, 2025, 9:16:49 PM",Kudos,Activity,14592937928
"May 26, 2025, 9:17:21 PM",Kudos,Activity,14602400082
"May 26, 2025, 9:17:36 PM",Kudos,Activity,14600194997
"May 26, 2025, 9:17:42 PM",Kudos,Activity,14593255981
"May 26, 2025, 9:17:45 PM",Kudos,Activity,14594694296
"May 26, 2025, 9:18:20 PM",Kudos,Activity,14603862860
"May 26, 2025, 9:18:48 PM",Kudos,Activity,14591972467
"May 26, 2025, 9:18:54 PM",Kudos,Activity,14593840210
"May 26, 2025, 9:19:13 PM",Kudos,Activity,14595492567
"May 26, 2025, 9:19:17 PM",Kudos,Activity,14595480551
"May 26, 2025, 9:19:38 PM",Kudos,Activity,14590710673
"May 26, 2025, 9:19:40 PM",Kudos,Activity,14603962119
"May 26, 2025, 9:19:55 PM",Kudos,Activity,14589712742
"May 26, 2025, 9:20:17 PM",Kudos,Activity,14589443552
"May 26, 2025, 9:20:27 PM",Kudos,Activity,14601008499
"May 26, 2025, 9:20:41 PM",Kudos,Activity,14590369218
"May 26, 2025, 9:21:13 PM",Kudos,Activity,14582691102
"May 26, 2025, 9:21:16 PM",Kudos,Activity,14581146769
"May 26, 2025, 9:21:19 PM",Kudos,Activity,14581176692
"May 26, 2025, 9:21:20 PM",Kudos,Activity,14581674165
"May 26, 2025, 9:21:27 PM",Kudos,Activity,14600593884
"May 26, 2025, 9:22:10 PM",Kudos,Activity,14580771472
"May 26, 2025, 9:22:12 PM",Kudos,Activity,14591251291
"May 26, 2025, 9:22:15 PM",Kudos,Activity,14584059826
"May 26, 2025, 9:22:28 PM",Kudos,Activity,14604337794
"May 26, 2025, 9:22:37 PM",Kudos,Activity,14592535209
"May 26, 2025, 9:23:06 PM",Kudos,Activity,14582673634
"May 26, 2025, 9:23:20 PM",Kudos,Activity,14579522692
"May 26, 2025, 9:23:31 PM",Kudos,Activity,14598286379
"May 26, 2025, 9:23:44 PM",Kudos,Activity,14583466764
"May 26, 2025, 9:23:51 PM",Kudos,Activity,14581821127
"May 26, 2025, 9:23:53 PM",Kudos,Activity,14600196400
"May 26, 2025, 9:24:00 PM",Kudos,Activity,14591233116
"May 26, 2025, 9:24:09 PM",Kudos,Activity,14589579525
"May 26, 2025, 9:24:19 PM",Kudos,Activity,14582223319
"May 26, 2025, 9:24:31 PM",Kudos,Activity,14579651540
"May 26, 2025, 10:14:33 PM",Kudos,Activity,14604607583
"May 27, 2025, 1:58:03 AM",Kudos,Activity,14605328329
"May 27, 2025, 1:58:09 AM",Kudos,Activity,14605455886
"May 27, 2025, 1:58:18 AM",Kudos,Activity,14605112773
"May 27, 2025, 1:58:21 AM",Kudos,Activity,14580534790
"May 27, 2025, 1:58:24 AM",Kudos,Activity,14578521620
"May 27, 2025, 1:58:38 AM",Kudos,Activity,14574366358
"May 27, 2025, 12:05:57 PM",Kudos,Activity,14609276885
"May 27, 2025, 12:06:00 PM",Kudos,Activity,14606210219
"May 27, 2025, 12:06:01 PM",Kudos,Activity,14608722668
"May 27, 2025, 12:06:05 PM",Kudos,Activity,14606210222
"May 27, 2025, 12:06:20 PM",Kudos,Activity,14606340228
"May 27, 2025, 3:25:00 PM",Kudos,Activity,14610310522
"May 27, 2025, 3:25:21 PM",Kudos,Activity,14609660972
"May 27, 2025, 3:25:35 PM",Kudos,Activity,14610489301
"May 27, 2025, 3:25:41 PM",Kudos,Activity,14610157832
"May 27, 2025, 3:25:49 PM",Kudos,Activity,14610470441
"May 27, 2025, 3:25:56 PM",Kudos,Activity,14610117792
"May 27, 2025, 3:26:01 PM",Kudos,Activity,14609811631
"May 27, 2025, 4:55:29 PM",Kudos,Activity,14611734058
"May 28, 2025, 1:26:38 AM",Kudos,Activity,14614295262
"May 28, 2025, 1:26:41 AM",Kudos,Activity,14615845709
"May 28, 2025, 12:11:41 PM",Kudos,Activity,14616252216
"May 28, 2025, 12:11:45 PM",Kudos,Activity,14619911902
"May 28, 2025, 12:11:48 PM",Kudos,Activity,14619845401
"May 28, 2025, 12:11:54 PM",Kudos,Activity,14616409330
"May 28, 2025, 12:11:55 PM",Kudos,Activity,14616067139
"May 28, 2025, 12:12:01 PM",Kudos,Activity,14618705147
"May 28, 2025, 12:12:16 PM",Kudos,Activity,14618985869
"May 28, 2025, 12:12:19 PM",Kudos,Activity,14616722854
"May 28, 2025, 12:12:26 PM",Kudos,Activity,14619074669
"May 28, 2025, 12:51:24 PM",Kudos,Activity,14620050156
"May 28, 2025, 4:20:34 PM",Kudos,Activity,14620349401
"May 28, 2025, 4:20:36 PM",Kudos,Activity,14621331489
"May 28, 2025, 4:21:42 PM",Kudos,Activity,14619977511
"May 28, 2025, 4:21:54 PM",Kudos,Activity,14621251711
"May 28, 2025, 4:21:59 PM",Kudos,Activity,14621764633
"May 28, 2025, 4:22:04 PM",Kudos,Activity,14620348278
"May 28, 2025, 4:22:08 PM",Kudos,Activity,14619105925
"May 28, 2025, 4:22:16 PM",Kudos,Activity,14614082166
"May 28, 2025, 4:23:02 PM",Kudos,Activity,14613015266
"May 28, 2025, 4:23:19 PM",Kudos,Activity,14615285888
"May 28, 2025, 4:23:21 PM",Kudos,Activity,14609988194
"May 28, 2025, 9:13:05 PM",Kudos,Activity,14624335450
"May 28, 2025, 9:13:09 PM",Kudos,Activity,14623875304
"May 28, 2025, 9:14:27 PM",Kudos,Activity,14619280011
"May 28, 2025, 9:15:17 PM",Kudos,Activity,14615245150
"May 28, 2025, 9:16:35 PM",Kudos,Activity,14615020936
"May 29, 2025, 12:42:55 PM",Kudos,Activity,14629848871
"May 29, 2025, 12:43:00 PM",Kudos,Activity,14630600304
"May 29, 2025, 12:43:10 PM",Kudos,Activity,14630453310
"May 29, 2025, 12:43:23 PM",Kudos,Activity,14626107675
"May 29, 2025, 12:43:27 PM",Kudos,Activity,14626055246
"May 29, 2025, 12:43:41 PM",Kudos,Activity,14630330960
"May 29, 2025, 12:43:54 PM",Kudos,Activity,14626020786
"May 29, 2025, 12:44:00 PM",Kudos,Activity,14625309323
"May 29, 2025, 12:44:18 PM",Kudos,Activity,14625343112
"May 29, 2025, 12:54:04 PM",Kudos,Activity,14626197754
"May 29, 2025, 12:54:05 PM",Kudos,Activity,14630651469
"May 29, 2025, 2:35:15 PM",Kudos,Activity,14631321275
"May 29, 2025, 2:35:20 PM",Kudos,Activity,14630889594
"May 29, 2025, 2:35:30 PM",Kudos,Activity,14625920997
"May 29, 2025, 2:35:43 PM",Kudos,Activity,14625804460
"May 29, 2025, 2:35:46 PM",Kudos,Activity,14626553660
"May 29, 2025, 2:35:58 PM",Kudos,Activity,14625441306
"May 29, 2025, 2:36:02 PM",Kudos,Activity,14629941566
"May 29, 2025, 4:20:33 PM",Kudos,Activity,14631994308
"May 29, 2025, 4:20:47 PM",Kudos,Activity,14632691125
"May 29, 2025, 4:20:55 PM",Kudos,Activity,14632769368
"May 29, 2025, 4:20:57 PM",Kudos,Activity,14632706645
"May 29, 2025, 4:21:00 PM",Kudos,Activity,14626192368
"May 29, 2025, 4:38:41 PM",Kudos,Activity,14626468425
"May 29, 2025, 4:39:06 PM",Kudos,Activity,14625385830
"May 29, 2025, 6:50:41 PM",Kudos,Activity,14634133566
"May 29, 2025, 6:51:31 PM",Kudos,Activity,14632873475
"May 30, 2025, 3:18:27 PM",Kudos,Activity,14641176936
"May 30, 2025, 3:18:37 PM",Kudos,Activity,14641085225
"May 30, 2025, 3:18:40 PM",Kudos,Activity,14641285141
"May 30, 2025, 3:18:45 PM",Kudos,Activity,14641917997
"May 30, 2025, 3:18:48 PM",Kudos,Activity,14640584250
"May 30, 2025, 3:19:09 PM",Kudos,Activity,14640859916
"May 30, 2025, 3:19:13 PM",Kudos,Activity,14640732692
"May 30, 2025, 3:19:24 PM",Kudos,Activity,14640657401
"May 30, 2025, 3:19:29 PM",Kudos,Activity,14640956069
"May 30, 2025, 3:19:33 PM",Kudos,Post,37234710
"May 30, 2025, 3:19:36 PM",Kudos,Activity,14640657420
"May 30, 2025, 3:19:40 PM",Kudos,Activity,14640708879
"May 30, 2025, 3:19:46 PM",Kudos,Activity,14639812344
"May 30, 2025, 3:19:47 PM",Kudos,Activity,14641119321
"May 30, 2025, 3:19:56 PM",Kudos,Activity,14641999967
"May 30, 2025, 3:34:06 PM",Kudos,Activity,14642422248
"May 30, 2025, 3:34:19 PM",Kudos,Activity,14640287773
"May 30, 2025, 3:34:34 PM",Kudos,Activity,14636321444
"May 30, 2025, 3:34:44 PM",Kudos,Activity,14640327432
"May 30, 2025, 3:34:47 PM",Kudos,Activity,14636320482
"May 30, 2025, 3:34:58 PM",Kudos,Activity,14634810209
"May 30, 2025, 3:35:04 PM",Kudos,Activity,14641091133
"May 30, 2025, 3:35:11 PM",Kudos,Activity,14636362370
"May 30, 2025, 3:35:16 PM",Kudos,Activity,14635831810
"May 30, 2025, 3:36:03 PM",Kudos,Activity,14640074371
"May 30, 2025, 4:26:34 PM",Kudos,Activity,14642460673
"May 30, 2025, 4:26:40 PM",Kudos,Activity,14636949346
"May 30, 2025, 4:26:42 PM",Kudos,Activity,14634711211
"May 30, 2025, 4:26:45 PM",Kudos,Activity,14635183848
"May 30, 2025, 8:10:53 PM",Kudos,Activity,14643956285
"May 30, 2025, 8:10:59 PM",Kudos,Activity,14644760007
"May 30, 2025, 8:11:04 PM",Kudos,Activity,14643356778
"May 30, 2025, 8:11:16 PM",Kudos,Activity,14635146919
"May 30, 2025, 8:11:20 PM",Kudos,Activity,14636937769
"May 30, 2025, 8:11:28 PM",Kudos,Activity,14635143593
"May 30, 2025, 8:13:10 PM",Kudos,Activity,14641206927
"May 31, 2025, 2:21:39 AM",Kudos,Activity,14645092048
"May 31, 2025, 2:21:59 AM",Kudos,Activity,14645207365
"May 31, 2025, 2:22:06 AM",Kudos,Activity,14646021266
"May 31, 2025, 2:22:14 AM",Kudos,Activity,14646073106
"May 31, 2025, 2:22:15 AM",Kudos,Activity,14646010212
"May 31, 2025, 2:22:39 AM",Kudos,Activity,14646512636
"May 31, 2025, 10:24:04 PM",Kudos,Activity,14653827745
"May 31, 2025, 10:24:17 PM",Kudos,Activity,14654326869
"May 31, 2025, 10:24:25 PM",Kudos,Activity,14653485845
"May 31, 2025, 10:24:30 PM",Kudos,Activity,14653582044
"May 31, 2025, 10:24:34 PM",Kudos,Activity,14654102940
"May 31, 2025, 10:24:36 PM",Kudos,Activity,14652957641
"May 31, 2025, 10:24:48 PM",Kudos,Activity,14653747598
"May 31, 2025, 10:24:52 PM",Kudos,Activity,14646872421
"May 31, 2025, 10:25:11 PM",Kudos,Activity,14652475332
"May 31, 2025, 10:25:25 PM",Kudos,Activity,14653063648
"May 31, 2025, 10:25:56 PM",Kudos,Activity,14652320945
"May 31, 2025, 10:26:00 PM",Kudos,Activity,14653302483
"May 31, 2025, 10:26:02 PM",Kudos,Activity,14653287267
"May 31, 2025, 10:26:28 PM",Kudos,Activity,14653291710
"May 31, 2025, 10:26:33 PM",Kudos,Activity,14654727207
"Jun 1, 2025, 1:33:10 PM",Kudos,Activity,14661993156
"Jun 1, 2025, 1:33:14 PM",Kudos,Activity,14660859594
"Jun 1, 2025, 1:33:20 PM",Kudos,Activity,14656420578
"Jun 1, 2025, 1:33:54 PM",Kudos,Activity,14657445095
"Jun 1, 2025, 1:33:59 PM",Kudos,Activity,14657307524
"Jun 1, 2025, 1:34:12 PM",Kudos,Activity,14649649430
"Jun 1, 2025, 1:34:19 PM",Kudos,Activity,14652907155
"Jun 1, 2025, 1:34:27 PM",Kudos,Activity,14653456185
"Jun 1, 2025, 3:59:53 PM",Kudos,Activity,14664021590
"Jun 1, 2025, 3:59:54 PM",Kudos,Activity,14664023908
"Jun 1, 2025, 3:59:56 PM",Kudos,Activity,14663351682
"Jun 1, 2025, 4:00:17 PM",Kudos,Activity,14663108942
"Jun 1, 2025, 4:00:20 PM",Kudos,Activity,14663251823
"Jun 1, 2025, 4:00:26 PM",Kudos,Activity,14664268345
"Jun 1, 2025, 4:00:36 PM",Kudos,Activity,14663280190
"Jun 1, 2025, 4:00:39 PM",Kudos,Activity,14663364779
"Jun 1, 2025, 5:12:32 PM",Kudos,Activity,14664826373
"Jun 1, 2025, 5:12:56 PM",Kudos,Activity,14664771818
"Jun 1, 2025, 5:13:06 PM",Kudos,Activity,14665170070
"Jun 1, 2025, 8:39:22 PM",Kudos,Activity,14665331493
"Jun 1, 2025, 8:39:38 PM",Kudos,Activity,14666532765
"Jun 1, 2025, 8:40:58 PM",Kudos,Activity,14666580378
"Jun 1, 2025, 8:41:03 PM",Kudos,Activity,14666562759
"Jun 1, 2025, 8:41:47 PM",Kudos,Activity,14665873528
"Jun 1, 2025, 8:41:53 PM",Kudos,Activity,14665839623
"Jun 1, 2025, 8:41:57 PM",Kudos,Activity,14666332610
"Jun 1, 2025, 8:42:00 PM",Kudos,Activity,14666238064
"Jun 2, 2025, 12:06:43 AM",Kudos,Activity,14667260117
"Jun 2, 2025, 12:06:46 AM",Kudos,Activity,14667793926
"Jun 2, 2025, 12:06:51 AM",Kudos,Activity,14667345582
"Jun 2, 2025, 12:06:52 AM",Kudos,Activity,14667518810
"Jun 2, 2025, 12:06:58 AM",Kudos,Activity,14667564211
"Jun 2, 2025, 12:07:00 AM",Kudos,Activity,14667170359
"Jun 2, 2025, 1:41:27 AM",Kudos,Activity,14668056429
"Jun 2, 2025, 1:41:47 AM",Kudos,Activity,14667881576
"Jun 2, 2025, 12:02:25 PM",Kudos,Activity,14670869399
"Jun 2, 2025, 12:06:24 PM",Kudos,Activity,14670779972
"Jun 2, 2025, 12:06:29 PM",Kudos,Activity,14670293184
"Jun 2, 2025, 2:29:20 PM",Kudos,Activity,14671599814
"Jun 2, 2025, 2:29:32 PM",Kudos,Activity,14672453914
"Jun 2, 2025, 2:29:35 PM",Kudos,Activity,14672312437
"Jun 2, 2025, 2:29:45 PM",Kudos,Activity,14672481124
"Jun 2, 2025, 3:52:29 PM",Kudos,Activity,14673299439
"Jun 2, 2025, 3:52:33 PM",Kudos,Activity,14673189306
"Jun 2, 2025, 8:53:04 PM",Kudos,Activity,14673579991
"Jun 3, 2025, 12:40:39 AM",Kudos,Activity,14677360349
"Jun 3, 2025, 12:40:52 AM",Kudos,Activity,14677106301
"Jun 3, 2025, 12:40:58 AM",Kudos,Activity,14677204412
"Jun 3, 2025, 12:40:59 AM",Kudos,Activity,14677033062
"Jun 3, 2025, 12:41:29 AM",Kudos,Activity,14677708169
"Jun 3, 2025, 12:41:32 AM",Kudos,Activity,14677252101
"Jun 3, 2025, 12:41:35 AM",Kudos,Activity,14677756287
"Jun 3, 2025, 12:41:40 AM",Kudos,Activity,14676550101
"Jun 3, 2025, 12:39:26 PM",Kudos,Activity,14681554749
"Jun 3, 2025, 12:39:36 PM",Kudos,Activity,14681615130
"Jun 3, 2025, 12:39:42 PM",Kudos,Activity,14682253050
"Jun 3, 2025, 12:39:44 PM",Kudos,Activity,14681152181
"Jun 3, 2025, 12:39:47 PM",Kudos,Activity,14678863007
"Jun 3, 2025, 12:39:49 PM",Kudos,Activity,14681587818
"Jun 3, 2025, 7:15:12 PM",Kudos,Activity,14682911485
"Jun 3, 2025, 7:15:28 PM",Kudos,Activity,14682836467
"Jun 3, 2025, 7:15:31 PM",Kudos,Activity,14682647517
"Jun 3, 2025, 7:16:22 PM",Kudos,Activity,14685861216
"Jun 3, 2025, 7:16:27 PM",Kudos,Activity,14685656937
"Jun 3, 2025, 7:16:34 PM",Kudos,Activity,14682826566
"Jun 3, 2025, 8:53:30 PM",Kudos,Activity,14686999392
"Jun 3, 2025, 8:53:40 PM",Kudos,Activity,14684888036
"Jun 3, 2025, 8:53:42 PM",Kudos,Activity,14684019149
"Jun 3, 2025, 11:20:24 PM",Kudos,Activity,14687595936
"Jun 3, 2025, 11:20:37 PM",Kudos,Activity,14688407563
"Jun 3, 2025, 11:20:45 PM",Kudos,Activity,14688038199
"Jun 3, 2025, 11:20:54 PM",Kudos,Activity,14688449477
"Jun 4, 2025, 2:51:10 AM",Kudos,Activity,14688663985
"Jun 4, 2025, 2:51:13 AM",Kudos,Activity,14688988653
"Jun 4, 2025, 11:01:20 AM",Kudos,Activity,14692185242
"Jun 4, 2025, 11:02:08 AM",Kudos,Activity,14690194992
"Jun 4, 2025, 11:02:23 AM",Kudos,Activity,14688689104
"Jun 4, 2025, 11:02:57 AM",Kudos,Activity,14688774741
"Jun 4, 2025, 11:03:11 AM",Kudos,Activity,14688720382
"Jun 4, 2025, 11:03:20 AM",Kudos,Activity,14681506170
"Jun 4, 2025, 11:03:28 AM",Kudos,Activity,14684880410
"Jun 4, 2025, 1:41:22 PM",Kudos,Activity,14693493567
"Jun 4, 2025, 1:41:36 PM",Kudos,Activity,14693611762
"Jun 4, 2025, 1:41:41 PM",Kudos,Activity,14693938659
"Jun 4, 2025, 1:41:57 PM",Kudos,Activity,14693249854
"Jun 4, 2025, 4:27:33 PM",Kudos,Activity,14693819429
"Jun 4, 2025, 5:57:49 PM",Kudos,Activity,14696348823
"Jun 4, 2025, 5:57:54 PM",Kudos,Activity,14694663515
"Jun 4, 2025, 5:57:55 PM",Kudos,Activity,14695073075
"Jun 4, 2025, 5:57:58 PM",Kudos,Activity,14695020402
"Jun 4, 2025, 5:57:59 PM",Kudos,Activity,14695021129
"Jun 5, 2025, 1:59:18 AM",Kudos,Activity,14699781390
"Jun 5, 2025, 1:59:21 AM",Kudos,Activity,14699456808
"Jun 5, 2025, 1:59:30 AM",Kudos,Activity,14699392728
"Jun 5, 2025, 1:59:59 AM",Kudos,Activity,14699679855
"Jun 5, 2025, 2:00:01 AM",Kudos,Activity,14700002629
"Jun 5, 2025, 2:00:04 AM",Kudos,Activity,14699557098
"Jun 5, 2025, 2:00:45 AM",Kudos,Activity,14699688995
"Jun 5, 2025, 2:00:48 AM",Kudos,Activity,14699752963
"Jun 5, 2025, 2:00:51 AM",Kudos,Activity,14699498456
"Jun 5, 2025, 2:00:56 AM",Kudos,Activity,14700192180
"Jun 5, 2025, 2:01:05 AM",Kudos,Activity,14699324563
"Jun 5, 2025, 2:01:14 AM",Kudos,Activity,14698887935
"Jun 5, 2025, 2:01:18 AM",Kudos,Activity,14699231460
"Jun 5, 2025, 2:01:21 AM",Kudos,Activity,14695700595
"Jun 5, 2025, 2:01:48 AM",Kudos,Activity,14698201261
"Jun 5, 2025, 2:01:55 AM",Kudos,Activity,14697274070
"Jun 5, 2025, 2:01:59 AM",Kudos,Activity,14699240052
"Jun 5, 2025, 12:45:03 PM",Kudos,Activity,14703855832
"Jun 5, 2025, 1:17:05 PM",Kudos,Activity,14703360983
"Jun 5, 2025, 1:17:24 PM",Kudos,Activity,14703970695
"Jun 5, 2025, 1:17:30 PM",Kudos,Activity,14700443223
"Jun 5, 2025, 1:17:53 PM",Kudos,Activity,14702690945
"Jun 5, 2025, 1:18:01 PM",Kudos,Activity,14703332381
"Jun 5, 2025, 8:35:28 PM",Kudos,Activity,14706000790
"Jun 5, 2025, 8:35:38 PM",Kudos,Activity,14705869772
"Jun 5, 2025, 8:35:41 PM",Kudos,Activity,14704846117
"Jun 5, 2025, 8:35:54 PM",Kudos,Activity,14706882477
"Jun 5, 2025, 8:36:40 PM",Kudos,Activity,14707555940
"Jun 5, 2025, 8:37:06 PM",Kudos,Activity,14705878085
"Jun 5, 2025, 8:37:22 PM",Kudos,Activity,14705739362
"Jun 5, 2025, 8:37:54 PM",Kudos,Activity,14704164297
"Jun 5, 2025, 8:37:58 PM",Kudos,Activity,14704346900
"Jun 5, 2025, 8:38:06 PM",Kudos,Activity,14705575860
"Jun 5, 2025, 8:38:14 PM",Kudos,Activity,14708123121
"Jun 6, 2025, 3:14:08 AM",Kudos,Activity,14709687574
"Jun 6, 2025, 3:14:22 AM",Kudos,Activity,14709616582
"Jun 6, 2025, 3:15:24 AM",Kudos,Activity,14710081659
"Jun 6, 2025, 3:15:45 AM",Kudos,Activity,14709303028
"Jun 6, 2025, 3:15:59 AM",Kudos,Activity,14709479547
"Jun 6, 2025, 3:16:06 AM",Kudos,Activity,14709454430
"Jun 6, 2025, 3:16:13 AM",Kudos,Activity,14710242388
"Jun 6, 2025, 3:16:16 AM",Kudos,Activity,14710021603
"Jun 6, 2025, 2:57:43 PM",Kudos,Activity,14714187901
"Jun 6, 2025, 2:57:46 PM",Kudos,Activity,14713904678
"Jun 6, 2025, 2:58:02 PM",Kudos,Activity,14712592288
"Jun 6, 2025, 2:58:05 PM",Kudos,Activity,14713849618
"Jun 6, 2025, 2:58:17 PM",Kudos,Activity,14714087978
"Jun 6, 2025, 2:58:40 PM",Kudos,Activity,14713884794
"Jun 6, 2025, 2:58:45 PM",Kudos,Activity,14713494998
"Jun 6, 2025, 2:58:47 PM",Kudos,Activity,14714002103
"Jun 6, 2025, 2:58:50 PM",Kudos,Activity,14713919806
"Jun 6, 2025, 2:58:51 PM",Kudos,Activity,14714256145
"Jun 6, 2025, 2:59:02 PM",Kudos,Activity,14713990997
"Jun 6, 2025, 2:59:08 PM",Kudos,Activity,14713242601
"Jun 6, 2025, 2:59:21 PM",Kudos,Activity,14714323875
"Jun 6, 2025, 2:59:23 PM",Kudos,Activity,14713991458
"Jun 6, 2025, 2:59:25 PM",Kudos,Activity,14712486926
"Jun 6, 2025, 2:59:27 PM",Kudos,Activity,14713975357
"Jun 6, 2025, 3:27:26 PM",Kudos,Activity,14714758254
"Jun 6, 2025, 8:49:39 PM",Kudos,Activity,14714702590
"Jun 6, 2025, 8:49:45 PM",Kudos,Activity,14715241110
"Jun 6, 2025, 8:49:52 PM",Kudos,Activity,14716010145
"Jun 6, 2025, 8:50:10 PM",Kudos,Activity,14717354857
"Jun 6, 2025, 8:50:13 PM",Kudos,Activity,14715355795
"Jun 6, 2025, 8:50:23 PM",Kudos,Activity,14715172735
"Jun 7, 2025, 1:42:46 AM",Kudos,Activity,14717890128
"Jun 7, 2025, 1:42:50 AM",Kudos,Activity,14717890780
"Jun 7, 2025, 1:43:03 AM",Kudos,Activity,14717889549
"Jun 7, 2025, 1:43:11 AM",Kudos,Activity,14718007022
"Jun 7, 2025, 11:38:12 AM",Kudos,Activity,14722308084
"Jun 7, 2025, 3:12:12 PM",Kudos,Activity,14724247712
"Jun 7, 2025, 3:12:25 PM",Kudos,Activity,14724447143
"Jun 7, 2025, 3:13:08 PM",Kudos,Activity,14724310467
"Jun 7, 2025, 3:14:27 PM",Kudos,Activity,14723531212
"Jun 7, 2025, 3:14:40 PM",Kudos,Activity,14723990246
"Jun 7, 2025, 3:14:45 PM",Kudos,Activity,14724266079
"Jun 7, 2025, 5:52:47 PM",Kudos,Activity,14725073095
"Jun 7, 2025, 5:52:52 PM",Kudos,Activity,14725759260
"Jun 7, 2025, 5:55:07 PM",Kudos,Activity,14726391172
"Jun 7, 2025, 5:55:13 PM",Kudos,Activity,14725890002
"Jun 7, 2025, 5:55:24 PM",Kudos,Activity,14725639880
"Jun 7, 2025, 5:55:35 PM",Kudos,Activity,14725681597
"Jun 7, 2025, 5:55:43 PM",Kudos,Activity,14724919597
"Jun 7, 2025, 5:55:55 PM",Kudos,Activity,14725238292
"Jun 7, 2025, 5:56:06 PM",Kudos,Activity,14725346161
"Jun 7, 2025, 5:56:08 PM",Kudos,Activity,14725098670
"Jun 7, 2025, 9:13:48 PM",Kudos,Activity,14726914513
"Jun 7, 2025, 9:14:08 PM",Kudos,Activity,14726828359
"Jun 7, 2025, 9:14:16 PM",Kudos,Activity,14726679773
"Jun 7, 2025, 9:14:26 PM",Kudos,Activity,14725855914
"Jun 7, 2025, 9:14:36 PM",Kudos,Activity,14725391736
"Jun 7, 2025, 9:14:40 PM",Kudos,Activity,14717667105
"Jun 8, 2025, 1:59:29 AM",Kudos,Activity,14728230179
"Jun 8, 2025, 1:59:30 AM",Kudos,Activity,14728044839
"Jun 8, 2025, 12:04:35 PM",Kudos,Activity,14729572743
"Jun 8, 2025, 12:05:53 PM",Kudos,Activity,14728637467
"Jun 8, 2025, 12:06:27 PM",Kudos,Activity,14726831879
"Jun 8, 2025, 1:30:20 PM",Kudos,Activity,14734291764
"Jun 8, 2025, 1:30:45 PM",Kudos,Activity,14733992165
"Jun 8, 2025, 1:30:53 PM",Kudos,Activity,14733317206
"Jun 9, 2025, 1:45:21 AM",Kudos,Activity,14736887246
"Jun 9, 2025, 1:45:30 AM",Kudos,Activity,14738691499
"Jun 9, 2025, 1:45:32 AM",Kudos,Activity,14738551863
"Jun 9, 2025, 1:45:44 AM",Kudos,Activity,14734400831
"Jun 9, 2025, 1:45:51 AM",Kudos,Activity,14735497207
"Jun 9, 2025, 1:46:09 AM",Kudos,Activity,14737386169
"Jun 9, 2025, 1:46:15 AM",Kudos,Activity,14734926822
"Jun 9, 2025, 1:46:40 AM",Kudos,Activity,14738157563
"Jun 9, 2025, 1:46:59 AM",Kudos,Activity,14739327510
"Jun 9, 2025, 1:47:04 AM",Kudos,Activity,14739467539
"Jun 9, 2025, 1:47:06 AM",Kudos,Activity,14735568884
"Jun 9, 2025, 1:47:11 AM",Kudos,Activity,14739640173
"Jun 9, 2025, 1:47:19 AM",Kudos,Activity,14737814452
"Jun 9, 2025, 12:06:53 PM",Kudos,Activity,14741038504
"Jun 9, 2025, 12:07:01 PM",Kudos,Activity,14742772516
"Jun 9, 2025, 12:07:05 PM",Kudos,Activity,14740136040
"Jun 9, 2025, 12:07:20 PM",Kudos,Activity,14737407030
"Jun 9, 2025, 12:07:54 PM",Kudos,Activity,14737898405
"Jun 9, 2025, 12:08:10 PM",Kudos,Activity,14737487884
"Jun 9, 2025, 12:08:13 PM",Kudos,Activity,14735283241
"Jun 9, 2025, 12:08:16 PM",Kudos,Activity,14734868513
"Jun 9, 2025, 12:08:19 PM",Kudos,Activity,14738876393
"Jun 9, 2025, 6:43:13 PM",Kudos,Activity,14744795747
"Jun 9, 2025, 6:43:42 PM",Kudos,Activity,14744179260
"Jun 9, 2025, 6:43:56 PM",Kudos,Activity,14746311076
"Jun 9, 2025, 6:44:01 PM",Kudos,Activity,14746570945
"Jun 9, 2025, 6:44:08 PM",Kudos,Activity,14744157773
"Jun 9, 2025, 6:44:10 PM",Kudos,Activity,14743864406
"Jun 9, 2025, 6:44:14 PM",Kudos,Activity,14744883009
"Jun 9, 2025, 6:44:16 PM",Kudos,Activity,14744219738
"Jun 9, 2025, 6:45:12 PM",Kudos,Activity,14744071259
"Jun 9, 2025, 6:45:15 PM",Kudos,Activity,14744932584
"Jun 9, 2025, 6:45:18 PM",Kudos,Activity,14745177339
"Jun 9, 2025, 6:45:26 PM",Kudos,Activity,14745875805
"Jun 10, 2025, 9:17:05 PM",Kudos,Activity,14758938430
"Jun 10, 2025, 9:17:26 PM",Kudos,Activity,14754284505
"Jun 10, 2025, 9:18:06 PM",Kudos,Activity,14754920457
"Jun 10, 2025, 9:18:11 PM",Kudos,Activity,14754357594
"Jun 10, 2025, 9:18:21 PM",Kudos,Activity,14753413722
"Jun 10, 2025, 9:18:23 PM",Kudos,Activity,14754537571
"Jun 10, 2025, 9:18:27 PM",Kudos,Activity,14754088958
"Jun 10, 2025, 9:18:32 PM",Kudos,Activity,14753999545
"Jun 10, 2025, 9:18:41 PM",Kudos,Activity,14758909520
"Jun 10, 2025, 9:18:48 PM",Kudos,Activity,14754624350
"Jun 10, 2025, 9:18:57 PM",Kudos,Activity,14752136098
"Jun 10, 2025, 9:19:01 PM",Kudos,Activity,14749771350
"Jun 10, 2025, 9:19:04 PM",Kudos,Activity,14759235679
"Jun 11, 2025, 1:43:35 PM",Kudos,Activity,14765089807
"Jun 11, 2025, 1:43:55 PM",Kudos,Activity,14765809305
"Jun 11, 2025, 1:43:59 PM",Kudos,Activity,14764262470
"Jun 11, 2025, 1:44:04 PM",Kudos,Activity,14765547623
"Jun 11, 2025, 1:44:06 PM",Kudos,Activity,14765698322
"Jun 11, 2025, 1:44:14 PM",Kudos,Activity,14765368585
"Jun 11, 2025, 1:44:20 PM",Kudos,Activity,14761566291
"Jun 11, 2025, 1:44:33 PM",Kudos,Activity,14761133244
"Jun 11, 2025, 1:44:41 PM",Kudos,Activity,14764871287
"Jun 11, 2025, 1:44:47 PM",Kudos,Activity,14761457010
"Jun 11, 2025, 1:44:54 PM",Kudos,Activity,14760355668
"Jun 11, 2025, 1:44:56 PM",Kudos,Activity,14761000093
"Jun 11, 2025, 1:44:58 PM",Kudos,Activity,14761552244
"Jun 11, 2025, 1:45:01 PM",Kudos,Activity,14760455151
"Jun 11, 2025, 1:45:06 PM",Kudos,Activity,14761179314
"Jun 11, 2025, 1:45:26 PM",Kudos,Activity,14758687584
"Jun 12, 2025, 11:57:30 AM",Kudos,Activity,14775182237
"Jun 12, 2025, 11:57:35 AM",Kudos,Activity,14771490174
"Jun 12, 2025, 11:57:40 AM",Kudos,Activity,14771427213
"Jun 12, 2025, 11:57:54 AM",Kudos,Activity,14771379854
"Jun 12, 2025, 11:57:58 AM",Kudos,Activity,14771373303
"Jun 12, 2025, 11:58:21 AM",Kudos,Activity,14775629384
"Jun 12, 2025, 11:58:32 AM",Kudos,Activity,14771721228
"Jun 12, 2025, 11:59:22 AM",Kudos,Activity,14772363048
"Jun 12, 2025, 11:59:29 AM",Kudos,Activity,14771296161
"Jun 12, 2025, 11:59:31 AM",Kudos,Activity,14771243508
"Jun 12, 2025, 11:59:39 AM",Kudos,Activity,14771906356
"Jun 12, 2025, 11:59:41 AM",Kudos,Activity,14772461450
"Jun 12, 2025, 11:59:47 AM",Kudos,Activity,14771633751
"Jun 12, 2025, 11:59:54 AM",Kudos,Activity,14771770859
"Jun 13, 2025, 1:15:39 PM",Kudos,Activity,14786254580
"Jun 13, 2025, 1:15:47 PM",Kudos,Activity,14786211627
"Jun 13, 2025, 1:15:52 PM",Kudos,Activity,14785972492
"Jun 13, 2025, 6:27:36 PM",Kudos,Activity,14788738869
"Jun 13, 2025, 6:27:42 PM",Kudos,Activity,14788676692
"Jun 13, 2025, 6:27:46 PM",Kudos,Activity,14786894207
"Jun 13, 2025, 6:27:50 PM",Kudos,Activity,14786030920
"Jun 13, 2025, 6:27:52 PM",Kudos,Activity,14787146924
"Jun 13, 2025, 6:27:57 PM",Kudos,Activity,14788798821
"Jun 13, 2025, 6:28:03 PM",Kudos,Activity,14789112814
"Jun 13, 2025, 6:28:05 PM",Kudos,Activity,14786893145
"Jun 13, 2025, 6:28:20 PM",Kudos,Activity,14786870561
"Jun 13, 2025, 6:28:28 PM",Kudos,Activity,14786866245
"Jun 13, 2025, 6:28:41 PM",Kudos,Activity,14787185614
"Jun 13, 2025, 6:28:57 PM",Kudos,Activity,14785201199
"Jun 13, 2025, 6:28:59 PM",Kudos,Activity,14785788425
"Jun 13, 2025, 6:29:28 PM",Kudos,Activity,14781930752
"Jun 13, 2025, 6:29:46 PM",Kudos,Activity,14781820514
"Jun 13, 2025, 6:29:54 PM",Kudos,Activity,14782186589
"Jun 13, 2025, 6:30:00 PM",Kudos,Activity,14785981194
"Jun 13, 2025, 6:30:07 PM",Kudos,Activity,14786312696
"Jun 13, 2025, 6:30:10 PM",Kudos,Activity,14785851686
"Jun 13, 2025, 6:30:47 PM",Kudos,Activity,14776277410
"Jun 13, 2025, 6:31:00 PM",Kudos,Activity,14781536447
"Jun 13, 2025, 6:31:02 PM",Kudos,Activity,14776495694
"Jun 13, 2025, 6:31:03 PM",Kudos,Activity,14781761222
"Jun 13, 2025, 6:31:12 PM",Kudos,Activity,14785375194
"Jun 13, 2025, 6:31:20 PM",Kudos,Activity,14776926945
"Jun 13, 2025, 7:20:49 PM",Kudos,Activity,14775974256
"Jun 13, 2025, 7:21:37 PM",Kudos,Activity,14777257769
"Jun 13, 2025, 7:22:14 PM",Kudos,Activity,14767438732
"Jun 13, 2025, 7:22:32 PM",Kudos,Activity,14767615511
"Jun 13, 2025, 7:22:42 PM",Kudos,Activity,14776843164
"Jun 13, 2025, 9:56:44 PM",Kudos,Activity,14789952772
"Jun 13, 2025, 9:57:03 PM",Kudos,Activity,14789354209
"Jun 13, 2025, 9:57:11 PM",Kudos,Activity,14785958801
"Jun 13, 2025, 9:57:24 PM",Kudos,Activity,14777561679
"Jun 14, 2025, 1:47:27 PM",Kudos,Activity,14795042410
"Jun 14, 2025, 1:47:38 PM",Kudos,Activity,14793912539
"Jun 14, 2025, 1:47:39 PM",Kudos,Activity,14794791883
"Jun 14, 2025, 1:47:41 PM",Kudos,Activity,14796421460
"Jun 14, 2025, 1:47:45 PM",Kudos,Activity,14775650892
"Jun 14, 2025, 1:48:03 PM",Kudos,Activity,14781884240
"Jun 14, 2025, 1:48:10 PM",Kudos,Activity,14781881912
"Jun 14, 2025, 1:48:23 PM",Kudos,Activity,14791376699
"Jun 14, 2025, 1:48:26 PM",Kudos,Activity,14790824828
"Jun 14, 2025, 1:48:47 PM",Kudos,Activity,14781295334
"Jun 14, 2025, 1:48:56 PM",Kudos,Activity,14776321861
"Jun 14, 2025, 1:49:15 PM",Kudos,Activity,14777023466
"Jun 14, 2025, 2:25:25 PM",Kudos,Activity,14796927594
"Jun 14, 2025, 2:25:39 PM",Kudos,Activity,14796955316
"Jun 14, 2025, 2:25:47 PM",Kudos,Activity,14782565907
"Jun 14, 2025, 4:28:24 PM",Kudos,Activity,14797575078
"Jun 14, 2025, 4:28:28 PM",Kudos,Activity,14797239315
"Jun 14, 2025, 4:28:37 PM",Kudos,Activity,14796813632
"Jun 14, 2025, 8:07:36 PM",Kudos,Activity,14797471449
"Jun 14, 2025, 8:07:44 PM",Kudos,Activity,14798798731
"Jun 14, 2025, 10:00:39 PM",Kudos,Activity,14800670107
"Jun 14, 2025, 10:00:42 PM",Kudos,Activity,14800640926
"Jun 14, 2025, 10:01:45 PM",Kudos,Activity,14800832005
"Jun 14, 2025, 11:15:40 PM",Kudos,Activity,14800909908
"Jun 14, 2025, 11:15:58 PM",Kudos,Activity,14800873011
"Jun 14, 2025, 11:16:12 PM",Kudos,Activity,14800907455
"Jun 14, 2025, 11:16:20 PM",Kudos,Activity,14800654838
"Jun 14, 2025, 11:16:23 PM",Kudos,Activity,14797225732
"Jun 14, 2025, 11:16:30 PM",Kudos,Activity,14800881945
"Jun 14, 2025, 11:16:35 PM",Kudos,Activity,14798833299
"Jun 14, 2025, 11:16:51 PM",Kudos,Activity,14800034399
"Jun 14, 2025, 11:17:06 PM",Kudos,Activity,14798466257
"Jun 14, 2025, 11:17:08 PM",Kudos,Activity,14798525604
"Jun 14, 2025, 11:17:29 PM",Kudos,Activity,14797225531
"Jun 14, 2025, 11:17:37 PM",Kudos,Activity,14800518751
"Jun 14, 2025, 11:18:03 PM",Kudos,Activity,14799759697
"Jun 14, 2025, 11:18:07 PM",Kudos,Activity,14798426149
"Jun 14, 2025, 11:18:11 PM",Kudos,Activity,14791386904
"Jun 14, 2025, 11:54:11 PM",Kudos,Activity,14799737423
"Jun 14, 2025, 11:55:10 PM",Kudos,Activity,14791291178
"Jun 14, 2025, 11:56:10 PM",Kudos,Activity,14798532339
"Jun 15, 2025, 3:33:54 PM",Kudos,Activity,14807617958
"Jun 15, 2025, 3:33:56 PM",Kudos,Activity,14807470976
"Jun 15, 2025, 3:34:07 PM",Kudos,Activity,14808161194
"Jun 15, 2025, 3:34:11 PM",Kudos,Activity,14807533243
"Jun 15, 2025, 3:34:18 PM",Kudos,Activity,14808616406
"Jun 15, 2025, 3:34:21 PM",Kudos,Activity,14808395848
"Jun 15, 2025, 3:34:23 PM",Kudos,Activity,14808475906
"Jun 15, 2025, 3:34:26 PM",Kudos,Activity,14806263831
"Jun 15, 2025, 3:34:27 PM",Kudos,Activity,14807255578
"Jun 15, 2025, 3:34:46 PM",Kudos,Activity,14801789997
"Jun 15, 2025, 3:34:54 PM",Kudos,Activity,14801617236
"Jun 15, 2025, 3:35:08 PM",Kudos,Activity,14808713768
"Jun 15, 2025, 3:35:11 PM",Kudos,Activity,14802406836
"Jun 15, 2025, 5:33:41 PM",Kudos,Activity,14809903678
"Jun 15, 2025, 5:33:57 PM",Kudos,Activity,14809334999
"Jun 15, 2025, 5:34:37 PM",Kudos,Activity,14809384119
"Jun 15, 2025, 5:34:41 PM",Kudos,Activity,14809358879
"Jun 15, 2025, 5:34:43 PM",Kudos,Activity,14809390313
"Jun 15, 2025, 5:34:49 PM",Kudos,Activity,14809227200
"Jun 15, 2025, 5:34:51 PM",Kudos,Activity,14800174115
"Jun 15, 2025, 5:34:56 PM",Kudos,Activity,14779659088
"Jun 15, 2025, 8:28:14 PM",Kudos,Activity,14810364621
"Jun 15, 2025, 8:28:36 PM",Kudos,Activity,14810608683
"Jun 15, 2025, 8:29:14 PM",Kudos,Activity,14810823484
"Jun 15, 2025, 10:32:28 PM",Kudos,Activity,14811577292
"Jun 15, 2025, 10:32:40 PM",Kudos,Activity,14777494263
"Jun 16, 2025, 1:05:41 AM",Kudos,Activity,14780962563
"Jun 16, 2025, 11:34:12 PM",Kudos,Activity,14821462896
"Jun 16, 2025, 11:36:11 PM",Kudos,Activity,14816762774
"Jun 16, 2025, 11:36:14 PM",Kudos,Activity,14821239042
"Jun 16, 2025, 11:36:30 PM",Kudos,Activity,14816283315
"Jun 16, 2025, 11:36:36 PM",Kudos,Activity,14816293088
"Jun 16, 2025, 11:36:39 PM",Kudos,Activity,14816942605
"Jun 16, 2025, 11:36:46 PM",Kudos,Activity,14821763030
"Jun 16, 2025, 11:37:10 PM",Kudos,Activity,14816542582
"Jun 16, 2025, 11:37:12 PM",Kudos,Activity,14815049619
"Jun 16, 2025, 11:37:16 PM",Kudos,Activity,14821790669
"Jun 16, 2025, 11:37:21 PM",Kudos,Activity,14815320228
"Jun 16, 2025, 11:37:23 PM",Kudos,Activity,14816643602
"Jun 16, 2025, 11:37:36 PM",Kudos,Activity,14821537172
"Jun 16, 2025, 11:37:50 PM",Kudos,Activity,14821970730
"Jun 16, 2025, 11:37:52 PM",Kudos,Activity,14816261783
"Jun 16, 2025, 11:37:57 PM",Kudos,Activity,14815654127
"Jun 16, 2025, 11:38:06 PM",Kudos,Post,37607249
"Jun 16, 2025, 11:38:09 PM",Kudos,Activity,14822062006
"Jun 17, 2025, 3:21:34 AM",Kudos,Activity,14822438621
"Jun 17, 2025, 5:32:00 PM",Kudos,Activity,14827748039
"Jun 17, 2025, 5:33:01 PM",Kudos,Activity,14826196480
"Jun 17, 2025, 5:33:15 PM",Kudos,Activity,14826787762
"Jun 18, 2025, 12:25:19 PM",Kudos,Activity,14837204694
"Jun 18, 2025, 12:25:23 PM",Kudos,Activity,14833065685
"Jun 18, 2025, 12:25:30 PM",Kudos,Activity,14833621922
"Jun 18, 2025, 12:26:07 PM",Kudos,Activity,14832988375
"Jun 18, 2025, 12:26:17 PM",Kudos,Activity,14833400201
"Jun 18, 2025, 12:26:21 PM",Kudos,Activity,14833932505
"Jun 18, 2025, 12:26:24 PM",Kudos,Activity,14833086038
"Jun 18, 2025, 12:26:30 PM",Kudos,Activity,14833794879
"Jun 18, 2025, 12:26:38 PM",Kudos,Activity,14834218970
"Jun 18, 2025, 12:26:53 PM",Kudos,Activity,14837053538
"Jun 18, 2025, 12:27:06 PM",Kudos,Activity,14833583746
"Jun 18, 2025, 12:29:46 PM",Kudos,Activity,14838303909
"Jun 18, 2025, 12:29:55 PM",Kudos,Activity,14833266415
"Jun 18, 2025, 12:29:59 PM",Kudos,Activity,14829367906
"Jun 18, 2025, 12:30:22 PM",Kudos,Activity,14829583281
"Jun 18, 2025, 1:34:14 PM",Kudos,Activity,14838444767
"Jun 18, 2025, 1:34:38 PM",Kudos,Activity,14838670730
"Jun 18, 2025, 1:34:42 PM",Kudos,Activity,14827385699
"Jun 18, 2025, 2:56:41 PM",Kudos,Activity,14839383377
"Jun 18, 2025, 2:56:44 PM",Kudos,Activity,14839445749
"Jun 18, 2025, 2:56:48 PM",Kudos,Activity,14839611723
"Jun 18, 2025, 2:56:52 PM",Kudos,Activity,14827943777
"Jun 18, 2025, 2:57:02 PM",Kudos,Activity,14826781004
"Jun 18, 2025, 2:57:17 PM",Kudos,Activity,14827673485
"Jun 18, 2025, 2:57:19 PM",Kudos,Activity,14828582655
"Jun 18, 2025, 2:57:21 PM",Kudos,Activity,14828582779
"Jun 18, 2025, 2:57:29 PM",Kudos,Activity,14827207162
"Jun 18, 2025, 2:57:33 PM",Kudos,Activity,14825844565
"Jun 18, 2025, 7:28:32 PM",Kudos,Activity,14840902936
"Jun 18, 2025, 7:29:10 PM",Kudos,Activity,14822416357
"Jun 18, 2025, 7:29:12 PM",Kudos,Activity,14822408637
"Jun 18, 2025, 9:30:27 PM",Kudos,Activity,14842881040
"Jun 18, 2025, 9:30:32 PM",Kudos,Activity,14817686703
"Jun 18, 2025, 9:30:33 PM",Kudos,Activity,14828582948
"Jun 18, 2025, 9:30:36 PM",Kudos,Activity,14831568256
"Jun 18, 2025, 9:31:30 PM",Kudos,Activity,14828304895
"Jun 18, 2025, 9:32:04 PM",Kudos,Activity,14813712018
"Jun 18, 2025, 9:32:11 PM",Kudos,Activity,14827639129
"Jun 18, 2025, 9:32:41 PM",Kudos,Activity,14815992283
"Jun 18, 2025, 11:13:53 PM",Kudos,Activity,14844013427
"Jun 19, 2025, 1:29:04 AM",Kudos,Activity,14844869613
"Jun 19, 2025, 11:23:33 AM",Kudos,Activity,14847754078
"Jun 19, 2025, 11:24:00 AM",Kudos,Activity,14844727739
"Jun 19, 2025, 11:24:10 AM",Kudos,Activity,14847475058
"Jun 19, 2025, 1:04:28 PM",Kudos,Activity,14848834357
"Jun 19, 2025, 1:04:50 PM",Kudos,Activity,14848676786
"Jun 19, 2025, 1:04:56 PM",Kudos,Activity,14848574335
"Jun 19, 2025, 1:05:11 PM",Kudos,Activity,14844798697
"Jun 19, 2025, 1:06:30 PM",Kudos,Activity,14844204795
"Jun 19, 2025, 1:06:40 PM",Kudos,Activity,14844446359
"Jun 19, 2025, 1:06:57 PM",Kudos,Activity,14843919364
"Jun 19, 2025, 1:07:07 PM",Kudos,Activity,14844164248
"Jun 19, 2025, 1:07:12 PM",Kudos,Activity,14844463272
"Jun 19, 2025, 1:07:19 PM",Kudos,Activity,14844328201
"Jun 19, 2025, 1:18:30 PM",Kudos,Activity,14849434641
"Jun 19, 2025, 1:18:47 PM",Kudos,Activity,14841127207
"Jun 19, 2025, 1:19:00 PM",Kudos,Activity,14844004092
"Jun 19, 2025, 1:19:04 PM",Kudos,Activity,14843824925
"Jun 19, 2025, 2:47:58 PM",Kudos,Activity,14850138685
"Jun 19, 2025, 2:48:01 PM",Kudos,Activity,14849977283
"Jun 19, 2025, 2:48:11 PM",Kudos,Activity,14850110377
"Jun 19, 2025, 2:48:13 PM",Kudos,Activity,14850317674
"Jun 19, 2025, 2:48:17 PM",Kudos,Activity,14849834129
"Jun 19, 2025, 2:48:38 PM",Kudos,Activity,14849778835
"Jun 19, 2025, 2:48:47 PM",Kudos,Activity,14849969427
"Jun 19, 2025, 2:49:01 PM",Kudos,Activity,14817774042
"Jun 19, 2025, 2:49:11 PM",Kudos,Activity,14849972653
"Jun 19, 2025, 4:29:00 PM",Kudos,Activity,14850819410
"Jun 19, 2025, 4:29:18 PM",Kudos,Activity,14851081698
"Jun 19, 2025, 4:29:23 PM",Kudos,Activity,14850864898
"Jun 19, 2025, 4:29:33 PM",Kudos,Activity,14850840486
"Jun 19, 2025, 4:29:34 PM",Kudos,Activity,14850706902
"Jun 19, 2025, 4:29:39 PM",Kudos,Activity,14850835324
"Jun 19, 2025, 7:41:19 PM",Kudos,Activity,14853106266
"Jun 19, 2025, 7:41:22 PM",Kudos,Activity,14853111222
"Jun 19, 2025, 7:41:44 PM",Kudos,Activity,14851471366
"Jun 19, 2025, 7:41:45 PM",Kudos,Activity,14851626119
"Jun 20, 2025, 10:51:38 AM",Kudos,Activity,14855286818
"Jun 20, 2025, 10:52:35 AM",Kudos,Activity,14855208466
"Jun 20, 2025, 10:52:53 AM",Kudos,Activity,14855218355
"Jun 20, 2025, 10:52:56 AM",Kudos,Activity,14854777959
"Jun 20, 2025, 10:52:59 AM",Kudos,Activity,14854172814
"Jun 20, 2025, 10:53:00 AM",Kudos,Activity,14854794831
"Jun 20, 2025, 10:53:02 AM",Kudos,Activity,14854180067
"Jun 20, 2025, 1:22:54 PM",Kudos,Activity,14859595894
"Jun 20, 2025, 1:23:09 PM",Kudos,Activity,14859706243
"Jun 20, 2025, 1:23:21 PM",Kudos,Activity,14859896404
"Jun 20, 2025, 1:23:23 PM",Kudos,Activity,14859907130
"Jun 20, 2025, 1:23:26 PM",Kudos,Activity,14859225688
"Jun 20, 2025, 1:23:33 PM",Kudos,Activity,14858436137
"Jun 20, 2025, 7:33:56 PM",Kudos,Activity,14860041757
"Jun 20, 2025, 7:34:30 PM",Kudos,Activity,14860151973
"Jun 20, 2025, 7:36:32 PM",Kudos,Activity,14861317426
"Jun 20, 2025, 7:36:36 PM",Kudos,Activity,14860024865
"Jun 20, 2025, 7:36:51 PM",Kudos,Activity,14861840245
"Jun 20, 2025, 7:37:01 PM",Kudos,Activity,14862922035
"Jun 21, 2025, 6:52:31 PM",Kudos,Activity,14872719235
"Jun 21, 2025, 6:52:54 PM",Kudos,Activity,14872871263
"Jun 21, 2025, 6:53:04 PM",Kudos,Activity,14872883333
"Jun 21, 2025, 6:53:09 PM",Kudos,Activity,14872599724
"Jun 21, 2025, 6:53:14 PM",Kudos,Activity,14872898354
"Jun 21, 2025, 6:53:26 PM",Kudos,Activity,14871569024
"Jun 21, 2025, 6:53:56 PM",Kudos,Activity,14871538548
"Jun 21, 2025, 6:54:23 PM",Kudos,Activity,14869976806
"Jun 21, 2025, 6:54:50 PM",Kudos,Activity,14871173339
"Jun 21, 2025, 6:54:57 PM",Kudos,Activity,14868266660
"Jun 21, 2025, 6:55:02 PM",Kudos,Activity,14870643421
"Jun 21, 2025, 6:55:07 PM",Kudos,Activity,14871337726
"Jun 21, 2025, 6:55:25 PM",Kudos,Activity,14871070400
"Jun 21, 2025, 6:55:33 PM",Kudos,Activity,14871736727
"Jun 21, 2025, 6:55:45 PM",Kudos,Activity,14863977146
"Jun 21, 2025, 6:56:17 PM",Kudos,Activity,14871759428
"Jun 21, 2025, 6:56:21 PM",Kudos,Activity,14871511370
"Jun 21, 2025, 6:56:26 PM",Kudos,Activity,14860133344
"Jun 21, 2025, 6:56:31 PM",Kudos,Activity,14871342477
"Jun 21, 2025, 6:56:36 PM",Kudos,Activity,14872043170
"Jun 21, 2025, 6:57:17 PM",Kudos,Activity,14864278424
"Jun 21, 2025, 6:57:22 PM",Kudos,Activity,14870579256
"Jun 21, 2025, 6:57:46 PM",Kudos,Activity,14862732370
"Jun 21, 2025, 6:57:58 PM",Kudos,Activity,14871701097
"Jun 21, 2025, 6:58:01 PM",Kudos,Activity,14861232246
"Jun 21, 2025, 6:58:12 PM",Kudos,Activity,14860138983
"Jun 21, 2025, 6:58:23 PM",Kudos,Activity,14870540437
"Jun 21, 2025, 6:58:59 PM",Kudos,Activity,14862789527
"Jun 21, 2025, 8:35:23 PM",Kudos,Activity,14873668756
"Jun 21, 2025, 8:35:28 PM",Kudos,Activity,14873427854
"Jun 22, 2025, 12:11:26 PM",Kudos,Activity,14876166859
"Jun 22, 2025, 12:12:16 PM",Kudos,Activity,14874973069
"Jun 22, 2025, 12:12:34 PM",Kudos,Activity,14874729785
"Jun 22, 2025, 12:12:45 PM",Kudos,Activity,14874496519
"Jun 22, 2025, 12:14:33 PM",Kudos,Activity,14874467883
"Jun 22, 2025, 12:14:37 PM",Kudos,Activity,14879707660
"Jun 22, 2025, 12:15:01 PM",Kudos,Activity,14878974821
"Jun 22, 2025, 12:15:07 PM",Kudos,Activity,14879839509
"Jun 23, 2025, 12:27:02 AM",Kudos,Activity,14881291260
"Jun 23, 2025, 12:27:10 AM",Kudos,Activity,14885749355
"Jun 23, 2025, 12:27:21 AM",Kudos,Activity,14882467271
"Jun 23, 2025, 12:27:32 AM",Kudos,Activity,14885543896
"Jun 23, 2025, 12:27:40 AM",Kudos,Activity,14880677268
"Jun 23, 2025, 12:27:42 AM",Kudos,Activity,14880608841
"Jun 23, 2025, 12:27:44 AM",Kudos,Activity,14883189682
"Jun 23, 2025, 12:27:45 AM",Kudos,Activity,14883207658
"Jun 23, 2025, 12:27:47 AM",Kudos,Activity,14880571678
"Jun 23, 2025, 12:27:49 AM",Kudos,Activity,14881338734
"Jun 23, 2025, 12:27:55 AM",Kudos,Activity,14884285894
"Jun 23, 2025, 12:27:58 AM",Kudos,Activity,14880828047
"Jun 23, 2025, 12:28:16 AM",Kudos,Activity,14881431653
"Jun 23, 2025, 12:11:17 PM",Kudos,Activity,14888875836
"Jun 23, 2025, 12:11:21 PM",Kudos,Activity,14889447850
"Jun 23, 2025, 12:11:26 PM",Kudos,Activity,14889580234
"Jun 23, 2025, 12:11:38 PM",Kudos,Activity,14888843410
"Jun 23, 2025, 12:11:41 PM",Kudos,Activity,14886400379
"Jun 23, 2025, 12:11:51 PM",Kudos,Activity,14858003613
"Jun 23, 2025, 4:37:38 PM",Kudos,Activity,14890051708
"Jun 23, 2025, 4:50:10 PM",Kudos,Activity,14890164379
"Jun 23, 2025, 6:47:28 PM",Kudos,Activity,14891995823
"Jun 23, 2025, 8:59:30 PM",Kudos,Activity,14890275886
"Jun 23, 2025, 8:59:38 PM",Kudos,Activity,14890223010
"Jun 23, 2025, 8:59:50 PM",Kudos,Activity,14890132493
"Jun 23, 2025, 9:00:02 PM",Kudos,Activity,14891212826
"Jun 23, 2025, 9:00:14 PM",Kudos,Activity,14893517912
"Jun 23, 2025, 9:00:16 PM",Kudos,Activity,14891336234
"Jun 23, 2025, 9:00:19 PM",Kudos,Activity,14891860499
"Jun 23, 2025, 9:01:09 PM",Kudos,Activity,14892002929
"Jun 23, 2025, 9:01:14 PM",Kudos,Activity,14890193899
"Jun 23, 2025, 9:01:17 PM",Kudos,Activity,14891879150
"Jun 23, 2025, 9:01:46 PM",Kudos,Activity,14889836744
"Jun 23, 2025, 11:05:13 PM",Kudos,Activity,14894785471
"Jun 23, 2025, 11:05:22 PM",Kudos,Activity,14895027170
"Jun 23, 2025, 11:05:29 PM",Kudos,Activity,14895067858
"Jun 23, 2025, 11:05:44 PM",Kudos,Activity,14895211318
"Jun 23, 2025, 11:05:50 PM",Kudos,Activity,14894079343
"Jun 24, 2025, 1:57:41 AM",Kudos,Activity,14896063342
"Jun 24, 2025, 12:08:35 PM",Kudos,Activity,14899773402
"Jun 24, 2025, 12:08:40 PM",Kudos,Activity,14896672242
"Jun 24, 2025, 12:08:45 PM",Kudos,Activity,14899191420
"Jun 24, 2025, 12:08:50 PM",Kudos,Activity,14899997999
"Jun 24, 2025, 12:08:55 PM",Kudos,Activity,14899218857
"Jun 24, 2025, 12:09:00 PM",Kudos,Activity,14899294781
"Jun 24, 2025, 12:09:03 PM",Kudos,Post,37750081
"Jun 24, 2025, 12:09:07 PM",Kudos,Activity,14897224056
"Jun 24, 2025, 12:09:11 PM",Kudos,Activity,14899266773
"Jun 24, 2025, 12:09:13 PM",Kudos,Activity,14896332581
"Jun 24, 2025, 12:09:15 PM",Kudos,Activity,14898567789
"Jun 24, 2025, 12:09:27 PM",Kudos,Activity,14899566262
"Jun 24, 2025, 12:09:30 PM",Kudos,Activity,14895763826
"Jun 24, 2025, 12:09:35 PM",Kudos,Activity,14895895269
"Jun 24, 2025, 5:08:54 PM",Kudos,Activity,14900539170
"Jun 24, 2025, 5:08:59 PM",Kudos,Activity,14902255586
"Jun 24, 2025, 5:09:04 PM",Kudos,Activity,14901702860
"Jun 24, 2025, 5:09:39 PM",Kudos,Activity,14902371433
"Jun 24, 2025, 5:09:44 PM",Kudos,Activity,14900681021
"Jun 24, 2025, 5:09:46 PM",Kudos,Activity,14900669830
"Jun 24, 2025, 5:09:47 PM",Kudos,Activity,14900864702
"Jun 24, 2025, 5:09:49 PM",Kudos,Activity,14902389417
"Jun 24, 2025, 5:10:12 PM",Kudos,Activity,14899577269
"Jun 24, 2025, 5:10:14 PM",Kudos,Activity,14900132917
"Jun 24, 2025, 5:10:17 PM",Kudos,Activity,14900515613
"Jun 24, 2025, 5:10:22 PM",Kudos,Activity,14902423646
"Jun 24, 2025, 5:10:29 PM",Kudos,Activity,14902242649
"Jun 24, 2025, 7:56:13 PM",Kudos,Activity,14903954848
"Jun 25, 2025, 2:41:12 AM",Kudos,Activity,14906708230
"Jun 25, 2025, 2:42:01 AM",Kudos,Activity,14904825012
"Jun 25, 2025, 2:42:30 AM",Kudos,Activity,14906878253
"Jun 25, 2025, 2:42:34 AM",Kudos,Activity,14907138663
"Jun 25, 2025, 2:42:38 AM",Kudos,Activity,14906570656
"Jun 25, 2025, 2:42:49 AM",Kudos,Activity,14905158902
"Jun 25, 2025, 2:42:53 AM",Kudos,Activity,14905412540
"Jun 25, 2025, 11:58:18 AM",Kudos,Activity,14909857675
"Jun 25, 2025, 12:05:33 PM",Kudos,Activity,14909787927
"Jun 25, 2025, 12:05:39 PM",Kudos,Activity,14907432264
"Jun 25, 2025, 12:05:55 PM",Kudos,Activity,14907435720
"Jun 25, 2025, 12:05:58 PM",Kudos,Activity,14907429784
"Jun 25, 2025, 12:38:34 PM",Kudos,Activity,14910992889
"Jun 25, 2025, 12:38:42 PM",Kudos,Activity,14910693120
"Jun 25, 2025, 1:21:03 PM",Kudos,Activity,14911218306
"Jun 25, 2025, 1:21:42 PM",Kudos,Activity,14911250510
"Jun 25, 2025, 9:58:52 PM",Kudos,Activity,14916150630
"Jun 25, 2025, 9:58:53 PM",Kudos,Activity,14916205059
"Jun 25, 2025, 9:58:58 PM",Kudos,Activity,14912266452
"Jun 25, 2025, 9:59:32 PM",Kudos,Activity,14911197618
"Jun 25, 2025, 9:59:38 PM",Kudos,Activity,14910936326
"Jun 25, 2025, 9:59:45 PM",Kudos,Activity,14913704572
"Jun 25, 2025, 9:59:56 PM",Kudos,Activity,14911830682
"Jun 25, 2025, 9:59:59 PM",Kudos,Activity,14915309632
"Jun 25, 2025, 10:00:07 PM",Kudos,Activity,14912183515
"Jun 25, 2025, 10:52:13 PM",Kudos,Activity,14916149274
"Jun 25, 2025, 11:29:24 PM",Kudos,Activity,14916828329
"Jun 25, 2025, 11:29:47 PM",Kudos,Activity,14916830830
"Jun 26, 2025, 12:58:07 PM",Kudos,Activity,14920408577
"Jun 26, 2025, 12:58:10 PM",Kudos,Activity,14917258876
"Jun 26, 2025, 12:58:20 PM",Kudos,Activity,14921450717
"Jun 26, 2025, 12:58:32 PM",Kudos,Activity,14917574372
"Jun 26, 2025, 12:58:44 PM",Kudos,Activity,14916825932
"Jun 26, 2025, 12:58:51 PM",Kudos,Activity,14921474699
"Jun 26, 2025, 12:58:55 PM",Kudos,Activity,14917161755
"Jun 26, 2025, 12:59:24 PM",Kudos,Activity,14917479465
"Jun 26, 2025, 12:59:33 PM",Kudos,Activity,14917043255
"Jun 26, 2025, 12:59:35 PM",Kudos,Activity,14917674327
"Jun 26, 2025, 12:59:58 PM",Kudos,Activity,14917043241
"Jun 26, 2025, 1:00:01 PM",Kudos,Activity,14921374343
"Jun 26, 2025, 1:00:02 PM",Kudos,Activity,14916936674
"Jun 26, 2025, 1:00:06 PM",Kudos,Activity,14917262462
"Jun 26, 2025, 1:00:10 PM",Kudos,Activity,14916879925
"Jun 26, 2025, 1:00:21 PM",Kudos,Activity,14918126923
"Jun 26, 2025, 1:00:29 PM",Kudos,Activity,14920327921
"Jun 26, 2025, 1:00:36 PM",Kudos,Activity,14917004650
"Jun 26, 2025, 1:00:39 PM",Kudos,Activity,14917957982
"Jun 26, 2025, 6:19:28 PM",Kudos,Activity,14921942037
"Jun 26, 2025, 6:19:35 PM",Kudos,Activity,14922652879
"Jun 26, 2025, 6:19:43 PM",Kudos,Activity,14922638836
"Jun 26, 2025, 6:19:50 PM",Kudos,Activity,14923253383
"Jun 26, 2025, 6:19:52 PM",Kudos,Activity,14923263617
"Jun 26, 2025, 6:19:58 PM",Kudos,Activity,14922016521
"Jun 26, 2025, 10:22:47 PM",Kudos,Activity,14926171200
"Jun 26, 2025, 10:22:58 PM",Kudos,Activity,14926504556
"Jun 26, 2025, 10:23:00 PM",Kudos,Activity,14925333278
"Jun 26, 2025, 10:23:04 PM",Kudos,Activity,14924664435
"Jun 27, 2025, 1:11:54 AM",Kudos,Activity,14927263327
"Jun 27, 2025, 1:12:01 AM",Kudos,Activity,14927038673
"Jun 27, 2025, 1:12:03 AM",Kudos,Activity,14927400882
"Jun 27, 2025, 1:12:08 AM",Kudos,Activity,14926844474
"Jun 27, 2025, 1:12:14 AM",Kudos,Activity,14927316455
"Jun 27, 2025, 1:12:16 AM",Kudos,Activity,14926839041
"Jun 27, 2025, 2:45:19 AM",Kudos,Activity,14927995236
"Jun 27, 2025, 2:45:37 AM",Kudos,Activity,14927797065
"Jun 27, 2025, 1:05:02 PM",Kudos,Activity,14928017615
"Jun 27, 2025, 1:05:06 PM",Kudos,Activity,14930579569
"Jun 27, 2025, 1:05:09 PM",Kudos,Activity,14920213823
"Jun 27, 2025, 4:19:18 PM",Kudos,Activity,14932116451
"Jun 27, 2025, 4:19:20 PM",Kudos,Activity,14932823605
"Jun 27, 2025, 4:19:24 PM",Kudos,Activity,14932713147
"Jun 27, 2025, 4:19:37 PM",Kudos,Activity,14933189591
"Jun 27, 2025, 4:19:44 PM",Kudos,Activity,14933006873
"Jun 27, 2025, 4:21:51 PM",Kudos,Activity,14931999419
"Jun 27, 2025, 4:21:54 PM",Kudos,Activity,14931858352
"Jun 27, 2025, 4:22:00 PM",Kudos,Activity,14932208542
"Jun 27, 2025, 4:22:04 PM",Kudos,Activity,14931501671
"Jun 27, 2025, 4:22:07 PM",Kudos,Activity,14931890648
"Jun 27, 2025, 4:22:09 PM",Kudos,Activity,14931314931
"Jun 27, 2025, 4:22:12 PM",Kudos,Activity,14932283725
"Jun 27, 2025, 4:22:15 PM",Kudos,Activity,14932795115
"Jun 27, 2025, 4:22:17 PM",Kudos,Activity,14932808051
"Jun 27, 2025, 4:22:20 PM",Kudos,Activity,14932292949
"Jun 27, 2025, 4:22:22 PM",Kudos,Activity,14931930538
"Jun 27, 2025, 4:22:24 PM",Kudos,Activity,14932716331
"Jun 27, 2025, 4:22:27 PM",Kudos,Activity,14931672548
"Jun 27, 2025, 4:30:06 PM",Kudos,Activity,14931418742
"Jun 27, 2025, 4:30:46 PM",Kudos,Activity,14931757154
"Jun 27, 2025, 4:31:02 PM",Kudos,Activity,14931337273
"Jun 27, 2025, 4:31:09 PM",Kudos,Activity,14931332031
"Jun 27, 2025, 4:31:45 PM",Kudos,Activity,14930857784
"Jun 27, 2025, 4:31:50 PM",Kudos,Activity,14930897429
"Jun 27, 2025, 5:15:39 PM",Kudos,Activity,14931496598
"Jun 28, 2025, 3:09:19 AM",Kudos,Activity,14936335898
"Jun 28, 2025, 3:09:24 AM",Kudos,Activity,14936588717
"Jun 28, 2025, 3:09:40 AM",Kudos,Activity,14937118158
"Jun 28, 2025, 3:09:45 AM",Kudos,Activity,14935354915
"Jun 28, 2025, 3:10:12 AM",Kudos,Activity,14936033852
"Jun 28, 2025, 4:37:17 PM",Kudos,Activity,14943626735
"Jun 28, 2025, 4:37:35 PM",Kudos,Activity,14942942946
"Jun 28, 2025, 4:37:43 PM",Kudos,Activity,14942507145
"Jun 28, 2025, 4:38:09 PM",Kudos,Activity,14942519146
"Jun 28, 2025, 4:38:32 PM",Kudos,Activity,14943211953
"Jun 28, 2025, 4:38:44 PM",Kudos,Activity,14944126736
"Jun 28, 2025, 4:38:50 PM",Kudos,Activity,14941544545
"Jun 28, 2025, 4:39:10 PM",Kudos,Activity,14942697267
"Jun 28, 2025, 4:39:18 PM",Kudos,Activity,14943734415
"Jun 28, 2025, 4:39:20 PM",Kudos,Activity,14944004868
"Jun 28, 2025, 4:39:29 PM",Kudos,Activity,14941197404
"Jun 28, 2025, 4:39:32 PM",Kudos,Activity,14940476078
"Jun 28, 2025, 5:25:44 PM",Kudos,Activity,14944179455
"Jun 28, 2025, 5:26:14 PM",Kudos,Activity,14944459575
"Jun 28, 2025, 5:26:19 PM",Kudos,Activity,14944399972
"Jun 28, 2025, 5:26:30 PM",Kudos,Activity,14938203102
"Jun 29, 2025, 2:55:14 AM",Kudos,Activity,14945705099
"Jun 29, 2025, 1:27:16 PM",Kudos,Activity,14950477204
"Jun 29, 2025, 1:27:21 PM",Kudos,Activity,14948252350
"Jun 29, 2025, 1:27:26 PM",Kudos,Activity,14952850439
"Jun 29, 2025, 1:27:30 PM",Kudos,Activity,14946085364
"Jun 29, 2025, 1:27:34 PM",Kudos,Activity,14945701665
"Jun 29, 2025, 1:27:43 PM",Kudos,Activity,14946086525
"Jun 29, 2025, 1:27:46 PM",Kudos,Activity,14947128239
"Jun 29, 2025, 1:28:23 PM",Kudos,Activity,14946250414
"Jun 29, 2025, 1:29:00 PM",Kudos,Activity,14947358337
"Jun 29, 2025, 1:29:31 PM",Kudos,Activity,14946301399
"Jun 29, 2025, 1:29:37 PM",Kudos,Activity,14945400687
"Jun 29, 2025, 1:29:43 PM",Kudos,Activity,14946481023
"Jun 29, 2025, 1:29:46 PM",Kudos,Activity,14944751216
"Jun 29, 2025, 2:08:58 PM",Kudos,Activity,14953055027
"Jun 29, 2025, 2:09:03 PM",Kudos,Activity,14953233115
"Jun 29, 2025, 2:09:08 PM",Kudos,Activity,14940699596
"Jun 29, 2025, 5:19:30 PM",Kudos,Activity,14953166952
"Jun 29, 2025, 5:19:57 PM",Kudos,Activity,14953662261
"Jun 29, 2025, 5:20:02 PM",Kudos,Activity,14955166102
"Jun 29, 2025, 5:20:21 PM",Kudos,Activity,14954860230
"Jun 29, 2025, 5:20:34 PM",Kudos,Activity,14953946463
"Jun 29, 2025, 5:20:38 PM",Kudos,Activity,14954214465
"Jun 29, 2025, 5:20:42 PM",Kudos,Activity,14953693280
"Jun 30, 2025, 12:05:10 AM",Kudos,Activity,14956818237
"Jun 30, 2025, 3:33:25 PM",Kudos,Activity,14962074820
"Jun 30, 2025, 3:33:27 PM",Kudos,Activity,14962295219
"Jun 30, 2025, 3:33:38 PM",Kudos,Activity,14962249309
"Jun 30, 2025, 3:33:42 PM",Kudos,Activity,14962180254
"Jun 30, 2025, 3:34:08 PM",Kudos,Activity,14958956691
"Jun 30, 2025, 3:34:15 PM",Kudos,Activity,14960977180
"Jun 30, 2025, 3:34:18 PM",Kudos,Activity,14958582496
"Jun 30, 2025, 3:34:32 PM",Kudos,Activity,14956978496
"Jun 30, 2025, 3:34:45 PM",Kudos,Activity,14957380364
"Jun 30, 2025, 3:34:49 PM",Kudos,Activity,14956634886
"Jun 30, 2025, 3:34:54 PM",Kudos,Activity,14957122720
"Jun 30, 2025, 3:34:57 PM",Kudos,Activity,14955337402
"Jun 30, 2025, 3:35:12 PM",Kudos,Activity,14957036472
"Jun 30, 2025, 3:35:17 PM",Kudos,Activity,14961486076
"Jun 30, 2025, 3:35:20 PM",Kudos,Activity,14961582384
"Jun 30, 2025, 5:11:55 PM",Kudos,Activity,14964057365
"Jun 30, 2025, 5:11:57 PM",Kudos,Activity,14964023105
"Jul 1, 2025, 12:16:43 PM",Kudos,Activity,14971717198
"Jul 1, 2025, 12:16:49 PM",Kudos,Activity,14972149076
"Jul 1, 2025, 12:17:53 PM",Kudos,Activity,14968127085
"Jul 1, 2025, 12:18:10 PM",Kudos,Activity,14966697212
"Jul 1, 2025, 12:18:18 PM",Kudos,Activity,14964392671
"Jul 1, 2025, 5:09:05 PM",Kudos,Activity,14972774358
"Jul 1, 2025, 5:09:41 PM",Kudos,Activity,14972343774
"Jul 1, 2025, 5:10:13 PM",Kudos,Activity,14972564931
"Jul 1, 2025, 5:10:26 PM",Kudos,Activity,14973537102
"Jul 1, 2025, 5:10:28 PM",Kudos,Activity,14973576080
"Jul 1, 2025, 5:10:34 PM",Kudos,Activity,14972490580
"Jul 1, 2025, 5:10:53 PM",Kudos,Activity,14973760075
"Jul 1, 2025, 5:11:10 PM",Kudos,Activity,14974099478
"Jul 1, 2025, 5:11:27 PM",Kudos,Activity,14971716730
"Jul 1, 2025, 5:11:30 PM",Kudos,Activity,14968564534
"Jul 1, 2025, 5:11:33 PM",Kudos,Activity,14971930763
"Jul 1, 2025, 5:11:37 PM",Kudos,Activity,14971799459
"Jul 1, 2025, 5:11:41 PM",Kudos,Activity,14967761761
"Jul 1, 2025, 5:11:46 PM",Kudos,Activity,14966991832
"Jul 2, 2025, 1:00:16 AM",Kudos,Activity,14978006592
"Jul 2, 2025, 1:00:24 AM",Kudos,Activity,14978549815
"Jul 2, 2025, 1:00:39 AM",Kudos,Activity,14977857100
"Jul 2, 2025, 1:00:48 AM",Kudos,Activity,14977691987
"Jul 2, 2025, 1:01:07 AM",Kudos,Activity,14978254964
"Jul 2, 2025, 1:01:48 AM",Kudos,Activity,14977175003
"Jul 2, 2025, 1:01:50 AM",Kudos,Activity,14978070466
"Jul 2, 2025, 1:01:54 AM",Kudos,Activity,14978238003
"Jul 2, 2025, 1:02:02 AM",Kudos,Activity,14978138351
"Jul 2, 2025, 2:52:52 PM",Kudos,Activity,14983250267
"Jul 2, 2025, 2:52:57 PM",Kudos,Activity,14983489554
"Jul 2, 2025, 2:53:05 PM",Kudos,Activity,14984018800
"Jul 2, 2025, 2:53:08 PM",Kudos,Activity,14984030021
"Jul 2, 2025, 2:53:22 PM",Kudos,Activity,14984176566
"Jul 2, 2025, 2:53:25 PM",Kudos,Activity,14982132526
"Jul 2, 2025, 2:53:29 PM",Kudos,Activity,14979136552
"Jul 2, 2025, 2:53:33 PM",Kudos,Activity,14979586246
"Jul 2, 2025, 2:53:38 PM",Kudos,Activity,14983787300
"Jul 2, 2025, 2:53:42 PM",Kudos,Activity,14979481959
"Jul 2, 2025, 2:54:16 PM",Kudos,Activity,14982188340
"Jul 2, 2025, 2:54:26 PM",Kudos,Activity,14979036380
"Jul 2, 2025, 2:54:47 PM",Kudos,Activity,14981768088
"Jul 2, 2025, 6:47:06 PM",Kudos,Activity,14984505945
"Jul 2, 2025, 6:47:53 PM",Kudos,Activity,14985350134
"Jul 2, 2025, 6:47:55 PM",Kudos,Activity,14984751047
"Jul 2, 2025, 6:48:00 PM",Kudos,Activity,14983438380
"Jul 2, 2025, 6:48:02 PM",Kudos,Activity,14977497963
"Jul 2, 2025, 10:48:54 PM",Kudos,Activity,14987933181
"Jul 2, 2025, 10:49:40 PM",Kudos,Activity,14988492992
"Jul 2, 2025, 10:49:42 PM",Kudos,Activity,14988685264
"Jul 2, 2025, 10:49:51 PM",Kudos,Activity,14987417182
"Jul 2, 2025, 10:49:56 PM",Kudos,Activity,14988549409
"Jul 2, 2025, 10:50:07 PM",Kudos,Activity,14977099324
"Jul 2, 2025, 11:27:50 PM",Kudos,Activity,14984305654
"Jul 2, 2025, 11:28:00 PM",Kudos,Activity,14966897538
"Jul 3, 2025, 1:44:55 AM",Kudos,Activity,14989124302
"Jul 3, 2025, 1:44:58 AM",Kudos,Activity,14989108602
"Jul 3, 2025, 1:45:03 AM",Kudos,Activity,14989303968
"Jul 3, 2025, 1:45:17 AM",Kudos,Activity,14989823942
"Jul 3, 2025, 12:11:13 PM",Kudos,Activity,14992774182
"Jul 3, 2025, 12:11:17 PM",Kudos,Post,37924503
"Jul 3, 2025, 12:11:40 PM",Kudos,Activity,14992823615
"Jul 3, 2025, 12:11:57 PM",Kudos,Activity,14992701486
"Jul 3, 2025, 12:12:05 PM",Kudos,Post,37936115
"Jul 3, 2025, 3:17:22 PM",Kudos,Activity,14994251377
"Jul 3, 2025, 3:18:00 PM",Kudos,Activity,14994887985
"Jul 3, 2025, 3:18:15 PM",Kudos,Activity,14994000822
"Jul 3, 2025, 3:18:25 PM",Kudos,Activity,14994371383
"Jul 3, 2025, 3:18:40 PM",Kudos,Activity,14994107131
"Jul 3, 2025, 3:18:43 PM",Kudos,Activity,14994951270
"Jul 3, 2025, 3:19:15 PM",Kudos,Activity,14995022826
"Jul 3, 2025, 3:19:22 PM",Kudos,Activity,14994003094
"Jul 3, 2025, 3:19:24 PM",Kudos,Activity,14994662078
"Jul 3, 2025, 3:19:30 PM",Kudos,Activity,14994007742
"Jul 3, 2025, 3:19:33 PM",Kudos,Activity,14994813503
"Jul 3, 2025, 6:41:02 PM",Kudos,Activity,14994586325
"Jul 3, 2025, 6:41:10 PM",Kudos,Activity,14995570758
"Jul 3, 2025, 6:41:29 PM",Kudos,Activity,14992633994
"Jul 3, 2025, 7:05:26 PM",Kudos,Activity,14997298311
"Jul 3, 2025, 7:06:35 PM",Kudos,Activity,14996400431
"Jul 3, 2025, 7:07:10 PM",Kudos,Activity,14996350077
"Jul 4, 2025, 3:01:32 AM",Kudos,Activity,14999703108
"Jul 4, 2025, 3:03:12 AM",Kudos,Activity,14999821253
"Jul 4, 2025, 3:03:18 AM",Kudos,Activity,14999797190
"Jul 4, 2025, 3:03:31 AM",Kudos,Activity,14994575167
"Jul 4, 2025, 3:04:16 AM",Kudos,Activity,14998673554
"Jul 4, 2025, 11:56:20 AM",Kudos,Activity,15003335373
"Jul 4, 2025, 12:38:56 PM",Kudos,Activity,15003725095
"Jul 4, 2025, 12:39:03 PM",Kudos,Activity,15002744416
"Jul 4, 2025, 12:39:17 PM",Kudos,Activity,14999780046
"Jul 4, 2025, 12:39:21 PM",Kudos,Activity,15002537636
"Jul 4, 2025, 12:39:27 PM",Kudos,Activity,15003246829
"Jul 4, 2025, 12:39:32 PM",Kudos,Activity,14999752103
"Jul 4, 2025, 1:15:00 PM",Kudos,Activity,15004122047
"Jul 4, 2025, 1:15:13 PM",Kudos,Activity,15003331939
"Jul 4, 2025, 1:15:41 PM",Kudos,Activity,15004122017
"Jul 4, 2025, 1:16:00 PM",Kudos,Activity,15004119138
"Jul 4, 2025, 5:58:05 PM",Kudos,Activity,15005700583
"Jul 4, 2025, 5:58:14 PM",Kudos,Activity,15004340405
"Jul 4, 2025, 6:01:29 PM",Kudos,Activity,15005836057
"Jul 4, 2025, 6:01:31 PM",Kudos,Activity,15005382681
"Jul 4, 2025, 6:01:41 PM",Kudos,Activity,15006893288
"Jul 4, 2025, 6:01:47 PM",Kudos,Activity,15005526874
"Jul 4, 2025, 9:39:40 PM",Kudos,Activity,15006971000
"Jul 4, 2025, 9:39:49 PM",Kudos,Activity,15008087132
"Jul 4, 2025, 9:40:06 PM",Kudos,Activity,15004581563
"Jul 4, 2025, 9:40:09 PM",Kudos,Activity,15005220631
"Jul 4, 2025, 9:40:17 PM",Kudos,Activity,15005022389
"Jul 4, 2025, 9:40:25 PM",Kudos,Activity,15004444007
"Jul 4, 2025, 9:40:57 PM",Kudos,Activity,15004444795
"Jul 4, 2025, 9:41:02 PM",Kudos,Activity,15005027992
"Jul 4, 2025, 9:41:04 PM",Kudos,Activity,15004673775
"Jul 4, 2025, 9:41:24 PM",Kudos,Activity,15004327915
"Jul 4, 2025, 9:41:44 PM",Kudos,Activity,15005350659
"Jul 4, 2025, 9:42:00 PM",Kudos,Activity,15006971776
"Jul 5, 2025, 5:29:25 PM",Kudos,Activity,15016459026
"Jul 5, 2025, 5:29:47 PM",Kudos,Activity,15014551573
"Jul 5, 2025, 5:30:09 PM",Kudos,Activity,15016559276
"Jul 5, 2025, 5:30:32 PM",Kudos,Activity,15016929746
"Jul 5, 2025, 5:30:40 PM",Kudos,Activity,15010385806
"Jul 5, 2025, 5:32:01 PM",Kudos,Activity,15016813751
"Jul 5, 2025, 5:32:09 PM",Kudos,Activity,15016765875
"Jul 5, 2025, 5:32:23 PM",Kudos,Activity,15015245705
"Jul 5, 2025, 5:32:32 PM",Kudos,Activity,15015502516
"Jul 5, 2025, 5:32:38 PM",Kudos,Activity,15010634163
"Jul 5, 2025, 5:32:48 PM",Kudos,Activity,15013329587
"Jul 5, 2025, 5:32:52 PM",Kudos,Activity,15015578017
"Jul 5, 2025, 5:32:57 PM",Kudos,Activity,15013076506
"Jul 5, 2025, 5:32:59 PM",Kudos,Activity,15016656077
"Jul 5, 2025, 5:34:04 PM",Kudos,Activity,15015323881
"Jul 5, 2025, 5:34:18 PM",Kudos,Activity,15007110410
"Jul 5, 2025, 5:34:24 PM",Kudos,Activity,15015992623
"Jul 5, 2025, 5:34:51 PM",Kudos,Activity,15014043930
"Jul 5, 2025, 5:35:03 PM",Kudos,Activity,15009306627
"Jul 5, 2025, 9:33:31 PM",Kudos,Activity,15018079205
"Jul 5, 2025, 9:33:33 PM",Kudos,Activity,15018889424
"Jul 5, 2025, 9:33:45 PM",Kudos,Activity,15018765545
"Jul 6, 2025, 12:30:11 AM",Kudos,Activity,15019810918
"Jul 6, 2025, 12:30:14 AM",Kudos,Activity,15019315644
"Jul 6, 2025, 4:15:26 PM",Kudos,Activity,15025554345
"Jul 6, 2025, 4:15:46 PM",Kudos,Activity,15025728074
"Jul 6, 2025, 4:16:13 PM",Kudos,Activity,15027028185
"Jul 6, 2025, 4:16:39 PM",Kudos,Activity,15022682227
"Jul 6, 2025, 4:16:47 PM",Kudos,Activity,15020411522
"Jul 6, 2025, 4:16:57 PM",Kudos,Activity,15024945278
"Jul 6, 2025, 4:17:10 PM",Kudos,Activity,15027085565
"Jul 6, 2025, 4:17:27 PM",Kudos,Activity,15027074578
"Jul 6, 2025, 4:17:32 PM",Kudos,Activity,15026990510
"Jul 6, 2025, 4:18:01 PM",Kudos,Activity,15026297213
"Jul 6, 2025, 4:18:04 PM",Kudos,Activity,15020555425
"Jul 6, 2025, 4:18:45 PM",Kudos,Activity,15026132658
"Jul 6, 2025, 11:23:48 PM",Kudos,Activity,15028979494
"Jul 6, 2025, 11:23:53 PM",Kudos,Activity,15028549722
"Jul 6, 2025, 11:24:14 PM",Kudos,Activity,15027763297
"Jul 6, 2025, 11:24:19 PM",Kudos,Activity,15030243642
"Jul 7, 2025, 2:29:39 AM",Kudos,Activity,15030752018
"Jul 7, 2025, 10:38:40 AM",Kudos,Activity,15031734081
"Jul 7, 2025, 10:38:54 AM",Kudos,Activity,15033323974
"Jul 7, 2025, 1:16:12 PM",Kudos,Activity,15034661805
"Jul 7, 2025, 2:54:14 PM",Kudos,Activity,15035522822
"Jul 7, 2025, 2:55:25 PM",Kudos,Activity,15035311633
"Jul 7, 2025, 9:24:45 PM",Kudos,Activity,15035265839
"Jul 7, 2025, 9:25:28 PM",Kudos,Activity,15037293717
"Jul 7, 2025, 9:25:38 PM",Kudos,Activity,15039223328
"Jul 7, 2025, 9:25:47 PM",Kudos,Activity,15036655246
"Jul 7, 2025, 9:26:03 PM",Kudos,Activity,15034640922
"Jul 7, 2025, 9:26:06 PM",Kudos,Activity,15034515136
"Jul 7, 2025, 9:26:18 PM",Kudos,Activity,15035074875
"Jul 8, 2025, 11:57:03 AM",Kudos,Activity,15044435899
"Jul 8, 2025, 11:57:14 AM",Kudos,Activity,15040449390
"Jul 8, 2025, 11:59:00 AM",Kudos,Activity,15039791132
"Jul 8, 2025, 11:59:03 AM",Kudos,Activity,15044775967
"Jul 8, 2025, 11:59:28 AM",Kudos,Activity,15044030826
"Jul 8, 2025, 11:59:34 AM",Kudos,Activity,15040036009
"Jul 8, 2025, 11:59:36 AM",Kudos,Activity,15039932914
"Jul 8, 2025, 11:59:41 AM",Kudos,Activity,15039920586
"Jul 8, 2025, 11:59:46 AM",Kudos,Activity,15041018264
"Jul 8, 2025, 11:59:51 AM",Kudos,Activity,15040893649
"Jul 8, 2025, 12:32:33 PM",Kudos,Activity,15045105938
"Jul 8, 2025, 8:24:09 PM",Kudos,Activity,15045303866
"Jul 8, 2025, 8:24:12 PM",Kudos,Activity,15045650376
"Jul 8, 2025, 8:24:20 PM",Kudos,Activity,15045683984
"Jul 8, 2025, 8:24:22 PM",Kudos,Activity,15045555767
"Jul 8, 2025, 8:24:28 PM",Kudos,Activity,15045526369
"Jul 8, 2025, 8:24:34 PM",Kudos,Activity,15045262409
"Jul 8, 2025, 8:24:43 PM",Kudos,Activity,15046926603
"Jul 8, 2025, 8:24:46 PM",Kudos,Activity,15048462821
"Jul 8, 2025, 8:24:53 PM",Kudos,Activity,15046848806
"Jul 8, 2025, 8:24:57 PM",Kudos,Activity,15050034829
"Jul 8, 2025, 8:25:09 PM",Kudos,Activity,15039471406
"Jul 8, 2025, 8:25:11 PM",Kudos,Activity,15048453525
"Jul 8, 2025, 8:25:14 PM",Kudos,Activity,15048585627
"Jul 9, 2025, 2:51:16 AM",Kudos,Activity,15052382913
"Jul 9, 2025, 1:08:36 PM",Kudos,Activity,15056257265
"Jul 9, 2025, 1:08:39 PM",Kudos,Activity,15052941557
"Jul 9, 2025, 1:09:16 PM",Kudos,Activity,15055220779
"Jul 9, 2025, 1:09:21 PM",Kudos,Activity,15052837856
"Jul 9, 2025, 1:09:39 PM",Kudos,Activity,15051609258
"Jul 9, 2025, 1:09:53 PM",Kudos,Activity,15052207738
"Jul 9, 2025, 1:09:57 PM",Kudos,Activity,15051133183
"Jul 9, 2025, 1:10:30 PM",Kudos,Activity,15051727144
"Jul 9, 2025, 1:10:58 PM",Kudos,Activity,15055325288
"Jul 9, 2025, 1:11:00 PM",Kudos,Activity,15052842988
"Jul 9, 2025, 1:11:35 PM",Kudos,Activity,15050942950
"Jul 9, 2025, 1:11:41 PM",Kudos,Activity,15052059481
"Jul 9, 2025, 1:11:42 PM",Kudos,Activity,15052218822
"Jul 9, 2025, 1:11:48 PM",Kudos,Activity,15051542307
"Jul 9, 2025, 8:23:44 PM",Kudos,Activity,15058577999
"Jul 9, 2025, 8:23:54 PM",Kudos,Activity,15057785984
"Jul 9, 2025, 8:24:01 PM",Kudos,Activity,15059065159
"Jul 9, 2025, 8:24:06 PM",Kudos,Activity,15057628018
"Jul 9, 2025, 8:24:08 PM",Kudos,Activity,15061639089
"Jul 9, 2025, 8:24:10 PM",Kudos,Activity,15057384462
"Jul 9, 2025, 8:24:13 PM",Kudos,Activity,15060919834
"Jul 9, 2025, 8:24:15 PM",Kudos,Activity,15056168039
"Jul 10, 2025, 12:50:42 AM",Kudos,Activity,15063307120
"Jul 10, 2025, 12:52:37 AM",Kudos,Activity,15063165887
"Jul 10, 2025, 12:53:23 AM",Kudos,Activity,15062873158
"Jul 10, 2025, 12:53:26 AM",Kudos,Activity,15063025764
"Jul 10, 2025, 1:03:53 AM",Kudos,Activity,15063107101
"Jul 10, 2025, 1:04:11 AM",Kudos,Activity,15062445516
"Jul 10, 2025, 1:04:21 AM",Kudos,Activity,15063169943
"Jul 10, 2025, 1:04:28 AM",Kudos,Activity,15063126420
"Jul 10, 2025, 1:04:37 AM",Kudos,Activity,15062747865
"Jul 10, 2025, 1:04:43 AM",Kudos,Activity,15063213350
"Jul 10, 2025, 1:04:58 AM",Kudos,Activity,15063129986
"Jul 10, 2025, 1:31:39 AM",Kudos,Activity,15063717448
"Jul 10, 2025, 1:31:45 AM",Kudos,Activity,15063058947
"Jul 10, 2025, 1:32:10 AM",Kudos,Activity,15063152214
"Jul 10, 2025, 1:32:24 AM",Kudos,Activity,15062885381
"Jul 10, 2025, 10:17:28 PM",Kudos,Activity,15068372172
"Jul 10, 2025, 10:18:11 PM",Kudos,Activity,15069507346
"Jul 10, 2025, 10:18:21 PM",Kudos,Activity,15067707432
"Jul 10, 2025, 10:18:43 PM",Kudos,Activity,15070969011
"Jul 10, 2025, 10:18:53 PM",Kudos,Activity,15068673073
"Jul 11, 2025, 12:38:57 AM",Kudos,Activity,15074070214
"Jul 11, 2025, 12:39:07 AM",Kudos,Activity,15074138682
"Jul 11, 2025, 12:39:15 AM",Kudos,Activity,15073656653
"Jul 11, 2025, 5:41:00 PM",Kudos,Activity,15080397655
"Jul 11, 2025, 5:41:15 PM",Kudos,Activity,15080718477
"Jul 11, 2025, 5:41:28 PM",Kudos,Activity,15080994734
"Jul 11, 2025, 5:41:42 PM",Kudos,Activity,15079052490
"Jul 11, 2025, 5:41:54 PM",Kudos,Activity,15078874879
"Jul 11, 2025, 5:41:58 PM",Kudos,Activity,15078811257
"Jul 11, 2025, 5:42:01 PM",Kudos,Activity,15076657162
"Jul 11, 2025, 5:42:07 PM",Kudos,Activity,15078710290
"Jul 11, 2025, 5:42:09 PM",Kudos,Activity,15078801029
"Jul 11, 2025, 5:42:41 PM",Kudos,Activity,15074938221
"Jul 11, 2025, 5:43:05 PM",Kudos,Activity,15078871849
"Jul 11, 2025, 5:43:15 PM",Kudos,Activity,15078298722
"Jul 11, 2025, 5:43:24 PM",Kudos,Activity,15078257560
"Jul 11, 2025, 5:43:49 PM",Kudos,Activity,15078848846
"Jul 11, 2025, 5:43:51 PM",Kudos,Activity,15068792885
"Jul 11, 2025, 5:43:55 PM",Kudos,Activity,15064303635
"Jul 11, 2025, 5:44:14 PM",Kudos,Activity,15078909414
"Jul 11, 2025, 5:44:28 PM",Kudos,Activity,15074106306
"Jul 11, 2025, 5:44:41 PM",Kudos,Activity,15067437831
"Jul 11, 2025, 5:44:45 PM",Kudos,Activity,15069546687
"Jul 11, 2025, 5:44:47 PM",Kudos,Activity,15069621758
"Jul 11, 2025, 5:45:31 PM",Kudos,Activity,15069575309
"Jul 11, 2025, 5:45:42 PM",Kudos,Activity,15073792003
"Jul 11, 2025, 5:46:00 PM",Kudos,Activity,15068488556
"Jul 11, 2025, 9:59:45 PM",Kudos,Activity,15082850777
"Jul 11, 2025, 9:59:51 PM",Kudos,Activity,15082201942
"Jul 11, 2025, 10:00:12 PM",Kudos,Activity,15074190717
"Jul 11, 2025, 11:00:41 PM",Kudos,Activity,15083009102
"Jul 11, 2025, 11:01:11 PM",Kudos,Activity,15083109526
"Jul 12, 2025, 3:15:11 PM",Kudos,Activity,15089994997
"Jul 12, 2025, 3:15:45 PM",Kudos,Activity,15090190338
"Jul 12, 2025, 3:15:52 PM",Kudos,Activity,15089741426
"Jul 12, 2025, 3:16:26 PM",Kudos,Activity,15084649539
"Jul 12, 2025, 3:16:28 PM",Kudos,Activity,15089264732
"Jul 12, 2025, 3:16:31 PM",Kudos,Activity,15083725975
"Jul 12, 2025, 3:16:33 PM",Kudos,Activity,15087775440
"Jul 12, 2025, 3:16:38 PM",Kudos,Activity,15084132958
"Jul 12, 2025, 3:16:48 PM",Kudos,Activity,15089791761
"Jul 12, 2025, 10:23:34 PM",Kudos,Activity,15090833112
"Jul 12, 2025, 10:23:36 PM",Kudos,Activity,15091377163
"Jul 12, 2025, 10:23:49 PM",Kudos,Activity,15091140566
"Jul 12, 2025, 10:24:50 PM",Kudos,Activity,15091342579
"Jul 12, 2025, 10:24:55 PM",Kudos,Activity,15092869032
"Jul 12, 2025, 10:25:27 PM",Kudos,Activity,15093813790
"Jul 12, 2025, 10:25:32 PM",Kudos,Activity,15090714905
"Jul 12, 2025, 10:25:57 PM",Kudos,Activity,15093803590
"Jul 12, 2025, 10:26:30 PM",Kudos,Activity,15091303937
"Jul 12, 2025, 10:26:56 PM",Kudos,Activity,15093870388
"Jul 12, 2025, 10:27:04 PM",Kudos,Activity,15091879393
"Jul 12, 2025, 10:27:30 PM",Kudos,Activity,15093414659
"Jul 12, 2025, 10:27:43 PM",Kudos,Activity,15092156488
"Jul 12, 2025, 10:27:47 PM",Kudos,Activity,15092367397
"Jul 12, 2025, 10:27:50 PM",Kudos,Activity,15093159137
"Jul 12, 2025, 10:27:56 PM",Kudos,Activity,15091384187
"Jul 12, 2025, 10:27:58 PM",Kudos,Activity,15091940446
"Jul 12, 2025, 10:28:20 PM",Kudos,Activity,15093786359
"Jul 12, 2025, 11:57:48 PM",Kudos,Activity,15094196840
"Jul 12, 2025, 11:58:03 PM",Kudos,Activity,15093928537
"Jul 12, 2025, 11:58:13 PM",Kudos,Activity,15094129092
"Jul 12, 2025, 11:58:25 PM",Kudos,Activity,15090612508
"Jul 12, 2025, 11:59:29 PM",Kudos,Activity,15083369200
"Jul 12, 2025, 11:59:31 PM",Kudos,Activity,15089345576
"Jul 13, 2025, 12:00:04 AM",Kudos,Activity,15083488357
"Jul 13, 2025, 12:00:14 AM",Kudos,Activity,15076496536
"Jul 13, 2025, 12:00:17 AM",Kudos,Activity,15073017425
"Jul 13, 2025, 12:00:21 AM",Kudos,Activity,15072403426
"Jul 13, 2025, 12:40:13 PM",Kudos,Activity,15099028254
"Jul 13, 2025, 12:40:42 PM",Kudos,Activity,15097856900
"Jul 13, 2025, 4:10:24 PM",Kudos,Activity,15100419541
"Jul 13, 2025, 4:11:17 PM",Kudos,Activity,15101573768
"Jul 13, 2025, 4:11:33 PM",Kudos,Activity,15100801142
"Jul 13, 2025, 4:12:08 PM",Kudos,Activity,15102298043
"Jul 13, 2025, 6:43:57 PM",Kudos,Activity,15102451772
"Jul 13, 2025, 6:44:50 PM",Kudos,Activity,15102572341
"Jul 13, 2025, 8:14:44 PM",Kudos,Activity,15104453008
"Jul 13, 2025, 8:15:22 PM",Kudos,Activity,15104094033
"Jul 13, 2025, 8:15:26 PM",Kudos,Activity,15103169498
"Jul 13, 2025, 8:21:06 PM",Kudos,Activity,15103790995
"Jul 13, 2025, 8:21:17 PM",Kudos,Activity,15104287433
"Jul 13, 2025, 8:21:29 PM",Kudos,Activity,15103207354
"Jul 13, 2025, 8:21:44 PM",Kudos,Activity,15103796484
"Jul 13, 2025, 9:14:50 PM",Kudos,Activity,15103766662
"Jul 13, 2025, 9:14:54 PM",Kudos,Activity,15100228225
"Jul 14, 2025, 10:28:05 AM",Kudos,Activity,15105122374
"Jul 14, 2025, 12:34:19 PM",Kudos,Activity,15109461904
"Jul 14, 2025, 12:34:24 PM",Kudos,Activity,15109958963
"Jul 14, 2025, 12:35:32 PM",Kudos,Activity,15109722474
"Jul 14, 2025, 12:35:41 PM",Kudos,Activity,15105862868
"Jul 14, 2025, 12:35:59 PM",Kudos,Activity,15105486195
"Jul 14, 2025, 12:36:07 PM",Kudos,Activity,15105677864
"Jul 14, 2025, 12:36:25 PM",Kudos,Activity,15103923603
"Jul 14, 2025, 5:20:50 PM",Kudos,Activity,15111076059
"Jul 14, 2025, 5:21:00 PM",Kudos,Activity,15110586146
"Jul 14, 2025, 5:21:18 PM",Kudos,Activity,15110971971
"Jul 14, 2025, 5:21:36 PM",Kudos,Activity,15111481197
"Jul 14, 2025, 5:21:42 PM",Kudos,Activity,15111043945
"Jul 14, 2025, 5:21:47 PM",Kudos,Activity,15111392195
"Jul 14, 2025, 5:22:06 PM",Kudos,Activity,15110792886
"Jul 14, 2025, 5:22:15 PM",Kudos,Activity,15110501853
"Jul 14, 2025, 5:22:39 PM",Kudos,Activity,15111355821
"Jul 14, 2025, 5:28:46 PM",Kudos,Activity,15070353113
"Jul 15, 2025, 1:40:20 PM",Kudos,Activity,15120979672
"Jul 15, 2025, 1:40:27 PM",Kudos,Activity,15121542344
"Jul 15, 2025, 1:40:32 PM",Kudos,Activity,15120046367
"Jul 15, 2025, 1:40:35 PM",Kudos,Activity,15121139031
"Jul 15, 2025, 1:40:38 PM",Kudos,Activity,15121747982
"Jul 15, 2025, 1:40:40 PM",Kudos,Activity,15120221789
"Jul 15, 2025, 1:40:44 PM",Kudos,Activity,15120549628
"Jul 15, 2025, 1:40:50 PM",Kudos,Activity,15121565511
"Jul 15, 2025, 1:40:58 PM",Kudos,Activity,15118663533
"Jul 15, 2025, 1:41:00 PM",Kudos,Activity,15121750510
"Jul 15, 2025, 1:41:12 PM",Kudos,Activity,15121828815
"Jul 15, 2025, 1:41:15 PM",Kudos,Activity,15120617407
"Jul 15, 2025, 4:14:55 PM",Kudos,Activity,15122583986
"Jul 15, 2025, 4:15:55 PM",Kudos,Activity,15120852940
"Jul 15, 2025, 4:16:04 PM",Kudos,Activity,15122314745
"Jul 15, 2025, 4:16:33 PM",Kudos,Activity,15121995626
"Jul 15, 2025, 4:17:04 PM",Kudos,Activity,15122995458
"Jul 15, 2025, 4:17:06 PM",Kudos,Activity,15122964151
"Jul 15, 2025, 4:17:59 PM",Kudos,Activity,15116498771
"Jul 15, 2025, 4:18:07 PM",Kudos,Activity,15115400322
"Jul 15, 2025, 4:18:16 PM",Kudos,Activity,15113536848
"Jul 15, 2025, 4:18:29 PM",Kudos,Activity,15114830539
"Jul 15, 2025, 4:18:34 PM",Kudos,Activity,15115792567
"Jul 15, 2025, 4:18:35 PM",Kudos,Activity,15115969703
"Jul 15, 2025, 4:18:50 PM",Kudos,Activity,15113921226
"Jul 15, 2025, 8:21:35 PM",Kudos,Activity,15123499568
"Jul 15, 2025, 8:21:58 PM",Kudos,Activity,15121865273
"Jul 15, 2025, 8:22:05 PM",Kudos,Activity,15113313085
"Jul 15, 2025, 8:22:14 PM",Kudos,Activity,15121104544
"Jul 15, 2025, 8:22:58 PM",Kudos,Activity,15117027319
"Jul 15, 2025, 10:05:02 PM",Kudos,Activity,15126380040
"Jul 16, 2025, 12:22:48 PM",Kudos,Activity,15127489115
"Jul 16, 2025, 12:23:19 PM",Kudos,Activity,15131829791
"Jul 16, 2025, 12:23:23 PM",Kudos,Activity,15132555989
"Jul 16, 2025, 12:24:15 PM",Kudos,Activity,15127686072
"Jul 16, 2025, 12:24:27 PM",Kudos,Activity,15128218704
"Jul 16, 2025, 12:24:40 PM",Kudos,Activity,15132231789
"Jul 16, 2025, 12:24:50 PM",Kudos,Activity,15131522330
"Jul 16, 2025, 12:24:53 PM",Kudos,Activity,15127536787
"Jul 16, 2025, 12:24:56 PM",Kudos,Activity,15127805554
"Jul 16, 2025, 12:25:02 PM",Kudos,Activity,15127271670
"Jul 16, 2025, 12:25:04 PM",Kudos,Activity,15129041415
"Jul 16, 2025, 12:25:07 PM",Kudos,Activity,15131558821
"Jul 16, 2025, 12:25:11 PM",Kudos,Activity,15132468662
"Jul 16, 2025, 12:25:27 PM",Kudos,Activity,15132661127
"Jul 16, 2025, 12:25:43 PM",Kudos,Activity,15126875648
"Jul 16, 2025, 5:09:08 PM",Kudos,Activity,15134273493
"Jul 16, 2025, 5:09:10 PM",Kudos,Activity,15133108834
"Jul 16, 2025, 5:09:12 PM",Kudos,Activity,15133846210
"Jul 16, 2025, 5:09:31 PM",Kudos,Activity,15132772162
"Jul 16, 2025, 5:09:54 PM",Kudos,Activity,15133782037
"Jul 16, 2025, 5:10:03 PM",Kudos,Activity,15135027666
"Jul 16, 2025, 5:10:08 PM",Kudos,Activity,15133221230
"Jul 16, 2025, 5:33:01 PM",Kudos,Activity,15133273468
"Jul 16, 2025, 5:33:03 PM",Kudos,Activity,15127738994
"Jul 16, 2025, 5:33:17 PM",Kudos,Activity,15127080293
"Jul 16, 2025, 5:33:21 PM",Kudos,Activity,15128960068
"Jul 16, 2025, 5:33:27 PM",Kudos,Activity,15132044996
"Jul 16, 2025, 5:34:10 PM",Kudos,Activity,15133168185
"Jul 16, 2025, 9:57:12 PM",Kudos,Activity,15135897186
"Jul 16, 2025, 9:57:34 PM",Kudos,Activity,15132123221
"Jul 16, 2025, 10:05:49 PM",Kudos,Activity,15127721867
"Jul 17, 2025, 5:15:53 PM",Kudos,Activity,15145598039
"Jul 17, 2025, 5:16:30 PM",Kudos,Activity,15143966832
"Jul 17, 2025, 5:16:33 PM",Kudos,Activity,15143931535
"Jul 17, 2025, 5:16:51 PM",Kudos,Activity,15144432125
"Jul 17, 2025, 5:17:17 PM",Kudos,Activity,15144302274
"Jul 17, 2025, 5:17:21 PM",Kudos,Activity,15144287046
"Jul 17, 2025, 5:17:39 PM",Kudos,Activity,15145125423
"Jul 17, 2025, 5:19:34 PM",Kudos,Activity,15144344311
"Jul 17, 2025, 5:19:53 PM",Kudos,Activity,15145552391
"Jul 18, 2025, 1:11:39 AM",Kudos,Activity,15149561604
"Jul 18, 2025, 1:12:06 AM",Kudos,Activity,15149744602
"Jul 18, 2025, 1:12:32 AM",Kudos,Activity,15149878353
"Jul 18, 2025, 1:12:42 AM",Kudos,Activity,15149357913
"Jul 18, 2025, 1:12:48 AM",Kudos,Activity,15149825817
"Jul 18, 2025, 1:12:55 AM",Kudos,Activity,15149351026
"Jul 18, 2025, 1:12:57 AM",Kudos,Activity,15149709734
"Jul 18, 2025, 1:13:05 AM",Kudos,Activity,15150121151
"Jul 18, 2025, 1:13:07 AM",Kudos,Activity,15146868973
"Jul 18, 2025, 1:13:15 AM",Kudos,Activity,15149136757
"Jul 18, 2025, 1:13:19 AM",Kudos,Activity,15149987405
"Jul 18, 2025, 1:13:29 AM",Kudos,Activity,15149581997
"Jul 18, 2025, 1:13:42 AM",Kudos,Activity,15149172939
"Jul 18, 2025, 1:13:49 AM",Kudos,Activity,15143329996
"Jul 18, 2025, 1:07:28 PM",Kudos,Activity,15151571157
"Jul 19, 2025, 4:47:09 PM",Kudos,Activity,15165753818
"Jul 19, 2025, 4:47:15 PM",Kudos,Activity,15166417240
"Jul 19, 2025, 4:48:00 PM",Kudos,Activity,15166701017
"Jul 19, 2025, 4:48:06 PM",Kudos,Activity,15166681296
"Jul 19, 2025, 4:48:29 PM",Kudos,Activity,15166826450
"Jul 19, 2025, 4:48:35 PM",Kudos,Activity,15166924038
"Jul 19, 2025, 4:49:01 PM",Kudos,Activity,15167637858
"Jul 19, 2025, 8:23:59 PM",Kudos,Activity,15169153355
"Jul 19, 2025, 8:24:16 PM",Kudos,Activity,15168886619
"Jul 19, 2025, 8:24:36 PM",Kudos,Activity,15169330330
"Jul 19, 2025, 9:43:37 PM",Kudos,Activity,15166161130
"Jul 19, 2025, 9:43:37 PM",Kudos,Activity,15166135158
"Jul 19, 2025, 9:43:45 PM",Kudos,Activity,15166653361
"Jul 19, 2025, 9:43:51 PM",Kudos,Activity,15160238903
"Jul 19, 2025, 9:43:53 PM",Kudos,Activity,15168443033
"Jul 19, 2025, 9:43:55 PM",Kudos,Activity,15166692438
"Jul 19, 2025, 9:44:01 PM",Kudos,Activity,15168218918
"Jul 19, 2025, 9:44:09 PM",Kudos,Activity,15165799922
"Jul 19, 2025, 9:44:12 PM",Kudos,Activity,15164924204
"Jul 19, 2025, 9:44:13 PM",Kudos,Activity,15159342576
"Jul 19, 2025, 9:44:20 PM",Kudos,Activity,15154764118
"Jul 19, 2025, 9:44:46 PM",Kudos,Activity,15154741447
"Jul 19, 2025, 9:44:49 PM",Kudos,Activity,15154147958
"Jul 19, 2025, 9:44:50 PM",Kudos,Activity,15161130584
"Jul 19, 2025, 9:44:52 PM",Kudos,Activity,15154320568
"Jul 19, 2025, 9:44:54 PM",Kudos,Activity,15154215765
"Jul 19, 2025, 9:44:57 PM",Kudos,Activity,15159168778
"Jul 19, 2025, 9:44:59 PM",Kudos,Activity,15159149046
"Jul 19, 2025, 9:45:01 PM",Kudos,Activity,15154698204
"Jul 20, 2025, 3:34:36 AM",Kudos,Activity,15171467697
"Jul 20, 2025, 3:34:44 AM",Kudos,Activity,15170542393
"Jul 20, 2025, 3:35:28 AM",Kudos,Activity,15170052413
"Jul 20, 2025, 3:35:37 AM",Kudos,Activity,15170168970
"Jul 20, 2025, 1:10:45 PM",Kudos,Activity,15176333254
"Jul 20, 2025, 1:10:54 PM",Kudos,Activity,15174101058
"Jul 20, 2025, 1:10:58 PM",Kudos,Activity,15172214719
"Jul 20, 2025, 1:11:02 PM",Kudos,Activity,15172472886
"Jul 20, 2025, 1:11:06 PM",Kudos,Activity,15162747389
"Jul 20, 2025, 1:11:17 PM",Kudos,Activity,15159108277
"Jul 20, 2025, 1:11:57 PM",Kudos,Activity,15164436127
"Jul 20, 2025, 1:12:24 PM",Kudos,Activity,15158927568
"Jul 20, 2025, 1:14:13 PM",Kudos,Activity,15157844535
"Jul 20, 2025, 1:14:41 PM",Kudos,Activity,15167505318
"Jul 20, 2025, 1:14:45 PM",Kudos,Activity,15167308098
"Jul 20, 2025, 7:48:35 PM",Kudos,Activity,15179393543
"Jul 20, 2025, 7:48:43 PM",Kudos,Activity,15179789410
"Jul 20, 2025, 7:49:06 PM",Kudos,Activity,15178300118
"Jul 21, 2025, 11:33:38 AM",Kudos,Activity,15185442555
"Jul 21, 2025, 11:33:46 AM",Kudos,Activity,15185124411
"Jul 21, 2025, 11:33:51 AM",Kudos,Activity,15185046161
"Jul 21, 2025, 11:33:55 AM",Kudos,Activity,15182548112
"Jul 21, 2025, 11:33:57 AM",Kudos,Activity,15181531422
"Jul 21, 2025, 11:34:14 AM",Kudos,Activity,15181133380
"Jul 21, 2025, 11:34:19 AM",Kudos,Activity,15181433004
"Jul 21, 2025, 11:34:22 AM",Kudos,Activity,15181457281
"Jul 21, 2025, 12:29:13 PM",Kudos,Activity,15185877910
"Jul 21, 2025, 12:29:15 PM",Kudos,Activity,15186013929
"Jul 21, 2025, 12:30:01 PM",Kudos,Activity,15180483816
"Jul 21, 2025, 12:30:12 PM",Kudos,Activity,15176864664
"Jul 21, 2025, 12:30:19 PM",Kudos,Activity,15178100497
"Jul 21, 2025, 12:30:39 PM",Kudos,Activity,15178800919
"Jul 21, 2025, 12:30:51 PM",Kudos,Activity,15179728133
"Jul 21, 2025, 12:31:01 PM",Kudos,Activity,15177927153
"Jul 21, 2025, 12:31:06 PM",Kudos,Activity,15178352729
"Jul 21, 2025, 12:31:24 PM",Kudos,Activity,15179702809
"Jul 21, 2025, 12:31:29 PM",Kudos,Activity,15177314800
"Jul 21, 2025, 12:31:32 PM",Kudos,Activity,15179741950
"Jul 21, 2025, 6:54:55 PM",Kudos,Activity,15186343696
"Jul 21, 2025, 6:55:00 PM",Kudos,Activity,15186870513
"Jul 21, 2025, 6:55:29 PM",Kudos,Activity,15186161865
"Jul 21, 2025, 6:55:34 PM",Kudos,Activity,15188524122
"Jul 21, 2025, 6:55:44 PM",Kudos,Activity,15186183316
"Jul 21, 2025, 6:55:47 PM",Kudos,Activity,15186754974
"Jul 22, 2025, 9:16:13 PM",Kudos,Activity,15198461917
"Jul 22, 2025, 9:16:20 PM",Kudos,Activity,15200661565
"Jul 22, 2025, 9:16:29 PM",Kudos,Activity,15202550069
"Jul 22, 2025, 9:16:33 PM",Kudos,Activity,15202233919
"Jul 23, 2025, 1:29:20 AM",Kudos,Activity,15203828958
"Jul 23, 2025, 1:29:53 AM",Kudos,Activity,15203865594
"Jul 23, 2025, 1:30:02 AM",Kudos,Activity,15204591449
"Jul 23, 2025, 1:30:18 AM",Kudos,Activity,15203676835
"Jul 23, 2025, 1:30:25 AM",Kudos,Activity,15203694918
"Jul 23, 2025, 1:30:27 AM",Kudos,Activity,15203628110
"Jul 23, 2025, 1:30:32 AM",Kudos,Activity,15204392118
"Jul 23, 2025, 1:30:37 AM",Kudos,Activity,15203256054
"Jul 23, 2025, 1:30:42 AM",Kudos,Activity,15203833591
"Jul 23, 2025, 1:30:55 AM",Kudos,Activity,15204270675
"Jul 23, 2025, 1:31:19 AM",Kudos,Activity,15203261704
"Jul 23, 2025, 12:25:09 PM",Kudos,Activity,15208702786
"Jul 23, 2025, 12:25:56 PM",Kudos,Activity,15207956488
"Jul 23, 2025, 12:25:58 PM",Kudos,Activity,15207924033
"Jul 23, 2025, 12:26:02 PM",Kudos,Activity,15209037232
"Jul 23, 2025, 12:26:06 PM",Kudos,Activity,15207859533
"Jul 23, 2025, 12:26:57 PM",Kudos,Activity,15208371626
"Jul 23, 2025, 1:35:42 PM",Kudos,Activity,15209264779
"Jul 23, 2025, 1:35:57 PM",Kudos,Activity,15209445900
"Jul 23, 2025, 1:36:36 PM",Kudos,Activity,15209355637
"Jul 23, 2025, 1:36:39 PM",Kudos,Activity,15209121898
"Jul 23, 2025, 1:36:44 PM",Kudos,Activity,15209237402
"Jul 23, 2025, 1:36:46 PM",Kudos,Activity,15209806388
"Jul 23, 2025, 1:36:53 PM",Kudos,Activity,15197216724
"Jul 23, 2025, 6:41:34 PM",Kudos,Activity,15211820961
"Jul 23, 2025, 6:41:37 PM",Kudos,Activity,15212333793
"Jul 24, 2025, 1:02:02 PM",Kudos,Activity,15216295433
"Jul 24, 2025, 1:02:06 PM",Kudos,Activity,15220438479
"Jul 24, 2025, 1:02:18 PM",Kudos,Activity,15219614168
"Jul 24, 2025, 1:02:26 PM",Kudos,Activity,15215472412
"Jul 24, 2025, 1:02:36 PM",Kudos,Activity,15215797619
"Jul 24, 2025, 1:02:39 PM",Kudos,Activity,15218437391
"Jul 24, 2025, 1:02:44 PM",Kudos,Activity,15219619242
"Jul 24, 2025, 1:02:47 PM",Kudos,Activity,15215140544
"Jul 24, 2025, 1:02:55 PM",Kudos,Activity,15215099313
"Jul 24, 2025, 1:02:58 PM",Kudos,Activity,15215349007
"Jul 24, 2025, 1:03:02 PM",Kudos,Activity,15216608560
"Jul 24, 2025, 1:03:07 PM",Kudos,Activity,15215362189
"Jul 24, 2025, 1:03:34 PM",Kudos,Activity,15215284617
"Jul 24, 2025, 5:07:56 PM",Kudos,Activity,15221179216
"Jul 24, 2025, 5:08:07 PM",Kudos,Activity,15221478917
"Jul 24, 2025, 5:10:04 PM",Kudos,Activity,15220953368
"Jul 24, 2025, 5:10:08 PM",Kudos,Activity,15220974998
"Jul 24, 2025, 5:10:11 PM",Kudos,Activity,15221399329
"Jul 24, 2025, 5:10:17 PM",Kudos,Activity,15220829950
"Jul 24, 2025, 5:10:19 PM",Kudos,Activity,15222120912
"Jul 24, 2025, 5:10:20 PM",Kudos,Activity,15222179189
"Jul 24, 2025, 5:10:30 PM",Kudos,Activity,15221601036
"Jul 25, 2025, 11:16:06 AM",Kudos,Activity,15225915224
"Jul 25, 2025, 11:16:29 AM",Kudos,Activity,15227162045
"Jul 25, 2025, 11:16:46 AM",Kudos,Activity,15226241575
"Jul 25, 2025, 11:17:02 AM",Kudos,Activity,15226550534
"Jul 25, 2025, 3:33:01 PM",Kudos,Activity,15231372672
"Jul 25, 2025, 3:33:03 PM",Kudos,Activity,15231558419
"Jul 25, 2025, 3:33:08 PM",Kudos,Activity,15232104866
"Jul 25, 2025, 3:33:20 PM",Kudos,Activity,15231470314
"Jul 25, 2025, 3:33:49 PM",Kudos,Activity,15230869345
"Jul 25, 2025, 3:34:06 PM",Kudos,Activity,15230845068
"Jul 25, 2025, 3:34:16 PM",Kudos,Activity,15230756910
"Jul 25, 2025, 3:34:23 PM",Kudos,Activity,15230788716
"Jul 25, 2025, 3:34:31 PM",Kudos,Activity,15231613412
"Jul 25, 2025, 3:34:41 PM",Kudos,Activity,15230755819
"Jul 25, 2025, 3:35:25 PM",Kudos,Activity,15232423551
"Jul 25, 2025, 3:35:33 PM",Kudos,Activity,15230158269
"Jul 25, 2025, 3:35:35 PM",Kudos,Activity,15226063785
"Jul 25, 2025, 3:35:45 PM",Kudos,Activity,15219199745
"Jul 25, 2025, 3:35:50 PM",Kudos,Activity,15226523106
"Jul 25, 2025, 3:35:58 PM",Kudos,Activity,15224212946
"Jul 25, 2025, 3:36:19 PM",Kudos,Activity,15226101324
"Jul 25, 2025, 3:36:27 PM",Kudos,Activity,15210185749
"Jul 25, 2025, 3:36:39 PM",Kudos,Activity,15223250475
"Jul 25, 2025, 3:36:42 PM",Kudos,Activity,15215477444
"Jul 25, 2025, 3:37:13 PM",Kudos,Activity,15226165295
"Jul 25, 2025, 3:37:15 PM",Kudos,Activity,15204841014
"Jul 25, 2025, 3:37:19 PM",Kudos,Activity,15211561897
"Jul 25, 2025, 3:37:35 PM",Kudos,Activity,15209898801
"Jul 25, 2025, 3:37:48 PM",Kudos,Activity,15197854403
"Jul 25, 2025, 3:37:51 PM",Kudos,Activity,15220941314
"Jul 25, 2025, 3:38:07 PM",Kudos,Activity,15197892611
"Jul 25, 2025, 3:38:18 PM",Kudos,Activity,15197134867
"Jul 25, 2025, 7:06:43 PM",Kudos,Activity,15234228027
"Jul 25, 2025, 7:08:35 PM",Kudos,Activity,15233057159
"Jul 25, 2025, 7:08:39 PM",Kudos,Activity,15233431148
"Jul 25, 2025, 7:08:42 PM",Kudos,Activity,15232947189
"Jul 25, 2025, 10:12:45 PM",Kudos,Activity,15235595540
"Jul 26, 2025, 6:15:25 PM",Kudos,Activity,15244963800
"Jul 26, 2025, 6:15:27 PM",Kudos,Activity,15243804283
"Jul 26, 2025, 6:15:35 PM",Kudos,Activity,15241497201
"Jul 26, 2025, 6:15:47 PM",Kudos,Activity,15241753645
"Jul 26, 2025, 6:16:00 PM",Kudos,Activity,15244606171
"Jul 26, 2025, 6:16:09 PM",Kudos,Activity,15243313137
"Jul 26, 2025, 6:16:17 PM",Kudos,Activity,15241271604
"Jul 26, 2025, 6:16:27 PM",Kudos,Activity,15244763003
"Jul 26, 2025, 6:17:02 PM",Kudos,Activity,15243264377
"Jul 26, 2025, 6:17:22 PM",Kudos,Activity,15243492287
"Jul 26, 2025, 6:17:28 PM",Kudos,Activity,15241459465
"Jul 26, 2025, 6:17:33 PM",Kudos,Activity,15243508657
"Jul 26, 2025, 6:17:35 PM",Kudos,Activity,15244757025
"Jul 26, 2025, 6:17:42 PM",Kudos,Activity,15241073621
"Jul 27, 2025, 12:45:29 AM",Kudos,Activity,15246380911
"Jul 27, 2025, 12:46:17 AM",Kudos,Activity,15246650573
"Jul 27, 2025, 12:46:40 AM",Kudos,Activity,15246708758
"Jul 27, 2025, 12:47:31 AM",Kudos,Activity,15245188368
"Jul 27, 2025, 12:47:34 AM",Kudos,Activity,15245979655
"Jul 27, 2025, 12:47:42 AM",Kudos,Activity,15246122227
"Jul 27, 2025, 12:47:46 AM",Kudos,Activity,15245012201
"Jul 27, 2025, 12:47:52 AM",Kudos,Activity,15245655204
"Jul 27, 2025, 12:48:00 AM",Kudos,Activity,15243116851
"Jul 27, 2025, 12:48:03 AM",Kudos,Activity,15243096199
"Jul 27, 2025, 12:48:19 AM",Kudos,Activity,15244155174
"Jul 27, 2025, 12:48:22 AM",Kudos,Activity,15243123831
"Jul 27, 2025, 6:45:56 PM",Kudos,Activity,15253478733
"Jul 27, 2025, 6:46:03 PM",Kudos,Activity,15255844015
"Jul 27, 2025, 6:46:11 PM",Kudos,Activity,15253519317
"Jul 27, 2025, 6:46:25 PM",Kudos,Activity,15255157424
"Jul 27, 2025, 6:46:39 PM",Kudos,Activity,15255932565
"Jul 27, 2025, 6:46:55 PM",Kudos,Activity,15254402762
"Jul 27, 2025, 6:47:07 PM",Kudos,Activity,15254951911
"Jul 27, 2025, 6:47:21 PM",Kudos,Activity,15255400796
"Jul 27, 2025, 6:47:25 PM",Kudos,Activity,15247720988
"Jul 27, 2025, 6:47:27 PM",Kudos,Activity,15254499747
"Jul 27, 2025, 6:47:30 PM",Kudos,Activity,15254086003
"Jul 27, 2025, 6:47:35 PM",Kudos,Activity,15253502249
"Jul 27, 2025, 6:47:39 PM",Kudos,Activity,15247888280
"Jul 27, 2025, 7:02:01 PM",Kudos,Activity,15244751374
"Jul 28, 2025, 12:27:24 PM",Kudos,Activity,15262577659
"Jul 28, 2025, 12:27:36 PM",Kudos,Activity,15261762593
"Jul 28, 2025, 12:27:57 PM",Kudos,Activity,15258288058
"Jul 28, 2025, 12:51:31 PM",Kudos,Activity,15262844385
"Jul 28, 2025, 12:51:43 PM",Kudos,Activity,15262770093
"Jul 28, 2025, 12:51:48 PM",Kudos,Activity,15259751493
"Jul 28, 2025, 12:51:56 PM",Kudos,Activity,15256916108
"Jul 28, 2025, 12:52:28 PM",Kudos,Activity,15257874011
"Jul 28, 2025, 12:52:35 PM",Kudos,Activity,15262119409
"Jul 28, 2025, 12:52:40 PM",Kudos,Activity,15256023300
"Jul 28, 2025, 12:53:20 PM",Kudos,Activity,15258374386
"Jul 28, 2025, 12:53:41 PM",Kudos,Activity,15244227710
"Jul 28, 2025, 12:54:12 PM",Kudos,Post,38434935
"Jul 28, 2025, 12:54:14 PM",Kudos,Activity,15261166753
"Jul 28, 2025, 12:54:19 PM",Kudos,Activity,15242472513
"Jul 28, 2025, 12:54:33 PM",Kudos,Activity,15244199051
"Jul 28, 2025, 12:54:40 PM",Kudos,Activity,15236596303
"Jul 28, 2025, 1:23:56 PM",Kudos,Activity,15262931178
"Jul 28, 2025, 1:24:10 PM",Kudos,Activity,15263098033
"Jul 28, 2025, 1:25:31 PM",Kudos,Activity,15231787141
"Jul 28, 2025, 1:25:35 PM",Kudos,Activity,15258764491
"Jul 28, 2025, 2:05:42 PM",Kudos,Activity,15263432594
"Jul 28, 2025, 2:54:12 PM",Kudos,Activity,15263846582
"Jul 28, 2025, 2:54:40 PM",Kudos,Activity,15216317422
"Jul 28, 2025, 3:48:36 PM",Kudos,Activity,15264384986
"Jul 28, 2025, 6:29:04 PM",Kudos,Activity,15265588891
"Jul 28, 2025, 6:29:21 PM",Kudos,Activity,15265879950
"Jul 28, 2025, 9:05:32 PM",Kudos,Activity,15267651292
"Jul 29, 2025, 12:01:06 AM",Kudos,Activity,15268133062
"Jul 29, 2025, 12:03:07 AM",Kudos,Activity,15268344983
"Jul 29, 2025, 12:03:18 AM",Kudos,Activity,15267880584
"Jul 29, 2025, 10:57:27 AM",Kudos,Activity,15269332824
"Jul 29, 2025, 10:57:44 AM",Kudos,Activity,15269028575
"Jul 29, 2025, 10:57:56 AM",Kudos,Activity,15269392657
"Jul 29, 2025, 10:58:00 AM",Kudos,Activity,15269070879
"Jul 29, 2025, 12:10:11 PM",Kudos,Activity,15273099560
"Jul 29, 2025, 12:10:14 PM",Kudos,Activity,15273508394
"Jul 30, 2025, 12:59:20 PM",Kudos,Activity,15279474740
"Jul 30, 2025, 12:59:40 PM",Kudos,Activity,15283311657
"Jul 30, 2025, 1:00:15 PM",Kudos,Activity,15285509752
"Jul 30, 2025, 1:00:22 PM",Kudos,Activity,15285932146
"Jul 30, 2025, 1:00:24 PM",Kudos,Activity,15285766863
"Jul 30, 2025, 1:01:02 PM",Kudos,Activity,15278530300
"Jul 30, 2025, 1:01:06 PM",Kudos,Activity,15274518310
"Jul 30, 2025, 1:01:10 PM",Kudos,Activity,15281939007
"Jul 30, 2025, 1:01:12 PM",Kudos,Activity,15280268964
"Jul 30, 2025, 1:01:14 PM",Kudos,Activity,15284631349
"Jul 30, 2025, 1:01:17 PM",Kudos,Activity,15285997563
"Jul 30, 2025, 1:01:20 PM",Kudos,Activity,15273953005
"Jul 30, 2025, 2:42:36 PM",Kudos,Activity,15286638562
"Jul 30, 2025, 2:43:07 PM",Kudos,Activity,15285827647
"Jul 30, 2025, 2:43:19 PM",Kudos,Activity,15286473613
"Jul 30, 2025, 2:43:20 PM",Kudos,Activity,15286455663
"Jul 30, 2025, 2:43:24 PM",Kudos,Activity,15274742883
"Jul 30, 2025, 3:22:00 PM",Kudos,Activity,15287286783
"Jul 30, 2025, 3:22:14 PM",Kudos,Activity,15287323420
"Jul 30, 2025, 3:22:19 PM",Kudos,Activity,15287261433
"Jul 30, 2025, 3:22:23 PM",Kudos,Activity,15280921620
"Jul 30, 2025, 3:22:33 PM",Kudos,Activity,15277578481
"Jul 30, 2025, 3:22:40 PM",Kudos,Activity,15273797967
"Jul 30, 2025, 3:22:52 PM",Kudos,Activity,15274714316
"Jul 30, 2025, 3:22:58 PM",Kudos,Activity,15280014958
"Jul 30, 2025, 3:23:02 PM",Kudos,Activity,15279810393
"Jul 30, 2025, 6:16:34 PM",Kudos,Activity,15288680976
"Jul 30, 2025, 6:16:40 PM",Kudos,Activity,15280127419
"Jul 30, 2025, 6:16:51 PM",Kudos,Activity,15280753689
"Jul 31, 2025, 1:53:06 AM",Kudos,Activity,15291653779
"Jul 31, 2025, 1:53:57 AM",Kudos,Activity,15292126749
"Jul 31, 2025, 1:54:07 AM",Kudos,Activity,15291746846
"Jul 31, 2025, 1:54:15 AM",Kudos,Activity,15292281669
"Jul 31, 2025, 1:30:00 PM",Kudos,Activity,15297116814
"Jul 31, 2025, 1:30:20 PM",Kudos,Activity,15296251012
"Jul 31, 2025, 1:31:36 PM",Kudos,Activity,15297248674
"Jul 31, 2025, 1:31:53 PM",Kudos,Activity,15296995981
"Jul 31, 2025, 1:32:10 PM",Kudos,Activity,15297493707
"Jul 31, 2025, 1:32:15 PM",Kudos,Activity,15297039430
"Jul 31, 2025, 1:32:36 PM",Kudos,Activity,15296722197
"Jul 31, 2025, 1:32:46 PM",Kudos,Activity,15293174409
"Jul 31, 2025, 1:33:25 PM",Kudos,Activity,15290226811
"Jul 31, 2025, 1:44:31 PM",Kudos,Activity,15291434892
"Jul 31, 2025, 1:44:35 PM",Kudos,Activity,15297740101
"Jul 31, 2025, 1:44:43 PM",Kudos,Activity,15292091130
"Jul 31, 2025, 1:45:02 PM",Kudos,Activity,15281049905
"Jul 31, 2025, 1:45:15 PM",Kudos,Activity,15279144627
"Jul 31, 2025, 1:45:23 PM",Kudos,Activity,15275244759
"Jul 31, 2025, 2:13:30 PM",Kudos,Activity,15274983299
"Jul 31, 2025, 6:08:07 PM",Kudos,Activity,15281554887
"Jul 31, 2025, 6:08:12 PM",Kudos,Activity,15298266890
"Jul 31, 2025, 6:09:00 PM",Kudos,Activity,15285969093
"Aug 1, 2025, 12:40:30 AM",Kudos,Activity,15302446535
"Aug 1, 2025, 12:40:43 AM",Kudos,Activity,15302322829
"Aug 1, 2025, 12:40:49 AM",Kudos,Activity,15303108849
"Aug 1, 2025, 12:40:52 AM",Kudos,Activity,15302874795
"Aug 1, 2025, 12:41:01 AM",Kudos,Activity,15303046782
"Aug 1, 2025, 12:41:14 AM",Kudos,Activity,15298546745
"Aug 1, 2025, 12:41:56 AM",Kudos,Activity,15285951960
"Aug 1, 2025, 1:31:18 AM",Kudos,Activity,15303575868
"Aug 1, 2025, 1:31:41 AM",Kudos,Activity,15303743615
"Aug 1, 2025, 1:31:59 AM",Kudos,Activity,15303588651
"Aug 1, 2025, 1:32:09 AM",Kudos,Activity,15303300765
"Aug 1, 2025, 11:02:29 AM",Kudos,Activity,15304224428
"Aug 1, 2025, 11:03:12 AM",Kudos,Activity,15304162182
"Aug 2, 2025, 2:49:45 AM",Kudos,Activity,15313404886
"Aug 2, 2025, 2:50:33 AM",Kudos,Activity,15312581319
"Aug 2, 2025, 2:50:35 AM",Kudos,Activity,15308496742
"Aug 2, 2025, 2:51:13 AM",Kudos,Activity,15159683024
"Aug 2, 2025, 4:05:38 PM",Kudos,Activity,15318946118
"Aug 2, 2025, 4:06:16 PM",Kudos,Activity,15320727477
"Aug 2, 2025, 4:07:49 PM",Kudos,Activity,15318984613
"Aug 2, 2025, 4:07:55 PM",Kudos,Activity,15319848059
"Aug 2, 2025, 4:08:03 PM",Kudos,Activity,15319932249
"Aug 2, 2025, 4:08:10 PM",Kudos,Activity,15320442379
"Aug 2, 2025, 4:08:44 PM",Kudos,Activity,15319129723
"Aug 2, 2025, 4:09:11 PM",Kudos,Activity,15319462758
"Aug 2, 2025, 4:09:18 PM",Kudos,Activity,15319039842
"Aug 2, 2025, 4:09:20 PM",Kudos,Activity,15319286602
"Aug 2, 2025, 4:09:26 PM",Kudos,Activity,15320880513
"Aug 2, 2025, 4:09:40 PM",Kudos,Activity,15319009634
"Aug 2, 2025, 4:09:59 PM",Kudos,Activity,15319625219
"Aug 2, 2025, 4:10:04 PM",Kudos,Activity,15319811564
"Aug 2, 2025, 4:48:33 PM",Kudos,Activity,15321235172
"Aug 2, 2025, 4:49:32 PM",Kudos,Activity,15321240017
"Aug 2, 2025, 4:49:40 PM",Kudos,Activity,15321073629
"Aug 2, 2025, 4:49:52 PM",Kudos,Activity,15320955578
"Aug 2, 2025, 4:49:57 PM",Kudos,Activity,15320953829
"Aug 2, 2025, 4:50:00 PM",Kudos,Activity,15320153731
"Aug 2, 2025, 4:50:26 PM",Kudos,Activity,15318817374
"Aug 2, 2025, 4:50:27 PM",Kudos,Activity,15321295586
"Aug 2, 2025, 5:28:28 PM",Kudos,Activity,15312924158
"Aug 2, 2025, 5:28:50 PM",Kudos,Activity,15308891808
"Aug 2, 2025, 5:29:01 PM",Kudos,Activity,15308383217
"Aug 2, 2025, 5:29:11 PM",Kudos,Activity,15312970097
"Aug 2, 2025, 5:29:20 PM",Kudos,Activity,15308147799
"Aug 2, 2025, 5:29:29 PM",Kudos,Activity,15311773274
"Aug 2, 2025, 5:29:36 PM",Kudos,Activity,15308397883
"Aug 2, 2025, 5:29:41 PM",Kudos,Activity,15308100925
"Aug 2, 2025, 5:29:43 PM",Kudos,Activity,15307660178
"Aug 4, 2025, 12:37:59 AM",Kudos,Activity,15330973973
"Aug 4, 2025, 12:38:17 AM",Kudos,Activity,15332396156
"Aug 4, 2025, 12:38:19 AM",Kudos,Activity,15332525714
"Aug 4, 2025, 12:38:22 AM",Kudos,Activity,15335060244
"Aug 4, 2025, 12:38:32 AM",Kudos,Activity,15333777566
"Aug 4, 2025, 12:38:48 AM",Kudos,Activity,15330859833
"Aug 4, 2025, 12:39:04 AM",Kudos,Activity,15328277589
"Aug 4, 2025, 12:39:11 AM",Kudos,Activity,15331857785
"Aug 4, 2025, 12:39:13 AM",Kudos,Activity,15333550395
"Aug 4, 2025, 12:39:15 AM",Kudos,Activity,15323507110
"Aug 4, 2025, 12:39:22 AM",Kudos,Activity,15324589702
"Aug 4, 2025, 12:39:25 AM",Kudos,Activity,15332015483
"Aug 4, 2025, 12:39:27 AM",Kudos,Activity,15325230528
"Aug 4, 2025, 12:39:44 AM",Kudos,Activity,15336077025
"Aug 4, 2025, 12:39:48 AM",Kudos,Activity,15332809251
"Aug 4, 2025, 12:39:49 AM",Kudos,Activity,15333736861
"Aug 4, 2025, 6:50:02 PM",Kudos,Activity,15340303754
"Aug 4, 2025, 6:50:12 PM",Kudos,Activity,15340276428
"Aug 4, 2025, 6:50:26 PM",Kudos,Activity,15341364624
"Aug 4, 2025, 6:50:35 PM",Kudos,Activity,15340862557
"Aug 4, 2025, 6:51:10 PM",Kudos,Activity,15339277168
"Aug 4, 2025, 11:32:49 PM",Kudos,Activity,15345202589
"Aug 4, 2025, 11:33:16 PM",Kudos,Activity,15341184138
"Aug 4, 2025, 11:33:21 PM",Kudos,Activity,15345204472
"Aug 4, 2025, 11:33:27 PM",Kudos,Activity,15346538233
"Aug 4, 2025, 11:33:45 PM",Kudos,Activity,15345859973
"Aug 4, 2025, 11:34:15 PM",Kudos,Activity,15341677058
"Aug 4, 2025, 11:34:43 PM",Kudos,Activity,15342061390
"Aug 4, 2025, 11:35:05 PM",Kudos,Activity,15341570067
"Aug 4, 2025, 11:35:16 PM",Kudos,Activity,15333019387
"Aug 5, 2025, 1:35:56 AM",Kudos,Activity,15346900792
"Aug 5, 2025, 1:36:03 AM",Kudos,Activity,15346572389
"Aug 5, 2025, 1:36:43 AM",Kudos,Activity,15347075103
"Aug 5, 2025, 1:36:52 AM",Kudos,Activity,15346424597
"Aug 5, 2025, 1:37:13 AM",Kudos,Activity,15347182881
"Aug 5, 2025, 1:37:19 AM",Kudos,Activity,15347019709
"Aug 5, 2025, 11:04:54 AM",Kudos,Activity,15350896250
"Aug 5, 2025, 11:05:02 AM",Kudos,Activity,15347803481
"Aug 5, 2025, 11:30:18 AM",Kudos,Activity,15344976180
"Aug 5, 2025, 11:30:22 AM",Kudos,Activity,15332097853
"Aug 5, 2025, 11:30:25 AM",Kudos,Activity,15350600720
"Aug 5, 2025, 11:30:30 AM",Kudos,Activity,15331723694
"Aug 5, 2025, 11:30:39 AM",Kudos,Activity,15336084562
"Aug 5, 2025, 12:45:06 PM",Kudos,Activity,15351865914
"Aug 5, 2025, 12:45:12 PM",Kudos,Activity,15351806248
"Aug 5, 2025, 12:45:29 PM",Kudos,Activity,15351583062
"Aug 5, 2025, 12:45:39 PM",Kudos,Activity,15351992396
"Aug 5, 2025, 12:45:50 PM",Kudos,Activity,15351985819
"Aug 5, 2025, 12:46:20 PM",Kudos,Activity,15322929711
"Aug 5, 2025, 12:46:31 PM",Kudos,Activity,15331472238
"Aug 5, 2025, 12:47:09 PM",Kudos,Activity,15343470425
"Aug 5, 2025, 12:47:14 PM",Kudos,Activity,15325737519
"Aug 5, 2025, 12:47:24 PM",Kudos,Activity,15322524712
"Aug 5, 2025, 12:47:42 PM",Kudos,Activity,15322788034
"Aug 5, 2025, 1:52:54 PM",Kudos,Activity,15351278931
"Aug 5, 2025, 1:53:18 PM",Kudos,Activity,15352284653
"Aug 5, 2025, 1:53:27 PM",Kudos,Activity,15351478384
"Aug 5, 2025, 1:53:34 PM",Kudos,Activity,15351424088
"Aug 5, 2025, 1:53:52 PM",Kudos,Activity,15352458708
"Aug 5, 2025, 1:53:53 PM",Kudos,Activity,15352719914
"Aug 5, 2025, 1:54:11 PM",Kudos,Activity,15352396149
"Aug 5, 2025, 2:29:01 PM",Kudos,Activity,15347181047
"Aug 5, 2025, 2:29:05 PM",Kudos,Activity,15344050206
"Aug 5, 2025, 2:29:26 PM",Kudos,Activity,15331474359
"Aug 5, 2025, 2:29:39 PM",Kudos,Activity,15313511092
"Aug 5, 2025, 2:30:03 PM",Kudos,Activity,15318335586
"Aug 5, 2025, 2:30:48 PM",Kudos,Activity,15342438084
"Aug 5, 2025, 2:30:56 PM",Kudos,Activity,15307554077
"Aug 5, 2025, 2:31:56 PM",Kudos,Activity,15308158000
"Aug 5, 2025, 3:02:51 PM",Kudos,Activity,15322384318
"Aug 5, 2025, 3:19:52 PM",Kudos,Activity,15310797747
"Aug 5, 2025, 3:26:29 PM",Kudos,Activity,15309183651
"Aug 5, 2025, 3:26:30 PM",Kudos,Activity,15311952278
"Aug 5, 2025, 3:26:36 PM",Kudos,Activity,15322195763
"Aug 5, 2025, 7:18:15 PM",Kudos,Activity,15355504092
"Aug 5, 2025, 7:19:15 PM",Kudos,Activity,15354292047
"Aug 5, 2025, 10:34:51 PM",Kudos,Activity,15357958155
"Aug 5, 2025, 10:35:08 PM",Kudos,Activity,15358114122
"Aug 5, 2025, 10:35:11 PM",Kudos,Activity,15357369490
"Aug 5, 2025, 10:35:16 PM",Kudos,Activity,15357811523
"Aug 5, 2025, 10:35:42 PM",Kudos,Activity,15309470444
"Aug 5, 2025, 10:35:46 PM",Kudos,Activity,15348023647
"Aug 6, 2025, 12:04:40 AM",Kudos,Activity,15358540405
"Aug 6, 2025, 12:04:42 AM",Kudos,Activity,15358484477
"Aug 6, 2025, 12:04:47 AM",Kudos,Activity,15358070420
"Aug 6, 2025, 12:05:17 AM",Kudos,Activity,15358475490
"Aug 6, 2025, 12:05:29 AM",Kudos,Activity,15358137872
"Aug 6, 2025, 12:05:50 AM",Kudos,Activity,15356925013
"Aug 6, 2025, 12:19:05 PM",Kudos,Activity,15363751030
"Aug 6, 2025, 12:19:23 PM",Kudos,Activity,15360079595
"Aug 6, 2025, 12:19:33 PM",Kudos,Activity,15362768727
"Aug 6, 2025, 12:20:07 PM",Kudos,Activity,15359491834
"Aug 6, 2025, 12:20:14 PM",Kudos,Activity,15362912056
"Aug 6, 2025, 12:20:19 PM",Kudos,Activity,15363052923
"Aug 6, 2025, 12:20:23 PM",Kudos,Activity,15359126237
"Aug 6, 2025, 12:20:30 PM",Kudos,Activity,15360549447
"Aug 6, 2025, 12:20:35 PM",Kudos,Activity,15363947622
"Aug 6, 2025, 1:17:44 PM",Kudos,Activity,15364094319
"Aug 6, 2025, 1:17:59 PM",Kudos,Activity,15364142769
"Aug 6, 2025, 1:18:14 PM",Kudos,Activity,15364383090
"Aug 6, 2025, 1:33:26 PM",Kudos,Activity,15364661574
"Aug 6, 2025, 1:33:36 PM",Kudos,Activity,15364242010
"Aug 6, 2025, 1:34:00 PM",Kudos,Activity,15364657127
"Aug 6, 2025, 1:34:02 PM",Kudos,Activity,15364660873
"Aug 6, 2025, 4:26:33 PM",Kudos,Activity,15364853834
"Aug 6, 2025, 4:27:34 PM",Kudos,Activity,15366470405
"Aug 6, 2025, 4:27:50 PM",Kudos,Activity,15366007668
"Aug 6, 2025, 4:27:53 PM",Kudos,Activity,15365897045
"Aug 6, 2025, 4:28:01 PM",Kudos,Activity,15366128527
"Aug 6, 2025, 4:28:03 PM",Kudos,Activity,15365041308
"Aug 6, 2025, 4:28:20 PM",Kudos,Activity,15365045393
"Aug 6, 2025, 6:14:08 PM",Kudos,Activity,15367918654
"Aug 6, 2025, 6:14:36 PM",Kudos,Activity,15367678388
"Aug 7, 2025, 2:43:12 AM",Kudos,Activity,15370686768
"Aug 7, 2025, 2:43:41 AM",Kudos,Activity,15370445024
"Aug 7, 2025, 2:43:45 AM",Kudos,Activity,15371220903
"Aug 7, 2025, 2:44:01 AM",Kudos,Activity,15369827487
"Aug 7, 2025, 2:45:21 AM",Kudos,Activity,15371127772
"Aug 7, 2025, 2:45:51 AM",Kudos,Activity,15370429118
"Aug 7, 2025, 2:46:02 AM",Kudos,Activity,15371200515
"Aug 7, 2025, 2:46:05 AM",Kudos,Activity,15370805003
"Aug 7, 2025, 12:49:38 PM",Kudos,Activity,15371919959
"Aug 7, 2025, 12:49:40 PM",Kudos,Activity,15375978174
"Aug 7, 2025, 12:49:56 PM",Kudos,Activity,15375845599
"Aug 8, 2025, 9:44:36 PM",Kudos,Activity,15388496357
"Aug 9, 2025, 2:49:40 AM",Kudos,Activity,15393737731
"Aug 9, 2025, 2:49:45 AM",Kudos,Activity,15393587552
"Aug 9, 2025, 2:49:54 AM",Kudos,Activity,15387730040
"Aug 9, 2025, 2:49:58 AM",Kudos,Activity,15388185264
"Aug 9, 2025, 2:50:00 AM",Kudos,Activity,15387494620
"Aug 9, 2025, 2:50:05 AM",Kudos,Activity,15387011670
"Aug 9, 2025, 2:50:07 AM",Kudos,Activity,15387428450
"Aug 9, 2025, 2:50:40 AM",Kudos,Activity,15387323494
"Aug 9, 2025, 2:50:41 AM",Kudos,Activity,15387017325
"Aug 9, 2025, 2:50:44 AM",Kudos,Activity,15388993916
"Aug 9, 2025, 2:50:54 AM",Kudos,Activity,15391196249
"Aug 9, 2025, 2:50:57 AM",Kudos,Activity,15389906643
"Aug 9, 2025, 2:51:05 AM",Kudos,Activity,15382522682
"Aug 9, 2025, 2:51:19 AM",Kudos,Activity,15387785410
"Aug 9, 2025, 2:51:29 AM",Kudos,Activity,15390764202
"Aug 9, 2025, 2:51:35 AM",Kudos,Activity,15377803951
"Aug 9, 2025, 2:51:40 AM",Kudos,Activity,15376823336
"Aug 10, 2025, 10:01:31 PM",Kudos,Activity,15412493376
"Aug 10, 2025, 10:01:41 PM",Kudos,Activity,15411727257
"Aug 10, 2025, 10:01:43 PM",Kudos,Activity,15414275574
"Aug 10, 2025, 10:01:46 PM",Kudos,Activity,15411286963
"Aug 10, 2025, 10:01:51 PM",Kudos,Activity,15415420102
"Aug 10, 2025, 10:02:05 PM",Kudos,Activity,15413326300
"Aug 10, 2025, 10:02:28 PM",Kudos,Activity,15413410625
"Aug 10, 2025, 10:02:40 PM",Kudos,Activity,15410906095
"Aug 10, 2025, 10:03:08 PM",Kudos,Activity,15412536672
"Aug 10, 2025, 10:03:10 PM",Kudos,Activity,15411612002
"Aug 10, 2025, 10:03:13 PM",Kudos,Activity,15414119876
"Aug 10, 2025, 10:03:17 PM",Kudos,Activity,15405181664
"Aug 10, 2025, 10:03:23 PM",Kudos,Activity,15401514262
"Aug 10, 2025, 10:03:43 PM",Kudos,Activity,15400967653
"Aug 10, 2025, 10:04:21 PM",Kudos,Activity,15403402458
"Aug 10, 2025, 10:04:24 PM",Kudos,Activity,15412073630
"Aug 10, 2025, 10:04:28 PM",Kudos,Activity,15413879270
"Aug 10, 2025, 10:04:31 PM",Kudos,Activity,15400940748
"Aug 10, 2025, 10:04:35 PM",Kudos,Activity,15403786754
"Aug 10, 2025, 10:04:37 PM",Kudos,Activity,15399574464
"Aug 10, 2025, 10:04:54 PM",Kudos,Activity,15400301527
"Aug 10, 2025, 10:05:04 PM",Kudos,Activity,15400017987
"Aug 10, 2025, 10:05:11 PM",Kudos,Activity,15393717379
"Aug 10, 2025, 10:05:14 PM",Kudos,Activity,15398591538
"Aug 10, 2025, 10:05:17 PM",Kudos,Activity,15404228010
"Aug 10, 2025, 10:05:38 PM",Kudos,Activity,15400515770
"Aug 10, 2025, 10:05:42 PM",Kudos,Activity,15400939395
"Aug 10, 2025, 11:38:36 PM",Kudos,Activity,15400980827
"Aug 10, 2025, 11:38:37 PM",Kudos,Activity,15400948029
"Aug 10, 2025, 11:50:37 PM",Kudos,Activity,15399769466
"Aug 11, 2025, 1:44:06 AM",Kudos,Activity,15416104977
"Aug 11, 2025, 11:58:26 AM",Kudos,Activity,15419933527
"Aug 11, 2025, 12:31:09 PM",Kudos,Activity,15419439067
"Aug 11, 2025, 12:31:19 PM",Kudos,Activity,15401439596
"Aug 11, 2025, 12:31:31 PM",Kudos,Activity,15400145987
"Aug 11, 2025, 1:29:25 PM",Kudos,Activity,15420795386
"Aug 11, 2025, 1:29:43 PM",Kudos,Activity,15420928400
"Aug 11, 2025, 1:29:47 PM",Kudos,Activity,15420568899
"Aug 11, 2025, 1:29:51 PM",Kudos,Activity,15400613556
"Aug 11, 2025, 1:30:12 PM",Kudos,Activity,15398140317
"Aug 11, 2025, 1:30:24 PM",Kudos,Activity,15403418581
"Aug 11, 2025, 1:30:33 PM",Kudos,Activity,15383431162
"Aug 11, 2025, 1:30:42 PM",Kudos,Activity,15388402271
"Aug 11, 2025, 1:30:46 PM",Kudos,Activity,15388355653
"Aug 11, 2025, 1:31:10 PM",Kudos,Activity,15401422534
"Aug 11, 2025, 1:31:18 PM",Kudos,Activity,15389910934
"Aug 11, 2025, 1:32:08 PM",Kudos,Activity,15387247454
"Aug 11, 2025, 1:32:14 PM",Kudos,Activity,15382193470
"Aug 11, 2025, 1:32:36 PM",Kudos,Activity,15398158746
"Aug 11, 2025, 1:32:42 PM",Kudos,Activity,15379246871
"Aug 11, 2025, 1:33:52 PM",Kudos,Activity,15374990415
"Aug 11, 2025, 1:35:05 PM",Kudos,Activity,15378823769
"Aug 11, 2025, 1:35:32 PM",Kudos,Activity,15374749325
"Aug 11, 2025, 1:35:41 PM",Kudos,Activity,15394188590
"Aug 11, 2025, 1:36:03 PM",Kudos,Activity,15377778262
"Aug 11, 2025, 1:36:04 PM",Kudos,Activity,15377817005
"Aug 11, 2025, 2:55:10 PM",Kudos,Activity,15421352826
"Aug 11, 2025, 2:55:40 PM",Kudos,Activity,15421529066
"Aug 11, 2025, 2:55:57 PM",Kudos,Activity,15390367963
"Aug 11, 2025, 2:55:59 PM",Kudos,Activity,15388930191
"Aug 11, 2025, 4:23:27 PM",Kudos,Activity,15422216960
"Aug 11, 2025, 4:23:35 PM",Kudos,Activity,15422463306
"Aug 11, 2025, 5:43:19 PM",Kudos,Activity,15422826182
"Aug 11, 2025, 5:44:12 PM",Kudos,Activity,15376127123
"Aug 11, 2025, 6:37:29 PM",Kudos,Activity,15424179717
"Aug 11, 2025, 7:07:52 PM",Kudos,Activity,15405452550
"Aug 11, 2025, 10:34:58 PM",Kudos,Activity,15425889128
"Aug 11, 2025, 10:35:11 PM",Kudos,Activity,15424614864
"Aug 11, 2025, 10:35:23 PM",Kudos,Activity,15426018510
"Aug 11, 2025, 10:35:25 PM",Kudos,Activity,15423506943
"Aug 11, 2025, 10:35:29 PM",Kudos,Activity,15426120251
"Aug 11, 2025, 10:35:45 PM",Kudos,Activity,15394147380
"Aug 12, 2025, 11:23:25 AM",Kudos,Activity,15428024525
"Aug 12, 2025, 11:23:34 AM",Kudos,Activity,15426909228
"Aug 12, 2025, 11:24:08 AM",Kudos,Activity,15426511305
"Aug 12, 2025, 12:41:35 PM",Kudos,Activity,15431541479
"Aug 12, 2025, 12:42:07 PM",Kudos,Activity,15432014756
"Aug 12, 2025, 12:42:21 PM",Kudos,Activity,15431431206
"Aug 12, 2025, 12:42:25 PM",Kudos,Activity,15432378947
"Aug 12, 2025, 12:42:47 PM",Kudos,Activity,15431644111
"Aug 12, 2025, 12:42:49 PM",Kudos,Activity,15427491517
"Aug 12, 2025, 12:43:00 PM",Kudos,Activity,15428274775
"Aug 12, 2025, 1:01:24 PM",Kudos,Activity,15432401679
"Aug 12, 2025, 4:19:51 PM",Kudos,Activity,15431477189
"Aug 12, 2025, 4:20:07 PM",Kudos,Activity,15432944091
"Aug 12, 2025, 4:20:10 PM",Kudos,Activity,15432922507
"Aug 12, 2025, 4:20:20 PM",Kudos,Activity,15433441268
"Aug 12, 2025, 4:20:23 PM",Kudos,Activity,15434332667
"Aug 12, 2025, 4:20:31 PM",Kudos,Activity,15431659063
"Aug 12, 2025, 4:21:02 PM",Kudos,Activity,15432980172
"Aug 12, 2025, 4:21:05 PM",Kudos,Activity,15433090915
"Aug 12, 2025, 4:21:16 PM",Kudos,Activity,15434387616
"Aug 12, 2025, 4:22:17 PM",Kudos,Activity,15433848802
"Aug 12, 2025, 6:13:56 PM",Kudos,Activity,15435389041
"Aug 12, 2025, 6:14:01 PM",Kudos,Activity,15434869814
"Aug 13, 2025, 2:32:56 AM",Kudos,Activity,15439297292
"Aug 13, 2025, 2:33:04 AM",Kudos,Activity,15439257550
"Aug 13, 2025, 2:33:15 AM",Kudos,Activity,15438340299
"Aug 13, 2025, 2:33:20 AM",Kudos,Activity,15439494672
"Aug 13, 2025, 2:33:24 AM",Kudos,Activity,15438325735
"Aug 13, 2025, 2:33:33 AM",Kudos,Activity,15437227560
"Aug 13, 2025, 2:33:39 AM",Kudos,Activity,15438284002
"Aug 13, 2025, 2:33:42 AM",Kudos,Activity,15439088787
"Aug 13, 2025, 2:34:18 AM",Kudos,Activity,15434589173
"Aug 13, 2025, 1:43:50 PM",Kudos,Activity,15443542357
"Aug 13, 2025, 1:45:10 PM",Kudos,Activity,15444953249
"Aug 13, 2025, 1:45:25 PM",Kudos,Activity,15443176068
"Aug 13, 2025, 1:45:28 PM",Kudos,Activity,15443978382
"Aug 13, 2025, 1:45:32 PM",Kudos,Activity,15444598196
"Aug 13, 2025, 1:45:57 PM",Kudos,Activity,15443224378
"Aug 13, 2025, 1:46:00 PM",Kudos,Activity,15444803610
"Aug 13, 2025, 1:46:06 PM",Kudos,Activity,15441191654
"Aug 13, 2025, 1:46:10 PM",Kudos,Activity,15443448201
"Aug 13, 2025, 1:46:16 PM",Kudos,Activity,15442531182
"Aug 13, 2025, 1:48:08 PM",Kudos,Activity,15442927555
"Aug 13, 2025, 1:48:24 PM",Kudos,Activity,15443356409
"Aug 13, 2025, 5:27:34 PM",Kudos,Activity,15446621058
"Aug 13, 2025, 5:27:39 PM",Kudos,Activity,15445624024
"Aug 13, 2025, 8:30:59 PM",Kudos,Activity,15445066377
"Aug 13, 2025, 8:31:03 PM",Kudos,Activity,15448433839
"Aug 13, 2025, 8:31:09 PM",Kudos,Activity,15444333165
"Aug 13, 2025, 8:31:19 PM",Kudos,Activity,15446169678
"Aug 13, 2025, 8:31:25 PM",Kudos,Activity,15448793226
"Aug 13, 2025, 8:31:33 PM",Kudos,Activity,15447236646
"Aug 13, 2025, 8:31:37 PM",Kudos,Activity,15445499111
"Aug 13, 2025, 8:31:44 PM",Kudos,Activity,15445866770
"Aug 15, 2025, 7:28:04 AM",Kudos,Activity,15462589627
"Aug 15, 2025, 7:28:14 AM",Kudos,Activity,15462382649
"Aug 15, 2025, 7:28:23 AM",Kudos,Activity,15463184407
"Aug 15, 2025, 7:28:32 AM",Kudos,Activity,15462130828
"Aug 15, 2025, 7:28:57 AM",Kudos,Activity,15462332981
"Aug 15, 2025, 7:29:05 AM",Kudos,Activity,15462356124
"Aug 15, 2025, 7:29:37 AM",Kudos,Activity,15461598389
"Aug 15, 2025, 12:04:36 PM",Kudos,Activity,15457249550
"Aug 16, 2025, 8:50:13 AM",Kudos,Activity,15471675414
"Aug 16, 2025, 8:50:22 AM",Kudos,Activity,15471953179
"Aug 16, 2025, 8:50:29 AM",Kudos,Activity,15475270282
"Aug 16, 2025, 8:50:32 AM",Kudos,Activity,15471938133
"Aug 16, 2025, 8:50:34 AM",Kudos,Activity,15467447834
"Aug 16, 2025, 8:50:36 AM",Kudos,Activity,15467049343
"Aug 16, 2025, 8:50:39 AM",Kudos,Activity,15466737320
"Aug 16, 2025, 8:50:41 AM",Kudos,Activity,15468291297
"Aug 16, 2025, 8:50:49 AM",Kudos,Activity,15467001670
"Aug 16, 2025, 8:51:50 AM",Kudos,Activity,15467035393
"Aug 16, 2025, 1:21:32 PM",Kudos,Activity,15475825329
"Aug 16, 2025, 1:21:40 PM",Kudos,Activity,15478092843
"Aug 16, 2025, 1:21:51 PM",Kudos,Activity,15477175788
"Aug 16, 2025, 1:22:01 PM",Kudos,Post,38882686
"Aug 16, 2025, 1:22:13 PM",Kudos,Activity,15477753469
"Aug 16, 2025, 1:22:23 PM",Kudos,Activity,15468170160
"Aug 16, 2025, 1:23:06 PM",Kudos,Activity,15466754963
"Aug 16, 2025, 8:29:00 PM",Kudos,Activity,15480347886
"Aug 16, 2025, 8:29:07 PM",Kudos,Activity,15482276659
"Aug 16, 2025, 8:29:10 PM",Kudos,Activity,15479019866
"Aug 16, 2025, 8:29:13 PM",Kudos,Activity,15479033147
"Aug 16, 2025, 8:29:20 PM",Kudos,Activity,15480496397
"Aug 16, 2025, 8:29:49 PM",Kudos,Activity,15482337741
"Aug 16, 2025, 8:29:57 PM",Kudos,Activity,15478780326
"Aug 16, 2025, 8:30:02 PM",Kudos,Activity,15480328981
"Aug 16, 2025, 8:30:13 PM",Kudos,Activity,15478748637
"Aug 16, 2025, 8:30:17 PM",Kudos,Activity,15480527252
"Aug 16, 2025, 8:30:22 PM",Kudos,Activity,15479932561
"Aug 17, 2025, 3:55:40 PM",Kudos,Activity,15491026508
"Aug 17, 2025, 3:55:49 PM",Kudos,Activity,15491544670
"Aug 17, 2025, 3:56:00 PM",Kudos,Activity,15490050282
"Aug 17, 2025, 3:56:06 PM",Kudos,Activity,15490274737
"Aug 17, 2025, 3:56:22 PM",Kudos,Activity,15491209143
"Aug 17, 2025, 3:56:34 PM",Kudos,Activity,15490939286
"Aug 17, 2025, 3:56:48 PM",Kudos,Activity,15490908189
"Aug 17, 2025, 3:56:49 PM",Kudos,Activity,15491692290
"Aug 17, 2025, 3:57:20 PM",Kudos,Activity,15489641419
"Aug 17, 2025, 3:57:28 PM",Kudos,Activity,15484299282
"Aug 17, 2025, 3:57:33 PM",Kudos,Activity,15484250766
"Aug 17, 2025, 3:57:51 PM",Kudos,Activity,15484712019
"Aug 17, 2025, 4:00:34 PM",Kudos,Activity,15482645917
"Aug 17, 2025, 4:00:37 PM",Kudos,Activity,15484299393
"Aug 18, 2025, 8:23:48 PM",Kudos,Activity,15503414375
"Aug 18, 2025, 8:23:50 PM",Kudos,Activity,15499826732
"Aug 18, 2025, 8:23:54 PM",Kudos,Activity,15500706286
"Aug 18, 2025, 8:23:59 PM",Kudos,Activity,15492661999
"Aug 18, 2025, 8:24:04 PM",Kudos,Activity,15495792326
"Aug 18, 2025, 8:24:10 PM",Kudos,Activity,15494867541
"Aug 18, 2025, 8:24:22 PM",Kudos,Activity,15492472231
"Aug 19, 2025, 9:07:49 AM",Kudos,Activity,15505388338
"Aug 19, 2025, 9:07:53 AM",Kudos,Activity,15507291063
"Aug 19, 2025, 9:08:13 AM",Kudos,Activity,15506723057
"Aug 19, 2025, 9:08:17 AM",Kudos,Activity,15506711279
"Aug 19, 2025, 9:08:21 AM",Kudos,Activity,15506062582
"Aug 19, 2025, 3:41:29 PM",Kudos,Activity,15512840590
"Aug 19, 2025, 3:41:32 PM",Kudos,Activity,15513320016
"Aug 19, 2025, 3:41:40 PM",Kudos,Activity,15511702655
"Aug 19, 2025, 3:41:43 PM",Kudos,Activity,15512515083
"Aug 19, 2025, 3:42:20 PM",Kudos,Activity,15510839731
"Aug 19, 2025, 3:42:25 PM",Kudos,Activity,15512922821
"Aug 19, 2025, 3:42:30 PM",Kudos,Activity,15510606459
"Aug 19, 2025, 3:42:36 PM",Kudos,Activity,15513707289
"Aug 19, 2025, 3:42:49 PM",Kudos,Activity,15512480949
"Aug 19, 2025, 3:42:58 PM",Kudos,Activity,15510763961
"Aug 19, 2025, 3:43:06 PM",Kudos,Activity,15511576719
"Aug 19, 2025, 3:43:10 PM",Kudos,Activity,15505053665
"Aug 19, 2025, 3:43:24 PM",Kudos,Activity,15507222880
"Aug 19, 2025, 8:08:18 PM",Kudos,Activity,15516950233
"Aug 19, 2025, 8:08:45 PM",Kudos,Activity,15516562273
"Aug 19, 2025, 8:08:54 PM",Kudos,Activity,15515113277
"Aug 19, 2025, 8:09:00 PM",Kudos,Activity,15513976320
"Aug 19, 2025, 8:09:02 PM",Kudos,Activity,15513900300
"Aug 19, 2025, 8:09:03 PM",Kudos,Activity,15514243713
"Aug 19, 2025, 8:09:31 PM",Kudos,Activity,15500185986
"Aug 19, 2025, 8:09:45 PM",Kudos,Activity,15494574246
"Aug 19, 2025, 8:10:21 PM",Kudos,Activity,15506810097
"Aug 20, 2025, 10:09:12 PM",Kudos,Activity,15524381809
"Aug 20, 2025, 10:09:17 PM",Kudos,Activity,15524531014
"Aug 20, 2025, 11:00:52 PM",Kudos,Activity,15529679650
"Aug 20, 2025, 11:01:01 PM",Kudos,Activity,15529695302
"Aug 20, 2025, 11:01:13 PM",Kudos,Activity,15529982767
"Aug 20, 2025, 11:01:35 PM",Kudos,Activity,15529627905
"Aug 20, 2025, 11:01:39 PM",Kudos,Activity,15523577588
"Aug 20, 2025, 11:01:40 PM",Kudos,Activity,15524036127
"Aug 20, 2025, 11:01:44 PM",Kudos,Activity,15526828350
"Aug 20, 2025, 11:01:47 PM",Kudos,Activity,15522782897
"Aug 21, 2025, 8:23:11 PM",Kudos,Activity,15538638348
"Aug 21, 2025, 8:23:15 PM",Kudos,Activity,15537824285
"Aug 21, 2025, 8:23:19 PM",Kudos,Activity,15538640309
"Aug 21, 2025, 8:23:43 PM",Kudos,Activity,15539107070
"Aug 21, 2025, 8:23:45 PM",Kudos,Activity,15535298209
"Aug 21, 2025, 10:55:58 PM",Kudos,Activity,15537914702
"Aug 21, 2025, 10:56:16 PM",Kudos,Activity,15537132523
"Aug 21, 2025, 10:56:22 PM",Kudos,Activity,15537177113
"Aug 21, 2025, 10:56:49 PM",Kudos,Activity,15540917838
"Aug 21, 2025, 10:56:54 PM",Kudos,Activity,15540977499
"Aug 21, 2025, 10:57:19 PM",Kudos,Activity,15540112654
"Aug 21, 2025, 10:57:22 PM",Kudos,Activity,15540289115
"Aug 21, 2025, 10:57:27 PM",Kudos,Activity,15534855706
"Aug 22, 2025, 1:24:53 AM",Kudos,Activity,15541712227
"Aug 22, 2025, 4:42:33 PM",Kudos,Activity,15546631207
"Aug 22, 2025, 4:42:37 PM",Kudos,Activity,15546101101
"Aug 22, 2025, 4:42:40 PM",Kudos,Activity,15546398978
"Aug 22, 2025, 4:42:41 PM",Kudos,Activity,15546192339
"Aug 22, 2025, 4:42:52 PM",Kudos,Activity,15546231088
"Aug 22, 2025, 4:43:02 PM",Kudos,Activity,15548075697
"Aug 22, 2025, 4:43:15 PM",Kudos,Activity,15546635948
"Aug 22, 2025, 4:43:23 PM",Kudos,Activity,15546080955
"Aug 22, 2025, 4:43:26 PM",Kudos,Activity,15548265743
"Aug 22, 2025, 4:43:29 PM",Kudos,Activity,15545425811
"Aug 22, 2025, 4:43:34 PM",Kudos,Activity,15548485895
"Aug 22, 2025, 4:43:42 PM",Kudos,Activity,15546695443
"Aug 22, 2025, 4:43:45 PM",Kudos,Activity,15547558888
"Aug 22, 2025, 4:43:50 PM",Kudos,Activity,15542493385
"Aug 22, 2025, 4:50:03 PM",Kudos,Activity,15545254676
"Aug 22, 2025, 4:50:09 PM",Kudos,Activity,15542251586
"Aug 22, 2025, 4:50:15 PM",Kudos,Activity,15546222359
"Aug 22, 2025, 9:16:53 PM",Kudos,Activity,15550747973
"Aug 22, 2025, 9:16:58 PM",Kudos,Activity,15549457323
"Aug 22, 2025, 9:17:20 PM",Kudos,Activity,15549808846
"Aug 22, 2025, 9:17:26 PM",Kudos,Activity,15541757956
"Aug 22, 2025, 9:17:39 PM",Kudos,Activity,15541308693
"Aug 22, 2025, 9:17:54 PM",Kudos,Activity,15541704839
"Aug 22, 2025, 9:17:59 PM",Kudos,Activity,15542053480
"Aug 22, 2025, 11:16:25 PM",Kudos,Activity,15551324871
"Aug 22, 2025, 11:16:46 PM",Kudos,Activity,15551442992
"Aug 22, 2025, 11:16:56 PM",Kudos,Activity,15550877119
"Aug 22, 2025, 11:17:26 PM",Kudos,Activity,15541629960
"Aug 22, 2025, 11:18:30 PM",Kudos,Activity,15534843895
"Aug 22, 2025, 11:18:35 PM",Kudos,Activity,15530793904
"Aug 22, 2025, 11:18:38 PM",Kudos,Activity,15522028025
"Aug 22, 2025, 11:18:40 PM",Kudos,Activity,15525443626
"Aug 22, 2025, 11:18:44 PM",Kudos,Activity,15537221675
"Aug 22, 2025, 11:19:13 PM",Kudos,Activity,15519837933
"Aug 23, 2025, 12:07:12 PM",Kudos,Activity,15555102622
"Aug 23, 2025, 12:08:19 PM",Kudos,Activity,15556330631
"Aug 23, 2025, 12:08:47 PM",Kudos,Activity,15552189450
"Aug 23, 2025, 12:08:51 PM",Kudos,Activity,15552817748
"Aug 23, 2025, 3:27:19 PM",Kudos,Activity,15559030360
"Aug 23, 2025, 3:27:29 PM",Kudos,Activity,15558685540
"Aug 23, 2025, 3:27:42 PM",Kudos,Activity,15558254604
"Aug 23, 2025, 3:27:45 PM",Kudos,Activity,15559313604
"Aug 23, 2025, 3:27:50 PM",Kudos,Activity,15557794065
"Aug 23, 2025, 3:28:02 PM",Kudos,Activity,15558017742
"Aug 23, 2025, 8:28:54 PM",Kudos,Activity,15561409361
"Aug 23, 2025, 8:29:11 PM",Kudos,Activity,15561368815
"Aug 23, 2025, 8:29:32 PM",Kudos,Activity,15558283553
"Aug 23, 2025, 8:30:43 PM",Kudos,Activity,15560365960
"Aug 23, 2025, 8:30:58 PM",Kudos,Activity,15558017108
"Aug 23, 2025, 8:31:52 PM",Kudos,Activity,15560041761
"Aug 23, 2025, 8:32:13 PM",Kudos,Activity,15560807712
"Aug 23, 2025, 8:32:20 PM",Kudos,Activity,15560807831
"Aug 23, 2025, 8:32:27 PM",Kudos,Activity,15559449310
"Aug 23, 2025, 8:33:05 PM",Kudos,Activity,15560991743
"Aug 23, 2025, 10:53:27 PM",Kudos,Activity,15562549337
"Aug 23, 2025, 10:54:45 PM",Kudos,Activity,15559975974
"Aug 23, 2025, 10:54:47 PM",Kudos,Activity,15559899748
"Aug 23, 2025, 10:55:04 PM",Kudos,Activity,15557138758
"Aug 23, 2025, 10:55:27 PM",Kudos,Activity,15562710286
"Aug 23, 2025, 10:55:41 PM",Kudos,Activity,15541496535
"Aug 23, 2025, 10:55:56 PM",Kudos,Activity,15527126362
"Aug 23, 2025, 10:56:32 PM",Kudos,Activity,15560252433
"Aug 24, 2025, 2:52:49 PM",Kudos,Activity,15570695087
"Aug 24, 2025, 2:53:16 PM",Kudos,Activity,15570452970
"Aug 24, 2025, 6:30:06 PM",Kudos,Activity,15572437885
"Aug 24, 2025, 6:30:09 PM",Kudos,Activity,15572431073
"Aug 24, 2025, 6:30:11 PM",Kudos,Activity,15571894423
"Aug 24, 2025, 6:30:17 PM",Kudos,Activity,15572464391
"Aug 24, 2025, 7:17:10 PM",Kudos,Activity,15572612569
"Aug 24, 2025, 7:17:15 PM",Kudos,Activity,15571411134
"Aug 24, 2025, 7:17:35 PM",Kudos,Activity,15572630674
"Aug 24, 2025, 7:17:52 PM",Kudos,Activity,15570282516
"Aug 24, 2025, 7:18:04 PM",Kudos,Activity,15570976957
"Aug 24, 2025, 7:43:03 PM",Kudos,Activity,15574111806
"Aug 24, 2025, 7:43:21 PM",Kudos,Activity,15571527572
"Aug 24, 2025, 7:43:39 PM",Kudos,Activity,15572238782
"Aug 24, 2025, 7:44:02 PM",Kudos,Activity,15564287646
"Aug 24, 2025, 7:44:28 PM",Kudos,Activity,15563172876
"Aug 24, 2025, 7:44:48 PM",Kudos,Post,39085435
"Aug 24, 2025, 7:44:54 PM",Kudos,Activity,15563146949
"Aug 24, 2025, 7:44:59 PM",Kudos,Activity,15565375159
"Aug 25, 2025, 1:35:02 AM",Kudos,Activity,15575068272
"Aug 25, 2025, 1:35:43 AM",Kudos,Activity,15576080701
"Aug 25, 2025, 1:36:03 AM",Kudos,Activity,15574480535
"Aug 25, 2025, 1:37:05 AM",Kudos,Activity,15576053694
"Aug 25, 2025, 9:19:30 PM",Kudos,Activity,15584977939
"Aug 25, 2025, 9:19:55 PM",Kudos,Activity,15582533759
"Aug 25, 2025, 9:20:04 PM",Kudos,Activity,15581829726
"Aug 25, 2025, 9:20:12 PM",Kudos,Activity,15580729273
"Aug 25, 2025, 9:20:20 PM",Kudos,Activity,15582369369
"Aug 25, 2025, 9:20:27 PM",Kudos,Activity,15579068489
"Aug 25, 2025, 9:20:31 PM",Kudos,Activity,15581532463
"Aug 25, 2025, 9:20:47 PM",Kudos,Activity,15579028940
"Aug 25, 2025, 9:20:53 PM",Kudos,Activity,15576613632
"Aug 26, 2025, 1:03:13 AM",Kudos,Activity,15585908485
"Aug 26, 2025, 1:04:09 AM",Kudos,Activity,15586129521
"Aug 26, 2025, 1:04:26 AM",Kudos,Activity,15586496439
"Aug 26, 2025, 1:04:39 AM",Kudos,Activity,15586175916
"Aug 26, 2025, 1:04:48 AM",Kudos,Activity,15585959550
"Aug 26, 2025, 1:04:58 AM",Kudos,Activity,15585951704
"Aug 26, 2025, 1:05:22 AM",Kudos,Activity,15581333065
"Aug 26, 2025, 12:10:57 PM",Kudos,Activity,15590602618
"Aug 26, 2025, 12:10:59 PM",Kudos,Activity,15587184230
"Aug 26, 2025, 12:11:10 PM",Kudos,Activity,15591545438
"Aug 26, 2025, 12:11:28 PM",Kudos,Activity,15591533263
"Aug 26, 2025, 12:11:41 PM",Kudos,Activity,15586837311
"Aug 26, 2025, 12:11:48 PM",Kudos,Activity,15586319654
"Aug 26, 2025, 12:22:40 PM",Kudos,Activity,15590822291
"Aug 26, 2025, 12:23:03 PM",Kudos,Activity,15591585814
"Aug 26, 2025, 12:51:41 PM",Kudos,Activity,15580626069
"Aug 26, 2025, 12:51:54 PM",Kudos,Activity,15577953686
"Aug 26, 2025, 12:52:50 PM",Kudos,Activity,15545365378
"Aug 26, 2025, 1:40:52 PM",Kudos,Activity,15591509568
"Aug 26, 2025, 1:41:03 PM",Kudos,Activity,15592307288
"Aug 26, 2025, 1:41:10 PM",Kudos,Activity,15592415281
"Aug 26, 2025, 1:41:14 PM",Kudos,Activity,15542355993
"Aug 26, 2025, 4:26:56 PM",Kudos,Activity,15593710782
"Aug 26, 2025, 4:27:26 PM",Kudos,Activity,15592702457
"Aug 26, 2025, 4:27:38 PM",Kudos,Activity,15592758638
"Aug 26, 2025, 4:28:14 PM",Kudos,Activity,15592651194
"Aug 26, 2025, 4:28:20 PM",Kudos,Activity,15593360086
"Aug 26, 2025, 4:28:31 PM",Kudos,Activity,15594200889
"Aug 26, 2025, 5:31:13 PM",Kudos,Activity,15594771488
"Aug 26, 2025, 5:32:21 PM",Kudos,Activity,15594582569
"Aug 26, 2025, 5:32:50 PM",Kudos,Activity,15594326772
"Aug 26, 2025, 5:45:50 PM",Kudos,Activity,15594326801
"Aug 26, 2025, 6:25:27 PM",Kudos,Activity,15595581738
"Aug 26, 2025, 6:25:57 PM",Kudos,Activity,15595847371
"Aug 26, 2025, 7:55:24 PM",Kudos,Activity,15595698187
"Aug 27, 2025, 1:31:06 AM",Kudos,Activity,15598935145
"Aug 27, 2025, 1:31:20 AM",Kudos,Activity,15597597133
"Aug 27, 2025, 1:31:33 AM",Kudos,Activity,15597130884
"Aug 27, 2025, 1:32:05 AM",Kudos,Activity,15598695394
"Aug 27, 2025, 1:35:08 AM",Kudos,Activity,15598591629
"Aug 27, 2025, 1:35:10 AM",Kudos,Activity,15599056084
"Aug 27, 2025, 1:35:27 AM",Kudos,Activity,15598365594
"Aug 27, 2025, 1:35:48 AM",Kudos,Activity,15597800058
"Aug 27, 2025, 1:07:36 PM",Kudos,Activity,15602928259
"Aug 27, 2025, 1:07:42 PM",Kudos,Activity,15600047937
"Aug 27, 2025, 1:07:45 PM",Kudos,Activity,15602883443
"Aug 27, 2025, 1:07:48 PM",Kudos,Activity,15604075476
"Aug 27, 2025, 1:07:54 PM",Kudos,Activity,15599096395
"Aug 27, 2025, 7:15:09 PM",Kudos,Activity,15606928951
"Aug 27, 2025, 7:15:45 PM",Kudos,Activity,15607264273
"Aug 27, 2025, 7:15:48 PM",Kudos,Activity,15605514667
"Aug 27, 2025, 7:15:57 PM",Kudos,Activity,15607540021
"Aug 27, 2025, 7:16:34 PM",Kudos,Activity,15606729168
"Aug 27, 2025, 7:17:03 PM",Kudos,Activity,15604628315
"Aug 27, 2025, 7:17:15 PM",Kudos,Activity,15604584824
"Aug 29, 2025, 1:37:06 AM",Kudos,Activity,15620973122
"Aug 29, 2025, 1:37:12 AM",Kudos,Activity,15620567130
"Aug 29, 2025, 1:37:14 AM",Kudos,Activity,15620505795
"Aug 29, 2025, 1:37:25 AM",Kudos,Activity,15621006201
"Aug 29, 2025, 1:37:35 AM",Kudos,Activity,15610978744
"Aug 29, 2025, 1:37:39 AM",Kudos,Activity,15618268191
"Aug 29, 2025, 1:37:45 AM",Kudos,Activity,15620518403
"Aug 29, 2025, 1:38:51 AM",Kudos,Activity,15609993963
"Aug 29, 2025, 1:39:04 AM",Kudos,Activity,15621713666
"Aug 29, 2025, 1:39:10 AM",Kudos,Activity,15610279322
"Aug 29, 2025, 1:39:36 AM",Kudos,Activity,15610029911
"Aug 29, 2025, 1:39:52 AM",Kudos,Activity,15609592832
"Aug 29, 2025, 1:39:57 AM",Kudos,Activity,15611051122
"Aug 29, 2025, 1:40:04 AM",Kudos,Activity,15610057484
"Aug 29, 2025, 11:15:27 AM",Kudos,Activity,15621607602
"Aug 29, 2025, 11:15:29 AM",Kudos,Activity,15622349217
"Aug 29, 2025, 11:15:32 AM",Kudos,Activity,15622408411
"Aug 29, 2025, 11:15:45 AM",Kudos,Activity,15615307593
"Aug 29, 2025, 11:15:49 AM",Kudos,Activity,15618790317
"Aug 29, 2025, 11:15:53 AM",Kudos,Activity,15610625187
"Aug 29, 2025, 11:16:11 AM",Kudos,Activity,15618683607
"Aug 29, 2025, 11:16:15 AM",Kudos,Activity,15610451449
"Aug 29, 2025, 11:16:27 AM",Kudos,Activity,15618688798
"Aug 29, 2025, 11:16:33 AM",Kudos,Activity,15610555339
"Aug 29, 2025, 2:13:13 PM",Kudos,Activity,15626183417
"Aug 29, 2025, 2:13:46 PM",Kudos,Activity,15625831936
"Aug 29, 2025, 2:14:11 PM",Kudos,Activity,15626288926
"Aug 29, 2025, 2:14:17 PM",Kudos,Activity,15625868975
"Aug 29, 2025, 2:14:23 PM",Kudos,Activity,15626353836
"Aug 29, 2025, 2:14:31 PM",Kudos,Activity,15626631833
"Aug 29, 2025, 2:23:51 PM",Kudos,Activity,15625142173
"Aug 29, 2025, 2:24:04 PM",Kudos,Activity,15621696632
"Aug 29, 2025, 6:09:13 PM",Kudos,Activity,15628919105
"Aug 30, 2025, 11:25:08 AM",Kudos,Activity,15631313301
"Aug 31, 2025, 3:25:17 AM",Kudos,Activity,15640502024
"Aug 31, 2025, 3:25:36 AM",Kudos,Activity,15639837296
"Aug 31, 2025, 3:25:42 AM",Kudos,Activity,15643422393
"Aug 31, 2025, 3:25:44 AM",Kudos,Activity,15643373815
"Aug 31, 2025, 3:25:55 AM",Kudos,Activity,15638344400
"Aug 31, 2025, 3:26:07 AM",Kudos,Activity,15639951059
"Aug 31, 2025, 3:26:26 AM",Kudos,Activity,15641425445
"Aug 31, 2025, 3:26:31 AM",Kudos,Activity,15631268658
"Aug 31, 2025, 3:26:33 AM",Kudos,Activity,15640100042
"Aug 31, 2025, 3:56:30 AM",Kudos,Activity,15638194895
"Aug 31, 2025, 3:56:48 AM",Kudos,Activity,15643637766
"Aug 31, 2025, 2:02:07 PM",Kudos,Activity,15638634359
"Aug 31, 2025, 7:57:02 PM",Kudos,Activity,15652571221
"Aug 31, 2025, 7:57:04 PM",Kudos,Activity,15649899045
"Aug 31, 2025, 10:29:15 PM",Kudos,Activity,15653310559
"Aug 31, 2025, 10:29:21 PM",Kudos,Activity,15653466262
"Aug 31, 2025, 10:29:26 PM",Kudos,Activity,15653569904
"Aug 31, 2025, 10:29:38 PM",Kudos,Activity,15653184016
"Aug 31, 2025, 10:29:41 PM",Kudos,Activity,15653579085
"Aug 31, 2025, 10:29:47 PM",Kudos,Activity,15649400001
"Aug 31, 2025, 10:29:52 PM",Kudos,Activity,15649341061
"Aug 31, 2025, 10:30:08 PM",Kudos,Activity,15651882075
"Aug 31, 2025, 10:30:17 PM",Kudos,Activity,15651159038
"Aug 31, 2025, 10:30:22 PM",Kudos,Activity,15651216508
"Aug 31, 2025, 10:30:37 PM",Kudos,Activity,15649792974
"Aug 31, 2025, 10:30:41 PM",Kudos,Activity,15651103335
"Aug 31, 2025, 10:31:00 PM",Kudos,Activity,15649801354
"Aug 31, 2025, 10:31:06 PM",Kudos,Activity,15649269186
"Aug 31, 2025, 10:31:11 PM",Kudos,Activity,15649841300
"Aug 31, 2025, 10:31:23 PM",Kudos,Activity,15651053163
"Aug 31, 2025, 10:31:29 PM",Kudos,Activity,15649399985
"Aug 31, 2025, 10:31:35 PM",Kudos,Activity,15652413341
"Aug 31, 2025, 10:31:44 PM",Kudos,Activity,15652256690
"Aug 31, 2025, 10:31:48 PM",Kudos,Activity,15640799911
"Sep 1, 2025, 1:01:45 AM",Kudos,Activity,15654210323
"Sep 1, 2025, 1:02:04 AM",Kudos,Activity,15654327538
"Sep 1, 2025, 1:02:14 AM",Kudos,Activity,15654494559
"Sep 1, 2025, 1:02:23 AM",Kudos,Activity,15654056330
"Sep 1, 2025, 4:47:56 PM",Kudos,Activity,15659783437
"Sep 1, 2025, 4:48:12 PM",Kudos,Activity,15660139536
"Sep 1, 2025, 4:48:15 PM",Kudos,Activity,15660707739
"Sep 1, 2025, 4:48:26 PM",Kudos,Activity,15658712995
"Sep 1, 2025, 4:48:28 PM",Kudos,Activity,15659964563
"Sep 1, 2025, 4:48:33 PM",Kudos,Activity,15658644321
"Sep 1, 2025, 4:49:19 PM",Kudos,Activity,15659592485
"Sep 1, 2025, 4:49:37 PM",Kudos,Activity,15658373699
"Sep 1, 2025, 4:49:45 PM",Kudos,Activity,15659318465
"Sep 1, 2025, 4:49:58 PM",Kudos,Activity,15654837908
"Sep 1, 2025, 4:50:49 PM",Kudos,Activity,15658173613
"Sep 1, 2025, 5:54:01 PM",Kudos,Activity,15638922130
"Sep 1, 2025, 7:29:17 PM",Kudos,Activity,15661518158
"Sep 2, 2025, 12:34:51 PM",Kudos,Activity,15669306183
"Sep 2, 2025, 12:34:56 PM",Kudos,Activity,15669714439
"Sep 2, 2025, 2:30:47 PM",Kudos,Activity,15670155098
"Sep 2, 2025, 2:31:06 PM",Kudos,Activity,15670761711
"Sep 2, 2025, 2:31:10 PM",Kudos,Activity,15670605952
"Sep 2, 2025, 2:31:25 PM",Kudos,Activity,15669501067
"Sep 2, 2025, 2:31:41 PM",Kudos,Activity,15666710908
"Sep 2, 2025, 3:09:29 PM",Kudos,Activity,15671509721
"Sep 2, 2025, 3:09:34 PM",Kudos,Activity,15670390563
"Sep 2, 2025, 3:09:50 PM",Kudos,Activity,15665051950
"Sep 2, 2025, 3:10:00 PM",Kudos,Activity,15664321581
"Sep 2, 2025, 3:10:03 PM",Kudos,Activity,15652682944
"Sep 2, 2025, 3:10:44 PM",Kudos,Activity,15663543315
"Sep 2, 2025, 3:10:51 PM",Kudos,Activity,15637873371
"Sep 2, 2025, 3:11:36 PM",Kudos,Activity,15648492004
"Sep 2, 2025, 3:11:40 PM",Kudos,Activity,15648475432
"Sep 2, 2025, 3:11:46 PM",Kudos,Activity,15639093786
"Sep 2, 2025, 3:11:51 PM",Kudos,Activity,15631621361
"Sep 2, 2025, 3:12:17 PM",Kudos,Activity,15626253346
"Sep 2, 2025, 3:12:20 PM",Kudos,Activity,15627899661
"Sep 2, 2025, 4:47:25 PM",Kudos,Activity,15672152607
"Sep 2, 2025, 4:47:33 PM",Kudos,Activity,15671894252
"Sep 2, 2025, 4:48:56 PM",Kudos,Activity,15672277544
"Sep 2, 2025, 4:49:08 PM",Kudos,Activity,15671751407
"Sep 2, 2025, 4:49:12 PM",Kudos,Activity,15638638404
"Sep 2, 2025, 4:49:24 PM",Kudos,Activity,15632476710
"Sep 2, 2025, 8:36:01 PM",Kudos,Activity,15674191137
"Sep 2, 2025, 8:36:51 PM",Kudos,Activity,15673456278
"Sep 2, 2025, 8:37:15 PM",Kudos,Activity,15673853234
"Sep 2, 2025, 8:37:18 PM",Kudos,Activity,15674394735
"Sep 2, 2025, 8:37:25 PM",Kudos,Activity,15673035623
"Sep 2, 2025, 8:37:31 PM",Kudos,Activity,15673853216
"Sep 2, 2025, 8:37:39 PM",Kudos,Activity,15664703181
"Sep 2, 2025, 8:37:50 PM",Kudos,Activity,15652831774
"Sep 2, 2025, 8:38:16 PM",Kudos,Activity,15639691547
"Sep 2, 2025, 8:38:29 PM",Kudos,Activity,15630421524
"Sep 3, 2025, 12:49:11 PM",Kudos,Activity,15682187073
"Sep 3, 2025, 12:49:13 PM",Kudos,Activity,15676917908
"Sep 3, 2025, 12:49:18 PM",Kudos,Activity,15675880564
"Sep 3, 2025, 12:49:34 PM",Kudos,Activity,15681113668
"Sep 3, 2025, 12:49:37 PM",Kudos,Activity,15677196305
"Sep 3, 2025, 12:49:58 PM",Kudos,Activity,15678068594
"Sep 3, 2025, 12:50:04 PM",Kudos,Activity,15679061665
"Sep 3, 2025, 12:51:12 PM",Kudos,Activity,15679354407
"Sep 3, 2025, 12:51:30 PM",Kudos,Activity,15676357826
"Sep 3, 2025, 12:51:32 PM",Kudos,Activity,15676781917
"Sep 3, 2025, 12:52:03 PM",Kudos,Activity,15681636602
"Sep 3, 2025, 12:52:06 PM",Kudos,Activity,15682281099
"Sep 3, 2025, 12:52:08 PM",Kudos,Activity,15678404579
"Sep 3, 2025, 12:52:12 PM",Kudos,Activity,15676986518
"Sep 3, 2025, 5:45:03 PM",Kudos,Activity,15684009537
"Sep 3, 2025, 5:45:11 PM",Kudos,Activity,15683676271
"Sep 3, 2025, 5:45:27 PM",Kudos,Activity,15682361613
"Sep 3, 2025, 5:46:03 PM",Kudos,Activity,15685504909
"Sep 3, 2025, 5:46:12 PM",Kudos,Activity,15682865694
"Sep 3, 2025, 5:46:20 PM",Kudos,Activity,15684666071
"Sep 3, 2025, 5:46:53 PM",Kudos,Activity,15682749638
"Sep 3, 2025, 8:17:31 PM",Kudos,Activity,15685750826
"Sep 3, 2025, 8:17:37 PM",Kudos,Activity,15685033878
"Sep 3, 2025, 8:18:00 PM",Kudos,Activity,15677174394
"Sep 3, 2025, 11:16:16 PM",Kudos,Activity,15688315951
"Sep 3, 2025, 11:16:34 PM",Kudos,Activity,15688720347
"Sep 3, 2025, 11:16:37 PM",Kudos,Activity,15688682680
"Sep 3, 2025, 11:16:45 PM",Kudos,Activity,15687396752
"Sep 3, 2025, 11:17:02 PM",Kudos,Activity,15675915233
"Sep 5, 2025, 4:48:26 PM",Kudos,Activity,15705347202
"Sep 5, 2025, 4:48:30 PM",Kudos,Activity,15704878542
"Sep 5, 2025, 4:48:40 PM",Kudos,Activity,15704887015
"Sep 5, 2025, 4:48:52 PM",Kudos,Activity,15704911770
"Sep 5, 2025, 4:48:59 PM",Kudos,Activity,15704877870
"Sep 5, 2025, 4:49:07 PM",Kudos,Activity,15705820607
"Sep 5, 2025, 4:49:14 PM",Kudos,Activity,15704778792
"Sep 5, 2025, 4:50:30 PM",Kudos,Activity,15705311788
"Sep 5, 2025, 4:50:45 PM",Kudos,Activity,15705915461
"Sep 5, 2025, 5:50:11 PM",Kudos,Activity,15700234671
"Sep 6, 2025, 1:26:22 PM",Kudos,Activity,15716921115
"Sep 6, 2025, 1:26:24 PM",Kudos,Activity,15716882655
"Sep 6, 2025, 1:26:27 PM",Kudos,Activity,15711136803
"Sep 6, 2025, 1:26:48 PM",Kudos,Activity,15711172856
"Sep 6, 2025, 1:27:06 PM",Kudos,Activity,15709178476
"Sep 6, 2025, 1:27:11 PM",Kudos,Activity,15711136775
"Sep 6, 2025, 1:32:47 PM",Kudos,Activity,15705648053
"Sep 6, 2025, 1:32:51 PM",Kudos,Activity,15699915532
"Sep 6, 2025, 5:09:10 PM",Kudos,Activity,15719160771
"Sep 6, 2025, 5:09:13 PM",Kudos,Activity,15717369544
"Sep 6, 2025, 5:09:18 PM",Kudos,Activity,15719767907
"Sep 6, 2025, 5:10:13 PM",Kudos,Activity,15717888336
"Sep 6, 2025, 5:10:16 PM",Kudos,Activity,15719331227
"Sep 6, 2025, 5:10:19 PM",Kudos,Activity,15718259752
"Sep 6, 2025, 5:10:26 PM",Kudos,Activity,15718258820
"Sep 6, 2025, 5:10:45 PM",Kudos,Activity,15718913255
"Sep 6, 2025, 5:10:47 PM",Kudos,Activity,15719803853
"Sep 6, 2025, 5:10:50 PM",Kudos,Activity,15719754580
"Sep 6, 2025, 5:10:54 PM",Kudos,Activity,15717165559
"Sep 6, 2025, 5:10:57 PM",Kudos,Activity,15700576188
"Sep 6, 2025, 5:10:58 PM",Kudos,Activity,15700623420
"Sep 6, 2025, 6:28:33 PM",Kudos,Activity,15720198085
"Sep 6, 2025, 6:28:40 PM",Kudos,Activity,15720310376
"Sep 6, 2025, 6:28:43 PM",Kudos,Activity,15708014524
"Sep 6, 2025, 6:28:45 PM",Kudos,Activity,15694196586
"Sep 6, 2025, 6:28:49 PM",Kudos,Activity,15694788373
"Sep 6, 2025, 6:28:50 PM",Kudos,Activity,15700281050
"Sep 6, 2025, 6:28:52 PM",Kudos,Activity,15705737332
"Sep 6, 2025, 6:28:55 PM",Kudos,Activity,15694393054
"Sep 6, 2025, 6:29:05 PM",Kudos,Activity,15693907197
"Sep 7, 2025, 1:38:03 AM",Kudos,Activity,15696375553
"Sep 7, 2025, 9:18:48 AM",Kudos,Activity,15696553455
"Sep 7, 2025, 9:19:17 AM",Kudos,Activity,15723119233
"Sep 7, 2025, 9:19:22 AM",Kudos,Activity,15723106087
"Sep 7, 2025, 9:19:23 AM",Kudos,Activity,15723141751
"Sep 7, 2025, 9:20:55 AM",Kudos,Activity,15721856723
"Sep 7, 2025, 9:22:37 AM",Kudos,Activity,15722566269
"Sep 7, 2025, 9:22:38 AM",Kudos,Activity,15723065885
"Sep 7, 2025, 9:23:15 AM",Kudos,Activity,15722299824
"Sep 7, 2025, 9:23:19 AM",Kudos,Activity,15723128840
"Sep 7, 2025, 9:23:24 AM",Kudos,Activity,15721035930
"Sep 7, 2025, 9:23:33 AM",Kudos,Activity,15694775915
"Sep 7, 2025, 9:23:43 AM",Kudos,Activity,15706567577
"Sep 7, 2025, 9:23:58 AM",Kudos,Activity,15699935740
"Sep 7, 2025, 9:24:54 AM",Kudos,Activity,15692468441
"Sep 7, 2025, 5:58:57 PM",Kudos,Activity,15729823864
"Sep 7, 2025, 5:59:20 PM",Kudos,Activity,15730071126
"Sep 7, 2025, 5:59:22 PM",Kudos,Activity,15730073632
"Sep 7, 2025, 5:59:27 PM",Kudos,Activity,15730765584
"Sep 7, 2025, 6:00:03 PM",Kudos,Activity,15731301658
"Sep 7, 2025, 6:00:18 PM",Kudos,Activity,15729946368
"Sep 7, 2025, 6:00:48 PM",Kudos,Activity,15730898804
"Sep 7, 2025, 6:00:50 PM",Kudos,Activity,15730294318
"Sep 7, 2025, 6:00:52 PM",Kudos,Activity,15729398762
"Sep 8, 2025, 11:39:25 AM",Kudos,Activity,15737829182
"Sep 8, 2025, 11:39:36 AM",Kudos,Activity,15736762869
"Sep 8, 2025, 11:39:41 AM",Kudos,Activity,15736735197
"Sep 8, 2025, 11:40:16 AM",Kudos,Activity,15732447787
"Sep 8, 2025, 11:40:20 AM",Kudos,Activity,15727572380
"Sep 8, 2025, 11:40:46 AM",Kudos,Activity,15721237494
"Sep 8, 2025, 11:40:55 AM",Kudos,Activity,15732339180
"Sep 8, 2025, 11:41:49 AM",Kudos,Activity,15729832329
"Sep 8, 2025, 11:43:05 AM",Kudos,Activity,15730799589
"Sep 8, 2025, 12:53:51 PM",Kudos,Activity,15739414113
"Sep 8, 2025, 12:54:02 PM",Kudos,Activity,15739414208
"Sep 8, 2025, 12:54:16 PM",Kudos,Activity,15739419195
"Sep 8, 2025, 7:13:57 PM",Kudos,Activity,15740389710
"Sep 8, 2025, 7:13:59 PM",Kudos,Activity,15741578149
"Sep 8, 2025, 7:14:12 PM",Kudos,Activity,15740432825
"Sep 8, 2025, 7:14:23 PM",Kudos,Activity,15741123276
"Sep 8, 2025, 7:14:52 PM",Kudos,Activity,15741396969
"Sep 8, 2025, 7:14:55 PM",Kudos,Activity,15740893661
"Sep 8, 2025, 7:15:04 PM",Kudos,Activity,15734427902
"Sep 8, 2025, 7:15:44 PM",Kudos,Activity,15718350478
"Sep 8, 2025, 7:16:03 PM",Kudos,Activity,15730142080
"Sep 8, 2025, 7:41:31 PM",Kudos,Activity,15720597917
"Sep 8, 2025, 7:42:44 PM",Kudos,Activity,15694570191
"Sep 9, 2025, 3:09:39 AM",Kudos,Activity,15746420933
"Sep 9, 2025, 3:09:53 AM",Kudos,Activity,15746757413
"Sep 9, 2025, 3:09:58 AM",Kudos,Activity,15746327179
"Sep 9, 2025, 1:17:23 PM",Kudos,Activity,15750836380
"Sep 9, 2025, 1:17:28 PM",Kudos,Activity,15749700703
"Sep 9, 2025, 1:17:33 PM",Kudos,Activity,15751172965
"Sep 9, 2025, 1:17:35 PM",Kudos,Activity,15751438736
"Sep 9, 2025, 1:17:41 PM",Kudos,Activity,15751339129
"Sep 9, 2025, 1:17:55 PM",Kudos,Activity,15745466968
"Sep 9, 2025, 1:18:06 PM",Kudos,Activity,15745580905
"Sep 9, 2025, 7:09:36 PM",Kudos,Activity,15752781820
"Sep 9, 2025, 7:09:38 PM",Kudos,Activity,15754180124
"Sep 9, 2025, 7:09:41 PM",Kudos,Activity,15751777665
"Sep 9, 2025, 7:09:45 PM",Kudos,Activity,15754996968
"Sep 9, 2025, 9:55:24 PM",Kudos,Activity,15757080253
"Sep 9, 2025, 9:55:28 PM",Kudos,Activity,15757065842
"Sep 10, 2025, 3:44:11 AM",Kudos,Activity,15757242897
"Sep 10, 2025, 3:44:14 AM",Kudos,Activity,15758968629
"Sep 10, 2025, 3:44:18 AM",Kudos,Activity,15758353983
"Sep 10, 2025, 3:44:23 AM",Kudos,Activity,15758221940
"Sep 10, 2025, 3:44:33 AM",Kudos,Activity,15758891643
"Sep 10, 2025, 3:44:40 AM",Kudos,Activity,15759075268
"Sep 10, 2025, 1:02:14 PM",Kudos,Activity,15763390118
"Sep 10, 2025, 1:02:20 PM",Kudos,Activity,15763232074
"Sep 10, 2025, 1:02:31 PM",Kudos,Activity,15761811336
"Sep 10, 2025, 1:02:37 PM",Kudos,Activity,15762795338
"Sep 10, 2025, 1:02:40 PM",Kudos,Activity,15763211387
"Sep 10, 2025, 2:12:57 PM",Kudos,Activity,15762645115
"Sep 10, 2025, 2:13:07 PM",Kudos,Activity,15762095984
"Sep 10, 2025, 3:00:25 PM",Kudos,Activity,15764226474
"Sep 10, 2025, 8:38:25 PM",Kudos,Activity,15765342405
"Sep 10, 2025, 8:38:27 PM",Kudos,Activity,15766355683
"Sep 10, 2025, 8:38:37 PM",Kudos,Activity,15765220449
"Sep 11, 2025, 3:05:44 AM",Kudos,Activity,15769548739
"Sep 11, 2025, 3:05:51 AM",Kudos,Activity,15769666125
"Sep 11, 2025, 3:05:55 AM",Kudos,Activity,15769824014
"Sep 11, 2025, 3:06:05 AM",Kudos,Activity,15770524674
"Sep 11, 2025, 3:06:07 AM",Kudos,Activity,15770518935
"Sep 11, 2025, 3:06:11 AM",Kudos,Activity,15770519945
"Sep 11, 2025, 3:06:15 AM",Kudos,Activity,15769815252
"Sep 11, 2025, 4:04:14 AM",Kudos,Activity,15769435378
"Sep 11, 2025, 2:42:39 PM",Kudos,Activity,15775062745
"Sep 11, 2025, 2:42:52 PM",Kudos,Activity,15775128614
"Sep 11, 2025, 2:42:54 PM",Kudos,Activity,15773162582
"Sep 11, 2025, 2:42:58 PM",Kudos,Activity,15774464532
"Sep 11, 2025, 2:43:05 PM",Kudos,Activity,15775291550
"Sep 11, 2025, 2:43:06 PM",Kudos,Activity,15774119811
"Sep 11, 2025, 2:43:11 PM",Kudos,Activity,15774988866
"Sep 11, 2025, 2:43:16 PM",Kudos,Activity,15773064266
"Sep 11, 2025, 4:25:38 PM",Kudos,Activity,15776074627
"Sep 11, 2025, 4:25:43 PM",Kudos,Activity,15776665628
"Sep 11, 2025, 4:25:50 PM",Kudos,Activity,15776146967
"Sep 11, 2025, 4:55:40 PM",Kudos,Activity,15776993519
"Sep 12, 2025, 1:27:31 PM",Kudos,Activity,15785434151
"Sep 12, 2025, 1:27:37 PM",Kudos,Activity,15785877807
"Sep 12, 2025, 1:27:48 PM",Kudos,Activity,15785876805
"Sep 12, 2025, 1:28:13 PM",Kudos,Activity,15781056436
"Sep 12, 2025, 1:28:19 PM",Kudos,Activity,15780856230
"Sep 12, 2025, 1:29:23 PM",Kudos,Activity,15780553403
"Sep 12, 2025, 8:24:10 PM",Kudos,Activity,15787651277
"Sep 12, 2025, 8:26:07 PM",Kudos,Activity,15786602489
"Sep 12, 2025, 8:26:18 PM",Kudos,Activity,15786552910
"Sep 12, 2025, 8:26:21 PM",Kudos,Activity,15785818347
"Sep 12, 2025, 8:26:24 PM",Kudos,Activity,15786963957
"Sep 13, 2025, 2:27:02 AM",Kudos,Activity,15790361443
"Sep 13, 2025, 2:27:08 AM",Kudos,Activity,15790438025
"Sep 13, 2025, 2:27:11 AM",Kudos,Activity,15791146545
"Sep 13, 2025, 2:27:15 AM",Kudos,Activity,15787876135
"Sep 13, 2025, 2:27:32 AM",Kudos,Activity,15788087309
"Sep 13, 2025, 1:37:47 PM",Kudos,Activity,15796306169
"Sep 13, 2025, 1:37:51 PM",Kudos,Activity,15793172525
"Sep 13, 2025, 1:37:59 PM",Kudos,Activity,15797015158
"Sep 13, 2025, 1:38:02 PM",Kudos,Activity,15791502871
"Sep 13, 2025, 3:38:56 PM",Kudos,Activity,15797269762
"Sep 13, 2025, 3:38:57 PM",Kudos,Activity,15797895695
"Sep 13, 2025, 3:39:00 PM",Kudos,Activity,15797556769
"Sep 13, 2025, 3:39:08 PM",Kudos,Activity,15797578033
"Sep 13, 2025, 3:39:10 PM",Kudos,Activity,15798148885
"Sep 13, 2025, 3:39:18 PM",Kudos,Activity,15797292800
"Sep 13, 2025, 3:39:28 PM",Kudos,Activity,15781985754
"Sep 13, 2025, 7:49:02 PM",Kudos,Activity,15799589106
"Sep 13, 2025, 7:49:23 PM",Kudos,Activity,15799338553
"Sep 13, 2025, 7:50:29 PM",Kudos,Activity,15799877108
"Sep 13, 2025, 7:50:33 PM",Kudos,Activity,15800414298
"Sep 13, 2025, 7:50:43 PM",Kudos,Activity,15798954891
"Sep 13, 2025, 7:50:46 PM",Kudos,Activity,15799203430
"Sep 13, 2025, 7:50:50 PM",Kudos,Activity,15801021598
"Sep 13, 2025, 8:00:04 PM",Kudos,Activity,15786010192
"Sep 13, 2025, 8:00:09 PM",Kudos,Activity,15784415614
"Sep 13, 2025, 8:01:02 PM",Kudos,Activity,15777407473
"Sep 13, 2025, 9:08:47 PM",Kudos,Activity,15801319332
"Sep 13, 2025, 9:09:26 PM",Kudos,Activity,15801214790
"Sep 13, 2025, 9:09:32 PM",Kudos,Activity,15801322719
"Sep 13, 2025, 9:09:39 PM",Kudos,Activity,15801401745
"Sep 13, 2025, 9:09:42 PM",Kudos,Activity,15800747630
"Sep 14, 2025, 9:44:38 PM",Kudos,Activity,15812280181
"Sep 14, 2025, 9:45:21 PM",Kudos,Activity,15807212773
"Sep 14, 2025, 9:46:07 PM",Kudos,Activity,15809202320
"Sep 14, 2025, 9:46:10 PM",Kudos,Activity,15811792895
"Sep 14, 2025, 9:46:14 PM",Kudos,Activity,15805715374
"Sep 15, 2025, 2:09:48 AM",Kudos,Activity,15814448071
"Sep 15, 2025, 2:10:24 AM",Kudos,Activity,15814596255
"Sep 15, 2025, 2:10:36 AM",Kudos,Activity,15814065847
"Sep 15, 2025, 2:10:41 AM",Kudos,Activity,15814327126
"Sep 15, 2025, 2:10:50 AM",Kudos,Activity,15813893183
"Sep 15, 2025, 2:11:05 AM",Kudos,Activity,15810114472
"Sep 15, 2025, 2:11:11 AM",Kudos,Activity,15809970685
"Sep 15, 2025, 2:11:12 AM",Kudos,Activity,15810279684
"Sep 15, 2025, 2:11:14 AM",Kudos,Activity,15810937017
"Sep 15, 2025, 2:11:19 AM",Kudos,Activity,15810978490
"Sep 15, 2025, 2:11:24 AM",Kudos,Activity,15809500270
"Sep 15, 2025, 2:11:43 AM",Kudos,Activity,15810692035
"Sep 15, 2025, 2:11:51 AM",Kudos,Activity,15802022291
"Sep 15, 2025, 2:11:53 AM",Kudos,Activity,15811099888
"Sep 15, 2025, 2:12:37 AM",Kudos,Activity,15802697629
"Sep 15, 2025, 12:11:57 PM",Kudos,Activity,15817727878
"Sep 15, 2025, 12:12:05 PM",Kudos,Activity,15818405516
"Sep 15, 2025, 12:12:10 PM",Kudos,Activity,15817738214
"Sep 15, 2025, 12:12:14 PM",Kudos,Activity,15815054394
"Sep 15, 2025, 12:12:45 PM",Kudos,Activity,15812818591
"Sep 15, 2025, 12:12:53 PM",Kudos,Activity,15810745868
"Sep 15, 2025, 12:13:20 PM",Kudos,Activity,15811393460
"Sep 15, 2025, 3:25:15 PM",Kudos,Activity,15818789307
"Sep 15, 2025, 3:25:17 PM",Kudos,Activity,15819755070
"Sep 15, 2025, 3:25:24 PM",Kudos,Activity,15818871533
"Sep 15, 2025, 3:25:28 PM",Kudos,Activity,15819190240
"Sep 15, 2025, 3:25:32 PM",Kudos,Activity,15820191013
"Sep 15, 2025, 3:25:35 PM",Kudos,Activity,15819225177
"Sep 15, 2025, 3:25:41 PM",Kudos,Activity,15818996900
"Sep 15, 2025, 3:42:17 PM",Kudos,Activity,15820286165
"Sep 15, 2025, 3:43:10 PM",Kudos,Activity,15820269466
"Sep 15, 2025, 3:43:15 PM",Kudos,Activity,15778552064
"Sep 15, 2025, 3:56:30 PM",Kudos,Activity,15780428076
"Sep 15, 2025, 10:12:01 PM",Kudos,Activity,15824208175
"Sep 15, 2025, 10:12:09 PM",Kudos,Activity,15821579525
"Sep 15, 2025, 10:12:16 PM",Kudos,Activity,15823471334
"Sep 16, 2025, 1:44:41 AM",Kudos,Activity,15824847878
"Sep 16, 2025, 1:44:44 AM",Kudos,Activity,15824738989
"Sep 16, 2025, 1:44:48 AM",Kudos,Activity,15824807179
"Sep 16, 2025, 1:44:51 AM",Kudos,Activity,15825054946
"Sep 16, 2025, 1:44:52 AM",Kudos,Activity,15825532442
"Sep 16, 2025, 11:21:09 AM",Kudos,Activity,15827911821
"Sep 16, 2025, 11:21:16 AM",Kudos,Activity,15829178274
"Sep 16, 2025, 11:21:38 AM",Kudos,Activity,15825046228
"Sep 16, 2025, 11:21:44 AM",Kudos,Activity,15825999680
"Sep 16, 2025, 12:37:39 PM",Kudos,Activity,15829786430
"Sep 16, 2025, 12:38:01 PM",Kudos,Activity,15829404312
"Sep 16, 2025, 12:38:20 PM",Kudos,Activity,15829776429
"Sep 16, 2025, 12:38:25 PM",Kudos,Activity,15783885046
"Sep 16, 2025, 1:09:01 PM",Kudos,Activity,15830425606
"Sep 16, 2025, 2:01:59 PM",Kudos,Activity,15830555496
"Sep 16, 2025, 2:02:02 PM",Kudos,Activity,15830710097
"Sep 16, 2025, 2:02:05 PM",Kudos,Activity,15830984099
"Sep 16, 2025, 2:02:08 PM",Kudos,Activity,15830785196
"Sep 16, 2025, 2:02:57 PM",Kudos,Activity,15830590315
"Sep 16, 2025, 2:03:11 PM",Kudos,Activity,15830595183
"Sep 16, 2025, 2:03:19 PM",Kudos,Activity,15830325267
"Sep 16, 2025, 3:29:12 PM",Kudos,Activity,15831255960
"Sep 16, 2025, 3:29:20 PM",Kudos,Activity,15831025122
"Sep 16, 2025, 8:16:55 PM",Kudos,Activity,15833947894
"Sep 16, 2025, 8:17:07 PM",Kudos,Activity,15833065010
"Sep 16, 2025, 8:17:10 PM",Kudos,Activity,15831992989
"Sep 16, 2025, 8:17:35 PM",Kudos,Activity,15832078707
"Sep 16, 2025, 9:19:30 PM",Kudos,Activity,15835032429
"Sep 17, 2025, 2:06:39 AM",Kudos,Activity,15837237599
"Sep 17, 2025, 2:06:45 AM",Kudos,Activity,15836165442
"Sep 17, 2025, 2:07:21 AM",Kudos,Activity,15836689350
"Sep 17, 2025, 2:07:28 AM",Kudos,Activity,15837046668
"Sep 17, 2025, 2:07:40 AM",Kudos,Activity,15836569665
"Sep 17, 2025, 2:07:43 AM",Kudos,Activity,15835858046
"Sep 17, 2025, 2:07:48 AM",Kudos,Activity,15835756452
"Sep 17, 2025, 2:07:50 AM",Kudos,Activity,15837876942
"Sep 17, 2025, 2:07:55 AM",Kudos,Activity,15836576130
"Sep 17, 2025, 3:42:05 PM",Kudos,Activity,15841737084
"Sep 17, 2025, 3:42:12 PM",Kudos,Activity,15843441182
"Sep 17, 2025, 3:43:19 PM",Kudos,Activity,15840312461
"Sep 17, 2025, 3:43:31 PM",Kudos,Activity,15842550147
"Sep 17, 2025, 3:43:33 PM",Kudos,Activity,15840972462
"Sep 17, 2025, 3:43:46 PM",Kudos,Activity,15842147147
"Sep 17, 2025, 3:43:50 PM",Kudos,Activity,15843687502
"Sep 17, 2025, 3:43:54 PM",Kudos,Activity,15837511013
"Sep 17, 2025, 3:44:03 PM",Kudos,Activity,15840737386
"Sep 17, 2025, 6:38:00 PM",Kudos,Activity,15844327838
"Sep 17, 2025, 6:38:16 PM",Kudos,Activity,15844507514
"Sep 17, 2025, 6:38:33 PM",Kudos,Activity,15844535299
"Sep 17, 2025, 6:38:40 PM",Kudos,Activity,15845207268
"Sep 17, 2025, 11:40:26 PM",Kudos,Activity,15847775548
"Sep 17, 2025, 11:40:55 PM",Kudos,Activity,15848218811
"Sep 17, 2025, 11:41:05 PM",Kudos,Activity,15848154774
"Sep 17, 2025, 11:41:11 PM",Kudos,Activity,15848338451
"Sep 18, 2025, 12:03:46 AM",Kudos,Activity,15848433834
"Sep 18, 2025, 5:13:25 PM",Kudos,Activity,15853928109
"Sep 18, 2025, 5:13:46 PM",Kudos,Activity,15853086552
"Sep 18, 2025, 5:13:51 PM",Kudos,Activity,15856034838
"Sep 18, 2025, 5:13:53 PM",Kudos,Activity,15852543094
"Sep 18, 2025, 5:14:01 PM",Kudos,Activity,15853776817
"Sep 18, 2025, 5:14:09 PM",Kudos,Activity,15852886916
"Sep 18, 2025, 7:38:42 PM",Kudos,Activity,15857066031
"Sep 18, 2025, 9:47:34 PM",Kudos,Activity,15857968063
"Sep 18, 2025, 9:47:38 PM",Kudos,Activity,15857046005
"Sep 18, 2025, 9:47:51 PM",Kudos,Activity,15858771694
"Sep 18, 2025, 9:47:56 PM",Kudos,Activity,15856921726
"Sep 18, 2025, 9:48:06 PM",Kudos,Activity,15855377448
"Sep 19, 2025, 2:32:07 AM",Kudos,Activity,15859027683
"Sep 19, 2025, 2:32:09 AM",Kudos,Activity,15860054814
"Sep 19, 2025, 2:32:18 AM",Kudos,Activity,15859278477
"Sep 19, 2025, 2:32:58 AM",Kudos,Activity,15859146300
"Sep 19, 2025, 2:33:00 AM",Kudos,Activity,15859751982
"Sep 19, 2025, 2:33:28 AM",Kudos,Activity,15859769639
"Sep 19, 2025, 2:33:57 AM",Kudos,Activity,15859997278
"Sep 19, 2025, 2:34:00 AM",Kudos,Activity,15860642970
"Sep 19, 2025, 2:34:02 AM",Kudos,Activity,15860345228
"Sep 19, 2025, 2:34:17 AM",Kudos,Activity,15856739381
"Sep 19, 2025, 2:34:23 AM",Kudos,Activity,15848771618
"Sep 19, 2025, 1:14:22 PM",Kudos,Activity,15864279882
"Sep 19, 2025, 1:14:24 PM",Kudos,Activity,15864239505
"Sep 19, 2025, 1:14:25 PM",Kudos,Activity,15864815139
"Sep 19, 2025, 2:56:43 PM",Kudos,Activity,15864572185
"Sep 19, 2025, 2:57:04 PM",Kudos,Activity,15865726568
"Sep 19, 2025, 2:57:12 PM",Kudos,Activity,15864452749
"Sep 19, 2025, 2:57:18 PM",Kudos,Activity,15865034081
"Sep 19, 2025, 8:51:31 PM",Kudos,Activity,15868108584
"Sep 19, 2025, 8:51:46 PM",Kudos,Activity,15867427112
"Sep 19, 2025, 8:51:49 PM",Kudos,Activity,15866732157
"Sep 19, 2025, 8:51:53 PM",Kudos,Activity,15867836598
"Sep 19, 2025, 8:52:01 PM",Kudos,Activity,15867902340
"Sep 19, 2025, 8:52:05 PM",Kudos,Activity,15868885719
"Sep 19, 2025, 8:52:07 PM",Kudos,Activity,15866297524
"Sep 19, 2025, 8:52:10 PM",Kudos,Activity,15866270374
"Sep 19, 2025, 8:52:18 PM",Kudos,Activity,15864799088
"Sep 19, 2025, 8:52:20 PM",Kudos,Activity,15865115737
"Sep 19, 2025, 8:52:40 PM",Kudos,Activity,15853717956
"Sep 19, 2025, 8:57:43 PM",Kudos,Activity,15863786258
"Sep 19, 2025, 8:57:47 PM",Kudos,Activity,15865028049
"Sep 19, 2025, 8:57:52 PM",Kudos,Activity,15864820663
"Sep 19, 2025, 8:57:56 PM",Kudos,Activity,15863812588
"Sep 19, 2025, 8:57:57 PM",Kudos,Activity,15860822127
"Sep 19, 2025, 8:58:02 PM",Kudos,Activity,15860579383
"Sep 19, 2025, 8:58:07 PM",Kudos,Activity,15864974246
"Sep 20, 2025, 6:20:05 PM",Kudos,Activity,15878327723
"Sep 20, 2025, 6:20:39 PM",Kudos,Activity,15879300578
"Sep 20, 2025, 6:21:22 PM",Kudos,Activity,15879347541
"Sep 20, 2025, 6:21:24 PM",Kudos,Activity,15879046089
"Sep 20, 2025, 6:21:28 PM",Kudos,Activity,15877366317
"Sep 20, 2025, 6:21:31 PM",Kudos,Activity,15878660764
"Sep 20, 2025, 6:21:39 PM",Kudos,Activity,15876071739
"Sep 20, 2025, 6:21:41 PM",Kudos,Activity,15877408189
"Sep 20, 2025, 6:21:43 PM",Kudos,Activity,15878816769
"Sep 20, 2025, 6:49:03 PM",Kudos,Activity,15870386692
"Sep 20, 2025, 6:49:08 PM",Kudos,Activity,15879655451
"Sep 20, 2025, 6:49:28 PM",Kudos,Activity,15879598268
"Sep 20, 2025, 8:30:13 PM",Kudos,Activity,15879428789
"Sep 20, 2025, 8:30:15 PM",Kudos,Activity,15880438630
"Sep 20, 2025, 8:30:31 PM",Kudos,Activity,15880415318
"Sep 20, 2025, 8:30:34 PM",Kudos,Activity,15876011302
"Sep 20, 2025, 8:30:45 PM",Kudos,Activity,15878657718
"Sep 20, 2025, 8:30:53 PM",Kudos,Activity,15871445330
"Sep 20, 2025, 8:30:57 PM",Kudos,Activity,15869716385
"Sep 20, 2025, 8:31:44 PM",Kudos,Activity,15878060564
"Sep 20, 2025, 8:32:42 PM",Kudos,Activity,15876809931
"Sep 20, 2025, 8:32:47 PM",Kudos,Activity,15878060401
"Sep 20, 2025, 8:32:49 PM",Kudos,Activity,15877699320
"Sep 20, 2025, 11:36:17 PM",Kudos,Activity,15880614059
"Sep 20, 2025, 11:36:19 PM",Kudos,Activity,15881580278
"Sep 20, 2025, 11:36:25 PM",Kudos,Activity,15881218250
"Sep 20, 2025, 11:36:37 PM",Kudos,Activity,15877296077
"Sep 20, 2025, 11:36:42 PM",Kudos,Activity,15872274996
"Sep 20, 2025, 11:36:55 PM",Kudos,Activity,15878838394
"Sep 21, 2025, 6:00:10 PM",Kudos,Activity,15890971231
"Sep 21, 2025, 6:00:25 PM",Kudos,Activity,15890852979
"Sep 21, 2025, 6:00:30 PM",Kudos,Activity,15888669020
"Sep 21, 2025, 6:00:33 PM",Kudos,Activity,15889950642
"Sep 21, 2025, 6:00:38 PM",Kudos,Activity,15888298973
"Sep 21, 2025, 6:00:41 PM",Kudos,Activity,15888000709
"Sep 21, 2025, 6:00:48 PM",Kudos,Activity,15888124298
"Sep 21, 2025, 6:01:00 PM",Kudos,Activity,15890440899
"Sep 21, 2025, 6:01:10 PM",Kudos,Activity,15890486244
"Sep 21, 2025, 6:01:17 PM",Kudos,Activity,15882083812
"Sep 21, 2025, 6:48:15 PM",Kudos,Activity,15891795683
"Sep 21, 2025, 6:48:26 PM",Kudos,Activity,15888640765
"Sep 21, 2025, 6:48:45 PM",Kudos,Activity,15888254964
"Sep 21, 2025, 6:48:58 PM",Kudos,Activity,15876972736
"Sep 21, 2025, 6:49:15 PM",Kudos,Activity,15891822924
"Sep 21, 2025, 7:30:29 PM",Kudos,Activity,15892104038
"Sep 21, 2025, 7:30:32 PM",Kudos,Activity,15892074259
"Sep 21, 2025, 8:11:38 PM",Kudos,Activity,15892347998
"Sep 22, 2025, 2:23:44 PM",Kudos,Activity,15898226351
"Sep 22, 2025, 2:23:50 PM",Kudos,Activity,15897850719
"Sep 22, 2025, 2:24:09 PM",Kudos,Activity,15898071507
"Sep 22, 2025, 2:24:17 PM",Kudos,Activity,15897793667
"Sep 22, 2025, 2:24:19 PM",Kudos,Activity,15896949871
"Sep 22, 2025, 2:24:24 PM",Kudos,Activity,15892966983
"Sep 22, 2025, 2:24:28 PM",Kudos,Activity,15898369187
"Sep 22, 2025, 2:24:38 PM",Kudos,Activity,15893593545
"Sep 22, 2025, 2:24:46 PM",Kudos,Activity,15897259458
"Sep 22, 2025, 2:24:51 PM",Kudos,Activity,15898422675
"Sep 22, 2025, 2:24:59 PM",Kudos,Activity,15893600316
"Sep 22, 2025, 3:59:07 PM",Kudos,Activity,15899480961
"Sep 22, 2025, 3:59:17 PM",Kudos,Activity,15898994520
"Sep 22, 2025, 3:59:23 PM",Kudos,Activity,15892784805
"Sep 22, 2025, 5:33:24 PM",Kudos,Activity,15900054165
"Sep 22, 2025, 5:33:31 PM",Kudos,Activity,15899295648
"Sep 22, 2025, 5:33:37 PM",Kudos,Activity,15898829544
"Sep 23, 2025, 12:45:23 PM",Kudos,Activity,15908581840
"Sep 23, 2025, 12:45:26 PM",Kudos,Activity,15908012865
"Sep 23, 2025, 12:45:31 PM",Kudos,Activity,15908948804
"Sep 23, 2025, 12:45:36 PM",Kudos,Activity,15903699452
"Sep 23, 2025, 12:45:45 PM",Kudos,Activity,15903090148
"Sep 23, 2025, 12:46:13 PM",Kudos,Activity,15902968831
"Sep 23, 2025, 12:46:16 PM",Kudos,Activity,15908807497
"Sep 23, 2025, 12:46:19 PM",Kudos,Activity,15903475795
"Sep 23, 2025, 12:46:41 PM",Kudos,Activity,15904205093
"Sep 23, 2025, 12:46:46 PM",Kudos,Activity,15909011466
"Sep 23, 2025, 12:47:12 PM",Kudos,Activity,15904522697
"Sep 23, 2025, 12:47:15 PM",Kudos,Activity,15908681058
"Sep 23, 2025, 12:47:27 PM",Kudos,Activity,15908275139
"Sep 23, 2025, 12:47:32 PM",Kudos,Activity,15903415548
"Sep 23, 2025, 12:47:38 PM",Kudos,Activity,15904744056
"Sep 23, 2025, 2:10:42 PM",Kudos,Activity,15908804776
"Sep 23, 2025, 2:10:44 PM",Kudos,Activity,15909569100
"Sep 23, 2025, 8:53:13 PM",Kudos,Activity,15910316255
"Sep 23, 2025, 8:53:21 PM",Kudos,Activity,15912872622
"Sep 23, 2025, 8:53:29 PM",Kudos,Activity,15910713756
"Sep 23, 2025, 8:53:37 PM",Kudos,Activity,15911764530
"Sep 23, 2025, 9:53:35 PM",Kudos,Activity,15914390604
"Sep 23, 2025, 9:53:49 PM",Kudos,Activity,15913704106
"Sep 23, 2025, 9:54:01 PM",Kudos,Activity,15913907126
"Sep 23, 2025, 9:54:13 PM",Kudos,Activity,15910429918
"Sep 23, 2025, 9:54:15 PM",Kudos,Activity,15911767904
"Sep 23, 2025, 9:54:17 PM",Kudos,Activity,15911745103
"Sep 23, 2025, 9:54:19 PM",Kudos,Activity,15913064317
"Sep 23, 2025, 9:55:52 PM",Kudos,Post,39772005
"Sep 24, 2025, 11:10:45 AM",Kudos,Activity,15919576368
"Sep 24, 2025, 11:10:58 AM",Kudos,Activity,15915444135
"Sep 24, 2025, 11:11:03 AM",Kudos,Activity,15915347851
"Sep 24, 2025, 11:11:09 AM",Kudos,Activity,15915554636
"Sep 24, 2025, 11:11:13 AM",Kudos,Activity,15915504167
"Sep 24, 2025, 11:11:24 AM",Kudos,Activity,15915489597
"Sep 24, 2025, 11:12:02 AM",Kudos,Activity,15916044233
"Sep 24, 2025, 1:13:39 PM",Kudos,Activity,15920034264
"Sep 24, 2025, 1:13:42 PM",Kudos,Activity,15920636533
"Sep 24, 2025, 1:13:52 PM",Kudos,Activity,15920725590
"Sep 24, 2025, 3:25:42 PM",Kudos,Activity,15921137037
"Sep 24, 2025, 3:25:43 PM",Kudos,Activity,15921358146
"Sep 24, 2025, 3:25:52 PM",Kudos,Activity,15916991801
"Sep 24, 2025, 3:26:00 PM",Kudos,Activity,15920604792
"Sep 24, 2025, 3:26:25 PM",Kudos,Activity,15916591286
"Sep 24, 2025, 3:26:30 PM",Kudos,Activity,15919791946
"Sep 24, 2025, 3:26:46 PM",Kudos,Activity,15904994680
"Sep 24, 2025, 3:27:53 PM",Kudos,Activity,15920512265
"Sep 25, 2025, 11:58:02 AM",Kudos,Activity,15926389438
"Sep 25, 2025, 11:58:04 AM",Kudos,Activity,15930589676
"Sep 25, 2025, 1:48:14 PM",Kudos,Activity,15931427559
"Sep 25, 2025, 1:48:16 PM",Kudos,Activity,15931830423
"Sep 25, 2025, 1:48:21 PM",Kudos,Activity,15931406877
"Sep 25, 2025, 1:48:25 PM",Kudos,Activity,15931387429
"Sep 25, 2025, 2:16:16 PM",Kudos,Activity,15926526243
"Sep 25, 2025, 5:00:23 PM",Kudos,Activity,15922573350
"Sep 25, 2025, 5:00:30 PM",Kudos,Activity,15922676070
"Sep 25, 2025, 5:00:37 PM",Kudos,Activity,15924013263
"Sep 25, 2025, 5:00:43 PM",Kudos,Activity,15925384887
"Sep 25, 2025, 5:00:48 PM",Kudos,Activity,15926404807
"Sep 25, 2025, 5:01:01 PM",Kudos,Activity,15924144369
"Sep 25, 2025, 5:01:12 PM",Kudos,Activity,15916592147
"Sep 25, 2025, 5:01:25 PM",Kudos,Activity,15926928789
"Sep 26, 2025, 1:01:44 AM",Kudos,Activity,15936942155
"Sep 26, 2025, 1:01:47 AM",Kudos,Activity,15937417787
"Sep 26, 2025, 1:01:52 AM",Kudos,Activity,15937270707
"Sep 26, 2025, 1:01:58 AM",Kudos,Activity,15937610624
"Sep 26, 2025, 1:02:09 AM",Kudos,Activity,15937525080
"Sep 26, 2025, 1:02:12 AM",Kudos,Activity,15937372624
"Sep 26, 2025, 1:02:21 AM",Kudos,Activity,15935868586
"Sep 26, 2025, 1:02:25 AM",Kudos,Activity,15937857425
"Sep 26, 2025, 4:21:06 PM",Kudos,Activity,15941735230
"Sep 26, 2025, 4:21:33 PM",Kudos,Activity,15942367038
"Sep 26, 2025, 4:21:36 PM",Kudos,Activity,15941120159
"Sep 26, 2025, 4:21:47 PM",Kudos,Activity,15938040892
"Sep 26, 2025, 7:50:29 PM",Kudos,Activity,15945518749
"Sep 26, 2025, 7:50:34 PM",Kudos,Activity,15945357887
"Sep 26, 2025, 7:50:43 PM",Kudos,Activity,15941957382
"Sep 26, 2025, 7:50:47 PM",Kudos,Activity,15942212795
"Sep 26, 2025, 7:50:47 PM",Kudos,Activity,15942221984
"Sep 26, 2025, 7:50:49 PM",Kudos,Activity,15942001906
"Sep 27, 2025, 5:18:03 PM",Kudos,Activity,15954410017
"Sep 27, 2025, 5:18:18 PM",Kudos,Activity,15954509932
"Sep 27, 2025, 5:18:30 PM",Kudos,Activity,15953122208
"Sep 27, 2025, 5:18:38 PM",Kudos,Activity,15953871427
"Sep 27, 2025, 5:18:40 PM",Kudos,Activity,15954649837
"Sep 27, 2025, 6:03:56 PM",Kudos,Activity,15955050199
"Sep 27, 2025, 6:03:58 PM",Kudos,Activity,15954511855
"Sep 27, 2025, 6:04:00 PM",Kudos,Activity,15953730573
"Sep 28, 2025, 2:19:56 PM",Kudos,Activity,15965102506
"Sep 28, 2025, 2:20:01 PM",Kudos,Activity,15965629395
"Sep 28, 2025, 2:20:09 PM",Kudos,Activity,15959812718
"Sep 28, 2025, 2:20:12 PM",Kudos,Activity,15965593235
"Sep 28, 2025, 2:20:17 PM",Kudos,Activity,15964139464
"Sep 28, 2025, 2:20:52 PM",Kudos,Activity,15958365374
"Sep 28, 2025, 2:20:56 PM",Kudos,Activity,15960225919
"Sep 28, 2025, 2:21:00 PM",Kudos,Activity,15958890125
"Sep 28, 2025, 2:21:05 PM",Kudos,Activity,15956451522
"Sep 28, 2025, 2:21:13 PM",Kudos,Activity,15956483115
"Sep 28, 2025, 2:22:22 PM",Kudos,Activity,15957895530
"Sep 28, 2025, 2:22:43 PM",Kudos,Activity,15960069664
"Sep 28, 2025, 2:22:46 PM",Kudos,Activity,15956617436
"Sep 28, 2025, 2:22:55 PM",Kudos,Activity,15957717933
"Sep 28, 2025, 2:23:07 PM",Kudos,Activity,15956181103
"Sep 28, 2025, 2:24:24 PM",Kudos,Activity,15955372308
"Sep 28, 2025, 2:24:32 PM",Kudos,Activity,15947134050
"Sep 28, 2025, 2:24:37 PM",Kudos,Activity,15952829138
"Sep 28, 2025, 2:24:56 PM",Kudos,Activity,15946434391
"Sep 28, 2025, 4:07:36 PM",Kudos,Activity,15965561197
"Sep 28, 2025, 4:07:49 PM",Kudos,Activity,15966234334
"Sep 28, 2025, 4:07:52 PM",Kudos,Activity,15966142375
"Sep 28, 2025, 4:08:53 PM",Kudos,Activity,15966672620
"Sep 28, 2025, 4:09:00 PM",Kudos,Activity,15966290887
"Sep 28, 2025, 4:09:21 PM",Kudos,Post,39835850
"Sep 28, 2025, 4:09:32 PM",Kudos,Activity,15966540780
"Sep 28, 2025, 4:09:38 PM",Kudos,Activity,15967158703
"Sep 28, 2025, 4:09:51 PM",Kudos,Activity,15967006260
"Sep 28, 2025, 4:09:55 PM",Kudos,Activity,15966978517
"Sep 28, 2025, 4:10:50 PM",Kudos,Activity,15966119199
"Sep 28, 2025, 4:10:53 PM",Kudos,Activity,15965889466
"Sep 28, 2025, 5:26:03 PM",Kudos,Activity,15967770362
"Sep 28, 2025, 5:26:06 PM",Kudos,Activity,15967509649
"Sep 28, 2025, 5:26:11 PM",Kudos,Activity,15967744302
"Sep 28, 2025, 5:26:14 PM",Kudos,Activity,15967447689
"Sep 28, 2025, 8:58:22 PM",Kudos,Activity,15969479155
"Sep 28, 2025, 8:58:38 PM",Kudos,Activity,15969332562
"Sep 28, 2025, 8:58:50 PM",Kudos,Activity,15968393979
"Sep 28, 2025, 8:58:53 PM",Kudos,Activity,15968343585
"Sep 28, 2025, 9:00:14 PM",Kudos,Activity,15946843167
"Sep 28, 2025, 9:00:37 PM",Kudos,Activity,15954203871
"Sep 28, 2025, 9:00:40 PM",Kudos,Activity,15947134014
"Sep 28, 2025, 9:00:46 PM",Kudos,Activity,15941700177
"Sep 28, 2025, 9:00:48 PM",Kudos,Activity,15941654833
"Sep 28, 2025, 9:00:49 PM",Kudos,Activity,15941628752
"Sep 28, 2025, 9:00:51 PM",Kudos,Activity,15941747351
"Sep 28, 2025, 11:02:45 PM",Kudos,Activity,15970240895
"Sep 28, 2025, 11:02:57 PM",Kudos,Activity,15943776945
"Sep 28, 2025, 11:03:09 PM",Kudos,Activity,15947616009
"Sep 29, 2025, 1:57:19 AM",Kudos,Activity,15970793447
"Sep 29, 2025, 1:57:34 AM",Kudos,Activity,15970616116
"Sep 29, 2025, 12:22:32 PM",Kudos,Activity,15974480466
"Sep 29, 2025, 12:22:38 PM",Kudos,Activity,15973917160
"Sep 29, 2025, 12:23:06 PM",Kudos,Activity,15938389115
"Sep 29, 2025, 12:23:12 PM",Kudos,Activity,15930200888
"Sep 29, 2025, 12:37:59 PM",Kudos,Activity,15933841848
"Sep 29, 2025, 2:25:43 PM",Kudos,Activity,15975123786
"Sep 29, 2025, 2:25:53 PM",Kudos,Activity,15975582669
"Sep 29, 2025, 2:27:11 PM",Kudos,Post,39927124
"Sep 29, 2025, 6:53:38 PM",Kudos,Activity,15976925625
"Sep 30, 2025, 5:19:05 PM",Kudos,Activity,15985864777
"Sep 30, 2025, 5:19:16 PM",Kudos,Activity,15985766406
"Sep 30, 2025, 5:30:25 PM",Kudos,Activity,15980250348
"Sep 30, 2025, 5:30:26 PM",Kudos,Activity,15980338242
"Sep 30, 2025, 5:30:28 PM",Kudos,Activity,15985128634
"Sep 30, 2025, 5:30:32 PM",Kudos,Activity,15985462288
"Sep 30, 2025, 5:30:37 PM",Kudos,Activity,15979297443
"Sep 30, 2025, 5:30:48 PM",Kudos,Activity,15980721136
"Sep 30, 2025, 5:30:53 PM",Kudos,Activity,15980387750
"Sep 30, 2025, 5:31:04 PM",Kudos,Activity,15980311176
"Sep 30, 2025, 5:31:09 PM",Kudos,Activity,15980726810
"Sep 30, 2025, 5:31:32 PM",Kudos,Activity,15980430580
"Sep 30, 2025, 5:31:42 PM",Kudos,Activity,15981267999
"Sep 30, 2025, 7:08:31 PM",Kudos,Activity,15989686900
"Oct 1, 2025, 1:16:45 AM",Kudos,Activity,15993158730
"Oct 1, 2025, 1:16:48 AM",Kudos,Activity,15993204698
"Oct 1, 2025, 1:16:54 PM",Kudos,Activity,15997297866
"Oct 1, 2025, 1:16:57 PM",Kudos,Activity,15997253329
"Oct 1, 2025, 1:17:05 PM",Kudos,Activity,15998050158
"Oct 1, 2025, 1:17:17 PM",Kudos,Activity,15997772967
"Oct 1, 2025, 1:17:19 PM",Kudos,Activity,15996719488
"Oct 1, 2025, 1:17:21 PM",Kudos,Activity,15997164466
"Oct 1, 2025, 1:17:25 PM",Kudos,Activity,15997722307
"Oct 1, 2025, 1:17:31 PM",Kudos,Activity,15997297850
"Oct 1, 2025, 1:32:57 PM",Kudos,Activity,15998214988
"Oct 1, 2025, 2:46:12 PM",Kudos,Activity,15998677510
"Oct 1, 2025, 2:46:20 PM",Kudos,Activity,15992530061
"Oct 1, 2025, 2:46:28 PM",Kudos,Activity,15998397000
"Oct 1, 2025, 2:46:30 PM",Kudos,Activity,15992762524
"Oct 1, 2025, 2:46:41 PM",Kudos,Activity,15992927433
"Oct 1, 2025, 2:46:44 PM",Kudos,Activity,15993204426
"Oct 1, 2025, 2:47:06 PM",Kudos,Activity,15992030788
"Oct 1, 2025, 2:47:12 PM",Kudos,Activity,15992926006
"Oct 1, 2025, 2:47:29 PM",Kudos,Activity,15993158737
"Oct 1, 2025, 2:47:35 PM",Kudos,Activity,15990783341
"Oct 1, 2025, 3:37:59 PM",Kudos,Activity,15999271412
"Oct 1, 2025, 3:38:33 PM",Kudos,Activity,15992359403
"Oct 1, 2025, 5:01:15 PM",Kudos,Activity,15998285485
"Oct 1, 2025, 5:01:24 PM",Kudos,Activity,15992214463
"Oct 1, 2025, 5:01:34 PM",Kudos,Activity,15979323062
"Oct 1, 2025, 5:02:06 PM",Kudos,Activity,15992453793
"Oct 1, 2025, 5:02:27 PM",Kudos,Activity,15980003243
"Oct 1, 2025, 5:02:31 PM",Kudos,Activity,15984779850
"Oct 1, 2025, 5:46:06 PM",Kudos,Activity,16000286090
"Oct 1, 2025, 5:46:57 PM",Kudos,Activity,16000851746
"Oct 1, 2025, 6:48:01 PM",Kudos,Activity,16001292201
"Oct 2, 2025, 12:06:58 AM",Kudos,Activity,16002112167
"Oct 2, 2025, 12:06:59 AM",Kudos,Activity,16003161166
"Oct 2, 2025, 1:53:12 AM",Kudos,Activity,16003900614
"Oct 2, 2025, 1:56:17 AM",Kudos,Activity,16004235137
"Oct 2, 2025, 1:56:20 AM",Kudos,Activity,16004728843
"Oct 2, 2025, 1:56:37 AM",Kudos,Activity,16003910335
"Oct 2, 2025, 1:58:51 AM",Kudos,Activity,16004355715
"Oct 2, 2025, 2:02:15 AM",Kudos,Activity,16004326758
"Oct 2, 2025, 2:41:47 AM",Kudos,Activity,16004847667
"Oct 2, 2025, 12:57:12 PM",Kudos,Activity,16008117020
"Oct 2, 2025, 12:57:14 PM",Kudos,Activity,16009018696
"Oct 2, 2025, 12:57:17 PM",Kudos,Activity,16008552616
"Oct 2, 2025, 12:57:49 PM",Kudos,Activity,16008948340
"Oct 2, 2025, 12:57:52 PM",Kudos,Activity,16007420976
"Oct 2, 2025, 12:58:00 PM",Kudos,Activity,16007420968
"Oct 2, 2025, 2:48:51 PM",Kudos,Activity,16009810570
"Oct 2, 2025, 2:48:58 PM",Kudos,Activity,16009824731
"Oct 2, 2025, 2:49:06 PM",Kudos,Activity,16009542965
"Oct 3, 2025, 1:01:35 PM",Kudos,Activity,16019484879
"Oct 3, 2025, 1:01:39 PM",Kudos,Activity,16019798350
"Oct 3, 2025, 1:01:41 PM",Kudos,Activity,16019468387
"Oct 3, 2025, 1:01:47 PM",Kudos,Activity,16019506627
"Oct 3, 2025, 1:01:48 PM",Kudos,Activity,16019902797
"Oct 3, 2025, 1:01:52 PM",Kudos,Activity,16019590170
"Oct 3, 2025, 1:02:03 PM",Kudos,Activity,16019489813
"Oct 3, 2025, 1:02:08 PM",Kudos,Activity,16015280622
"Oct 3, 2025, 1:02:20 PM",Kudos,Activity,16014769328
"Oct 3, 2025, 1:02:23 PM",Kudos,Activity,16018858969
"Oct 3, 2025, 1:02:29 PM",Kudos,Activity,16013388017
"Oct 3, 2025, 1:02:49 PM",Kudos,Activity,16014413433
"Oct 3, 2025, 1:03:03 PM",Kudos,Activity,16019110024
"Oct 3, 2025, 1:03:26 PM",Kudos,Activity,16015243695
"Oct 3, 2025, 1:03:36 PM",Kudos,Activity,16015244997
"Oct 3, 2025, 1:03:39 PM",Kudos,Activity,16019765199
"Oct 3, 2025, 1:03:52 PM",Kudos,Activity,16019823966
"Oct 3, 2025, 1:04:59 PM",Kudos,Activity,16015319608
"Oct 3, 2025, 1:05:02 PM",Kudos,Activity,16012691458
"Oct 3, 2025, 1:05:06 PM",Kudos,Activity,16012465927
"Oct 3, 2025, 1:49:38 PM",Kudos,Activity,16019443572
"Oct 3, 2025, 1:49:50 PM",Kudos,Activity,16009911459
"Oct 3, 2025, 2:41:14 PM",Kudos,Activity,16019590958
"Oct 3, 2025, 2:41:56 PM",Kudos,Activity,16020368019
"Oct 3, 2025, 2:42:02 PM",Kudos,Activity,16020375804
"Oct 3, 2025, 7:33:24 PM",Kudos,Activity,16022048361
"Oct 3, 2025, 7:33:32 PM",Kudos,Activity,16022361564
"Oct 3, 2025, 7:33:44 PM",Kudos,Activity,16021214261
"Oct 3, 2025, 8:35:03 PM",Kudos,Activity,16023387208
"Oct 4, 2025, 12:30:04 AM",Kudos,Activity,16024946841
"Oct 4, 2025, 12:30:31 AM",Kudos,Activity,16024152786
"Oct 4, 2025, 12:30:52 AM",Kudos,Activity,16025062944
"Oct 4, 2025, 12:31:00 AM",Kudos,Activity,16023863752
"Oct 4, 2025, 12:31:02 AM",Kudos,Activity,16024872182
"Oct 4, 2025, 2:43:36 PM",Kudos,Activity,16030711214
"Oct 4, 2025, 2:43:42 PM",Kudos,Activity,16030898951
"Oct 4, 2025, 2:44:02 PM",Kudos,Activity,16031002174
"Oct 4, 2025, 2:44:06 PM",Kudos,Activity,16031166783
"Oct 4, 2025, 2:44:18 PM",Kudos,Activity,16030846437
"Oct 4, 2025, 2:44:26 PM",Kudos,Activity,16029983372
"Oct 4, 2025, 2:44:28 PM",Kudos,Activity,16030334318
"Oct 4, 2025, 3:47:27 PM",Kudos,Activity,16031687219
"Oct 4, 2025, 3:48:06 PM",Kudos,Activity,16031611127
"Oct 4, 2025, 3:48:27 PM",Kudos,Activity,16031607758
"Oct 4, 2025, 5:17:08 PM",Kudos,Activity,16032641670
"Oct 4, 2025, 5:17:16 PM",Kudos,Activity,16032185107
"Oct 4, 2025, 5:18:04 PM",Kudos,Activity,16032305780
"Oct 4, 2025, 5:18:20 PM",Kudos,Activity,16032706869
"Oct 4, 2025, 5:18:29 PM",Kudos,Activity,16032129976
"Oct 4, 2025, 5:18:35 PM",Kudos,Activity,16032214479
"Oct 4, 2025, 5:18:38 PM",Kudos,Activity,16032058148
"Oct 4, 2025, 6:19:11 PM",Kudos,Activity,16033186081
"Oct 4, 2025, 6:19:43 PM",Kudos,Activity,16033431375
"Oct 4, 2025, 9:14:36 PM",Kudos,Activity,16030999553
"Oct 4, 2025, 9:15:25 PM",Kudos,Activity,16033511461
"Oct 4, 2025, 9:15:46 PM",Kudos,Activity,16034110361
"Oct 4, 2025, 9:15:50 PM",Kudos,Activity,16034404055
"Oct 5, 2025, 2:55:07 PM",Kudos,Activity,16042158607
"Oct 5, 2025, 2:55:11 PM",Kudos,Activity,16042476997
"Oct 5, 2025, 2:55:18 PM",Kudos,Activity,16042474126
"Oct 5, 2025, 4:03:53 PM",Kudos,Activity,16042866032
"Oct 5, 2025, 4:03:58 PM",Kudos,Activity,16042920900
"Oct 5, 2025, 4:04:12 PM",Kudos,Activity,16043579801
"Oct 5, 2025, 4:23:18 PM",Kudos,Activity,16043073222
"Oct 5, 2025, 7:21:34 PM",Kudos,Activity,16044360907
"Oct 5, 2025, 7:21:51 PM",Kudos,Activity,16044177489
"Oct 5, 2025, 7:22:52 PM",Kudos,Activity,16044722968
"Oct 5, 2025, 7:23:33 PM",Kudos,Activity,16044651794
"Oct 5, 2025, 10:03:49 PM",Kudos,Activity,16046430226
"Oct 5, 2025, 10:04:16 PM",Kudos,Activity,16046271155
"Oct 5, 2025, 11:11:58 PM",Kudos,Activity,16046932897
"Oct 6, 2025, 12:03:10 AM",Kudos,Activity,16047088974
"Oct 6, 2025, 11:54:46 AM",Kudos,Activity,16050304140
"Oct 6, 2025, 11:54:51 AM",Kudos,Activity,16050710111
"Oct 6, 2025, 11:55:00 AM",Kudos,Activity,16050834508
"Oct 6, 2025, 11:55:10 AM",Kudos,Activity,16050049910
"Oct 6, 2025, 11:55:13 AM",Kudos,Activity,16050681145
"Oct 6, 2025, 1:15:28 PM",Kudos,Activity,16051264036
"Oct 6, 2025, 4:05:18 PM",Kudos,Activity,16052018566
"Oct 6, 2025, 4:26:08 PM",Kudos,Activity,16052728378
"Oct 7, 2025, 12:22:03 AM",Kudos,Activity,16053240565
"Oct 7, 2025, 1:22:17 AM",Kudos,Activity,16057868501
"Oct 7, 2025, 1:22:52 AM",Kudos,Activity,16053677405
"Oct 7, 2025, 1:23:25 AM",Kudos,Activity,16057016237
"Oct 7, 2025, 1:23:36 AM",Kudos,Activity,16057679747
"Oct 7, 2025, 1:23:40 AM",Kudos,Activity,16055859313
"Oct 7, 2025, 1:23:47 AM",Kudos,Activity,16056779005
"Oct 7, 2025, 12:31:41 PM",Kudos,Activity,16062032915
"Oct 7, 2025, 1:05:25 PM",Kudos,Activity,16061484777
"Oct 7, 2025, 1:05:28 PM",Kudos,Activity,16062275144
"Oct 7, 2025, 1:06:17 PM",Kudos,Activity,16061626009
"Oct 7, 2025, 1:06:20 PM",Kudos,Activity,16060928131
"Oct 7, 2025, 1:14:27 PM",Kudos,Activity,16062792502
"Oct 7, 2025, 1:36:59 PM",Kudos,Activity,16061698472
"Oct 7, 2025, 3:09:18 PM",Kudos,Activity,16063211091
"Oct 7, 2025, 3:09:21 PM",Kudos,Activity,16063407219
"Oct 7, 2025, 3:42:51 PM",Kudos,Activity,16063979293
"Oct 7, 2025, 5:58:54 PM",Kudos,Activity,16065016606
"Oct 7, 2025, 10:43:09 PM",Kudos,Activity,16068194249
"Oct 7, 2025, 10:43:15 PM",Kudos,Activity,16068103922
"Oct 7, 2025, 10:43:16 PM",Kudos,Activity,16067597013
"Oct 8, 2025, 1:51:10 AM",Kudos,Activity,16069108471
"Oct 8, 2025, 1:51:13 AM",Kudos,Activity,16068661398
"Oct 8, 2025, 1:51:15 AM",Kudos,Activity,16069385742
"Oct 8, 2025, 1:51:39 AM",Kudos,Activity,16068752988
"Oct 8, 2025, 12:29:48 PM",Kudos,Activity,16071897562
"Oct 8, 2025, 12:30:05 PM",Kudos,Activity,16073646965
"Oct 8, 2025, 1:09:12 PM",Kudos,Activity,16073948553
"Oct 8, 2025, 1:09:27 PM",Kudos,Activity,16074004095
"Oct 8, 2025, 1:10:58 PM",Kudos,Activity,16069346026
"Oct 8, 2025, 1:11:11 PM",Kudos,Activity,16073415015
"Oct 8, 2025, 1:11:23 PM",Kudos,Activity,16069225223
"Oct 8, 2025, 1:11:26 PM",Kudos,Activity,16069674237
"Oct 8, 2025, 1:11:28 PM",Kudos,Activity,16073422554
"Oct 8, 2025, 1:11:34 PM",Kudos,Activity,16069096367
"Oct 8, 2025, 1:11:42 PM",Kudos,Activity,16070063352
"Oct 8, 2025, 1:12:06 PM",Kudos,Activity,16070011645
"Oct 8, 2025, 1:12:25 PM",Kudos,Activity,16069109542
"Oct 8, 2025, 2:27:50 PM",Kudos,Activity,16074332490
"Oct 8, 2025, 2:27:52 PM",Kudos,Activity,16074411078
"Oct 8, 2025, 2:28:06 PM",Kudos,Activity,16074600980
"Oct 8, 2025, 2:28:10 PM",Kudos,Activity,16069899708
"Oct 8, 2025, 2:28:13 PM",Kudos,Activity,16068875043
"Oct 8, 2025, 2:28:15 PM",Kudos,Activity,16074486653
"Oct 8, 2025, 2:28:21 PM",Kudos,Activity,16068916203
"Oct 8, 2025, 5:30:18 PM",Kudos,Activity,16076914102
"Oct 8, 2025, 5:53:27 PM",Kudos,Activity,16077426776
"Oct 9, 2025, 12:19:17 AM",Kudos,Activity,16079371043
"Oct 9, 2025, 12:19:20 AM",Kudos,Activity,16079380033
"Oct 9, 2025, 12:19:22 AM",Kudos,Activity,16080450495
"Oct 9, 2025, 12:19:33 AM",Kudos,Activity,16079936850
"Oct 9, 2025, 12:19:44 AM",Kudos,Activity,16079233472
"Oct 9, 2025, 8:40:43 AM",Kudos,Activity,16081072907
"Oct 9, 2025, 8:40:45 AM",Kudos,Activity,16081578713
"Oct 9, 2025, 12:00:26 PM",Kudos,Activity,16083974529
"Oct 9, 2025, 12:00:27 PM",Kudos,Activity,16084425551
"Oct 9, 2025, 12:00:31 PM",Kudos,Activity,16084298347
"Oct 9, 2025, 1:16:59 PM",Kudos,Activity,16085153934
"Oct 9, 2025, 1:17:04 PM",Kudos,Activity,16084960685
"Oct 9, 2025, 1:17:14 PM",Kudos,Activity,16084965547
"Oct 9, 2025, 1:17:18 PM",Kudos,Activity,16084965509
"Oct 9, 2025, 1:47:14 PM",Kudos,Activity,16085498141
"Oct 9, 2025, 2:36:44 PM",Kudos,Activity,16085359778
"Oct 9, 2025, 2:36:50 PM",Kudos,Activity,16085675168
"Oct 9, 2025, 4:08:42 PM",Kudos,Activity,16086254983
"Oct 9, 2025, 4:08:49 PM",Kudos,Activity,16086059337
"Oct 9, 2025, 7:59:47 PM",Kudos,Activity,16088165539
"Oct 9, 2025, 7:59:54 PM",Kudos,Activity,16088137877
"Oct 10, 2025, 3:46:46 AM",Kudos,Activity,16090794029
"Oct 10, 2025, 3:46:49 AM",Kudos,Activity,16090756380
"Oct 10, 2025, 3:46:52 AM",Kudos,Activity,16090909566
"Oct 10, 2025, 3:46:57 AM",Kudos,Activity,16089880429
"Oct 10, 2025, 3:47:03 AM",Kudos,Activity,16090621612
"Oct 10, 2025, 3:47:13 AM",Kudos,Activity,16090876657
"Oct 10, 2025, 3:47:21 AM",Kudos,Activity,16091303575
"Oct 10, 2025, 1:00:52 PM",Kudos,Activity,16095099969
"Oct 10, 2025, 1:00:54 PM",Kudos,Activity,16095297869
"Oct 10, 2025, 1:00:56 PM",Kudos,Activity,16090250575
"Oct 11, 2025, 1:32:40 AM",Kudos,Activity,16096462893
"Oct 11, 2025, 1:32:50 AM",Kudos,Activity,16098361524
"Oct 11, 2025, 1:33:27 AM",Kudos,Activity,16098688225
"Oct 11, 2025, 1:33:45 AM",Kudos,Activity,16099777347
"Oct 11, 2025, 1:33:48 AM",Kudos,Activity,16097800856
"Oct 11, 2025, 1:33:53 AM",Kudos,Activity,16096273623
"Oct 11, 2025, 1:33:56 AM",Kudos,Activity,16097700472
"Oct 11, 2025, 1:34:12 AM",Kudos,Activity,16097721647
"Oct 11, 2025, 1:34:35 AM",Kudos,Activity,16099716533
"Oct 11, 2025, 1:35:04 AM",Kudos,Activity,16094829357
"Oct 11, 2025, 1:35:06 AM",Kudos,Activity,16098640106
"Oct 11, 2025, 1:35:18 AM",Kudos,Activity,16095682370
"Oct 11, 2025, 1:35:21 AM",Kudos,Activity,16096365683
"Oct 11, 2025, 1:35:34 AM",Kudos,Activity,16095519093
"Oct 11, 2025, 1:35:36 AM",Kudos,Activity,16096009442
"Oct 11, 2025, 1:36:14 AM",Kudos,Activity,16094823389
"Oct 11, 2025, 1:36:21 AM",Kudos,Activity,16094953802
"Oct 11, 2025, 1:36:29 AM",Kudos,Activity,16094821776
"Oct 11, 2025, 1:36:32 AM",Kudos,Activity,16091986560
"Oct 11, 2025, 3:19:27 PM",Kudos,Activity,16106829708
"Oct 11, 2025, 3:19:33 PM",Kudos,Activity,16107139079
"Oct 11, 2025, 3:19:54 PM",Kudos,Activity,16106202413
"Oct 11, 2025, 3:19:57 PM",Kudos,Activity,16106668481
"Oct 11, 2025, 3:20:02 PM",Kudos,Activity,16106363679
"Oct 11, 2025, 3:20:07 PM",Kudos,Activity,16105548788
"Oct 11, 2025, 7:36:36 PM",Kudos,Activity,16107314601
"Oct 11, 2025, 7:36:49 PM",Kudos,Activity,16109252001
"Oct 12, 2025, 6:07:31 AM",Kudos,Activity,16112299236
"Oct 12, 2025, 6:07:35 AM",Kudos,Activity,16109576260
"Oct 12, 2025, 6:07:39 AM",Kudos,Activity,16109683325
"Oct 12, 2025, 6:07:44 AM",Kudos,Activity,16109822513
"Oct 12, 2025, 6:07:49 AM",Kudos,Activity,16106742413
"Oct 12, 2025, 6:08:01 AM",Kudos,Activity,16108563078
"Oct 13, 2025, 10:48:17 AM",Kudos,Activity,16118850059
"Oct 13, 2025, 10:48:53 AM",Kudos,Activity,16117479722
"Oct 13, 2025, 10:49:06 AM",Kudos,Activity,16120505337
"Oct 13, 2025, 10:59:06 AM",Kudos,Activity,16118003722
"Oct 13, 2025, 10:59:42 AM",Kudos,Activity,16119747480
"Oct 13, 2025, 10:59:58 AM",Kudos,Activity,16118513517
"Oct 13, 2025, 11:00:03 AM",Kudos,Activity,16118507805
"Oct 13, 2025, 11:00:15 AM",Kudos,Activity,16119449516
"Oct 13, 2025, 11:00:36 AM",Kudos,Activity,16119853049
"Oct 13, 2025, 11:00:45 AM",Kudos,Activity,16119368405
"Oct 13, 2025, 11:01:06 AM",Kudos,Activity,16120716993
"Oct 13, 2025, 11:03:04 AM",Kudos,Activity,16117576433
"Oct 13, 2025, 11:03:12 AM",Kudos,Activity,16121724463
"Oct 13, 2025, 11:03:29 AM",Kudos,Activity,16117392798
"Oct 13, 2025, 11:03:59 AM",Kudos,Activity,16120365942
"Oct 13, 2025, 11:04:18 AM",Kudos,Activity,16123019576
"Oct 13, 2025, 11:05:12 AM",Kudos,Activity,16119196404
"Oct 13, 2025, 9:15:21 PM",Kudos,Activity,16126822371
"Oct 13, 2025, 9:15:27 PM",Kudos,Activity,16127724470
"Oct 13, 2025, 9:15:51 PM",Kudos,Activity,16128114455
"Oct 13, 2025, 9:15:59 PM",Kudos,Activity,16129459156
"Oct 13, 2025, 9:16:00 PM",Kudos,Activity,16130596776
"Oct 13, 2025, 9:16:03 PM",Kudos,Activity,16128387210
"Oct 13, 2025, 9:16:05 PM",Kudos,Activity,16127801276
"Oct 14, 2025, 12:18:04 AM",Kudos,Activity,16132127774
"Oct 14, 2025, 12:18:10 AM",Kudos,Activity,16132305987
"Oct 14, 2025, 12:18:16 AM",Kudos,Activity,16132606889
"Oct 14, 2025, 3:17:07 PM",Kudos,Activity,16137068520
"Oct 14, 2025, 3:17:12 PM",Kudos,Activity,16137358180
"Oct 14, 2025, 3:17:22 PM",Kudos,Activity,16136847141
"Oct 14, 2025, 3:17:25 PM",Kudos,Activity,16135978212
"Oct 14, 2025, 3:17:29 PM",Kudos,Activity,16133462797
"Oct 14, 2025, 3:17:31 PM",Kudos,Activity,16133576009
"Oct 14, 2025, 3:17:32 PM",Kudos,Activity,16133339707
"Oct 14, 2025, 3:18:20 PM",Kudos,Activity,16131811795
"Oct 14, 2025, 6:18:50 PM",Kudos,Activity,16139942658
"Oct 14, 2025, 6:19:10 PM",Kudos,Activity,16139840770
"Oct 14, 2025, 10:10:21 PM",Kudos,Activity,16141910645
"Oct 14, 2025, 10:10:24 PM",Kudos,Activity,16141203944
"Oct 14, 2025, 10:10:29 PM",Kudos,Activity,16142614830
"Oct 14, 2025, 10:10:36 PM",Kudos,Activity,16141778966
"Oct 14, 2025, 10:10:38 PM",Kudos,Activity,16142417364
"Oct 15, 2025, 1:19:07 AM",Kudos,Activity,16143532444
"Oct 15, 2025, 1:19:47 AM",Kudos,Activity,16143692451
"Oct 15, 2025, 1:19:49 AM",Kudos,Activity,16143729399
"Oct 15, 2025, 1:27:38 AM",Kudos,Activity,16144181764
"Oct 15, 2025, 12:22:06 PM",Kudos,Activity,16148164089
"Oct 15, 2025, 12:22:13 PM",Kudos,Activity,16146348618
"Oct 15, 2025, 12:22:17 PM",Kudos,Activity,16148169037
"Oct 15, 2025, 12:22:20 PM",Kudos,Activity,16144998627
"Oct 15, 2025, 12:22:23 PM",Kudos,Activity,16145997226
"Oct 15, 2025, 12:22:46 PM",Kudos,Activity,16147559811
"Oct 15, 2025, 12:22:56 PM",Kudos,Activity,16147148300
"Oct 15, 2025, 12:23:11 PM",Kudos,Activity,16147760662
"Oct 15, 2025, 12:23:21 PM",Kudos,Activity,16143057066
"Oct 15, 2025, 12:23:23 PM",Kudos,Activity,16143705238
"Oct 15, 2025, 1:00:43 PM",Kudos,Activity,16148490120
"Oct 15, 2025, 1:01:03 PM",Kudos,Activity,16148609006
"Oct 15, 2025, 1:01:08 PM",Kudos,Activity,16148465556
"Oct 15, 2025, 7:32:38 PM",Kudos,Activity,16150755696
"Oct 15, 2025, 7:32:51 PM",Kudos,Activity,16151123207
"Oct 15, 2025, 10:16:27 PM",Kudos,Activity,16153545277
"Oct 15, 2025, 10:18:47 PM",Kudos,Activity,16153860850
"Oct 15, 2025, 10:18:49 PM",Kudos,Activity,16153525441
"Oct 16, 2025, 1:27:35 AM",Kudos,Activity,16154381009
"Oct 16, 2025, 1:27:51 AM",Kudos,Activity,16154475160
"Oct 16, 2025, 1:27:53 AM",Kudos,Activity,16154285733
"Oct 16, 2025, 1:28:02 AM",Kudos,Activity,16155038634
"Oct 16, 2025, 1:28:04 AM",Kudos,Activity,16155027918
"Oct 16, 2025, 1:29:13 AM",Kudos,Activity,16154903362
"Oct 16, 2025, 1:29:22 AM",Kudos,Activity,16154821124
"Oct 16, 2025, 12:05:30 PM",Kudos,Activity,16158153092
"Oct 16, 2025, 12:05:57 PM",Kudos,Activity,16158043419
"Oct 16, 2025, 1:06:11 PM",Kudos,Activity,16158674083
"Oct 16, 2025, 1:06:14 PM",Kudos,Activity,16158954710
"Oct 16, 2025, 1:06:33 PM",Kudos,Activity,16159379351
"Oct 16, 2025, 1:46:10 PM",Kudos,Activity,16159474807
"Oct 16, 2025, 2:34:09 PM",Kudos,Activity,16159876287
"Oct 16, 2025, 2:34:16 PM",Kudos,Activity,16160030334
"Oct 16, 2025, 4:46:59 PM",Kudos,Activity,16160868481
"Oct 16, 2025, 4:48:08 PM",Kudos,Activity,16161186159
"Oct 16, 2025, 10:45:42 PM",Kudos,Activity,16164552409
"Oct 16, 2025, 10:45:50 PM",Kudos,Activity,16163925351
"Oct 16, 2025, 10:45:52 PM",Kudos,Activity,16163317610
"Oct 16, 2025, 10:47:21 PM",Kudos,Activity,16162340805
"Oct 16, 2025, 10:47:26 PM",Kudos,Activity,16161196115
"Oct 16, 2025, 11:27:09 PM",Kudos,Activity,16164807909
"Oct 16, 2025, 11:27:10 PM",Kudos,Activity,16164791645
"Oct 17, 2025, 1:36:41 AM",Kudos,Activity,16165083968
"Oct 17, 2025, 1:37:25 AM",Kudos,Activity,16165258849
"Oct 17, 2025, 1:38:56 AM",Kudos,Activity,16165126495
"Oct 17, 2025, 1:39:00 AM",Kudos,Activity,16165321418
"Oct 17, 2025, 1:39:03 AM",Kudos,Activity,16165377687
"Oct 17, 2025, 12:58:51 PM",Kudos,Activity,16169652946
"Oct 17, 2025, 12:58:54 PM",Kudos,Activity,16169217938
"Oct 17, 2025, 12:58:56 PM",Kudos,Activity,16169634536
"Oct 17, 2025, 12:58:58 PM",Kudos,Activity,16169217117
"Oct 17, 2025, 1:24:35 PM",Kudos,Activity,16169635332
"Oct 17, 2025, 1:25:49 PM",Kudos,Activity,16169779777
"Oct 17, 2025, 1:25:51 PM",Kudos,Activity,16169749639
"Oct 17, 2025, 1:27:05 PM",Kudos,Activity,16168880775
"Oct 17, 2025, 1:27:07 PM",Kudos,Activity,16169440021
"Oct 17, 2025, 1:27:14 PM",Kudos,Activity,16168566630
"Oct 17, 2025, 3:28:12 PM",Kudos,Activity,16169651436
"Oct 17, 2025, 11:45:49 PM",Kudos,Activity,16172820193
"Oct 17, 2025, 11:45:52 PM",Kudos,Activity,16173136277
"Oct 17, 2025, 11:46:25 PM",Kudos,Activity,16172533579
"Oct 17, 2025, 11:46:29 PM",Kudos,Activity,16171429490
"Oct 17, 2025, 11:46:57 PM",Kudos,Activity,16171813143
"Oct 17, 2025, 11:47:07 PM",Kudos,Activity,16172417654
"Oct 17, 2025, 11:47:14 PM",Kudos,Activity,16172291702
"Oct 17, 2025, 11:47:30 PM",Kudos,Activity,16172725294
"Oct 18, 2025, 3:52:30 PM",Kudos,Activity,16180011211
"Oct 18, 2025, 3:52:32 PM",Kudos,Activity,16180742103
"Oct 18, 2025, 3:52:36 PM",Kudos,Activity,16179483597
"Oct 18, 2025, 3:52:41 PM",Kudos,Activity,16179765084
"Oct 18, 2025, 3:52:51 PM",Kudos,Activity,16180695177
"Oct 18, 2025, 3:52:55 PM",Kudos,Activity,16180792805
"Oct 18, 2025, 3:53:37 PM",Kudos,Activity,16178867597
"Oct 18, 2025, 3:54:05 PM",Kudos,Activity,16181235849
"Oct 18, 2025, 3:54:07 PM",Kudos,Activity,16174836958
"Oct 18, 2025, 3:54:11 PM",Kudos,Activity,16179305517
"Oct 18, 2025, 3:54:18 PM",Kudos,Activity,16181243770
"Oct 18, 2025, 6:31:31 PM",Kudos,Activity,16182530723
"Oct 18, 2025, 6:31:40 PM",Kudos,Activity,16182975831
"Oct 18, 2025, 6:31:51 PM",Kudos,Activity,16182488402
"Oct 18, 2025, 6:32:40 PM",Kudos,Activity,16182808395
"Oct 18, 2025, 6:32:42 PM",Kudos,Activity,16182411627
"Oct 18, 2025, 11:20:28 PM",Kudos,Activity,16183590636
"Oct 18, 2025, 11:20:47 PM",Kudos,Activity,16184480868
"Oct 18, 2025, 11:20:57 PM",Kudos,Activity,16184335589
"Oct 18, 2025, 11:20:59 PM",Kudos,Activity,16184794169
"Oct 18, 2025, 11:21:01 PM",Kudos,Activity,16184856191
"Oct 18, 2025, 11:21:05 PM",Kudos,Activity,16183654470
"Oct 18, 2025, 11:21:07 PM",Kudos,Activity,16183668567
"Oct 18, 2025, 11:21:14 PM",Kudos,Activity,16184675996
"Oct 18, 2025, 11:21:18 PM",Kudos,Activity,16184133205
"Oct 18, 2025, 11:21:24 PM",Kudos,Activity,16183764885
"Oct 19, 2025, 12:53:47 PM",Kudos,Activity,16188365600
"Oct 19, 2025, 2:39:33 PM",Kudos,Activity,16191648633
"Oct 19, 2025, 2:40:29 PM",Kudos,Activity,16191361712
"Oct 19, 2025, 2:40:39 PM",Kudos,Activity,16191651847
"Oct 19, 2025, 2:40:45 PM",Kudos,Activity,16185786124
"Oct 19, 2025, 2:41:00 PM",Kudos,Activity,16186085860
"Oct 19, 2025, 3:08:57 PM",Kudos,Activity,16186002841
"Oct 19, 2025, 3:20:14 PM",Kudos,Activity,16192436971
"Oct 19, 2025, 3:20:16 PM",Kudos,Activity,16192347215
"Oct 19, 2025, 3:20:30 PM",Kudos,Activity,16192685351
"Oct 19, 2025, 3:21:03 PM",Kudos,Activity,16192517958
"Oct 19, 2025, 3:22:16 PM",Kudos,Activity,16192346621
"Oct 19, 2025, 5:06:00 PM",Kudos,Activity,16193591765
"Oct 19, 2025, 5:06:04 PM",Kudos,Activity,16193644258
"Oct 19, 2025, 5:22:15 PM",Kudos,Activity,16194010742
"Oct 19, 2025, 6:04:07 PM",Kudos,Activity,16192156000
"Oct 19, 2025, 6:04:32 PM",Kudos,Activity,16194144661
"Oct 19, 2025, 6:20:03 PM",Kudos,Activity,16194474086
"Oct 19, 2025, 7:03:12 PM",Kudos,Activity,16194804049
"Oct 19, 2025, 8:01:18 PM",Kudos,Activity,16194726862
"Oct 19, 2025, 8:01:32 PM",Kudos,Activity,16194893322
"Oct 19, 2025, 8:58:29 PM",Kudos,Activity,16195181291
"Oct 19, 2025, 10:39:40 PM",Kudos,Activity,16195973328
"Oct 19, 2025, 10:39:42 PM",Kudos,Activity,16195821822
"Oct 20, 2025, 12:14:50 AM",Kudos,Activity,16195862681
"Oct 20, 2025, 10:52:56 AM",Kudos,Activity,16196851528
"Oct 20, 2025, 11:53:57 AM",Kudos,Activity,16198451376
"Oct 20, 2025, 4:41:43 PM",Kudos,Activity,16202300215
"Oct 20, 2025, 4:42:33 PM",Kudos,Post,40449539
"Oct 20, 2025, 4:42:34 PM",Kudos,Activity,16200682460
"Oct 20, 2025, 4:42:51 PM",Kudos,Activity,16202281532
"Oct 20, 2025, 6:08:08 PM",Kudos,Activity,16200257920
"Oct 20, 2025, 6:08:18 PM",Kudos,Activity,16199843642
"Oct 20, 2025, 10:00:31 PM",Kudos,Activity,16205089704
"Oct 20, 2025, 10:00:37 PM",Kudos,Activity,16204820424
"Oct 20, 2025, 10:00:46 PM",Kudos,Activity,16203680226
"Oct 20, 2025, 11:08:42 PM",Kudos,Activity,16205561722
"Oct 20, 2025, 11:08:46 PM",Kudos,Activity,16205467064
"Oct 20, 2025, 11:08:48 PM",Kudos,Activity,16205488279
"Oct 20, 2025, 11:08:54 PM",Kudos,Activity,16205467903
"Oct 20, 2025, 11:42:39 PM",Kudos,Activity,16205835385
"Oct 21, 2025, 1:11:03 AM",Kudos,Activity,16206077901
"Oct 21, 2025, 12:21:07 PM",Kudos,Activity,16210296523
"Oct 21, 2025, 12:21:14 PM",Kudos,Activity,16209844113
"Oct 21, 2025, 12:21:59 PM",Kudos,Activity,16209465638
"Oct 21, 2025, 12:22:02 PM",Kudos,Activity,16210305268
"Oct 21, 2025, 12:51:59 PM",Kudos,Activity,16210513874
"Oct 21, 2025, 12:52:04 PM",Kudos,Activity,16210561161
"Oct 21, 2025, 1:29:44 PM",Kudos,Activity,16211068727
"Oct 21, 2025, 4:23:30 PM",Kudos,Activity,16211111830
"Oct 21, 2025, 4:59:18 PM",Kudos,Activity,16213075348
"Oct 21, 2025, 4:59:22 PM",Kudos,Activity,16212889518
"Oct 21, 2025, 7:46:19 PM",Kudos,Activity,16213207078
"Oct 21, 2025, 8:24:51 PM",Kudos,Activity,16215170909
"Oct 21, 2025, 8:24:57 PM",Kudos,Activity,16214408880
"Oct 22, 2025, 12:23:20 PM",Kudos,Activity,16220780771
"Oct 22, 2025, 12:23:25 PM",Kudos,Activity,16220701994
"Oct 22, 2025, 12:23:33 PM",Kudos,Activity,16219146956
"Oct 22, 2025, 12:23:55 PM",Kudos,Activity,16217252328
"Oct 22, 2025, 12:24:11 PM",Kudos,Activity,16216683439
"Oct 22, 2025, 12:24:45 PM",Kudos,Activity,16216750643
"Oct 22, 2025, 12:24:57 PM",Kudos,Activity,16220707808
"Oct 22, 2025, 12:25:19 PM",Kudos,Activity,16216199312
"Oct 22, 2025, 12:56:11 PM",Kudos,Activity,16221473716
"Oct 22, 2025, 12:56:15 PM",Kudos,Activity,16216904772
"Oct 22, 2025, 12:57:39 PM",Kudos,Activity,16216122108
"Oct 22, 2025, 12:57:54 PM",Kudos,Activity,16216575162
"Oct 22, 2025, 12:57:58 PM",Kudos,Activity,16216398306
"Oct 22, 2025, 12:58:02 PM",Kudos,Activity,16216636816
"Oct 22, 2025, 12:58:04 PM",Kudos,Activity,16217669528
"Oct 22, 2025, 12:58:07 PM",Kudos,Activity,16216935780
"Oct 22, 2025, 12:58:18 PM",Kudos,Activity,16220625996
"Oct 22, 2025, 12:58:19 PM",Kudos,Activity,16217224050
"Oct 22, 2025, 1:31:22 PM",Kudos,Activity,16217488658
"Oct 22, 2025, 1:51:27 PM",Kudos,Activity,16221977372
"Oct 22, 2025, 1:51:31 PM",Kudos,Activity,16222036430
"Oct 22, 2025, 1:51:35 PM",Kudos,Activity,16216529749
"Oct 22, 2025, 2:30:49 PM",Kudos,Activity,16218754665
"Oct 22, 2025, 3:33:30 PM",Kudos,Activity,16222673681
"Oct 22, 2025, 6:57:23 PM",Kudos,Activity,16224599307
"Oct 22, 2025, 6:57:32 PM",Kudos,Activity,16223022344
"Oct 22, 2025, 6:57:40 PM",Kudos,Activity,16223717457
"Oct 22, 2025, 11:02:56 PM",Kudos,Activity,16225381952
"Oct 22, 2025, 11:03:10 PM",Kudos,Activity,16225303575
"Oct 22, 2025, 11:03:20 PM",Kudos,Activity,16226595834
"Oct 22, 2025, 11:03:33 PM",Kudos,Activity,16226760463
"Oct 22, 2025, 11:03:41 PM",Kudos,Activity,16226644636
"Oct 22, 2025, 11:03:47 PM",Kudos,Activity,16226968112
"Oct 23, 2025, 2:50:04 AM",Kudos,Activity,16227137374
"Oct 23, 2025, 2:50:11 AM",Kudos,Activity,16227073801
"Oct 23, 2025, 2:50:47 AM",Kudos,Activity,16227140017
"Oct 23, 2025, 1:03:39 PM",Kudos,Activity,16231137184
"Oct 23, 2025, 1:03:42 PM",Kudos,Activity,16231682989
"Oct 23, 2025, 1:03:54 PM",Kudos,Activity,16230719738
"Oct 23, 2025, 1:03:59 PM",Kudos,Activity,16231867131
"Oct 23, 2025, 1:04:05 PM",Kudos,Activity,16231146058
"Oct 23, 2025, 1:04:07 PM",Kudos,Activity,16230177658
"Oct 23, 2025, 1:04:11 PM",Kudos,Activity,16228576788
"Oct 23, 2025, 1:04:20 PM",Kudos,Activity,16230177539
"Oct 23, 2025, 9:25:50 PM",Kudos,Activity,16234544469
"Oct 23, 2025, 9:25:51 PM",Kudos,Activity,16235025979
"Oct 23, 2025, 9:25:54 PM",Kudos,Activity,16232672696
"Oct 23, 2025, 9:25:57 PM",Kudos,Activity,16234648421
"Oct 23, 2025, 9:25:59 PM",Kudos,Activity,16235835833
"Oct 23, 2025, 9:26:01 PM",Kudos,Activity,16232208015
"Oct 23, 2025, 9:26:02 PM",Kudos,Activity,16232405158
"Oct 23, 2025, 10:48:20 PM",Kudos,Activity,16236454495
"Oct 23, 2025, 10:48:25 PM",Kudos,Activity,16236416125
"Oct 23, 2025, 10:48:28 PM",Kudos,Activity,16236511279
"Oct 23, 2025, 10:48:33 PM",Kudos,Activity,16236109413
"Oct 24, 2025, 12:12:38 AM",Kudos,Activity,16237100934
"Oct 24, 2025, 12:12:40 AM",Kudos,Activity,16236873935
"Oct 24, 2025, 2:19:14 AM",Kudos,Activity,16237266866
"Oct 24, 2025, 2:19:19 AM",Kudos,Activity,16237252415
"Oct 24, 2025, 2:19:57 AM",Kudos,Activity,16237281633
"Oct 24, 2025, 2:20:00 AM",Kudos,Activity,16237233230
"Oct 24, 2025, 2:10:00 PM",Kudos,Activity,16241549838
"Oct 24, 2025, 2:10:07 PM",Kudos,Activity,16241226082
"Oct 24, 2025, 2:10:10 PM",Kudos,Activity,16240967064
"Oct 24, 2025, 2:10:14 PM",Kudos,Activity,16240975852
"Oct 24, 2025, 2:10:18 PM",Kudos,Activity,16241431378
"Oct 24, 2025, 2:10:25 PM",Kudos,Activity,16241200535
"Oct 24, 2025, 2:10:27 PM",Kudos,Activity,16240852162
"Oct 24, 2025, 2:10:30 PM",Kudos,Activity,16241725319
"Oct 24, 2025, 2:10:39 PM",Kudos,Activity,16240740727
"Oct 24, 2025, 2:10:50 PM",Kudos,Activity,16240647841
"Oct 24, 2025, 2:10:58 PM",Kudos,Activity,16239827814
"Oct 24, 2025, 3:34:38 PM",Kudos,Activity,16241337767
"Oct 24, 2025, 3:38:47 PM",Kudos,Activity,16241994857
"Oct 24, 2025, 7:34:57 PM",Kudos,Activity,16243507457
"Oct 24, 2025, 7:35:24 PM",Kudos,Activity,16243684591
"Oct 24, 2025, 7:35:27 PM",Kudos,Activity,16243777126
"Oct 24, 2025, 7:35:31 PM",Kudos,Activity,16244537896
"Oct 25, 2025, 2:24:38 PM",Kudos,Activity,16252044751
"Oct 25, 2025, 2:25:02 PM",Kudos,Activity,16251170318
"Oct 25, 2025, 2:25:28 PM",Kudos,Activity,16250739066
"Oct 25, 2025, 2:26:09 PM",Kudos,Activity,16251852063
"Oct 25, 2025, 2:26:19 PM",Kudos,Activity,16245620440
"Oct 25, 2025, 2:26:28 PM",Kudos,Activity,16252059485
"Oct 25, 2025, 2:26:36 PM",Kudos,Activity,16251636204
"Oct 25, 2025, 2:26:47 PM",Kudos,Activity,16245224937
"Oct 25, 2025, 5:45:27 PM",Kudos,Activity,16253891521
"Oct 25, 2025, 5:47:12 PM",Kudos,Activity,16252854278
"Oct 25, 2025, 5:47:45 PM",Kudos,Activity,16252618034
"Oct 25, 2025, 5:47:54 PM",Kudos,Activity,16252581036
"Oct 25, 2025, 5:48:06 PM",Kudos,Activity,16252191493
"Oct 25, 2025, 5:48:17 PM",Kudos,Activity,16252647108
"Oct 25, 2025, 5:48:22 PM",Kudos,Activity,16253588222
"Oct 25, 2025, 5:48:24 PM",Kudos,Activity,16253595564
"Oct 25, 2025, 5:48:35 PM",Kudos,Activity,16252882104
"Oct 25, 2025, 5:48:39 PM",Kudos,Activity,16253062979
"Oct 25, 2025, 8:18:51 PM",Kudos,Activity,16254940111
"Oct 25, 2025, 8:18:53 PM",Kudos,Activity,16254811484
"Oct 25, 2025, 8:19:03 PM",Kudos,Activity,16254811461
"Oct 25, 2025, 8:19:04 PM",Kudos,Activity,16254786476
"Oct 25, 2025, 8:19:20 PM",Kudos,Activity,16255063212
"Oct 25, 2025, 8:19:50 PM",Kudos,Activity,16254224053
"Oct 25, 2025, 8:19:58 PM",Kudos,Activity,16252113997
"Oct 25, 2025, 11:03:08 PM",Kudos,Activity,16255105512
"Oct 25, 2025, 11:03:26 PM",Kudos,Activity,16251874931
"Oct 25, 2025, 11:04:20 PM",Kudos,Activity,16251235867
"Oct 25, 2025, 11:04:24 PM",Kudos,Activity,16245147301
"Oct 25, 2025, 11:04:33 PM",Kudos,Activity,16250285950
"Oct 25, 2025, 11:04:36 PM",Kudos,Activity,16252107555
"Oct 25, 2025, 11:04:39 PM",Kudos,Activity,16245528013
"Oct 25, 2025, 11:04:45 PM",Kudos,Activity,16252114014
"Oct 25, 2025, 11:04:57 PM",Kudos,Activity,16244938158
"Oct 26, 2025, 2:33:01 AM",Kudos,Activity,16256839621
"Oct 26, 2025, 12:51:51 PM",Kudos,Activity,16261560036
"Oct 26, 2025, 12:52:00 PM",Kudos,Activity,16257528912
"Oct 26, 2025, 1:45:20 PM",Kudos,Activity,16261885831
"Oct 26, 2025, 1:45:26 PM",Kudos,Activity,16261814557
"Oct 26, 2025, 4:16:35 PM",Kudos,Activity,16263249440
"Oct 26, 2025, 4:16:49 PM",Kudos,Activity,16264106774
"Oct 26, 2025, 4:16:59 PM",Kudos,Activity,16263949864
"Oct 26, 2025, 4:17:04 PM",Kudos,Activity,16262818813
"Oct 26, 2025, 5:03:09 PM",Kudos,Activity,16263431707
"Oct 26, 2025, 5:03:12 PM",Kudos,Activity,16264321605
"Oct 26, 2025, 5:03:16 PM",Kudos,Activity,16264342521
"Oct 26, 2025, 7:09:17 PM",Kudos,Activity,16265391884
"Oct 26, 2025, 8:02:38 PM",Kudos,Activity,16265754191
"Oct 26, 2025, 8:03:00 PM",Kudos,Activity,16265932252
"Oct 26, 2025, 8:03:04 PM",Kudos,Activity,16265589888
"Oct 26, 2025, 8:40:16 PM",Kudos,Activity,16266051721
"Oct 27, 2025, 12:40:31 AM",Kudos,Activity,16266767545
"Oct 27, 2025, 12:40:34 AM",Kudos,Activity,16267263286
"Oct 27, 2025, 12:40:41 AM",Kudos,Activity,16267268800
"Oct 27, 2025, 12:40:46 AM",Kudos,Activity,16266354849
"Oct 27, 2025, 12:40:54 AM",Kudos,Activity,16267058514
"Oct 27, 2025, 2:57:30 PM",Kudos,Activity,16270802534
"Oct 27, 2025, 2:58:02 PM",Kudos,Activity,16270372841
"Oct 27, 2025, 2:58:11 PM",Kudos,Activity,16270815256
"Oct 27, 2025, 2:58:13 PM",Kudos,Activity,16265588236
"Oct 27, 2025, 2:58:20 PM",Kudos,Activity,16269979609
"Oct 27, 2025, 2:58:25 PM",Kudos,Activity,16269228580
"Oct 27, 2025, 2:58:31 PM",Kudos,Activity,16267332453
"Oct 27, 2025, 3:42:34 PM",Kudos,Activity,16271987392
"Oct 27, 2025, 3:42:45 PM",Kudos,Activity,16272203060
"Oct 27, 2025, 5:39:36 PM",Kudos,Activity,16272431323
"Oct 27, 2025, 5:40:19 PM",Kudos,Activity,16273242348
"Oct 27, 2025, 5:40:30 PM",Kudos,Activity,16272712481
"Oct 27, 2025, 6:21:59 PM",Kudos,Activity,16272507704
"Oct 27, 2025, 9:45:45 PM",Kudos,Activity,16275465996
"Oct 27, 2025, 9:45:47 PM",Kudos,Activity,16275377946
"Oct 28, 2025, 3:24:25 AM",Kudos,Activity,16275968044
"Oct 28, 2025, 3:24:28 AM",Kudos,Activity,16276457977
"Oct 28, 2025, 3:25:03 AM",Kudos,Activity,16276722650
"Oct 28, 2025, 3:25:06 AM",Kudos,Activity,16275989017
"Oct 28, 2025, 3:25:48 AM",Kudos,Activity,16276005873
"Oct 28, 2025, 3:25:52 AM",Kudos,Activity,16276806009
"Oct 28, 2025, 3:25:57 AM",Kudos,Activity,16277225242
"Oct 28, 2025, 3:26:29 AM",Kudos,Activity,16277225331
"Oct 28, 2025, 3:26:31 AM",Kudos,Activity,16275650375
"Oct 28, 2025, 3:26:33 AM",Kudos,Activity,16275882611
"Oct 28, 2025, 3:26:50 AM",Kudos,Activity,16276635740
"Oct 28, 2025, 3:45:54 PM",Kudos,Activity,16280553777
"Oct 28, 2025, 3:45:59 PM",Kudos,Activity,16281028107
"Oct 28, 2025, 3:46:09 PM",Kudos,Activity,16281067850
"Oct 28, 2025, 3:46:11 PM",Kudos,Activity,16281750912
"Oct 28, 2025, 3:46:14 PM",Kudos,Activity,16281168967
"Oct 28, 2025, 3:46:18 PM",Kudos,Activity,16281193103
"Oct 28, 2025, 3:46:27 PM",Kudos,Activity,16280135666
"Oct 28, 2025, 3:46:39 PM",Kudos,Activity,16280362303
"Oct 28, 2025, 10:45:33 PM",Kudos,Activity,16286594532
"Oct 28, 2025, 10:45:42 PM",Kudos,Activity,16286617100
"Oct 28, 2025, 10:45:47 PM",Kudos,Activity,16282999601
"Oct 28, 2025, 10:45:54 PM",Kudos,Activity,16284230228
"Oct 28, 2025, 10:45:59 PM",Kudos,Activity,16285746391
"Oct 28, 2025, 10:46:20 PM",Kudos,Activity,16283802828
"Oct 28, 2025, 10:46:22 PM",Kudos,Activity,16285548725
"Oct 28, 2025, 10:46:55 PM",Kudos,Activity,16282553085
"Oct 28, 2025, 10:47:08 PM",Kudos,Activity,16283256051
"Oct 29, 2025, 1:53:49 AM",Kudos,Activity,16287684447
"Oct 29, 2025, 1:53:51 AM",Kudos,Activity,16287980661
"Oct 29, 2025, 1:53:54 AM",Kudos,Activity,16287378702
"Oct 29, 2025, 1:53:59 AM",Kudos,Activity,16287116701
"Oct 29, 2025, 1:54:10 AM",Kudos,Post,40647198
"Oct 29, 2025, 1:13:09 PM",Kudos,Activity,16291395668
"Oct 29, 2025, 1:13:15 PM",Kudos,Activity,16291931858
"Oct 29, 2025, 1:13:30 PM",Kudos,Activity,16291607538
"Oct 29, 2025, 1:13:33 PM",Kudos,Activity,16290904394
"Oct 29, 2025, 1:13:56 PM",Kudos,Activity,16288393065
"Oct 29, 2025, 4:25:36 PM",Kudos,Activity,16293254865
"Oct 29, 2025, 4:26:18 PM",Kudos,Activity,16293315845
"Oct 29, 2025, 4:26:23 PM",Kudos,Activity,16292385523
"Oct 29, 2025, 5:54:07 PM",Kudos,Activity,16293140699
"Oct 29, 2025, 5:54:12 PM",Kudos,Activity,16290671965
"Oct 29, 2025, 6:52:04 PM",Kudos,Activity,16295032805
"Oct 29, 2025, 9:02:46 PM",Kudos,Activity,16296202683
"Oct 29, 2025, 11:45:29 PM",Kudos,Activity,16297227623
"Oct 29, 2025, 11:45:38 PM",Kudos,Activity,16297005345
"Oct 29, 2025, 11:45:45 PM",Kudos,Activity,16296711065
"Oct 30, 2025, 2:04:23 AM",Kudos,Activity,16297060687
"Oct 30, 2025, 4:33:17 AM",Kudos,Activity,16298399182
"Oct 30, 2025, 4:33:25 AM",Kudos,Activity,16297887593
"Oct 30, 2025, 4:33:32 AM",Kudos,Activity,16297591934
"Oct 30, 2025, 1:46:48 PM",Kudos,Activity,16301222508
"Oct 30, 2025, 1:46:54 PM",Kudos,Activity,16301943228
"Oct 30, 2025, 1:47:04 PM",Kudos,Activity,16301807794
"Oct 30, 2025, 1:47:14 PM",Kudos,Activity,16299524121
"Oct 30, 2025, 6:41:52 PM",Kudos,Activity,16303438268
"Oct 30, 2025, 6:41:56 PM",Kudos,Activity,16303286882
"Oct 30, 2025, 6:42:03 PM",Kudos,Activity,16303873757
"Oct 30, 2025, 6:42:05 PM",Kudos,Activity,16303619469
"Oct 30, 2025, 6:42:57 PM",Kudos,Activity,16302285287
"Oct 30, 2025, 6:43:10 PM",Kudos,Activity,16297775328
"Oct 30, 2025, 8:27:28 PM",Kudos,Activity,16305687425
"Oct 30, 2025, 10:03:35 PM",Kudos,Activity,16306527317
"Oct 31, 2025, 1:42:41 AM",Kudos,Activity,16307635109
"Oct 31, 2025, 1:42:43 AM",Kudos,Activity,16307341748
"Oct 31, 2025, 1:42:46 AM",Kudos,Activity,16307843773
"Oct 31, 2025, 1:43:43 AM",Kudos,Activity,16307847901
"Oct 31, 2025, 1:43:48 AM",Kudos,Activity,16307691048
"Oct 31, 2025, 1:44:03 AM",Kudos,Activity,16307142278
"Oct 31, 2025, 1:44:05 AM",Kudos,Activity,16306874166
"Oct 31, 2025, 1:45:16 AM",Kudos,Activity,16307054730
"Oct 31, 2025, 1:45:18 AM",Kudos,Activity,16307203552
"Oct 31, 2025, 1:45:22 AM",Kudos,Activity,16307546750
"Oct 31, 2025, 1:45:44 AM",Kudos,Activity,16307837440
"Oct 31, 2025, 1:45:53 AM",Kudos,Activity,16307190582
"Oct 31, 2025, 1:46:03 AM",Kudos,Activity,16306878387
"Oct 31, 2025, 2:21:50 AM",Kudos,Activity,16307869044
"Oct 31, 2025, 5:36:35 PM",Kudos,Activity,16312269522
"Oct 31, 2025, 5:36:49 PM",Kudos,Activity,16311308374
"Oct 31, 2025, 5:37:18 PM",Kudos,Activity,16311546691
"Oct 31, 2025, 5:37:25 PM",Kudos,Activity,16311321350
"Oct 31, 2025, 5:37:32 PM",Kudos,Activity,16311762557
"Oct 31, 2025, 5:37:39 PM",Kudos,Activity,16310622734
"Oct 31, 2025, 5:37:55 PM",Kudos,Activity,16311071567
"Oct 31, 2025, 5:37:56 PM",Kudos,Activity,16312392455
"Oct 31, 2025, 5:38:00 PM",Kudos,Activity,16310373332
"Oct 31, 2025, 5:38:06 PM",Kudos,Activity,16311637651
"Oct 31, 2025, 5:38:17 PM",Kudos,Activity,16311644137
"Oct 31, 2025, 5:38:20 PM",Kudos,Activity,16311456203
"Oct 31, 2025, 5:38:29 PM",Kudos,Activity,16313245404
"Oct 31, 2025, 5:38:45 PM",Kudos,Activity,16311456413
"Oct 31, 2025, 5:39:02 PM",Kudos,Activity,16310397407
"Oct 31, 2025, 6:32:48 PM",Kudos,Activity,16313984271
"Oct 31, 2025, 6:32:58 PM",Kudos,Activity,16314129049
"Oct 31, 2025, 10:48:54 PM",Kudos,Activity,16315699474
"Oct 31, 2025, 10:49:06 PM",Kudos,Activity,16315371119
"Nov 1, 2025, 2:31:40 PM",Kudos,Activity,16321005402
"Nov 1, 2025, 2:31:46 PM",Kudos,Activity,16316630484
"Nov 1, 2025, 2:32:39 PM",Kudos,Activity,16321442088
"Nov 1, 2025, 2:33:06 PM",Kudos,Activity,16321384460
"Nov 1, 2025, 2:33:09 PM",Kudos,Activity,16319492669
"Nov 1, 2025, 2:33:20 PM",Kudos,Activity,16321277521
"Nov 1, 2025, 3:44:19 PM",Kudos,Activity,16322658820
"Nov 1, 2025, 3:44:52 PM",Kudos,Activity,16322740352
"Nov 1, 2025, 3:45:04 PM",Kudos,Activity,16317504567
"Nov 1, 2025, 6:59:19 PM",Kudos,Activity,16323831690
"Nov 1, 2025, 6:59:20 PM",Kudos,Activity,16323829957
"Nov 1, 2025, 6:59:22 PM",Kudos,Activity,16323866577
"Nov 1, 2025, 6:59:29 PM",Kudos,Activity,16324028110
"Nov 1, 2025, 6:59:32 PM",Kudos,Activity,16323407600
"Nov 1, 2025, 7:00:02 PM",Kudos,Activity,16324091487
"Nov 1, 2025, 7:00:05 PM",Kudos,Activity,16323311210
"Nov 1, 2025, 7:00:08 PM",Kudos,Activity,16322850071
"Nov 1, 2025, 7:00:24 PM",Kudos,Activity,16324122113
"Nov 1, 2025, 7:00:33 PM",Kudos,Activity,16323645634
"Nov 1, 2025, 7:00:37 PM",Kudos,Activity,16323524304
"Nov 1, 2025, 7:01:16 PM",Kudos,Activity,16323175945
"Nov 1, 2025, 8:07:27 PM",Kudos,Activity,16324690378
"Nov 1, 2025, 8:07:29 PM",Kudos,Activity,16321235571
"Nov 1, 2025, 8:07:41 PM",Kudos,Activity,16323029431
"Nov 2, 2025, 1:48:33 AM",Kudos,Activity,16324998171
"Nov 2, 2025, 1:48:51 AM",Kudos,Activity,16326746992
"Nov 2, 2025, 1:48:54 AM",Kudos,Activity,16325852245
"Nov 2, 2025, 1:48:59 AM",Kudos,Activity,16325620038
"Nov 2, 2025, 10:23:30 AM",Kudos,Activity,16327502467
"Nov 2, 2025, 2:51:18 PM",Kudos,Activity,16332111073
"Nov 2, 2025, 2:54:43 PM",Kudos,Activity,16332762102
"Nov 2, 2025, 5:11:32 PM",Kudos,Activity,16334227167
"Nov 2, 2025, 5:13:13 PM",Kudos,Activity,16332139459
"Nov 2, 2025, 5:13:43 PM",Kudos,Activity,16333095352
"Nov 2, 2025, 5:13:59 PM",Kudos,Activity,16333539693
"Nov 2, 2025, 5:14:22 PM",Kudos,Activity,16334171335
"Nov 2, 2025, 5:15:02 PM",Kudos,Activity,16329923310
"Nov 2, 2025, 5:15:08 PM",Kudos,Activity,16332119576
"Nov 2, 2025, 5:15:10 PM",Kudos,Activity,16332233640
"Nov 2, 2025, 5:15:13 PM",Kudos,Activity,16332683834
"Nov 2, 2025, 6:34:21 PM",Kudos,Activity,16334394767
"Nov 2, 2025, 6:34:33 PM",Kudos,Activity,16334772373
"Nov 2, 2025, 6:35:13 PM",Kudos,Activity,16334658217
"Nov 2, 2025, 9:46:00 PM",Kudos,Activity,16335395833
"Nov 2, 2025, 9:49:08 PM",Kudos,Activity,16331849109
"Nov 2, 2025, 9:50:09 PM",Kudos,Activity,16332036866
"Nov 2, 2025, 9:52:11 PM",Kudos,Activity,16335954069
"Nov 2, 2025, 9:54:06 PM",Kudos,Activity,16330479608
"Nov 2, 2025, 9:54:08 PM",Kudos,Activity,16330341144
"Nov 3, 2025, 1:55:40 AM",Kudos,Activity,16336813424
"Nov 3, 2025, 1:55:53 AM",Kudos,Activity,16336907534
"Nov 3, 2025, 1:56:16 AM",Kudos,Activity,16336867933
"Nov 3, 2025, 1:56:59 AM",Kudos,Activity,16336450943
"Nov 3, 2025, 4:52:58 AM",Kudos,Activity,16324656611
"Nov 3, 2025, 3:46:24 PM",Kudos,Activity,16341591435
"Nov 3, 2025, 3:46:34 PM",Kudos,Activity,16340921147
"Nov 3, 2025, 3:46:36 PM",Kudos,Activity,16341605119
"Nov 3, 2025, 3:46:42 PM",Kudos,Activity,16340424855
"Nov 3, 2025, 3:46:50 PM",Kudos,Activity,16340658204
"Nov 3, 2025, 3:46:53 PM",Kudos,Activity,16341588838
"Nov 3, 2025, 3:47:04 PM",Kudos,Activity,16341583408
"Nov 3, 2025, 3:48:49 PM",Kudos,Activity,16340983768
"Nov 3, 2025, 3:48:53 PM",Kudos,Activity,16340863941
"Nov 3, 2025, 3:48:58 PM",Kudos,Activity,16341632303
"Nov 3, 2025, 3:49:05 PM",Kudos,Activity,16341861675
"Nov 3, 2025, 5:47:12 PM",Kudos,Activity,16303654012
"Nov 3, 2025, 5:47:28 PM",Kudos,Activity,16343485961
"Nov 4, 2025, 11:55:55 AM",Kudos,Activity,16346377240
"Nov 4, 2025, 11:55:58 AM",Kudos,Activity,16346537189
"Nov 4, 2025, 11:56:01 AM",Kudos,Activity,16346534898
"Nov 4, 2025, 11:56:05 AM",Kudos,Activity,16347898115
"Nov 4, 2025, 11:56:08 AM",Kudos,Activity,16350627061
"Nov 4, 2025, 11:56:15 AM",Kudos,Activity,16346717177
"Nov 4, 2025, 11:56:18 AM",Kudos,Activity,16346713854
"Nov 4, 2025, 11:56:25 AM",Kudos,Activity,16344521070
"Nov 4, 2025, 3:00:36 PM",Kudos,Activity,16352302244
"Nov 4, 2025, 3:00:39 PM",Kudos,Activity,16352100794
"Nov 4, 2025, 3:00:46 PM",Kudos,Activity,16352360717
"Nov 4, 2025, 3:00:55 PM",Kudos,Activity,16351880282
"Nov 4, 2025, 3:01:04 PM",Kudos,Activity,16351724679
"Nov 4, 2025, 3:01:23 PM",Kudos,Activity,16351028234
"Nov 4, 2025, 3:01:29 PM",Kudos,Activity,16351413254
"Nov 4, 2025, 3:01:58 PM",Kudos,Activity,16351416639
"Nov 4, 2025, 3:02:03 PM",Kudos,Activity,16347262153
"Nov 4, 2025, 7:01:33 PM",Kudos,Activity,16353893789
"Nov 4, 2025, 7:01:45 PM",Kudos,Activity,16353943994
"Nov 4, 2025, 7:01:57 PM",Kudos,Activity,16354363638
"Nov 4, 2025, 7:02:33 PM",Kudos,Activity,16354605766
"Nov 4, 2025, 7:02:44 PM",Kudos,Activity,16353952881
"Nov 5, 2025, 12:36:49 AM",Kudos,Activity,16355777470
"Nov 5, 2025, 12:36:54 AM",Kudos,Activity,16358359389
"Nov 5, 2025, 12:36:57 AM",Kudos,Activity,16358376257
"Nov 5, 2025, 12:37:34 AM",Kudos,Activity,16358105444
"Nov 5, 2025, 12:37:38 AM",Kudos,Activity,16357553627
"Nov 5, 2025, 12:37:40 AM",Kudos,Activity,16355674089
"Nov 5, 2025, 12:37:42 AM",Kudos,Activity,16358320268
"Nov 5, 2025, 2:37:00 AM",Kudos,Activity,16358612386
"Nov 5, 2025, 2:37:02 AM",Kudos,Activity,16358601890
"Nov 5, 2025, 2:37:16 AM",Kudos,Activity,16358451923
"Nov 5, 2025, 2:37:23 AM",Kudos,Activity,16358709519
"Nov 5, 2025, 2:37:27 AM",Kudos,Activity,16358767494
"Nov 5, 2025, 3:17:43 PM",Kudos,Activity,16363867884
"Nov 5, 2025, 3:17:57 PM",Kudos,Activity,16362313352
"Nov 5, 2025, 3:18:01 PM",Kudos,Activity,16359602964
"Nov 5, 2025, 6:47:14 PM",Kudos,Activity,16366012279
"Nov 6, 2025, 12:10:18 AM",Kudos,Activity,16366263486
"Nov 6, 2025, 12:11:04 AM",Kudos,Activity,16368640349
"Nov 6, 2025, 12:12:03 AM",Kudos,Activity,16364860804
"Nov 6, 2025, 12:14:11 AM",Kudos,Activity,16365044969
"Nov 6, 2025, 12:14:22 AM",Kudos,Activity,16357872808
"Nov 6, 2025, 12:14:31 AM",Kudos,Activity,16364440483
"Nov 6, 2025, 12:14:58 AM",Kudos,Activity,16362808846
"Nov 6, 2025, 2:13:26 AM",Kudos,Activity,16369024047
"Nov 6, 2025, 2:13:33 AM",Kudos,Activity,16365758615
"Nov 6, 2025, 4:45:48 PM",Kudos,Activity,16374930258
"Nov 6, 2025, 4:45:53 PM",Kudos,Activity,16374803036
"Nov 6, 2025, 4:45:57 PM",Kudos,Activity,16374454185
"Nov 6, 2025, 6:50:40 PM",Kudos,Activity,16376451582
"Nov 6, 2025, 6:50:45 PM",Kudos,Activity,16373039785
"Nov 6, 2025, 6:50:48 PM",Kudos,Activity,16375952214
"Nov 6, 2025, 6:50:53 PM",Kudos,Activity,16372676537
"Nov 6, 2025, 6:51:13 PM",Kudos,Activity,16373020968
"Nov 6, 2025, 6:51:22 PM",Kudos,Activity,16374093840
"Nov 6, 2025, 6:51:24 PM",Kudos,Activity,16373792877
"Nov 6, 2025, 6:51:32 PM",Kudos,Activity,16373799633
"Nov 6, 2025, 6:51:37 PM",Kudos,Activity,16375131253
"Nov 7, 2025, 2:27:16 AM",Kudos,Activity,16379638930
"Nov 7, 2025, 2:27:19 AM",Kudos,Activity,16379463960
"Nov 7, 2025, 2:27:28 AM",Kudos,Activity,16378955124
"Nov 7, 2025, 2:27:39 AM",Kudos,Activity,16378911157
"Nov 7, 2025, 2:27:49 AM",Kudos,Activity,16379872748
"Nov 7, 2025, 2:27:52 AM",Kudos,Activity,16377223583
"Nov 7, 2025, 2:28:03 AM",Kudos,Activity,16378942860
"Nov 7, 2025, 2:28:09 AM",Kudos,Activity,16379617210
"Nov 7, 2025, 2:28:18 AM",Kudos,Activity,16379238969
"Nov 7, 2025, 2:28:42 AM",Kudos,Activity,16378489699
"Nov 7, 2025, 2:28:49 AM",Kudos,Activity,16379838030
"Nov 7, 2025, 2:24:50 PM",Kudos,Activity,16383928921
"Nov 7, 2025, 2:25:01 PM",Kudos,Activity,16383474392
"Nov 7, 2025, 2:25:04 PM",Kudos,Activity,16383829068
"Nov 7, 2025, 2:27:23 PM",Kudos,Activity,16383082071
"Nov 7, 2025, 2:27:26 PM",Kudos,Activity,16383485324
"Nov 7, 2025, 2:27:32 PM",Kudos,Activity,16384106456
"Nov 7, 2025, 2:27:40 PM",Kudos,Activity,16382758426
"Nov 7, 2025, 5:01:15 PM",Kudos,Activity,16384415184
"Nov 7, 2025, 5:01:21 PM",Kudos,Activity,16384532218
"Nov 7, 2025, 5:01:24 PM",Kudos,Activity,16384306471
"Nov 7, 2025, 5:01:31 PM",Kudos,Activity,16384629211
"Nov 7, 2025, 5:01:39 PM",Kudos,Activity,16384986585
"Nov 7, 2025, 5:01:46 PM",Kudos,Activity,16384712947
"Nov 7, 2025, 5:01:57 PM",Kudos,Activity,16384292695
"Nov 7, 2025, 5:02:02 PM",Kudos,Activity,16384992693
"Nov 7, 2025, 5:02:07 PM",Kudos,Activity,16385421423
"Nov 7, 2025, 5:02:17 PM",Kudos,Activity,16384218758
"Nov 7, 2025, 5:02:23 PM",Kudos,Activity,16383789121
"Nov 7, 2025, 5:02:34 PM",Kudos,Activity,16374129549
"Nov 7, 2025, 5:03:41 PM",Kudos,Activity,16380259628
"Nov 7, 2025, 5:04:55 PM",Kudos,Activity,16383376463
"Nov 7, 2025, 5:04:59 PM",Kudos,Activity,16382708367
"Nov 7, 2025, 6:56:38 PM",Kudos,Activity,16385691166
"Nov 8, 2025, 12:09:02 AM",Kudos,Activity,16387990665
"Nov 8, 2025, 12:09:04 AM",Kudos,Activity,16386673262
"Nov 8, 2025, 1:30:16 PM",Kudos,Activity,16388912416
"Nov 8, 2025, 1:30:20 PM",Kudos,Activity,16389914737
"Nov 8, 2025, 1:30:23 PM",Kudos,Activity,16389623502
"Nov 8, 2025, 3:55:03 PM",Kudos,Activity,16393806192
"Nov 8, 2025, 3:55:05 PM",Kudos,Activity,16394611338
"Nov 8, 2025, 3:55:09 PM",Kudos,Activity,16395059712
"Nov 8, 2025, 3:55:16 PM",Kudos,Activity,16394909718
"Nov 8, 2025, 3:55:31 PM",Kudos,Activity,16394048714
"Nov 8, 2025, 3:55:38 PM",Kudos,Activity,16394049279
"Nov 8, 2025, 3:55:44 PM",Kudos,Activity,16394755485
"Nov 8, 2025, 3:56:01 PM",Kudos,Activity,16394606015
"Nov 8, 2025, 7:19:55 PM",Kudos,Activity,16396143782
"Nov 8, 2025, 7:20:28 PM",Kudos,Activity,16395452840
"Nov 8, 2025, 7:20:40 PM",Kudos,Activity,16396305845
"Nov 8, 2025, 7:20:49 PM",Kudos,Activity,16396658350
"Nov 8, 2025, 7:21:08 PM",Kudos,Activity,16396054784
"Nov 8, 2025, 7:21:29 PM",Kudos,Activity,16396621405
"Nov 8, 2025, 7:21:36 PM",Kudos,Activity,16396329764
"Nov 8, 2025, 7:21:38 PM",Kudos,Activity,16396040834
"Nov 8, 2025, 7:21:42 PM",Kudos,Activity,16395814927
"Nov 8, 2025, 7:21:53 PM",Kudos,Activity,16395573764
"Nov 8, 2025, 7:21:57 PM",Kudos,Activity,16395563502
"Nov 9, 2025, 2:26:04 AM",Kudos,Activity,16397484525
"Nov 9, 2025, 2:26:06 AM",Kudos,Activity,16397736296
"Nov 9, 2025, 2:26:17 AM",Kudos,Activity,16399008662
"Nov 9, 2025, 2:26:19 AM",Kudos,Activity,16397892251
"Nov 9, 2025, 2:26:26 AM",Kudos,Activity,16398272188
"Nov 9, 2025, 2:26:29 AM",Kudos,Activity,16398006618
"Nov 9, 2025, 2:26:38 AM",Kudos,Activity,16395248953
"Nov 9, 2025, 2:27:01 AM",Kudos,Activity,16398757538
"Nov 9, 2025, 2:27:06 AM",Kudos,Activity,16398033732
"Nov 9, 2025, 2:27:16 AM",Kudos,Activity,16398199899
"Nov 9, 2025, 5:05:37 PM",Kudos,Activity,16406328133
"Nov 9, 2025, 5:05:54 PM",Kudos,Activity,16406310155
"Nov 9, 2025, 5:06:48 PM",Kudos,Activity,16405804601
"Nov 9, 2025, 5:06:55 PM",Kudos,Activity,16407112860
"Nov 9, 2025, 5:06:58 PM",Kudos,Activity,16405804525
"Nov 9, 2025, 7:14:34 PM",Kudos,Activity,16404601076
"Nov 9, 2025, 7:14:46 PM",Kudos,Activity,16406022795
"Nov 9, 2025, 7:14:57 PM",Kudos,Activity,16405513114
"Nov 9, 2025, 7:40:49 PM",Kudos,Activity,16407711603
"Nov 9, 2025, 7:40:52 PM",Kudos,Activity,16406272618
"Nov 9, 2025, 7:41:09 PM",Kudos,Activity,16407052862
"Nov 9, 2025, 7:41:11 PM",Kudos,Activity,16400094434
"Nov 9, 2025, 7:41:25 PM",Kudos,Activity,16406488670
"Nov 9, 2025, 7:41:28 PM",Kudos,Activity,16405631747
"Nov 9, 2025, 7:41:38 PM",Kudos,Activity,16405282310
"Nov 9, 2025, 8:23:00 PM",Kudos,Activity,16408589977
"Nov 9, 2025, 8:23:58 PM",Kudos,Activity,16408428890
"Nov 9, 2025, 8:24:02 PM",Kudos,Activity,16406729721
"Nov 9, 2025, 8:24:14 PM",Kudos,Activity,16408521736
"Nov 9, 2025, 8:24:17 PM",Kudos,Activity,16403512069
"Nov 9, 2025, 8:24:37 PM",Kudos,Activity,16388502432
"Nov 9, 2025, 8:24:46 PM",Kudos,Activity,16404464958
"Nov 9, 2025, 8:25:16 PM",Kudos,Activity,16406522869
"Nov 10, 2025, 12:55:17 AM",Kudos,Activity,16409615259
"Nov 10, 2025, 12:44:40 PM",Kudos,Activity,16410324736
"Nov 10, 2025, 12:44:44 PM",Kudos,Activity,16413093777
"Nov 10, 2025, 6:07:51 PM",Kudos,Activity,16414327929
"Nov 10, 2025, 6:08:01 PM",Kudos,Activity,16416111091
"Nov 10, 2025, 6:08:30 PM",Kudos,Activity,16413898751
"Nov 10, 2025, 6:08:32 PM",Kudos,Activity,16413830488
"Nov 10, 2025, 6:08:38 PM",Kudos,Activity,16413698891
"Nov 10, 2025, 6:09:38 PM",Kudos,Activity,16406126148
"Nov 10, 2025, 6:10:09 PM",Kudos,Activity,16405537071
"Nov 10, 2025, 6:10:50 PM",Kudos,Activity,16405450316
"Nov 11, 2025, 12:05:14 AM",Kudos,Activity,16417167133
"Nov 11, 2025, 12:17:32 AM",Kudos,Activity,16418924052
"Nov 11, 2025, 12:17:35 AM",Kudos,Activity,16417613295
"Nov 11, 2025, 12:17:41 AM",Kudos,Activity,16417620434
"Nov 11, 2025, 12:17:45 AM",Kudos,Activity,16418311026
"Nov 11, 2025, 12:54:53 AM",Kudos,Activity,16419507575
"Nov 11, 2025, 11:45:42 AM",Kudos,Activity,16422542720
"Nov 11, 2025, 11:45:44 AM",Kudos,Activity,16420407429
"Nov 11, 2025, 11:45:50 AM",Kudos,Activity,16420160307
"Nov 11, 2025, 4:32:47 PM",Kudos,Activity,16425332552
"Nov 11, 2025, 4:32:50 PM",Kudos,Activity,16425148017
"Nov 11, 2025, 4:32:52 PM",Kudos,Activity,16425539273
"Nov 11, 2025, 4:33:25 PM",Kudos,Activity,16424191600
"Nov 11, 2025, 4:33:30 PM",Kudos,Activity,16424677284
"Nov 11, 2025, 4:33:31 PM",Kudos,Activity,16424125142
"Nov 11, 2025, 5:05:32 PM",Kudos,Activity,16426153886
"Nov 11, 2025, 5:05:44 PM",Kudos,Activity,16426409438
"Nov 11, 2025, 5:06:03 PM",Kudos,Activity,16424435560
"Nov 11, 2025, 5:06:11 PM",Kudos,Activity,16423559179
"Nov 11, 2025, 5:06:13 PM",Kudos,Activity,16424412275
"Nov 11, 2025, 8:13:15 PM",Kudos,Activity,16428479519
"Nov 11, 2025, 8:13:19 PM",Kudos,Activity,16426826292
"Nov 12, 2025, 1:05:22 PM",Kudos,Activity,16430694945
"Nov 12, 2025, 1:05:30 PM",Kudos,Activity,16430611795
"Nov 12, 2025, 1:05:33 PM",Kudos,Activity,16429799133
"Nov 12, 2025, 1:05:38 PM",Kudos,Activity,16430854496
"Nov 12, 2025, 1:05:42 PM",Kudos,Activity,16434433676
"Nov 12, 2025, 1:05:44 PM",Kudos,Activity,16430604435
"Nov 12, 2025, 1:55:27 PM",Kudos,Activity,16435422613
"Nov 12, 2025, 4:21:32 PM",Kudos,Activity,16435984034
"Nov 12, 2025, 4:21:37 PM",Kudos,Activity,16436094648
"Nov 12, 2025, 4:21:41 PM",Kudos,Activity,16436113556
"Nov 12, 2025, 4:21:52 PM",Kudos,Activity,16435608473
"Nov 12, 2025, 4:22:04 PM",Kudos,Activity,16435517404
"Nov 12, 2025, 4:22:08 PM",Kudos,Activity,16435613907
"Nov 12, 2025, 4:22:09 PM",Kudos,Activity,16435867127
"Nov 12, 2025, 6:28:01 PM",Kudos,Activity,16437044423
"Nov 12, 2025, 6:28:03 PM",Kudos,Activity,16437992465
"Nov 12, 2025, 7:15:45 PM",Kudos,Activity,16438173461
"Nov 13, 2025, 12:35:20 AM",Kudos,Activity,16440899208
"Nov 13, 2025, 12:35:34 AM",Kudos,Activity,16440850458
"Nov 13, 2025, 12:35:37 AM",Kudos,Activity,16440871374
"Nov 13, 2025, 12:35:40 AM",Kudos,Activity,16438558443
"Nov 13, 2025, 1:01:17 PM",Kudos,Activity,16444779509
"Nov 13, 2025, 1:01:45 PM",Kudos,Activity,16444884606
"Nov 13, 2025, 1:02:06 PM",Kudos,Activity,16442638952
"Nov 13, 2025, 1:03:10 PM",Kudos,Activity,16441350804
"Nov 13, 2025, 1:03:17 PM",Kudos,Activity,16441084349
"Nov 13, 2025, 1:03:24 PM",Kudos,Activity,16441949572
"Nov 13, 2025, 2:44:07 PM",Kudos,Activity,16445909313
"Nov 13, 2025, 2:44:10 PM",Kudos,Activity,16445933459
"Nov 13, 2025, 2:44:15 PM",Kudos,Activity,16445608336
"Nov 13, 2025, 2:44:20 PM",Kudos,Activity,16446116535
"Nov 13, 2025, 2:44:22 PM",Kudos,Activity,16446064651
"Nov 13, 2025, 2:44:24 PM",Kudos,Activity,16445895908
"Nov 13, 2025, 2:44:28 PM",Kudos,Activity,16441353511
"Nov 13, 2025, 3:51:12 PM",Kudos,Activity,16446503832
"Nov 13, 2025, 3:51:15 PM",Kudos,Activity,16446653261
"Nov 13, 2025, 4:18:13 PM",Kudos,Activity,16447054239
"Nov 13, 2025, 7:55:50 PM",Kudos,Activity,16447561348
"Nov 13, 2025, 7:55:52 PM",Kudos,Activity,16448508726
"Nov 13, 2025, 7:55:56 PM",Kudos,Activity,16447419912
"Nov 14, 2025, 1:07:59 AM",Kudos,Activity,16449757027
"Nov 14, 2025, 1:08:01 AM",Kudos,Activity,16451381943
"Nov 14, 2025, 1:08:02 AM",Kudos,Activity,16451288109
"Nov 14, 2025, 1:08:07 AM",Kudos,Activity,16450596292
"Nov 14, 2025, 1:08:11 AM",Kudos,Activity,16449339335
"Nov 14, 2025, 1:08:15 AM",Kudos,Activity,16451301493
"Nov 14, 2025, 1:08:24 AM",Kudos,Activity,16451384495
"Nov 14, 2025, 1:08:30 AM",Kudos,Activity,16451384329
"Nov 14, 2025, 12:18:50 PM",Kudos,Activity,16451920897
"Nov 14, 2025, 12:18:53 PM",Kudos,Activity,16451464892
"Nov 14, 2025, 12:18:57 PM",Kudos,Activity,16451403298
"Nov 14, 2025, 12:19:03 PM",Kudos,Activity,16451352736
"Nov 14, 2025, 12:19:07 PM",Kudos,Activity,16454678561
"Nov 14, 2025, 12:19:09 PM",Kudos,Activity,16451403858
"Nov 14, 2025, 12:19:12 PM",Kudos,Activity,16450767473
"Nov 14, 2025, 2:33:06 PM",Kudos,Activity,16455609122
"Nov 14, 2025, 2:33:10 PM",Kudos,Activity,16455582876
"Nov 14, 2025, 2:33:11 PM",Kudos,Activity,16455108493
"Nov 14, 2025, 2:33:14 PM",Kudos,Activity,16455381935
"Nov 14, 2025, 2:33:18 PM",Kudos,Activity,16455755906
"Nov 14, 2025, 5:08:01 PM",Kudos,Activity,16456117267
"Nov 14, 2025, 5:08:07 PM",Kudos,Activity,16456184459
"Nov 14, 2025, 5:08:16 PM",Kudos,Activity,16456578173
"Nov 14, 2025, 5:08:18 PM",Kudos,Activity,16455379887
"Nov 14, 2025, 5:08:24 PM",Kudos,Activity,16455872942
"Nov 14, 2025, 5:08:32 PM",Kudos,Activity,16456538184
"Nov 14, 2025, 6:36:58 PM",Kudos,Activity,16457070349
"Nov 14, 2025, 6:37:30 PM",Kudos,Activity,16457461346
"Nov 14, 2025, 6:37:34 PM",Kudos,Activity,16457689997
"Nov 14, 2025, 11:39:59 PM",Kudos,Activity,16458393709
"Nov 14, 2025, 11:41:14 PM",Kudos,Activity,16459239388
"Nov 14, 2025, 11:41:16 PM",Kudos,Activity,16458018476
"Nov 14, 2025, 11:41:52 PM",Kudos,Activity,16457978364
"Nov 15, 2025, 3:47:41 AM",Kudos,Activity,16459855648
"Nov 15, 2025, 3:47:43 AM",Kudos,Activity,16460371105
"Nov 15, 2025, 4:57:20 PM",Kudos,Activity,16465667625
"Nov 15, 2025, 4:57:25 PM",Kudos,Activity,16466583436
"Nov 15, 2025, 4:57:27 PM",Kudos,Activity,16466724485
"Nov 15, 2025, 4:57:30 PM",Kudos,Activity,16466360949
"Nov 15, 2025, 4:57:42 PM",Kudos,Activity,16465568760
"Nov 15, 2025, 4:58:03 PM",Kudos,Activity,16466816584
"Nov 15, 2025, 4:58:17 PM",Kudos,Activity,16466163876
"Nov 15, 2025, 4:58:28 PM",Kudos,Activity,16466955096
"Nov 15, 2025, 4:58:30 PM",Kudos,Activity,16466746356
"Nov 15, 2025, 4:59:32 PM",Kudos,Activity,16464401290
"Nov 15, 2025, 4:59:34 PM",Kudos,Activity,16461513317
"Nov 15, 2025, 4:59:35 PM",Kudos,Activity,16466734888
"Nov 15, 2025, 4:59:37 PM",Kudos,Activity,16465628892
"Nov 15, 2025, 4:59:42 PM",Kudos,Activity,16465295222
"Nov 15, 2025, 5:02:48 PM",Kudos,Activity,16464473602
"Nov 15, 2025, 5:02:57 PM",Kudos,Activity,16458100083
"Nov 15, 2025, 5:03:02 PM",Kudos,Activity,16459523038
"Nov 15, 2025, 5:03:06 PM",Kudos,Activity,16466129996
"Nov 15, 2025, 6:52:37 PM",Kudos,Activity,16468102553
"Nov 15, 2025, 6:52:52 PM",Kudos,Activity,16467602792
"Nov 15, 2025, 6:53:28 PM",Kudos,Activity,16467915619
"Nov 15, 2025, 6:53:34 PM",Kudos,Activity,16468058271
"Nov 15, 2025, 6:53:37 PM",Kudos,Activity,16468104072
"Nov 15, 2025, 6:53:47 PM",Kudos,Activity,16466185001
"Nov 15, 2025, 6:53:52 PM",Kudos,Activity,16460748395
"Nov 15, 2025, 7:52:23 PM",Kudos,Post,41069192
"Nov 15, 2025, 7:52:26 PM",Kudos,Activity,16467185048
"Nov 15, 2025, 7:52:51 PM",Kudos,Activity,16467944837
"Nov 16, 2025, 11:46:19 PM",Kudos,Activity,16476945161
"Nov 16, 2025, 11:46:21 PM",Kudos,Activity,16477626358
"Nov 16, 2025, 11:46:23 PM",Kudos,Activity,16478170241
"Nov 16, 2025, 11:46:27 PM",Kudos,Activity,16473247271
"Nov 16, 2025, 11:46:30 PM",Kudos,Activity,16477203597
"Nov 16, 2025, 11:46:34 PM",Kudos,Activity,16469471008
"Nov 16, 2025, 11:46:38 PM",Kudos,Activity,16478170083
"Nov 16, 2025, 11:46:46 PM",Kudos,Activity,16469471020
"Nov 16, 2025, 11:46:48 PM",Kudos,Activity,16479725948
"Nov 16, 2025, 11:46:52 PM",Kudos,Activity,16480506858
"Nov 16, 2025, 11:46:54 PM",Kudos,Activity,16477165812
"Nov 16, 2025, 11:46:55 PM",Kudos,Activity,16478270332
"Nov 16, 2025, 11:46:58 PM",Kudos,Activity,16477064249
"Nov 16, 2025, 11:47:07 PM",Kudos,Activity,16469225874
"Nov 17, 2025, 12:41:02 AM",Kudos,Activity,16480570214
"Nov 17, 2025, 11:49:09 AM",Kudos,Activity,16480662027
"Nov 17, 2025, 11:49:11 AM",Kudos,Activity,16474358619
"Nov 17, 2025, 11:49:15 AM",Kudos,Activity,16470042942
"Nov 17, 2025, 11:49:23 AM",Kudos,Activity,16469702045
"Nov 17, 2025, 11:49:30 AM",Kudos,Activity,16469914630
"Nov 17, 2025, 11:49:46 AM",Kudos,Activity,16478209782
"Nov 17, 2025, 2:06:07 PM",Kudos,Activity,16484061141
"Nov 17, 2025, 2:06:23 PM",Kudos,Activity,16483926974
"Nov 17, 2025, 2:06:32 PM",Kudos,Activity,16484202541
"Nov 17, 2025, 8:35:04 PM",Kudos,Activity,16486440226
"Nov 17, 2025, 8:35:11 PM",Kudos,Activity,16484861105
"Nov 17, 2025, 8:35:42 PM",Kudos,Activity,16480228382
"Nov 17, 2025, 8:42:54 PM",Kudos,Activity,16468330574
"Nov 17, 2025, 8:43:52 PM",Kudos,Activity,16475553358
"Nov 17, 2025, 8:44:01 PM",Kudos,Activity,16483638531
"Nov 17, 2025, 8:53:15 PM",Kudos,Activity,16484951039
"Nov 17, 2025, 11:50:47 PM",Kudos,Activity,16489387097
"Nov 17, 2025, 11:50:55 PM",Kudos,Activity,16489176013
"Nov 17, 2025, 11:51:14 PM",Kudos,Activity,16489641286
"Nov 18, 2025, 2:53:04 AM",Kudos,Activity,16489987253
"Nov 18, 2025, 2:53:09 AM",Kudos,Activity,16489449787
"Nov 18, 2025, 2:53:15 AM",Kudos,Activity,16489811450
"Nov 18, 2025, 2:53:20 AM",Kudos,Activity,16490041920
"Nov 18, 2025, 1:23:25 PM",Kudos,Activity,16493769886
"Nov 18, 2025, 1:23:32 PM",Kudos,Activity,16494382919
"Nov 18, 2025, 1:23:44 PM",Kudos,Activity,16490796119
"Nov 18, 2025, 2:07:42 PM",Kudos,Activity,16494616007
"Nov 18, 2025, 2:07:52 PM",Kudos,Activity,16494676671
"Nov 18, 2025, 2:26:43 PM",Kudos,Activity,16494941715
"Nov 18, 2025, 3:09:22 PM",Kudos,Activity,16495198476
"Nov 18, 2025, 3:10:01 PM",Kudos,Activity,16495112595
"Nov 18, 2025, 5:22:29 PM",Kudos,Activity,16496053591
"Nov 18, 2025, 5:22:41 PM",Kudos,Activity,16495753035
"Nov 18, 2025, 8:18:34 PM",Kudos,Activity,16497302518
"Nov 18, 2025, 8:18:37 PM",Kudos,Activity,16496711844
"Nov 18, 2025, 8:18:47 PM",Kudos,Activity,16496551380
"Nov 19, 2025, 3:47:26 AM",Kudos,Activity,16501156353
"Nov 19, 2025, 3:47:33 AM",Kudos,Activity,16500647433
"Nov 19, 2025, 3:47:35 AM",Kudos,Activity,16500817294
"Nov 19, 2025, 3:47:38 AM",Kudos,Activity,16499869757
"Nov 19, 2025, 3:47:43 AM",Kudos,Activity,16500137948
"Nov 19, 2025, 1:33:44 PM",Kudos,Activity,16504122607
"Nov 19, 2025, 1:33:50 PM",Kudos,Activity,16504497267
"Nov 19, 2025, 1:37:58 PM",Kudos,Activity,16504701559
"Nov 19, 2025, 1:38:03 PM",Kudos,Activity,16501722861
"Nov 19, 2025, 1:38:05 PM",Kudos,Activity,16501513763
"Nov 19, 2025, 1:38:08 PM",Kudos,Activity,16504045565
"Nov 19, 2025, 3:23:48 PM",Kudos,Activity,16505557014
"Nov 19, 2025, 3:24:04 PM",Kudos,Activity,16505342589
"Nov 19, 2025, 3:24:08 PM",Kudos,Activity,16494407867
"Nov 19, 2025, 6:40:46 PM",Kudos,Activity,16507025899
"Nov 19, 2025, 6:41:12 PM",Kudos,Activity,16505934053
"Nov 19, 2025, 6:41:27 PM",Kudos,Activity,16506702866
"Nov 19, 2025, 6:57:56 PM",Kudos,Activity,16506896814
"Nov 19, 2025, 8:38:57 PM",Kudos,Activity,16507910351
"Nov 20, 2025, 2:48:15 AM",Kudos,Activity,16510418364
"Nov 20, 2025, 2:48:23 AM",Kudos,Activity,16510433302
"Nov 20, 2025, 2:48:28 AM",Kudos,Activity,16510421784
"Nov 20, 2025, 2:48:35 AM",Kudos,Activity,16510467799
"Nov 20, 2025, 2:48:39 AM",Kudos,Activity,16508499838
"Nov 20, 2025, 2:49:02 AM",Kudos,Activity,16509831954
"Nov 20, 2025, 3:04:26 AM",Kudos,Activity,16511036567
"Nov 20, 2025, 1:43:34 PM",Kudos,Activity,16513908534
"Nov 20, 2025, 1:43:36 PM",Kudos,Activity,16514766417
"Nov 20, 2025, 1:43:47 PM",Kudos,Activity,16513651412
"Nov 20, 2025, 1:43:57 PM",Kudos,Activity,16511464781
"Nov 20, 2025, 2:13:49 PM",Kudos,Activity,16514947361
"Nov 20, 2025, 2:13:53 PM",Kudos,Activity,16515020582
"Nov 20, 2025, 2:42:57 PM",Kudos,Activity,16515166275
"Nov 20, 2025, 2:43:25 PM",Kudos,Activity,16515107345
"Nov 20, 2025, 3:47:36 PM",Kudos,Activity,16515776823
"Nov 20, 2025, 3:47:53 PM",Kudos,Activity,16515423799
"Nov 20, 2025, 5:25:04 PM",Kudos,Activity,16516155019
"Nov 20, 2025, 9:53:21 PM",Kudos,Activity,16518419528
"Nov 20, 2025, 9:53:24 PM",Kudos,Activity,16516757660
"Nov 20, 2025, 9:53:27 PM",Kudos,Activity,16517811202
"Nov 21, 2025, 1:45:04 AM",Kudos,Activity,16520250587
"Nov 21, 2025, 1:45:05 AM",Kudos,Activity,16520097112
"Nov 21, 2025, 1:45:07 AM",Kudos,Activity,16519695138
"Nov 21, 2025, 1:45:09 AM",Kudos,Activity,16520203793
"Nov 21, 2025, 1:45:13 AM",Kudos,Activity,16520110171
"Nov 21, 2025, 2:23:53 PM",Kudos,Activity,16524233756
"Nov 21, 2025, 2:23:54 PM",Kudos,Activity,16524322991
"Nov 21, 2025, 2:23:56 PM",Kudos,Activity,16523832035
"Nov 21, 2025, 2:23:57 PM",Kudos,Activity,16523763637
"Nov 21, 2025, 2:24:01 PM",Kudos,Activity,16524244167
"Nov 21, 2025, 4:05:28 PM",Kudos,Activity,16525180591
"Nov 21, 2025, 4:05:37 PM",Kudos,Activity,16524769792
"Nov 21, 2025, 4:05:48 PM",Kudos,Activity,16524644719
"Nov 21, 2025, 4:05:53 PM",Kudos,Activity,16524443530
"Nov 21, 2025, 4:06:01 PM",Kudos,Activity,16520955647
"Nov 21, 2025, 4:06:42 PM",Kudos,Activity,16523319271
"Nov 21, 2025, 4:06:45 PM",Kudos,Activity,16524390018
"Nov 21, 2025, 4:06:49 PM",Kudos,Activity,16520273699
"Nov 21, 2025, 4:07:56 PM",Kudos,Activity,16520684324
"Nov 21, 2025, 4:07:58 PM",Kudos,Activity,16520517804
"Nov 21, 2025, 4:08:02 PM",Kudos,Activity,16524445008
"Nov 21, 2025, 4:08:06 PM",Kudos,Activity,16520512844
"Nov 21, 2025, 4:08:13 PM",Kudos,Activity,16524445081
"Nov 21, 2025, 4:08:25 PM",Kudos,Activity,16524443534
"Nov 21, 2025, 4:08:31 PM",Kudos,Activity,16523892007
"Nov 21, 2025, 4:08:40 PM",Kudos,Activity,16523037360
"Nov 21, 2025, 5:14:36 PM",Kudos,Activity,16525575894
"Nov 21, 2025, 7:54:26 PM",Kudos,Activity,16524976705
"Nov 21, 2025, 7:54:38 PM",Kudos,Activity,16526846872
"Nov 21, 2025, 7:54:58 PM",Kudos,Activity,16526648832
"Nov 21, 2025, 7:55:49 PM",Kudos,Post,41206912
"Nov 21, 2025, 9:35:28 PM",Kudos,Activity,16527248762
"Nov 21, 2025, 9:35:32 PM",Kudos,Activity,16527162924
"Nov 21, 2025, 9:35:36 PM",Kudos,Activity,16527245482
"Nov 22, 2025, 3:52:33 AM",Kudos,Activity,16527747291
"Nov 22, 2025, 3:52:44 AM",Kudos,Activity,16528820540
"Nov 22, 2025, 4:39:51 PM",Kudos,Activity,16534613405
"Nov 22, 2025, 4:40:37 PM",Kudos,Activity,16533584516
"Nov 22, 2025, 4:40:41 PM",Kudos,Activity,16534769533
"Nov 22, 2025, 4:41:15 PM",Kudos,Activity,16534106727
"Nov 22, 2025, 4:41:21 PM",Kudos,Activity,16534308701
"Nov 22, 2025, 4:41:31 PM",Kudos,Activity,16534341262
"Nov 22, 2025, 4:41:33 PM",Kudos,Activity,16534682860
"Nov 22, 2025, 4:41:49 PM",Kudos,Activity,16533838893
"Nov 22, 2025, 4:41:51 PM",Kudos,Activity,16534584188
"Nov 22, 2025, 4:41:58 PM",Kudos,Activity,16533766014
"Nov 22, 2025, 4:42:19 PM",Kudos,Activity,16535285252
"Nov 22, 2025, 4:42:23 PM",Kudos,Activity,16534807262
"Nov 22, 2025, 4:43:06 PM",Kudos,Activity,16528718004
"Nov 22, 2025, 4:43:09 PM",Kudos,Activity,16528645314
"Nov 23, 2025, 12:58:23 AM",Kudos,Activity,16536733525
"Nov 23, 2025, 12:58:26 AM",Kudos,Activity,16537284746
"Nov 23, 2025, 12:58:34 AM",Kudos,Activity,16537321628
"Nov 23, 2025, 9:36:28 PM",Kudos,Activity,16546713022
"Nov 23, 2025, 9:36:38 PM",Kudos,Activity,16545428115
"Nov 23, 2025, 9:38:01 PM",Kudos,Activity,16544913848
"Nov 23, 2025, 9:38:08 PM",Kudos,Activity,16545731267
"Nov 23, 2025, 9:38:57 PM",Kudos,Activity,16544699425
"Nov 23, 2025, 9:39:20 PM",Kudos,Activity,16547149811
"Nov 23, 2025, 9:39:24 PM",Kudos,Activity,16545398245
"Nov 23, 2025, 9:39:31 PM",Kudos,Activity,16546119803
"Nov 23, 2025, 9:39:34 PM",Kudos,Activity,16545868283
"Nov 23, 2025, 9:39:35 PM",Kudos,Activity,16546784571
"Nov 23, 2025, 9:39:38 PM",Kudos,Activity,16545984126
"Nov 23, 2025, 9:39:56 PM",Kudos,Activity,16544919692
"Nov 23, 2025, 9:40:02 PM",Kudos,Activity,16544000035
"Nov 23, 2025, 9:40:13 PM",Kudos,Activity,16545777287
"Nov 23, 2025, 9:40:16 PM",Kudos,Activity,16546001494
"Nov 23, 2025, 9:40:19 PM",Kudos,Activity,16546278098
"Nov 23, 2025, 9:40:20 PM",Kudos,Activity,16546405729
"Nov 23, 2025, 9:40:24 PM",Kudos,Activity,16546855044
"Nov 23, 2025, 9:40:26 PM",Kudos,Activity,16546297499
"Nov 23, 2025, 9:40:32 PM",Kudos,Activity,16545566198
"Nov 23, 2025, 9:40:33 PM",Kudos,Activity,16544829423
"Nov 23, 2025, 9:40:36 PM",Kudos,Activity,16546336862
"Nov 23, 2025, 9:40:46 PM",Kudos,Activity,16547457528
"Nov 23, 2025, 9:41:00 PM",Kudos,Activity,16539859774
"Nov 23, 2025, 9:41:32 PM",Kudos,Activity,16544587172
"Nov 23, 2025, 9:41:49 PM",Kudos,Activity,16539251366
"Nov 23, 2025, 11:15:51 PM",Kudos,Activity,16548052576
"Nov 23, 2025, 11:16:14 PM",Kudos,Activity,16547918338
"Nov 23, 2025, 11:17:08 PM",Kudos,Activity,16534941308
"Nov 23, 2025, 11:17:46 PM",Kudos,Activity,16536490893
"Nov 23, 2025, 11:17:59 PM",Kudos,Activity,16536959248
"Nov 23, 2025, 11:18:09 PM",Kudos,Activity,16537645307
"Nov 23, 2025, 11:18:17 PM",Kudos,Activity,16537239950
"Nov 23, 2025, 11:18:18 PM",Kudos,Activity,16535716303
"Nov 24, 2025, 12:20:12 AM",Kudos,Activity,16548344337
"Nov 24, 2025, 1:14:04 PM",Kudos,Activity,16550792525
"Nov 24, 2025, 1:14:11 PM",Kudos,Activity,16551439446
"Nov 24, 2025, 1:14:14 PM",Kudos,Activity,16552051266
"Nov 24, 2025, 1:14:18 PM",Kudos,Activity,16548515595
"Nov 24, 2025, 1:14:22 PM",Kudos,Activity,16550565558
"Nov 24, 2025, 1:54:09 PM",Kudos,Activity,16552207972
"Nov 24, 2025, 1:54:33 PM",Kudos,Activity,16552307176
"Nov 24, 2025, 3:45:30 PM",Kudos,Activity,16552614821
"Nov 24, 2025, 3:46:12 PM",Kudos,Activity,16553075814
"Nov 24, 2025, 3:46:26 PM",Kudos,Activity,16552731205
"Nov 24, 2025, 3:46:38 PM",Kudos,Activity,16540260488
"Nov 24, 2025, 5:01:35 PM",Kudos,Activity,16552633700
"Nov 24, 2025, 6:34:49 PM",Kudos,Activity,16545220707
"Nov 24, 2025, 8:46:08 PM",Kudos,Activity,16555422475
"Nov 24, 2025, 8:46:11 PM",Kudos,Activity,16555468432
"Nov 24, 2025, 10:52:32 PM",Kudos,Activity,16556128986
"Nov 24, 2025, 11:54:35 PM",Kudos,Activity,16555227357
"Nov 25, 2025, 1:04:08 PM",Kudos,Activity,16561373130
"Nov 25, 2025, 1:04:27 PM",Kudos,Activity,16561163808
"Nov 25, 2025, 1:04:43 PM",Kudos,Activity,16561443266
"Nov 25, 2025, 1:04:50 PM",Kudos,Activity,16560423338
"Nov 25, 2025, 1:04:54 PM",Kudos,Activity,16557445318
"Nov 25, 2025, 1:13:42 PM",Kudos,Activity,16561748189
"Nov 25, 2025, 2:00:56 PM",Kudos,Activity,16561939440
"Nov 25, 2025, 2:00:59 PM",Kudos,Activity,16562047575
"Nov 25, 2025, 2:46:23 PM",Kudos,Activity,16562277284
"Nov 25, 2025, 3:30:18 PM",Kudos,Activity,16562608658
"Nov 25, 2025, 7:32:24 PM",Kudos,Activity,16564387479
"Nov 25, 2025, 7:33:10 PM",Kudos,Activity,16564606352
"Nov 25, 2025, 7:33:12 PM",Kudos,Activity,16564217297
"Nov 25, 2025, 7:33:13 PM",Kudos,Activity,16563787250
"Nov 25, 2025, 7:33:15 PM",Kudos,Activity,16563553036
"Nov 26, 2025, 1:31:01 AM",Kudos,Activity,16566582343
"Nov 26, 2025, 1:31:03 AM",Kudos,Activity,16566832219
"Nov 26, 2025, 1:31:05 AM",Kudos,Activity,16567601971
"Nov 26, 2025, 1:31:09 AM",Kudos,Activity,16567248476
"Nov 26, 2025, 1:31:16 AM",Kudos,Activity,16567828008
"Nov 26, 2025, 1:31:23 AM",Kudos,Activity,16566345628
"Nov 26, 2025, 1:31:28 AM",Kudos,Activity,16566628965
"Nov 26, 2025, 1:31:40 AM",Kudos,Activity,16565732507
"Nov 26, 2025, 1:31:54 AM",Kudos,Activity,16566223323
"Nov 26, 2025, 1:31:59 AM",Kudos,Activity,16566286486
"Nov 26, 2025, 1:32:03 AM",Kudos,Activity,16567208011
"Nov 26, 2025, 12:56:11 PM",Kudos,Activity,16568540337
"Nov 26, 2025, 12:56:17 PM",Kudos,Activity,16571243332
"Nov 26, 2025, 12:56:33 PM",Kudos,Activity,16570555609
"Nov 26, 2025, 12:56:36 PM",Kudos,Activity,16571277208
"Nov 26, 2025, 12:56:40 PM",Kudos,Activity,16568513531
"Nov 26, 2025, 12:56:48 PM",Kudos,Activity,16571259322
"Nov 26, 2025, 7:19:46 PM",Kudos,Activity,16574955422
"Nov 26, 2025, 7:19:50 PM",Kudos,Activity,16573996790
"Nov 26, 2025, 7:20:00 PM",Kudos,Activity,16571765987
"Nov 26, 2025, 7:20:08 PM",Kudos,Activity,16573356167
"Nov 26, 2025, 7:20:19 PM",Kudos,Activity,16574494807
"Nov 26, 2025, 7:20:29 PM",Kudos,Activity,16572329981
"Nov 26, 2025, 7:20:32 PM",Kudos,Activity,16572236064
"Nov 27, 2025, 12:05:18 AM",Kudos,Activity,16577444906
"Nov 27, 2025, 12:05:21 AM",Kudos,Activity,16575837907
"Nov 27, 2025, 12:05:26 AM",Kudos,Activity,16577281409
"Nov 27, 2025, 12:07:38 AM",Kudos,Activity,16576212559
"Nov 27, 2025, 12:07:42 AM",Kudos,Activity,16576718071
"Nov 27, 2025, 12:07:57 AM",Kudos,Activity,16577453537
"Nov 27, 2025, 3:24:13 AM",Kudos,Activity,16577647136
"Nov 27, 2025, 3:24:15 AM",Kudos,Activity,16577706831
"Nov 27, 2025, 3:24:23 AM",Kudos,Activity,16577792786
"Nov 27, 2025, 3:24:25 AM",Kudos,Activity,16577843038
"Nov 27, 2025, 1:59:46 PM",Kudos,Activity,16581363665
"Nov 27, 2025, 2:02:27 PM",Kudos,Activity,16581648580
"Nov 27, 2025, 2:02:34 PM",Kudos,Activity,16581029841
"Nov 27, 2025, 2:02:38 PM",Kudos,Activity,16581877226
"Nov 27, 2025, 2:02:46 PM",Kudos,Activity,16580324084
"Nov 27, 2025, 2:02:54 PM",Kudos,Activity,16581790145
"Nov 27, 2025, 7:33:19 PM",Kudos,Activity,16582353595
"Nov 27, 2025, 7:33:55 PM",Kudos,Activity,16584871386
"Nov 27, 2025, 7:34:01 PM",Kudos,Activity,16584390924
"Nov 27, 2025, 7:34:03 PM",Kudos,Activity,16582287890
"Nov 27, 2025, 7:34:08 PM",Kudos,Activity,16584280678
"Nov 27, 2025, 7:34:21 PM",Kudos,Activity,16582267977
"Nov 27, 2025, 7:34:22 PM",Kudos,Activity,16582281387
"Nov 27, 2025, 7:34:40 PM",Kudos,Activity,16582797351
"Nov 27, 2025, 7:35:12 PM",Kudos,Activity,16584723197
"Nov 27, 2025, 7:35:13 PM",Kudos,Activity,16584720228
"Nov 27, 2025, 7:35:32 PM",Kudos,Activity,16584856103
"Nov 27, 2025, 7:35:37 PM",Kudos,Activity,16583348246
"Nov 27, 2025, 7:36:04 PM",Kudos,Activity,16584227282
"Nov 27, 2025, 7:36:07 PM",Kudos,Activity,16583163085
"Nov 27, 2025, 7:36:18 PM",Kudos,Activity,16583819861
"Nov 27, 2025, 7:36:22 PM",Kudos,Activity,16585009229
"Nov 27, 2025, 7:36:32 PM",Kudos,Activity,16582920515
"Nov 27, 2025, 7:36:34 PM",Kudos,Activity,16581986971
"Nov 27, 2025, 7:37:17 PM",Kudos,Activity,16582819271
"Nov 27, 2025, 7:37:22 PM",Kudos,Activity,16583010786
"Nov 27, 2025, 7:37:27 PM",Kudos,Activity,16585227276
"Nov 27, 2025, 7:37:30 PM",Kudos,Activity,16583614135
"Nov 27, 2025, 7:37:39 PM",Kudos,Activity,16583576108
"Nov 27, 2025, 7:39:15 PM",Kudos,Activity,16582001334
"Nov 27, 2025, 7:58:20 PM",Kudos,Activity,16585622342
"Nov 27, 2025, 7:58:25 PM",Kudos,Activity,16583576133
"Nov 28, 2025, 1:02:50 AM",Kudos,Activity,16587222600
"Nov 28, 2025, 1:02:57 AM",Kudos,Activity,16587307672
"Nov 28, 2025, 1:03:04 AM",Kudos,Activity,16585007306
"Nov 28, 2025, 1:03:11 AM",Kudos,Activity,16586247565
"Nov 28, 2025, 1:04:04 PM",Kudos,Activity,16590601000
"Nov 28, 2025, 1:04:06 PM",Kudos,Activity,16589064910
"Nov 28, 2025, 1:04:16 PM",Kudos,Activity,16590510557
"Nov 28, 2025, 1:04:35 PM",Kudos,Activity,16572508002
"Nov 28, 2025, 2:46:39 PM",Kudos,Activity,16591572482
"Nov 28, 2025, 4:53:44 PM",Kudos,Activity,16592429791
"Nov 28, 2025, 4:53:52 PM",Kudos,Activity,16592061598
"Nov 28, 2025, 4:54:06 PM",Kudos,Activity,16591917984
"Nov 28, 2025, 4:54:12 PM",Kudos,Activity,16582362991
"Nov 28, 2025, 4:54:30 PM",Kudos,Activity,16572773410
"Nov 28, 2025, 8:54:27 PM",Kudos,Activity,16592985842
"Nov 28, 2025, 8:54:43 PM",Kudos,Activity,16593975089
"Nov 28, 2025, 8:55:51 PM",Kudos,Activity,16593404354
"Nov 28, 2025, 8:55:54 PM",Kudos,Activity,16592854046
"Nov 28, 2025, 10:49:05 PM",Kudos,Activity,16571263566
"Nov 29, 2025, 2:51:09 PM",Kudos,Activity,16600125883
"Nov 29, 2025, 2:51:20 PM",Kudos,Activity,16600823661
"Nov 29, 2025, 2:51:42 PM",Kudos,Activity,16595698547
"Nov 29, 2025, 2:51:49 PM",Kudos,Activity,16593431905
"Nov 29, 2025, 2:51:52 PM",Kudos,Activity,16596421338
"Nov 29, 2025, 2:52:00 PM",Kudos,Activity,16596341623
"Nov 29, 2025, 2:52:04 PM",Kudos,Activity,16596402807
"Nov 29, 2025, 6:14:07 PM",Kudos,Activity,16602115307
"Nov 29, 2025, 6:14:11 PM",Kudos,Activity,16602464105
"Nov 29, 2025, 6:14:18 PM",Kudos,Activity,16602454192
"Nov 29, 2025, 6:14:36 PM",Kudos,Activity,16601988365
"Nov 29, 2025, 6:14:38 PM",Kudos,Activity,16602671706
"Nov 29, 2025, 6:14:55 PM",Kudos,Activity,16602753607
"Nov 29, 2025, 6:14:57 PM",Kudos,Activity,16601462142
"Nov 29, 2025, 6:45:41 PM",Kudos,Activity,16602987753
"Nov 29, 2025, 6:45:44 PM",Kudos,Activity,16602915522
"Nov 29, 2025, 9:00:52 PM",Kudos,Activity,16603226167
"Nov 29, 2025, 9:00:57 PM",Kudos,Activity,16603106853
"Nov 29, 2025, 9:01:16 PM",Kudos,Activity,16603422976
"Nov 29, 2025, 9:01:20 PM",Kudos,Activity,16603392100
"Nov 30, 2025, 5:38:14 PM",Kudos,Activity,16610913199
"Nov 30, 2025, 5:38:21 PM",Kudos,Activity,16611823180
"Nov 30, 2025, 5:38:37 PM",Kudos,Activity,16611452126
"Nov 30, 2025, 5:38:41 PM",Kudos,Activity,16610466824
"Nov 30, 2025, 5:38:48 PM",Kudos,Activity,16611227104
"Nov 30, 2025, 5:39:01 PM",Kudos,Activity,16611367842
"Nov 30, 2025, 5:39:13 PM",Kudos,Activity,16609248854
"Nov 30, 2025, 5:39:15 PM",Kudos,Activity,16612552772
"Nov 30, 2025, 5:39:39 PM",Kudos,Activity,16611827123
"Nov 30, 2025, 5:39:47 PM",Kudos,Activity,16605436079
"Nov 30, 2025, 5:39:51 PM",Kudos,Activity,16611174445
"Nov 30, 2025, 5:40:00 PM",Kudos,Activity,16612132617
"Nov 30, 2025, 5:40:02 PM",Kudos,Activity,16612350357
"Nov 30, 2025, 5:40:06 PM",Kudos,Activity,16605004879
"Nov 30, 2025, 5:40:22 PM",Kudos,Activity,16604059611
"Nov 30, 2025, 7:16:18 PM",Kudos,Activity,16612945596
"Nov 30, 2025, 8:55:13 PM",Kudos,Activity,16613751051
"Nov 30, 2025, 8:55:17 PM",Kudos,Activity,16612396776
"Nov 30, 2025, 8:55:25 PM",Kudos,Activity,16613406820
"Nov 30, 2025, 8:55:40 PM",Kudos,Activity,16613034706
"Nov 30, 2025, 8:55:52 PM",Kudos,Activity,16604309909
"Dec 1, 2025, 1:17:46 PM",Kudos,Activity,16617829968
"Dec 1, 2025, 1:17:58 PM",Kudos,Activity,16615260403
"Dec 1, 2025, 1:19:12 PM",Kudos,Activity,16616464407
"Dec 1, 2025, 1:19:14 PM",Kudos,Activity,16618348134
"Dec 1, 2025, 1:19:17 PM",Kudos,Activity,16616783073
"Dec 1, 2025, 1:19:19 PM",Kudos,Activity,16614626287
"Dec 1, 2025, 1:19:30 PM",Kudos,Activity,16614052869
"Dec 1, 2025, 1:19:41 PM",Kudos,Activity,16617812861
"Dec 1, 2025, 1:19:43 PM",Kudos,Activity,16613902633
"Dec 1, 2025, 2:09:51 PM",Kudos,Activity,16604328915
"Dec 1, 2025, 2:09:53 PM",Kudos,Activity,16605697135
"Dec 1, 2025, 3:52:35 PM",Kudos,Activity,16619614040
"Dec 1, 2025, 7:03:10 PM",Kudos,Activity,16619797033
"Dec 2, 2025, 3:06:02 AM",Kudos,Activity,16623770009
"Dec 2, 2025, 3:06:14 AM",Kudos,Activity,16623818256
"Dec 2, 2025, 3:06:34 AM",Kudos,Activity,16623858578
"Dec 2, 2025, 3:07:31 AM",Kudos,Activity,16624236933
"Dec 2, 2025, 3:07:49 AM",Kudos,Activity,16622015948
"Dec 2, 2025, 3:07:54 AM",Kudos,Activity,16622234392
"Dec 2, 2025, 3:09:20 AM",Kudos,Activity,16622837280
"Dec 2, 2025, 12:04:37 PM",Kudos,Activity,16624668107
"Dec 2, 2025, 1:11:32 PM",Kudos,Activity,16627638783
"Dec 2, 2025, 1:46:54 PM",Kudos,Activity,16628105777
"Dec 2, 2025, 1:46:59 PM",Kudos,Activity,16628217788
"Dec 2, 2025, 1:47:12 PM",Kudos,Activity,16628551572
"Dec 2, 2025, 1:47:19 PM",Kudos,Activity,16627871222
"Dec 2, 2025, 1:47:39 PM",Kudos,Activity,16627900191
"Dec 2, 2025, 2:38:42 PM",Kudos,Activity,16628683027
"Dec 3, 2025, 3:50:51 AM",Kudos,Activity,16633823830
"Dec 3, 2025, 3:51:06 AM",Kudos,Activity,16633560127
"Dec 3, 2025, 3:51:11 AM",Kudos,Activity,16630013170
"Dec 3, 2025, 3:51:38 AM",Kudos,Activity,16630429685
"Dec 3, 2025, 3:53:22 AM",Kudos,Activity,16633432817
"Dec 3, 2025, 3:53:42 AM",Kudos,Activity,16634105869
"Dec 3, 2025, 3:53:53 AM",Kudos,Activity,16632578193
"Dec 3, 2025, 1:24:40 PM",Kudos,Activity,16634807867
"Dec 3, 2025, 1:24:44 PM",Kudos,Activity,16634617795
"Dec 3, 2025, 7:20:20 PM",Kudos,Activity,16638680798
"Dec 3, 2025, 7:20:31 PM",Kudos,Activity,16641175035
"Dec 3, 2025, 7:20:36 PM",Kudos,Activity,16638681764
"Dec 3, 2025, 7:20:53 PM",Kudos,Activity,16638790926
"Dec 3, 2025, 7:20:57 PM",Kudos,Activity,16639098893
"Dec 4, 2025, 12:23:48 AM",Kudos,Activity,16642493001
"Dec 4, 2025, 12:23:54 AM",Kudos,Activity,16642562734
"Dec 4, 2025, 12:23:58 AM",Kudos,Activity,16642743375
"Dec 4, 2025, 12:24:04 AM",Kudos,Activity,16643651989
"Dec 4, 2025, 11:47:03 AM",Kudos,Activity,16643883063
"Dec 4, 2025, 11:47:11 AM",Kudos,Activity,16644482515
"Dec 4, 2025, 11:47:13 AM",Kudos,Activity,16643829605
"Dec 4, 2025, 11:48:35 AM",Kudos,Activity,16643772054
"Dec 4, 2025, 1:08:29 PM",Kudos,Activity,16647250090
"Dec 4, 2025, 1:08:29 PM",Kudos,Activity,16647627529
"Dec 4, 2025, 1:09:36 PM",Kudos,Activity,16647327973
"Dec 4, 2025, 1:57:20 PM",Kudos,Activity,16647956258
"Dec 4, 2025, 3:20:00 PM",Kudos,Activity,16648249645
"Dec 4, 2025, 3:20:02 PM",Kudos,Activity,16648238436
"Dec 5, 2025, 12:24:27 AM",Kudos,Activity,16649720447
"Dec 5, 2025, 12:24:32 AM",Kudos,Activity,16652014537
"Dec 5, 2025, 12:24:37 AM",Kudos,Activity,16650560780
"Dec 5, 2025, 12:24:41 AM",Kudos,Activity,16652833884
"Dec 5, 2025, 12:24:54 AM",Kudos,Activity,16650928764
"Dec 5, 2025, 12:03:50 PM",Kudos,Activity,16654115902
"Dec 5, 2025, 12:04:22 PM",Kudos,Activity,16653716260
"Dec 5, 2025, 12:04:27 PM",Kudos,Activity,16652980906
"Dec 5, 2025, 2:15:55 PM",Kudos,Activity,16656688756
"Dec 5, 2025, 2:16:02 PM",Kudos,Activity,16656286520
"Dec 5, 2025, 3:38:27 PM",Kudos,Activity,16656672714
"Dec 5, 2025, 3:38:34 PM",Kudos,Activity,16657109316
"Dec 5, 2025, 3:38:36 PM",Kudos,Activity,16656739873
"Dec 5, 2025, 4:47:01 PM",Kudos,Activity,16658264941
"Dec 5, 2025, 6:18:09 PM",Kudos,Activity,16658264605
"Dec 5, 2025, 6:18:18 PM",Kudos,Activity,16658344165
"Dec 5, 2025, 6:38:46 PM",Kudos,Activity,16658050758
"Dec 5, 2025, 6:38:54 PM",Kudos,Activity,16657428394
"Dec 5, 2025, 7:17:26 PM",Kudos,Activity,16659120037
"Dec 5, 2025, 7:17:37 PM",Kudos,Activity,16658845637
"Dec 5, 2025, 7:17:39 PM",Kudos,Activity,16658857801
"Dec 5, 2025, 7:19:03 PM",Kudos,Activity,16657418742
"Dec 5, 2025, 7:36:42 PM",Kudos,Activity,16460845265
"Dec 5, 2025, 7:36:44 PM",Kudos,Activity,16450996814
"Dec 5, 2025, 7:36:45 PM",Kudos,Activity,16450996534
"Dec 5, 2025, 7:36:46 PM",Kudos,Activity,16430357268
"Dec 5, 2025, 7:36:48 PM",Kudos,Activity,16416713333
"Dec 5, 2025, 7:36:49 PM",Kudos,Activity,16416713321
"Dec 5, 2025, 7:36:52 PM",Kudos,Activity,16277408086
"Dec 5, 2025, 7:37:13 PM",Kudos,Activity,15800701295
"Dec 5, 2025, 7:37:23 PM",Kudos,Activity,15489641649
"Dec 6, 2025, 5:21:05 PM",Kudos,Activity,16666131723
"Dec 6, 2025, 5:21:42 PM",Kudos,Activity,16667309731
"Dec 6, 2025, 5:21:55 PM",Kudos,Activity,16662351446
"Dec 6, 2025, 5:22:14 PM",Kudos,Activity,16667386489
"Dec 6, 2025, 5:22:15 PM",Kudos,Activity,16667732660
"Dec 6, 2025, 5:22:17 PM",Kudos,Activity,16666796261
"Dec 6, 2025, 5:22:21 PM",Kudos,Activity,16661640850
"Dec 6, 2025, 5:22:23 PM",Kudos,Activity,16666438053
"Dec 6, 2025, 5:22:27 PM",Kudos,Activity,16661046495
"Dec 6, 2025, 5:22:31 PM",Kudos,Activity,16665393712
"Dec 6, 2025, 5:22:36 PM",Kudos,Activity,16666995216
"Dec 6, 2025, 5:22:43 PM",Kudos,Activity,16667090850
"Dec 6, 2025, 5:22:45 PM",Kudos,Activity,16660038189
"Dec 6, 2025, 5:22:56 PM",Kudos,Activity,16662342030
"Dec 6, 2025, 6:17:08 PM",Kudos,Activity,16668063182
"Dec 6, 2025, 6:17:26 PM",Kudos,Activity,16668058399
"Dec 6, 2025, 6:17:29 PM",Kudos,Activity,16668201497
"Dec 6, 2025, 6:17:33 PM",Kudos,Activity,16668151188
"Dec 6, 2025, 6:17:44 PM",Kudos,Activity,16668422694
"Dec 6, 2025, 6:18:15 PM",Kudos,Activity,16668106446
"Dec 7, 2025, 12:13:48 AM",Kudos,Activity,16668456443
"Dec 7, 2025, 12:14:10 AM",Kudos,Activity,16669798462
"Dec 7, 2025, 12:15:01 AM",Kudos,Activity,16668855350
"Dec 7, 2025, 12:15:26 AM",Kudos,Activity,16669404931
"Dec 7, 2025, 12:15:29 AM",Kudos,Activity,16661193773
"Dec 7, 2025, 2:46:26 AM",Kudos,Activity,16670643575
"Dec 8, 2025, 4:02:13 PM",Kudos,Activity,16679481720
"Dec 8, 2025, 4:02:27 PM",Kudos,Activity,16676600649
"Dec 8, 2025, 4:02:48 PM",Kudos,Activity,16677947502
"Dec 8, 2025, 4:02:55 PM",Kudos,Activity,16671911181
"Dec 8, 2025, 4:03:13 PM",Kudos,Activity,16677933053
"Dec 8, 2025, 4:03:17 PM",Kudos,Activity,16678570643
"Dec 8, 2025, 4:03:22 PM",Kudos,Activity,16678452950
"Dec 8, 2025, 4:03:26 PM",Kudos,Activity,16677960123
"Dec 8, 2025, 4:03:30 PM",Kudos,Activity,16679451775
"Dec 8, 2025, 4:03:36 PM",Kudos,Activity,16675077168
"Dec 8, 2025, 4:03:46 PM",Kudos,Activity,16678100057
"Dec 8, 2025, 4:04:24 PM",Kudos,Activity,16679026893
"Dec 8, 2025, 4:04:35 PM",Kudos,Activity,16676862236
"Dec 8, 2025, 4:04:42 PM",Kudos,Activity,16677675523
"Dec 8, 2025, 4:04:46 PM",Kudos,Activity,16684967898
"Dec 8, 2025, 4:04:50 PM",Kudos,Activity,16677800112
"Dec 8, 2025, 4:05:18 PM",Kudos,Activity,16679644985
"Dec 8, 2025, 4:05:42 PM",Kudos,Activity,16677800371
"Dec 8, 2025, 10:56:57 PM",Kudos,Activity,16688443665
"Dec 8, 2025, 11:42:44 PM",Kudos,Activity,16688599801
"Dec 8, 2025, 11:42:52 PM",Kudos,Activity,16688608245
"Dec 8, 2025, 11:42:57 PM",Kudos,Activity,16688896038
"Dec 8, 2025, 11:43:05 PM",Kudos,Activity,16689156832
"Dec 8, 2025, 11:43:07 PM",Kudos,Activity,16685572667
"Dec 8, 2025, 11:43:09 PM",Kudos,Activity,16688278349
"Dec 8, 2025, 11:43:24 PM",Kudos,Activity,16686580399
"Dec 8, 2025, 11:43:29 PM",Kudos,Activity,16689077675
"Dec 9, 2025, 12:58:34 AM",Kudos,Activity,16689180940
"Dec 9, 2025, 12:58:39 AM",Kudos,Activity,16689288418
"Dec 9, 2025, 12:58:41 AM",Kudos,Activity,16689491546
"Dec 9, 2025, 12:58:44 AM",Kudos,Activity,16689300559
"Dec 9, 2025, 12:58:54 AM",Kudos,Activity,16687087525
"Dec 9, 2025, 2:02:30 AM",Kudos,Activity,16689801871
"Dec 9, 2025, 1:12:47 PM",Kudos,Activity,16693031650
"Dec 9, 2025, 1:13:16 PM",Kudos,Activity,16693416675
"Dec 9, 2025, 1:13:41 PM",Kudos,Activity,16693438598
"Dec 9, 2025, 1:13:44 PM",Kudos,Activity,16690370251
"Dec 9, 2025, 1:13:51 PM",Kudos,Activity,16693073297
"Dec 9, 2025, 1:13:59 PM",Kudos,Activity,16689978467
"Dec 9, 2025, 2:11:00 PM",Kudos,Activity,16693671845
"Dec 9, 2025, 2:11:05 PM",Kudos,Activity,16694001945
"Dec 9, 2025, 3:32:21 PM",Kudos,Activity,16693497262
"Dec 9, 2025, 4:46:24 PM",Kudos,Activity,16694863965
"Dec 9, 2025, 4:46:30 PM",Kudos,Activity,16694288712
"Dec 9, 2025, 4:46:33 PM",Kudos,Activity,16695036673
"Dec 9, 2025, 4:46:44 PM",Kudos,Activity,16695052967
"Dec 9, 2025, 8:05:16 PM",Kudos,Activity,16697105487
"Dec 10, 2025, 1:39:07 PM",Kudos,Activity,16702778774
"Dec 10, 2025, 1:39:09 PM",Kudos,Activity,16698922865
"Dec 10, 2025, 1:39:20 PM",Kudos,Activity,16699666777
"Dec 10, 2025, 3:02:53 PM",Kudos,Activity,16703648600
"Dec 10, 2025, 3:02:57 PM",Kudos,Activity,16703648595
"Dec 10, 2025, 3:03:00 PM",Kudos,Activity,16703648601
"Dec 10, 2025, 3:03:05 PM",Kudos,Activity,16703746416
"Dec 10, 2025, 3:03:07 PM",Kudos,Activity,16703750768
"Dec 10, 2025, 3:03:09 PM",Kudos,Activity,16703675683
"Dec 10, 2025, 3:03:11 PM",Kudos,Activity,16701803491
"Dec 10, 2025, 3:03:13 PM",Kudos,Activity,16699852386
"Dec 10, 2025, 3:03:18 PM",Kudos,Activity,16698731266
"Dec 10, 2025, 3:03:24 PM",Kudos,Activity,16699220491
"Dec 10, 2025, 3:03:34 PM",Kudos,Activity,16703299376
"Dec 10, 2025, 3:03:37 PM",Kudos,Activity,16698745813
"Dec 10, 2025, 3:03:42 PM",Kudos,Activity,16700112167
"Dec 10, 2025, 3:04:27 PM",Kudos,Activity,16703468831
"Dec 10, 2025, 6:09:23 PM",Kudos,Activity,16699023798
"Dec 10, 2025, 6:09:27 PM",Kudos,Activity,16699596371
"Dec 10, 2025, 7:21:19 PM",Kudos,Activity,16705182077
"Dec 10, 2025, 7:21:26 PM",Kudos,Activity,16705499181
"Dec 10, 2025, 7:22:09 PM",Kudos,Activity,16705898664
"Dec 10, 2025, 7:22:14 PM",Kudos,Activity,16703648604
"Dec 10, 2025, 7:22:23 PM",Kudos,Activity,16703648586
"Dec 11, 2025, 12:35:53 AM",Kudos,Activity,16708628351
"Dec 11, 2025, 12:35:56 AM",Kudos,Activity,16708757820
"Dec 11, 2025, 12:36:31 AM",Kudos,Activity,16707404900
"Dec 12, 2025, 1:05:06 PM",Kudos,Activity,16721405502
"Dec 12, 2025, 1:05:13 PM",Kudos,Activity,16718952451
"Dec 12, 2025, 1:05:39 PM",Kudos,Activity,16719517723
"Dec 12, 2025, 1:06:21 PM",Kudos,Activity,16714117003
"Dec 12, 2025, 1:06:36 PM",Kudos,Activity,16718668474
"Dec 12, 2025, 1:06:43 PM",Kudos,Activity,16718307344
"Dec 12, 2025, 3:13:04 PM",Kudos,Activity,16721994419
"Dec 12, 2025, 3:13:06 PM",Kudos,Activity,16721771344
"Dec 12, 2025, 3:13:08 PM",Kudos,Activity,16721733053
"Dec 12, 2025, 3:13:09 PM",Kudos,Activity,16721720474
"Dec 12, 2025, 3:13:11 PM",Kudos,Activity,16722635689
"Dec 12, 2025, 3:13:40 PM",Kudos,Activity,16722626692
"Dec 12, 2025, 3:13:41 PM",Kudos,Activity,16722449261
"Dec 12, 2025, 3:13:44 PM",Kudos,Activity,16721746095
"Dec 12, 2025, 3:13:46 PM",Kudos,Activity,16721738533
"Dec 12, 2025, 3:13:51 PM",Kudos,Activity,16721765227
"Dec 12, 2025, 3:14:14 PM",Kudos,Activity,16722374248
"Dec 12, 2025, 6:30:19 PM",Kudos,Activity,16723506050
"Dec 12, 2025, 6:30:23 PM",Kudos,Activity,16723781000
"Dec 12, 2025, 6:30:33 PM",Kudos,Activity,16723990895
"Dec 12, 2025, 6:30:41 PM",Kudos,Activity,16722795883
"Dec 12, 2025, 6:30:55 PM",Kudos,Activity,16724045577
"Dec 12, 2025, 6:31:03 PM",Kudos,Activity,16717108424
"Dec 12, 2025, 6:31:12 PM",Kudos,Activity,16712346258
"Dec 12, 2025, 6:31:17 PM",Kudos,Activity,16712883926
"Dec 12, 2025, 6:32:17 PM",Kudos,Activity,16709051081
"Dec 12, 2025, 6:32:56 PM",Kudos,Activity,16712696373
"Dec 12, 2025, 6:33:21 PM",Kudos,Activity,16715746113
"Dec 12, 2025, 6:33:28 PM",Kudos,Activity,16718492702
"Dec 12, 2025, 6:33:34 PM",Kudos,Activity,16713847008
"Dec 12, 2025, 6:33:42 PM",Kudos,Activity,16714976086
"Dec 12, 2025, 6:33:44 PM",Kudos,Activity,16715352553
"Dec 12, 2025, 6:34:17 PM",Kudos,Activity,16709080488
"Dec 12, 2025, 8:08:08 PM",Kudos,Activity,16724198953
"Dec 13, 2025, 1:18:33 AM",Kudos,Activity,16726050715
"Dec 13, 2025, 1:18:35 AM",Kudos,Activity,16726344837
"Dec 13, 2025, 1:18:45 AM",Kudos,Activity,16726368071
"Dec 13, 2025, 1:18:49 AM",Kudos,Activity,16725409698
"Dec 13, 2025, 1:18:53 AM",Kudos,Activity,16725177284
"Dec 13, 2025, 4:57:10 AM",Kudos,Activity,16727213064
"Dec 13, 2025, 4:57:16 AM",Kudos,Activity,16726704855
"Dec 13, 2025, 4:57:21 AM",Kudos,Activity,16725051644
"Dec 14, 2025, 3:05:58 AM",Kudos,Activity,16735454968
"Dec 14, 2025, 3:06:05 AM",Kudos,Activity,16734100463
"Dec 14, 2025, 3:06:12 AM",Kudos,Activity,16734338723
"Dec 14, 2025, 3:06:34 AM",Kudos,Activity,16734360619
"Dec 14, 2025, 3:06:52 AM",Kudos,Activity,16734100075
"Dec 14, 2025, 3:07:00 AM",Kudos,Activity,16731747311
"Dec 14, 2025, 3:07:10 AM",Kudos,Activity,16731617379
"Dec 14, 2025, 3:07:33 AM",Kudos,Activity,16734100430
"Dec 14, 2025, 3:07:39 AM",Kudos,Activity,16732427580
"Dec 14, 2025, 3:07:50 AM",Kudos,Activity,16732892721
"Dec 14, 2025, 3:07:58 AM",Kudos,Activity,16734697221
"Dec 14, 2025, 3:08:38 AM",Kudos,Activity,16733687206
"Dec 14, 2025, 3:08:43 AM",Kudos,Activity,16735042934
"Dec 14, 2025, 3:14:48 PM",Kudos,Activity,16741074751
"Dec 14, 2025, 4:44:38 PM",Kudos,Activity,16741929188
"Dec 14, 2025, 4:44:41 PM",Kudos,Activity,16741584953
"Dec 14, 2025, 10:31:06 PM",Kudos,Activity,16744342323
"Dec 14, 2025, 10:37:18 PM",Kudos,Activity,16742130957
"Dec 15, 2025, 6:01:55 AM",Kudos,Activity,16745771738
"Dec 15, 2025, 6:02:07 AM",Kudos,Activity,16745081681
"Dec 15, 2025, 6:02:24 AM",Kudos,Activity,16744275939
"Dec 15, 2025, 6:03:15 AM",Kudos,Activity,16743976543
"Dec 15, 2025, 6:03:27 AM",Kudos,Activity,16742583629
"Dec 15, 2025, 6:03:43 AM",Kudos,Activity,16742448019
"Dec 15, 2025, 6:04:38 AM",Kudos,Activity,16742202658
"Dec 15, 2025, 6:05:02 AM",Kudos,Activity,16743258370
"Dec 15, 2025, 6:05:55 AM",Kudos,Activity,16741760717
"Dec 15, 2025, 6:06:09 AM",Kudos,Activity,16742924156
"Dec 15, 2025, 6:06:14 AM",Kudos,Activity,16742795015
"Dec 15, 2025, 6:06:27 AM",Kudos,Activity,16744412554
"Dec 15, 2025, 2:56:53 PM",Kudos,Activity,16749009490
"Dec 15, 2025, 2:56:57 PM",Kudos,Activity,16747953398
"Dec 15, 2025, 2:57:00 PM",Kudos,Activity,16748083114
"Dec 15, 2025, 2:57:05 PM",Kudos,Activity,16743504694
"Dec 15, 2025, 2:57:08 PM",Kudos,Activity,16742546579
"Dec 15, 2025, 2:57:16 PM",Kudos,Activity,16734780904
"Dec 15, 2025, 2:57:40 PM",Kudos,Activity,16732033205
"Dec 16, 2025, 4:06:20 AM",Kudos,Activity,16753441632
"Dec 16, 2025, 4:32:14 PM",Kudos,Activity,16758856121
"Dec 16, 2025, 4:32:21 PM",Kudos,Activity,16757909626
"Dec 16, 2025, 4:32:25 PM",Kudos,Activity,16757071498
"Dec 16, 2025, 4:32:34 PM",Kudos,Activity,16758367671
"Dec 16, 2025, 4:32:36 PM",Kudos,Activity,16758277269
"Dec 16, 2025, 4:32:48 PM",Kudos,Activity,16758314841
"Dec 16, 2025, 4:32:57 PM",Kudos,Activity,16757511138
"Dec 16, 2025, 4:33:05 PM",Kudos,Activity,16754597872
"Dec 16, 2025, 4:33:08 PM",Kudos,Activity,16757647856
"Dec 16, 2025, 4:33:10 PM",Kudos,Activity,16757791292
"Dec 16, 2025, 4:33:12 PM",Kudos,Activity,16758841079
"Dec 16, 2025, 4:33:52 PM",Kudos,Activity,16754325585
"Dec 16, 2025, 10:14:33 PM",Kudos,Activity,16761704605
"Dec 16, 2025, 10:15:24 PM",Kudos,Activity,16760174397
"Dec 16, 2025, 10:16:19 PM",Kudos,Activity,16761089369
"Dec 16, 2025, 10:16:24 PM",Kudos,Activity,16759506010
"Dec 16, 2025, 10:16:33 PM",Kudos,Activity,16752953529
"Dec 16, 2025, 10:17:05 PM",Kudos,Activity,16754017478
"Dec 16, 2025, 10:17:13 PM",Kudos,Activity,16752747655
"Dec 16, 2025, 10:17:25 PM",Kudos,Activity,16750257535
"Dec 16, 2025, 10:18:12 PM",Kudos,Activity,16752848617
"Dec 16, 2025, 10:18:16 PM",Kudos,Activity,16759703786
"Dec 16, 2025, 10:18:31 PM",Kudos,Activity,16742203811
"Dec 16, 2025, 10:18:38 PM",Kudos,Activity,16752025404
"Dec 16, 2025, 10:19:05 PM",Kudos,Activity,16752701349
"Dec 16, 2025, 10:19:10 PM",Kudos,Activity,16753212312
"Dec 16, 2025, 10:19:38 PM",Kudos,Activity,16744398696
"Dec 16, 2025, 10:19:46 PM",Kudos,Activity,16753649642
"Dec 16, 2025, 10:19:52 PM",Kudos,Activity,16730457331
"Dec 16, 2025, 10:20:09 PM",Kudos,Activity,16731351701
"Dec 17, 2025, 12:10:59 AM",Kudos,Activity,16762988935
"Dec 17, 2025, 12:11:16 AM",Kudos,Activity,16762647025
"Dec 17, 2025, 12:11:24 AM",Kudos,Activity,16762282457
"Dec 17, 2025, 12:11:28 AM",Kudos,Activity,16762840893
"Dec 17, 2025, 12:11:32 AM",Kudos,Activity,16763014785
"Dec 17, 2025, 3:03:26 PM",Kudos,Activity,16767598425
"Dec 17, 2025, 3:03:35 PM",Kudos,Activity,16767790547
"Dec 17, 2025, 3:28:25 PM",Kudos,Activity,16766935597
"Dec 17, 2025, 6:22:09 PM",Kudos,Activity,16763181174
"Dec 17, 2025, 6:22:11 PM",Kudos,Activity,16769633013
"Dec 17, 2025, 6:22:19 PM",Kudos,Activity,16763761736
"Dec 17, 2025, 6:22:28 PM",Kudos,Activity,16763271254
"Dec 17, 2025, 6:22:47 PM",Kudos,Activity,16763893036
"Dec 17, 2025, 6:22:52 PM",Kudos,Activity,16763461059
"Dec 17, 2025, 6:23:00 PM",Kudos,Activity,16763244426
"Dec 17, 2025, 6:23:20 PM",Kudos,Activity,16730088416
"Dec 18, 2025, 2:07:50 AM",Kudos,Activity,16771654636
"Dec 18, 2025, 2:07:59 AM",Kudos,Activity,16772188159
"Dec 18, 2025, 2:08:13 AM",Kudos,Activity,16771396132
"Dec 18, 2025, 2:08:37 AM",Kudos,Activity,16770009286
"Dec 18, 2025, 2:09:02 AM",Kudos,Activity,16772023217
"Dec 18, 2025, 2:09:04 AM",Kudos,Activity,16770314924
"Dec 18, 2025, 2:09:19 AM",Kudos,Activity,16772117620
"Dec 18, 2025, 2:09:24 AM",Kudos,Activity,16772369901
"Dec 18, 2025, 4:48:14 PM",Kudos,Activity,16776051177
"Dec 18, 2025, 4:48:17 PM",Kudos,Activity,16775555371
"Dec 18, 2025, 9:16:45 PM",Kudos,Activity,16778910275
"Dec 18, 2025, 9:16:50 PM",Kudos,Activity,16778678160
"Dec 18, 2025, 9:16:59 PM",Kudos,Activity,16776866753
"Dec 18, 2025, 9:17:17 PM",Kudos,Activity,16776872082
"Dec 18, 2025, 10:39:24 PM",Kudos,Activity,16778670150
"Dec 18, 2025, 10:39:45 PM",Kudos,Activity,16776507374
"Dec 18, 2025, 10:39:55 PM",Kudos,Activity,16773072081
"Dec 19, 2025, 2:47:33 AM",Kudos,Activity,16780816127
"Dec 19, 2025, 2:47:41 AM",Kudos,Activity,16781493708
"Dec 19, 2025, 2:47:44 AM",Kudos,Activity,16780875061
"Dec 19, 2025, 2:47:56 AM",Kudos,Activity,16781122370
"Dec 19, 2025, 2:48:05 AM",Kudos,Activity,16781435507
"Dec 19, 2025, 2:48:08 AM",Kudos,Activity,16781455954
"Dec 19, 2025, 2:48:12 AM",Kudos,Activity,16780968089
"Dec 19, 2025, 2:48:21 AM",Kudos,Activity,16780870755
"Dec 19, 2025, 2:48:27 AM",Kudos,Activity,16781091367
"Dec 19, 2025, 2:48:31 AM",Kudos,Post,41776761
"Dec 19, 2025, 2:48:40 AM",Kudos,Activity,16780746035
"Dec 19, 2025, 2:48:44 AM",Kudos,Activity,16781459745
"Dec 19, 2025, 2:48:52 AM",Kudos,Activity,16781458579
"Dec 20, 2025, 3:17:13 AM",Kudos,Activity,16787780377
"Dec 20, 2025, 3:17:16 AM",Kudos,Activity,16784871919
"Dec 20, 2025, 3:17:17 AM",Kudos,Activity,16784947424
"Dec 20, 2025, 3:17:19 AM",Kudos,Activity,16784578279
"Dec 20, 2025, 3:17:20 AM",Kudos,Activity,16784825892
"Dec 20, 2025, 3:17:31 AM",Kudos,Activity,16784563337
"Dec 20, 2025, 3:17:33 AM",Kudos,Activity,16785054420
"Dec 20, 2025, 3:17:35 AM",Kudos,Activity,16787225587
"Dec 20, 2025, 3:17:37 AM",Kudos,Activity,16784816032
"Dec 20, 2025, 3:18:08 AM",Kudos,Activity,16784871989
"Dec 20, 2025, 3:18:11 AM",Kudos,Activity,16785288704
"Dec 20, 2025, 3:18:12 AM",Kudos,Activity,16786361905
"Dec 20, 2025, 3:18:17 AM",Kudos,Activity,16787108087
"Dec 20, 2025, 3:18:24 AM",Kudos,Activity,16781845990
"Dec 20, 2025, 3:18:26 AM",Kudos,Activity,16784195604
"Dec 20, 2025, 3:18:29 AM",Kudos,Activity,16785964733
"Dec 20, 2025, 3:33:47 PM",Kudos,Activity,16793877301
"Dec 20, 2025, 3:33:54 PM",Kudos,Activity,16793954750
"Dec 20, 2025, 3:33:56 PM",Kudos,Activity,16794128559
"Dec 20, 2025, 3:33:59 PM",Kudos,Activity,16794328793
"Dec 20, 2025, 3:34:05 PM",Kudos,Activity,16794261051
"Dec 20, 2025, 3:34:07 PM",Kudos,Activity,16789688275
"Dec 20, 2025, 3:34:27 PM",Kudos,Activity,16784752392
"Dec 20, 2025, 3:35:23 PM",Kudos,Activity,16784382766
"Dec 21, 2025, 6:16:34 PM",Kudos,Activity,16804927357
"Dec 21, 2025, 6:16:36 PM",Kudos,Activity,16804853948
"Dec 21, 2025, 6:16:38 PM",Kudos,Activity,16804905232
"Dec 21, 2025, 6:16:55 PM",Kudos,Activity,16803837232
"Dec 21, 2025, 6:16:58 PM",Kudos,Activity,16803859245
"Dec 21, 2025, 6:17:07 PM",Kudos,Activity,16804041717
"Dec 21, 2025, 6:17:12 PM",Kudos,Activity,16804392967
"Dec 21, 2025, 6:17:22 PM",Kudos,Activity,16804759878
"Dec 21, 2025, 6:17:26 PM",Kudos,Activity,16802279442
"Dec 21, 2025, 6:18:12 PM",Kudos,Activity,16804966309
"Dec 21, 2025, 6:18:14 PM",Kudos,Activity,16804261816
"Dec 21, 2025, 6:18:17 PM",Kudos,Activity,16804049500
"Dec 21, 2025, 6:18:35 PM",Kudos,Activity,16804010514
"Dec 22, 2025, 1:49:43 AM",Kudos,Activity,16807085701
"Dec 22, 2025, 1:49:54 AM",Kudos,Activity,16803289072
"Dec 22, 2025, 1:50:46 AM",Kudos,Activity,16807102078
"Dec 22, 2025, 1:51:05 AM",Kudos,Activity,16806265144
"Dec 22, 2025, 1:51:11 AM",Kudos,Activity,16805576904
"Dec 22, 2025, 1:51:20 AM",Kudos,Activity,16806669782
"Dec 22, 2025, 1:52:11 AM",Kudos,Activity,16803101419
"Dec 22, 2025, 1:52:29 AM",Kudos,Activity,16802541093
"Dec 22, 2025, 1:52:33 AM",Kudos,Activity,16796129815
"Dec 22, 2025, 1:52:35 AM",Kudos,Activity,16795658605
"Dec 22, 2025, 1:52:39 AM",Kudos,Activity,16797379405
"Dec 22, 2025, 1:52:48 AM",Kudos,Activity,16794948395
"Dec 22, 2025, 5:17:40 PM",Kudos,Activity,16811525436
"Dec 22, 2025, 5:17:49 PM",Kudos,Activity,16810118265
"Dec 22, 2025, 5:17:53 PM",Kudos,Activity,16812626332
"Dec 22, 2025, 5:17:58 PM",Kudos,Activity,16811334693
"Dec 22, 2025, 5:18:10 PM",Kudos,Activity,16810927945
"Dec 22, 2025, 5:18:14 PM",Kudos,Activity,16812396948
"Dec 22, 2025, 5:18:18 PM",Kudos,Activity,16807542579
"Dec 22, 2025, 5:18:40 PM",Kudos,Activity,16798136852
"Dec 22, 2025, 5:19:05 PM",Kudos,Activity,16796098265
"Dec 22, 2025, 5:19:27 PM",Kudos,Activity,16796680288
"Dec 22, 2025, 5:19:39 PM",Kudos,Activity,16795174393
"Dec 22, 2025, 5:19:45 PM",Kudos,Activity,16801507794
"Dec 22, 2025, 5:19:54 PM",Kudos,Activity,16795090491
"Dec 22, 2025, 5:19:58 PM",Kudos,Activity,16795138441
"Dec 22, 2025, 5:20:22 PM",Kudos,Activity,16797825198
"Dec 22, 2025, 5:20:33 PM",Kudos,Activity,16796887273
"Dec 22, 2025, 5:20:50 PM",Kudos,Activity,16795129177
"Dec 22, 2025, 5:25:01 PM",Kudos,Activity,16795698997
"Dec 22, 2025, 7:06:49 PM",Kudos,Activity,16812962059
"Dec 22, 2025, 7:08:47 PM",Kudos,Activity,16796258058
"Dec 22, 2025, 7:08:55 PM",Kudos,Activity,16794677659
"Dec 23, 2025, 2:49:14 AM",Kudos,Activity,16816037696
"Dec 23, 2025, 2:49:16 AM",Kudos,Activity,16816044596
"Dec 23, 2025, 2:49:35 AM",Kudos,Activity,16815908615
"Dec 23, 2025, 2:49:42 AM",Kudos,Activity,16816354380
"Dec 23, 2025, 4:00:54 PM",Kudos,Activity,16820869819
"Dec 23, 2025, 4:03:27 PM",Kudos,Activity,16820441311
"Dec 23, 2025, 4:03:34 PM",Kudos,Activity,16820736399
"Dec 23, 2025, 4:03:39 PM",Kudos,Activity,16819049276
"Dec 23, 2025, 4:03:43 PM",Kudos,Activity,16820807484
"Dec 23, 2025, 4:03:50 PM",Kudos,Activity,16819249347
"Dec 23, 2025, 4:03:54 PM",Kudos,Activity,16820079238
"Dec 23, 2025, 4:04:10 PM",Kudos,Activity,16816664200
"Dec 23, 2025, 4:04:13 PM",Kudos,Activity,16816534509
"Dec 23, 2025, 4:04:39 PM",Kudos,Activity,16816599345
"Dec 23, 2025, 4:04:40 PM",Kudos,Activity,16814628706
"Dec 23, 2025, 4:04:45 PM",Kudos,Activity,16815909949
"Dec 23, 2025, 10:30:37 PM",Kudos,Activity,16823170284
"Dec 23, 2025, 10:30:47 PM",Kudos,Activity,16823343342
"Dec 23, 2025, 10:30:52 PM",Kudos,Activity,16822012784
"Dec 23, 2025, 10:31:19 PM",Kudos,Activity,16820586372
"Dec 24, 2025, 12:24:13 AM",Kudos,Activity,16824335078
"Dec 24, 2025, 12:24:27 AM",Kudos,Activity,16824243747
"Dec 24, 2025, 12:24:46 AM",Kudos,Activity,16821550005
"Dec 24, 2025, 2:43:40 AM",Kudos,Activity,16825359619
"Dec 24, 2025, 2:43:43 AM",Kudos,Activity,16824348266
"Dec 24, 2025, 2:44:02 AM",Kudos,Activity,16824812104
"Dec 24, 2025, 4:00:24 PM",Kudos,Activity,16828727635
"Dec 24, 2025, 4:00:26 PM",Kudos,Activity,16825748356
"Dec 24, 2025, 7:24:01 PM",Kudos,Activity,16831128878
"Dec 24, 2025, 7:24:05 PM",Kudos,Activity,16831344846
"Dec 24, 2025, 7:24:13 PM",Kudos,Activity,16831749995
"Dec 24, 2025, 9:05:06 PM",Kudos,Activity,16831963121
"Dec 24, 2025, 9:05:17 PM",Kudos,Activity,16832256880
"Dec 24, 2025, 9:05:29 PM",Kudos,Activity,16832535358
"Dec 24, 2025, 9:05:32 PM",Kudos,Activity,16832047127
"Dec 24, 2025, 9:05:37 PM",Kudos,Activity,16832201992
"Dec 24, 2025, 9:05:48 PM",Kudos,Activity,16832302141
"Dec 24, 2025, 9:05:51 PM",Kudos,Activity,16828523071
"Dec 25, 2025, 1:06:12 AM",Kudos,Activity,16833164635
"Dec 25, 2025, 1:06:31 AM",Kudos,Activity,16833274228
"Dec 25, 2025, 1:06:33 AM",Kudos,Activity,16832637233
"Dec 25, 2025, 1:06:49 AM",Kudos,Activity,16830196696
"Dec 25, 2025, 1:07:09 AM",Kudos,Activity,16832052130
"Dec 25, 2025, 1:07:23 AM",Kudos,Activity,16830286097
"Dec 25, 2025, 1:07:38 AM",Kudos,Activity,16830718353
"Dec 25, 2025, 1:07:43 AM",Kudos,Activity,16831262466
"Dec 25, 2025, 1:07:44 AM",Kudos,Activity,16830389841
"Dec 25, 2025, 1:07:47 AM",Kudos,Activity,16831732781
"Dec 26, 2025, 4:17:43 AM",Kudos,Activity,16838990732
"Dec 26, 2025, 4:17:48 AM",Kudos,Activity,16838056163
"Dec 26, 2025, 4:18:21 AM",Kudos,Activity,16839605213
"Dec 26, 2025, 4:18:23 AM",Kudos,Activity,16839786605
"Dec 26, 2025, 4:18:28 AM",Kudos,Activity,16838709752
"Dec 26, 2025, 6:25:56 PM",Kudos,Activity,16845500867
"Dec 26, 2025, 8:09:59 PM",Kudos,Activity,16847605583
"Dec 26, 2025, 8:10:02 PM",Kudos,Activity,16847398458
"Dec 26, 2025, 8:10:06 PM",Kudos,Activity,16846064092
"Dec 26, 2025, 10:29:49 PM",Kudos,Activity,16848267330
"Dec 26, 2025, 10:30:41 PM",Kudos,Activity,16846036711
"Dec 26, 2025, 10:30:42 PM",Kudos,Activity,16847650433
"Dec 26, 2025, 10:31:20 PM",Kudos,Activity,16847677367
"Dec 26, 2025, 10:31:32 PM",Kudos,Activity,16845916288
"Dec 26, 2025, 10:31:35 PM",Kudos,Activity,16845003453
"Dec 27, 2025, 4:48:38 PM",Kudos,Activity,16856055778
"Dec 27, 2025, 4:48:44 PM",Kudos,Activity,16856235743
"Dec 27, 2025, 4:48:49 PM",Kudos,Activity,16856235586
"Dec 27, 2025, 4:48:54 PM",Kudos,Activity,16853903467
"Dec 27, 2025, 4:49:04 PM",Kudos,Activity,16856235755
"Dec 27, 2025, 4:49:05 PM",Kudos,Activity,16855681729
"Dec 27, 2025, 4:49:07 PM",Kudos,Activity,16855004442
"Dec 27, 2025, 4:49:11 PM",Kudos,Activity,16855875894
"Dec 27, 2025, 4:49:21 PM",Kudos,Activity,16854737355
"Dec 27, 2025, 4:49:29 PM",Kudos,Activity,16855194882
"Dec 27, 2025, 4:49:32 PM",Kudos,Activity,16855945822
"Dec 27, 2025, 4:49:38 PM",Kudos,Activity,16846850590
"Dec 27, 2025, 4:49:42 PM",Kudos,Activity,16851252540
"Dec 27, 2025, 4:51:53 PM",Kudos,Activity,16849007973
"Dec 27, 2025, 4:51:59 PM",Kudos,Activity,16846434995
"Dec 27, 2025, 4:52:00 PM",Kudos,Activity,16855618405
"Dec 27, 2025, 10:18:59 PM",Kudos,Activity,16857274108
"Dec 27, 2025, 10:19:08 PM",Kudos,Activity,16857026690
"Dec 27, 2025, 10:19:13 PM",Kudos,Activity,16856907025
"Dec 27, 2025, 10:20:25 PM",Kudos,Activity,16857230409
"Dec 27, 2025, 10:20:29 PM",Kudos,Activity,16858341903
"Dec 27, 2025, 10:20:39 PM",Kudos,Activity,16856991086
"Dec 27, 2025, 10:20:51 PM",Kudos,Activity,16848560689
"Dec 27, 2025, 10:20:55 PM",Kudos,Activity,16850182830
"Dec 27, 2025, 10:20:59 PM",Kudos,Activity,16839560359
"Dec 27, 2025, 10:21:15 PM",Kudos,Activity,16845904664
"Dec 27, 2025, 10:21:32 PM",Kudos,Activity,16837352381
"Dec 27, 2025, 10:21:39 PM",Kudos,Activity,16847404370
"Dec 27, 2025, 11:28:41 PM",Kudos,Activity,16857932665
"Dec 27, 2025, 11:28:56 PM",Kudos,Activity,16857129809
"Dec 27, 2025, 11:29:38 PM",Kudos,Activity,16844350923
"Dec 27, 2025, 11:29:46 PM",Kudos,Activity,16845018012
"Dec 28, 2025, 2:09:37 AM",Kudos,Activity,16859150143
"Dec 28, 2025, 2:09:56 AM",Kudos,Activity,16859194246
"Dec 28, 2025, 2:11:08 AM",Kudos,Activity,16859312293
"Dec 28, 2025, 2:11:52 AM",Kudos,Activity,16845375761
"Dec 28, 2025, 4:45:48 PM",Kudos,Activity,16859925304
"Dec 28, 2025, 4:45:55 PM",Kudos,Activity,16865295288
"Dec 28, 2025, 4:45:58 PM",Kudos,Activity,16865121068
"Dec 28, 2025, 4:46:07 PM",Kudos,Activity,16864128165
"Dec 28, 2025, 4:46:10 PM",Kudos,Activity,16865845736
"Dec 28, 2025, 4:46:32 PM",Kudos,Activity,16864659636
"Dec 28, 2025, 7:04:35 PM",Kudos,Activity,16867605799
"Dec 28, 2025, 7:04:40 PM",Kudos,Activity,16867693660
"Dec 28, 2025, 7:05:13 PM",Kudos,Activity,16866822594
"Dec 28, 2025, 7:05:19 PM",Kudos,Activity,16865316060
"Dec 28, 2025, 7:05:23 PM",Kudos,Activity,16867566961
"Dec 28, 2025, 7:05:29 PM",Kudos,Activity,16866799923
"Dec 28, 2025, 7:05:45 PM",Kudos,Activity,16867351408
"Dec 28, 2025, 7:05:52 PM",Kudos,Activity,16867440396
"Dec 28, 2025, 7:05:54 PM",Kudos,Activity,16866692447
"Dec 29, 2025, 1:17:39 AM",Kudos,Activity,16869575502
"Dec 29, 2025, 1:17:45 AM",Kudos,Activity,16869800763
"Dec 29, 2025, 1:17:57 AM",Kudos,Activity,16869396345
"Dec 29, 2025, 1:18:01 AM",Kudos,Activity,16868026983
"Dec 29, 2025, 1:18:20 AM",Kudos,Activity,16839975056
"Dec 29, 2025, 2:06:18 AM",Kudos,Activity,16857287446
"Dec 29, 2025, 2:06:20 AM",Kudos,Activity,16837959438
"Dec 29, 2025, 2:06:40 AM",Kudos,Activity,16836707103
"Dec 29, 2025, 11:11:38 AM",Kudos,Activity,16870146262
"Dec 29, 2025, 2:14:18 PM",Kudos,Activity,16874026080
"Dec 29, 2025, 2:14:22 PM",Kudos,Activity,16873509259
"Dec 29, 2025, 2:14:29 PM",Kudos,Activity,16873999706
"Dec 29, 2025, 7:16:58 PM",Kudos,Activity,16875987585
"Dec 29, 2025, 7:17:09 PM",Kudos,Activity,16874717563
"Dec 29, 2025, 7:17:22 PM",Kudos,Activity,16874256816
"Dec 29, 2025, 7:18:15 PM",Kudos,Activity,16875939103
"Dec 29, 2025, 7:20:19 PM",Kudos,Activity,16874202614
"Dec 29, 2025, 11:17:14 PM",Kudos,Activity,16878290157
"Dec 29, 2025, 11:17:16 PM",Kudos,Activity,16877440163
"Dec 29, 2025, 11:17:23 PM",Kudos,Activity,16877997233
"Dec 29, 2025, 11:17:45 PM",Kudos,Activity,16878016387
"Dec 29, 2025, 11:17:47 PM",Kudos,Activity,16877892320
"Dec 29, 2025, 11:17:53 PM",Kudos,Activity,16877501494
"Dec 29, 2025, 11:17:58 PM",Kudos,Activity,16877003013
"Dec 29, 2025, 11:18:04 PM",Kudos,Activity,16875762933
"Dec 30, 2025, 1:41:01 PM",Kudos,Activity,16883873953
"Dec 30, 2025, 1:44:11 PM",Kudos,Activity,16879103397
"Dec 30, 2025, 1:44:21 PM",Kudos,Activity,16879192707
"Dec 30, 2025, 1:44:25 PM",Kudos,Activity,16879233660
"Dec 30, 2025, 1:44:46 PM",Kudos,Activity,16879656772
"Dec 30, 2025, 1:45:10 PM",Kudos,Activity,16878963776
"Dec 30, 2025, 1:45:59 PM",Kudos,Activity,16879530681
"Dec 30, 2025, 1:46:22 PM",Kudos,Activity,16880590405
"Dec 30, 2025, 1:46:24 PM",Kudos,Activity,16879638415
"Dec 30, 2025, 1:46:30 PM",Kudos,Activity,16879643258
"Dec 30, 2025, 3:56:29 PM",Kudos,Activity,16884186500
"Dec 30, 2025, 3:56:30 PM",Kudos,Activity,16884420727
"Dec 30, 2025, 3:56:35 PM",Kudos,Activity,16884525182
"Dec 30, 2025, 3:56:36 PM",Kudos,Activity,16884359249
"Dec 30, 2025, 3:56:40 PM",Kudos,Activity,16879647837
"Dec 30, 2025, 3:56:42 PM",Kudos,Activity,16869653261
"Dec 30, 2025, 3:57:03 PM",Kudos,Activity,16879265855
"Dec 30, 2025, 6:42:39 PM",Kudos,Activity,16886115087
"Dec 30, 2025, 6:42:45 PM",Kudos,Activity,16886675567
"Dec 30, 2025, 6:42:50 PM",Kudos,Activity,16886280101
"Dec 30, 2025, 6:43:05 PM",Kudos,Activity,16886253759
"Dec 30, 2025, 6:43:10 PM",Kudos,Activity,16886794531
"Dec 30, 2025, 6:43:13 PM",Kudos,Activity,16886580515
"Dec 30, 2025, 6:43:15 PM",Kudos,Activity,16886754461
"Dec 30, 2025, 6:43:30 PM",Kudos,Post,42031639
"Dec 30, 2025, 7:52:06 PM",Kudos,Activity,16887112558
"Dec 30, 2025, 8:55:34 PM",Kudos,Activity,16887417625
"Dec 30, 2025, 8:56:07 PM",Kudos,Activity,16887764622
"Dec 31, 2025, 2:58:12 PM",Kudos,Activity,16888641907
"Dec 31, 2025, 2:58:20 PM",Kudos,Activity,16889080782
"Dec 31, 2025, 2:58:26 PM",Kudos,Activity,16889985302
"Dec 31, 2025, 2:58:28 PM",Kudos,Activity,16888128556
"Dec 31, 2025, 2:58:34 PM",Kudos,Activity,16893768465
"Dec 31, 2025, 2:59:10 PM",Kudos,Activity,16889201305
"Dec 31, 2025, 3:00:16 PM",Kudos,Activity,16888007062
"Dec 31, 2025, 3:00:20 PM",Kudos,Activity,16890552144
"Dec 31, 2025, 3:01:03 PM",Kudos,Activity,16894616686
"Dec 31, 2025, 3:01:05 PM",Kudos,Activity,16888238027
"Dec 31, 2025, 3:01:14 PM",Kudos,Activity,16887750097
"Dec 31, 2025, 3:01:22 PM",Kudos,Activity,16894335149
"Dec 31, 2025, 5:44:12 PM",Kudos,Activity,16896303507
"Dec 31, 2025, 5:45:12 PM",Kudos,Activity,16896013415
"Dec 31, 2025, 5:45:20 PM",Kudos,Activity,16895945633
"Dec 31, 2025, 5:45:23 PM",Kudos,Activity,16896082878
"Dec 31, 2025, 5:45:25 PM",Kudos,Activity,16895900860
"Jan 1, 2026, 2:38:37 PM",Kudos,Activity,16903138028
"Jan 1, 2026, 2:38:52 PM",Kudos,Activity,16899041801
"Jan 1, 2026, 2:38:56 PM",Kudos,Activity,16899064241
"Jan 1, 2026, 2:39:01 PM",Kudos,Activity,16897269588
"Jan 1, 2026, 2:39:19 PM",Kudos,Activity,16898723450
"Jan 1, 2026, 2:39:32 PM",Kudos,Activity,16898673241
"Jan 1, 2026, 2:39:40 PM",Kudos,Activity,16897509003
"Jan 1, 2026, 2:39:52 PM",Kudos,Activity,16897306393
"Jan 1, 2026, 4:12:38 PM",Kudos,Activity,16904095012
"Jan 1, 2026, 4:13:02 PM",Kudos,Activity,16903978652
"Jan 1, 2026, 4:13:22 PM",Kudos,Activity,16903450108
"Jan 1, 2026, 4:13:27 PM",Kudos,Activity,16904272568
"Jan 1, 2026, 4:13:44 PM",Kudos,Activity,16897544779
"Jan 2, 2026, 4:38:42 AM",Kudos,Activity,16908855581
"Jan 2, 2026, 4:38:43 AM",Kudos,Activity,16906604368
"Jan 2, 2026, 4:39:04 AM",Kudos,Activity,16905352439
"Jan 2, 2026, 4:39:10 AM",Kudos,Activity,16907725215
"Jan 2, 2026, 4:39:24 AM",Kudos,Post,42139088
"Jan 2, 2026, 4:39:28 AM",Kudos,Activity,16905263081
"Jan 2, 2026, 4:41:31 PM",Kudos,Activity,16913901753
"Jan 2, 2026, 4:41:33 PM",Kudos,Activity,16914239214
"Jan 2, 2026, 4:41:34 PM",Kudos,Activity,16913586124
"Jan 2, 2026, 4:41:43 PM",Kudos,Activity,16912640642
"Jan 2, 2026, 4:41:45 PM",Kudos,Activity,16913070795
"Jan 2, 2026, 4:41:47 PM",Kudos,Activity,16912639494
"Jan 2, 2026, 4:42:33 PM",Kudos,Activity,16913323979
"Jan 2, 2026, 4:42:38 PM",Kudos,Activity,16911806604
"Jan 2, 2026, 4:43:12 PM",Kudos,Activity,16913142683
"Jan 2, 2026, 4:43:21 PM",Kudos,Activity,16909562678
"Jan 2, 2026, 4:43:35 PM",Kudos,Activity,16912500580
"Jan 2, 2026, 4:43:38 PM",Kudos,Activity,16913494344
"Jan 2, 2026, 4:43:43 PM",Kudos,Activity,16911946713
"Jan 2, 2026, 10:08:37 PM",Kudos,Activity,16915259099
"Jan 2, 2026, 10:09:14 PM",Kudos,Activity,16914966152
"Jan 2, 2026, 10:09:26 PM",Kudos,Activity,16915455749
"Jan 2, 2026, 10:09:28 PM",Kudos,Activity,16916133282
"Jan 2, 2026, 10:09:30 PM",Kudos,Activity,16917133080
"Jan 2, 2026, 10:09:36 PM",Kudos,Activity,16915547835
"Jan 2, 2026, 10:09:43 PM",Kudos,Activity,16915886098
"Jan 2, 2026, 10:09:48 PM",Kudos,Activity,16915943988
"Jan 2, 2026, 10:09:54 PM",Kudos,Activity,16913897843
"Jan 2, 2026, 10:10:06 PM",Kudos,Activity,16915896848
"Jan 2, 2026, 10:10:25 PM",Kudos,Activity,16915903225
"Jan 2, 2026, 10:10:40 PM",Kudos,Activity,16905149104
"Jan 2, 2026, 10:10:51 PM",Kudos,Activity,16905011058
"Jan 2, 2026, 10:11:23 PM",Kudos,Activity,16905708527
"Jan 2, 2026, 10:11:25 PM",Kudos,Activity,16906869890
"Jan 2, 2026, 10:11:39 PM",Kudos,Activity,16897606935
"Jan 3, 2026, 5:25:50 PM",Kudos,Activity,16924640592
"Jan 3, 2026, 5:25:56 PM",Kudos,Activity,16924803349
"Jan 3, 2026, 5:26:05 PM",Kudos,Activity,16925213139
"Jan 3, 2026, 5:26:08 PM",Kudos,Activity,16924283470
"Jan 3, 2026, 5:26:19 PM",Kudos,Activity,16922906138
"Jan 3, 2026, 5:26:22 PM",Kudos,Activity,16924234124
"Jan 3, 2026, 5:26:45 PM",Kudos,Activity,16919627188
"Jan 3, 2026, 5:27:00 PM",Kudos,Activity,16922517434
"Jan 3, 2026, 5:27:03 PM",Kudos,Activity,16925675267
"Jan 3, 2026, 5:27:42 PM",Kudos,Activity,16924804623
"Jan 3, 2026, 5:28:02 PM",Kudos,Activity,16917379820
"Jan 3, 2026, 5:28:04 PM",Kudos,Activity,16925667753
"Jan 3, 2026, 5:28:11 PM",Kudos,Activity,16917695183
"Jan 3, 2026, 5:28:16 PM",Kudos,Activity,16925380218
"Jan 3, 2026, 5:28:22 PM",Kudos,Activity,16917971645
"Jan 3, 2026, 5:39:52 PM",Kudos,Activity,16917291550
"Jan 3, 2026, 5:39:54 PM",Kudos,Activity,16918666114
"Jan 3, 2026, 5:40:01 PM",Kudos,Activity,16917699609
"Jan 3, 2026, 5:40:10 PM",Kudos,Activity,16917402457
"Jan 3, 2026, 5:41:00 PM",Kudos,Activity,16905951422
"Jan 3, 2026, 7:09:47 PM",Kudos,Activity,16926775287
"Jan 3, 2026, 7:10:17 PM",Kudos,Activity,16926726859
"Jan 3, 2026, 7:10:19 PM",Kudos,Activity,16926584782
"Jan 3, 2026, 7:10:36 PM",Kudos,Activity,16926639749
"Jan 3, 2026, 7:10:47 PM",Kudos,Activity,16926452897
"Jan 3, 2026, 7:11:00 PM",Kudos,Activity,16926788119
"Jan 3, 2026, 7:11:15 PM",Kudos,Activity,16926459630
"Jan 3, 2026, 7:11:21 PM",Kudos,Activity,16926403159
"Jan 3, 2026, 7:11:26 PM",Kudos,Activity,16926285796
"Jan 3, 2026, 7:11:59 PM",Kudos,Activity,16926401850
"Jan 3, 2026, 7:12:16 PM",Kudos,Activity,16917909839
"Jan 3, 2026, 7:12:19 PM",Kudos,Activity,16897176577
"Jan 3, 2026, 11:14:39 PM",Kudos,Activity,16928612965
"Jan 3, 2026, 11:14:41 PM",Kudos,Activity,16928499125
"Jan 3, 2026, 11:14:42 PM",Kudos,Activity,16927144807
"Jan 3, 2026, 11:14:45 PM",Kudos,Activity,16927909951
"Jan 3, 2026, 11:14:46 PM",Kudos,Activity,16928490309
"Jan 3, 2026, 11:14:49 PM",Kudos,Activity,16927304230
"Jan 5, 2026, 2:38:34 AM",Kudos,Activity,16938427521
"Jan 5, 2026, 2:38:37 AM",Kudos,Activity,16938423544
"Jan 5, 2026, 2:38:46 AM",Kudos,Activity,16940315614
"Jan 5, 2026, 2:38:55 AM",Kudos,Activity,16939805004
"Jan 5, 2026, 2:38:57 AM",Kudos,Activity,16938421484
"Jan 5, 2026, 2:39:18 AM",Kudos,Activity,16935594116
"Jan 5, 2026, 1:30:20 PM",Kudos,Activity,16944264737
"Jan 5, 2026, 1:30:23 PM",Kudos,Activity,16942746091
"Jan 5, 2026, 1:30:25 PM",Kudos,Activity,16943919943
"Jan 5, 2026, 1:30:27 PM",Kudos,Activity,16944250061
"Jan 5, 2026, 1:30:29 PM",Kudos,Activity,16942750806
"Jan 5, 2026, 1:30:31 PM",Kudos,Activity,16943919500
"Jan 5, 2026, 1:30:33 PM",Kudos,Activity,16941728647
"Jan 5, 2026, 1:30:39 PM",Kudos,Activity,16941281089
"Jan 5, 2026, 1:30:41 PM",Kudos,Activity,16944589462
"Jan 5, 2026, 1:30:46 PM",Kudos,Activity,16938798190
"Jan 5, 2026, 1:30:51 PM",Kudos,Activity,16938073421
"Jan 5, 2026, 1:30:57 PM",Kudos,Activity,16935925758
"Jan 5, 2026, 1:31:06 PM",Kudos,Activity,16939792172
"Jan 5, 2026, 1:31:57 PM",Kudos,Activity,16938281778
"Jan 5, 2026, 2:52:37 PM",Kudos,Activity,16944895268
"Jan 5, 2026, 2:52:40 PM",Kudos,Activity,16945534013
"Jan 5, 2026, 2:52:50 PM",Kudos,Activity,16945151019
"Jan 5, 2026, 2:53:30 PM",Kudos,Activity,16937361183
"Jan 5, 2026, 2:53:38 PM",Kudos,Activity,16938589628
"Jan 5, 2026, 2:53:44 PM",Kudos,Activity,16936725713
"Jan 5, 2026, 2:53:48 PM",Kudos,Activity,16934219634
"Jan 5, 2026, 2:53:55 PM",Kudos,Activity,16938061958
"Jan 5, 2026, 2:53:59 PM",Kudos,Activity,16936446398
"Jan 5, 2026, 2:54:06 PM",Kudos,Activity,16938070727
"Jan 5, 2026, 2:54:15 PM",Kudos,Activity,16937605547
"Jan 5, 2026, 2:54:28 PM",Kudos,Activity,16938359750
"Jan 5, 2026, 3:24:45 PM",Kudos,Activity,16938187565
"Jan 5, 2026, 3:24:48 PM",Kudos,Activity,16938791766
"Jan 5, 2026, 3:24:57 PM",Kudos,Activity,16935608881
"Jan 5, 2026, 3:25:05 PM",Kudos,Activity,16938423917
"Jan 5, 2026, 3:29:29 PM",Kudos,Activity,16938450977
"Jan 5, 2026, 3:29:32 PM",Kudos,Activity,16928652477
"Jan 5, 2026, 3:29:35 PM",Kudos,Activity,16928681929
"Jan 5, 2026, 3:29:55 PM",Kudos,Activity,16934813441
"Jan 5, 2026, 3:32:33 PM",Kudos,Activity,16938039390
"Jan 5, 2026, 3:32:37 PM",Kudos,Activity,16927535020
"Jan 5, 2026, 3:32:40 PM",Kudos,Activity,16929624420
"Jan 5, 2026, 3:32:45 PM",Kudos,Activity,16925544599
"Jan 5, 2026, 3:32:48 PM",Kudos,Activity,16928833516
"Jan 5, 2026, 4:48:48 PM",Kudos,Activity,16946218518
"Jan 5, 2026, 4:48:53 PM",Kudos,Activity,16927584418
"Jan 5, 2026, 6:28:37 PM",Kudos,Activity,16947500465
"Jan 5, 2026, 6:29:43 PM",Kudos,Post,42263630
"Jan 5, 2026, 7:53:28 PM",Kudos,Activity,16948271142
"Jan 5, 2026, 7:53:30 PM",Kudos,Activity,16948018352
"Jan 5, 2026, 8:05:51 PM",Kudos,Activity,16948308492
"Jan 5, 2026, 8:05:57 PM",Kudos,Activity,16926998500
"Jan 5, 2026, 11:00:57 PM",Kudos,Activity,16949449836
"Jan 5, 2026, 11:01:03 PM",Kudos,Activity,16949388588
"Jan 5, 2026, 11:01:07 PM",Kudos,Activity,16949736226
"Jan 5, 2026, 11:37:52 PM",Kudos,Activity,16950181355
"Jan 5, 2026, 11:38:08 PM",Kudos,Activity,16950077580
"Jan 5, 2026, 11:38:19 PM",Kudos,Activity,16949721949
"Jan 5, 2026, 11:38:22 PM",Kudos,Activity,16950299087
"Jan 5, 2026, 11:38:23 PM",Kudos,Activity,16950482378
"Jan 5, 2026, 11:38:26 PM",Kudos,Activity,16950588128
"Jan 5, 2026, 11:38:43 PM",Kudos,Activity,16950353545
"Jan 5, 2026, 11:38:51 PM",Kudos,Activity,16950624423
"Jan 5, 2026, 11:38:53 PM",Kudos,Activity,16950269598
"Jan 5, 2026, 11:39:00 PM",Kudos,Activity,16949483972
"Jan 6, 2026, 2:00:03 AM",Kudos,Activity,16951137282
"Jan 6, 2026, 2:00:06 AM",Kudos,Activity,16951449773
"Jan 6, 2026, 2:00:11 AM",Kudos,Activity,16951421457
"Jan 6, 2026, 2:06:11 AM",Kudos,Activity,16950849088
"Jan 6, 2026, 2:06:18 AM",Kudos,Activity,16950544971
"Jan 6, 2026, 2:06:21 AM",Kudos,Activity,16950919806
"Jan 6, 2026, 2:06:29 AM",Kudos,Activity,16950936451
"Jan 6, 2026, 2:18:39 AM",Kudos,Activity,16951731189
"Jan 6, 2026, 2:18:51 AM",Kudos,Activity,16950964869
"Jan 6, 2026, 2:19:22 AM",Kudos,Activity,16950692484
"Jan 6, 2026, 2:19:26 AM",Kudos,Activity,16951498290
"Jan 6, 2026, 1:09:00 PM",Kudos,Activity,16955309107
"Jan 6, 2026, 1:09:11 PM",Kudos,Activity,16953530043
"Jan 6, 2026, 1:09:16 PM",Kudos,Activity,16955884456
"Jan 6, 2026, 1:10:09 PM",Kudos,Activity,16955733309
"Jan 6, 2026, 1:10:28 PM",Kudos,Activity,16955388063
"Jan 6, 2026, 2:47:34 PM",Kudos,Activity,16956310940
"Jan 6, 2026, 2:47:55 PM",Kudos,Activity,16956697990
"Jan 6, 2026, 2:48:00 PM",Kudos,Activity,16956650734
"Jan 6, 2026, 2:48:07 PM",Kudos,Activity,16956924796
"Jan 6, 2026, 2:48:18 PM",Kudos,Activity,16956672401
"Jan 6, 2026, 2:48:21 PM",Kudos,Activity,16956770298
"Jan 6, 2026, 3:29:59 PM",Kudos,Activity,16957439769
"Jan 6, 2026, 3:31:30 PM",Kudos,Post,42290845
"Jan 6, 2026, 4:30:47 PM",Kudos,Activity,16958124889
"Jan 6, 2026, 7:31:50 PM",Kudos,Activity,16958864150
"Jan 6, 2026, 7:31:57 PM",Kudos,Activity,16960009007
"Jan 6, 2026, 7:35:01 PM",Kudos,Activity,16959010073
"Jan 6, 2026, 7:35:07 PM",Kudos,Activity,16959167253
"Jan 6, 2026, 10:50:08 PM",Kudos,Activity,16960413115
"Jan 6, 2026, 10:50:11 PM",Kudos,Activity,16961586421
"Jan 6, 2026, 10:54:27 PM",Kudos,Activity,16960065944
"Jan 6, 2026, 10:54:30 PM",Kudos,Activity,16961855930
"Jan 6, 2026, 10:54:41 PM",Kudos,Activity,16959986190
"Jan 6, 2026, 10:54:51 PM",Kudos,Activity,16961201625
"Jan 7, 2026, 4:07:11 AM",Kudos,Activity,16962644914
"Jan 7, 2026, 4:07:18 AM",Kudos,Activity,16963705173
"Jan 7, 2026, 4:08:47 AM",Kudos,Activity,16963528542
"Jan 7, 2026, 4:08:49 AM",Kudos,Activity,16961975450
"Jan 7, 2026, 4:08:52 AM",Kudos,Activity,16962321672
"Jan 7, 2026, 4:09:16 AM",Kudos,Activity,16963740918
"Jan 7, 2026, 4:09:17 AM",Kudos,Activity,16963969525
"Jan 7, 2026, 4:09:29 AM",Kudos,Activity,16963558075
"Jan 7, 2026, 1:46:36 PM",Kudos,Activity,16967206808
"Jan 7, 2026, 1:46:45 PM",Kudos,Activity,16967343673
"Jan 7, 2026, 1:46:52 PM",Kudos,Activity,16967813791
"Jan 7, 2026, 1:46:57 PM",Kudos,Activity,16966634473
"Jan 7, 2026, 1:47:47 PM",Kudos,Activity,16963241899
"Jan 7, 2026, 1:48:29 PM",Kudos,Activity,16962166553
"Jan 7, 2026, 3:03:45 PM",Kudos,Activity,16968178119
"Jan 7, 2026, 3:03:48 PM",Kudos,Activity,16967798724
"Jan 7, 2026, 3:03:51 PM",Kudos,Activity,16968351620
"Jan 7, 2026, 3:03:53 PM",Kudos,Activity,16968434638
"Jan 7, 2026, 3:03:57 PM",Kudos,Activity,16968534702
"Jan 7, 2026, 5:14:41 PM",Kudos,Activity,16968006432
"Jan 7, 2026, 7:55:47 PM",Kudos,Activity,16971424220
"Jan 8, 2026, 1:28:02 AM",Kudos,Activity,16974324292
"Jan 8, 2026, 1:28:11 AM",Kudos,Activity,16972160394
"Jan 8, 2026, 1:28:26 AM",Kudos,Activity,16973153981
"Jan 8, 2026, 1:28:40 AM",Kudos,Activity,16974171107
"Jan 8, 2026, 1:29:23 AM",Kudos,Activity,16972101930
"Jan 8, 2026, 1:29:31 AM",Kudos,Activity,16974009136
"Jan 8, 2026, 1:29:35 AM",Kudos,Activity,16972879506
"Jan 8, 2026, 1:29:37 AM",Kudos,Activity,16973534895
"Jan 8, 2026, 1:32:01 AM",Kudos,Post,42308889
"Jan 8, 2026, 1:32:03 AM",Kudos,Activity,16972669342
"Jan 8, 2026, 1:33:18 AM",Kudos,Activity,16972615765
"Jan 8, 2026, 1:39:28 AM",Kudos,Activity,16974064773
"Jan 8, 2026, 1:39:31 AM",Kudos,Activity,16973413133
"Jan 8, 2026, 1:45:09 AM",Kudos,Activity,16974627212
"Jan 8, 2026, 1:45:10 AM",Kudos,Activity,16974683309
"Jan 8, 2026, 1:57:48 AM",Kudos,Activity,16974773643
"Jan 8, 2026, 11:51:23 AM",Kudos,Activity,16977449091
"Jan 8, 2026, 11:52:03 AM",Kudos,Activity,16977431609
"Jan 8, 2026, 11:52:07 AM",Kudos,Activity,16975782945
"Jan 8, 2026, 11:52:15 AM",Kudos,Activity,16975242569
"Jan 8, 2026, 11:52:29 AM",Kudos,Activity,16977990748
"Jan 8, 2026, 2:35:53 PM",Kudos,Activity,16978264370
"Jan 8, 2026, 2:36:00 PM",Kudos,Activity,16978555058
"Jan 8, 2026, 2:36:11 PM",Kudos,Activity,16979409850
"Jan 8, 2026, 2:36:15 PM",Kudos,Activity,16978904753
"Jan 8, 2026, 2:36:23 PM",Kudos,Activity,16979459732
"Jan 8, 2026, 2:38:28 PM",Kudos,Activity,16978696580
"Jan 8, 2026, 2:58:29 PM",Kudos,Activity,16979655719
"Jan 8, 2026, 2:58:50 PM",Kudos,Post,42348853
"Jan 8, 2026, 4:59:04 PM",Kudos,Activity,16980510128
"Jan 8, 2026, 4:59:12 PM",Kudos,Activity,16979994466
"Jan 8, 2026, 4:59:19 PM",Kudos,Activity,16980524405
"Jan 8, 2026, 7:05:43 PM",Kudos,Activity,16980876609
"Jan 8, 2026, 9:59:55 PM",Kudos,Activity,16982611792
"Jan 8, 2026, 10:00:22 PM",Kudos,Activity,16983249001
"Jan 8, 2026, 10:00:35 PM",Kudos,Activity,16983291804
"Jan 8, 2026, 10:00:47 PM",Kudos,Activity,16983303645
"Jan 8, 2026, 10:00:49 PM",Kudos,Activity,16983153461
"Jan 8, 2026, 10:00:53 PM",Kudos,Activity,16982258330
"Jan 8, 2026, 10:26:51 PM",Kudos,Activity,16984037606
"Jan 9, 2026, 2:54:42 AM",Kudos,Activity,16985478127
"Jan 9, 2026, 3:14:28 AM",Kudos,Activity,16984364903
"Jan 9, 2026, 3:14:41 AM",Kudos,Activity,16985470292
"Jan 9, 2026, 3:15:01 AM",Kudos,Activity,16985397107
"Jan 9, 2026, 3:15:16 AM",Kudos,Activity,16985546727
"Jan 9, 2026, 3:15:18 AM",Kudos,Activity,16985099059
"Jan 9, 2026, 3:15:59 AM",Kudos,Activity,16985525742
"Jan 9, 2026, 3:24:10 AM",Kudos,Activity,16986082883
"Jan 9, 2026, 4:39:47 AM",Kudos,Activity,16986090984
"Jan 9, 2026, 3:05:21 PM",Kudos,Activity,16989972919
"Jan 9, 2026, 3:05:30 PM",Kudos,Activity,16990266670
"Jan 9, 2026, 3:05:32 PM",Kudos,Activity,16990268175
"Jan 9, 2026, 3:05:36 PM",Kudos,Activity,16989908267
"Jan 9, 2026, 3:05:37 PM",Kudos,Activity,16990063622
"Jan 9, 2026, 3:05:38 PM",Kudos,Activity,16990285087
"Jan 9, 2026, 3:06:04 PM",Kudos,Activity,16988921584
"Jan 9, 2026, 3:06:13 PM",Kudos,Activity,16989428592
"Jan 9, 2026, 3:06:15 PM",Kudos,Activity,16989423412
"Jan 9, 2026, 3:06:35 PM",Kudos,Activity,16989422820
"Jan 9, 2026, 3:06:46 PM",Kudos,Activity,16986839872
"Jan 9, 2026, 3:07:00 PM",Kudos,Activity,16989431785
"Jan 9, 2026, 4:01:20 PM",Kudos,Activity,16990794320
"Jan 9, 2026, 4:01:37 PM",Kudos,Activity,16990595647
"Jan 9, 2026, 4:01:45 PM",Kudos,Activity,16988610966
"Jan 9, 2026, 4:01:51 PM",Kudos,Activity,16989054720
"Jan 9, 2026, 4:01:54 PM",Kudos,Activity,16988654574
"Jan 9, 2026, 4:02:00 PM",Kudos,Activity,16987502512
"Jan 9, 2026, 4:02:05 PM",Kudos,Activity,16989812439
"Jan 9, 2026, 6:54:58 PM",Kudos,Activity,16991954034
"Jan 9, 2026, 6:55:06 PM",Kudos,Activity,16992169263
"Jan 9, 2026, 6:55:10 PM",Kudos,Activity,16992289788
"Jan 9, 2026, 6:55:18 PM",Kudos,Activity,16991389956
"Jan 9, 2026, 8:20:27 PM",Kudos,Activity,16992600050
"Jan 9, 2026, 8:20:34 PM",Kudos,Activity,16992928075
"Jan 9, 2026, 8:20:37 PM",Kudos,Activity,16992798927
"Jan 9, 2026, 8:20:46 PM",Kudos,Activity,16992880224
"Jan 9, 2026, 8:20:49 PM",Kudos,Activity,16992839237
"Jan 9, 2026, 10:31:18 PM",Kudos,Activity,16993686875
"Jan 9, 2026, 11:28:55 PM",Kudos,Activity,16993859829
"Jan 9, 2026, 11:29:07 PM",Kudos,Activity,16994445584
"Jan 9, 2026, 11:29:19 PM",Kudos,Activity,16993529905
"Jan 9, 2026, 11:29:28 PM",Kudos,Activity,16993699483
"Jan 9, 2026, 11:29:32 PM",Kudos,Activity,16994115069
"Jan 9, 2026, 11:29:41 PM",Kudos,Activity,16993631462
"Jan 9, 2026, 11:29:54 PM",Kudos,Activity,16994308759
"Jan 10, 2026, 2:25:54 AM",Kudos,Activity,16995393686
"Jan 10, 2026, 2:26:11 AM",Kudos,Activity,16995280121
"Jan 10, 2026, 3:43:34 PM",Kudos,Activity,16999034851
"Jan 10, 2026, 3:44:37 PM",Kudos,Activity,17001818844
"Jan 10, 2026, 3:45:24 PM",Kudos,Activity,17001686591
"Jan 10, 2026, 3:45:47 PM",Kudos,Activity,17001211716
"Jan 10, 2026, 3:46:27 PM",Kudos,Activity,16996665399
"Jan 10, 2026, 3:46:30 PM",Kudos,Activity,17000969865
"Jan 10, 2026, 3:46:39 PM",Kudos,Activity,17001911818
"Jan 10, 2026, 3:47:11 PM",Kudos,Activity,17001148769
"Jan 10, 2026, 3:47:16 PM",Kudos,Activity,16996310029
"Jan 10, 2026, 3:47:20 PM",Kudos,Activity,17000652489
"Jan 10, 2026, 3:47:23 PM",Kudos,Activity,16999460898
"Jan 10, 2026, 3:47:26 PM",Kudos,Activity,17001968863
"Jan 10, 2026, 3:47:29 PM",Kudos,Activity,17001211852
"Jan 10, 2026, 3:47:33 PM",Kudos,Activity,17001631268
"Jan 10, 2026, 3:47:39 PM",Kudos,Activity,17000981156
"Jan 10, 2026, 3:47:47 PM",Kudos,Activity,17001147729
"Jan 10, 2026, 5:23:00 PM",Kudos,Activity,17000831667
"Jan 10, 2026, 5:23:29 PM",Kudos,Activity,17002761329
"Jan 10, 2026, 5:23:33 PM",Kudos,Activity,17002648090
"Jan 10, 2026, 5:23:36 PM",Kudos,Activity,17002621531
"Jan 10, 2026, 5:23:57 PM",Kudos,Activity,17002968910
"Jan 10, 2026, 5:25:03 PM",Kudos,Activity,17002523506
"Jan 10, 2026, 5:25:09 PM",Kudos,Activity,17002540517
"Jan 10, 2026, 5:25:11 PM",Kudos,Activity,17002192979
"Jan 10, 2026, 5:25:16 PM",Kudos,Activity,17003257765
"Jan 10, 2026, 5:25:18 PM",Kudos,Activity,17002353552
"Jan 10, 2026, 7:35:14 PM",Kudos,Activity,17003911263
"Jan 10, 2026, 7:35:18 PM",Kudos,Activity,17004036919
"Jan 10, 2026, 8:08:19 PM",Kudos,Activity,17004496548
"Jan 10, 2026, 8:08:29 PM",Kudos,Activity,17004204747
"Jan 10, 2026, 8:08:34 PM",Kudos,Activity,17003509337
"Jan 10, 2026, 9:56:16 PM",Kudos,Activity,17003987125
"Jan 10, 2026, 9:56:34 PM",Kudos,Activity,17003544718
"Jan 10, 2026, 9:56:40 PM",Kudos,Activity,17003776036
"Jan 10, 2026, 9:57:13 PM",Kudos,Activity,17004419358
"Jan 10, 2026, 9:57:22 PM",Kudos,Activity,17003960768
"Jan 10, 2026, 9:57:27 PM",Kudos,Activity,17004787474
"Jan 10, 2026, 9:57:40 PM",Kudos,Activity,17004206604
"Jan 11, 2026, 1:20:26 AM",Kudos,Activity,17005727260
"Jan 11, 2026, 1:20:30 AM",Kudos,Activity,17006054344
"Jan 11, 2026, 1:20:44 AM",Kudos,Activity,17005765537
"Jan 11, 2026, 1:20:51 AM",Kudos,Activity,17005700651
"Jan 11, 2026, 1:20:56 AM",Kudos,Activity,17006366784
"Jan 11, 2026, 4:05:29 PM",Kudos,Activity,17013368608
"Jan 11, 2026, 4:05:34 PM",Kudos,Activity,17013595305
"Jan 11, 2026, 4:05:47 PM",Kudos,Activity,17012512045
"Jan 11, 2026, 4:05:58 PM",Kudos,Activity,17013765348
"Jan 11, 2026, 4:09:53 PM",Kudos,Activity,17014134722
"Jan 11, 2026, 4:09:53 PM",Kudos,Activity,17013651393
"Jan 11, 2026, 4:10:02 PM",Kudos,Activity,17013007403
"Jan 11, 2026, 4:10:15 PM",Kudos,Activity,17013146987
"Jan 11, 2026, 4:11:26 PM",Kudos,Activity,17013146791
"Jan 11, 2026, 4:11:30 PM",Kudos,Activity,17013146568
"Jan 11, 2026, 6:14:29 PM",Kudos,Activity,17015252853
"Jan 11, 2026, 6:14:31 PM",Kudos,Activity,17015408095
"Jan 11, 2026, 8:53:59 PM",Kudos,Activity,17015870369
"Jan 11, 2026, 8:54:03 PM",Kudos,Activity,17015585693
"Jan 11, 2026, 8:55:20 PM",Kudos,Activity,17016014607
"Jan 11, 2026, 8:55:49 PM",Kudos,Activity,17016551924
"Jan 11, 2026, 8:55:52 PM",Kudos,Activity,17015828365
"Jan 11, 2026, 8:55:55 PM",Kudos,Activity,17015659942
"Jan 11, 2026, 8:56:28 PM",Kudos,Activity,17016496298
"Jan 11, 2026, 8:56:43 PM",Kudos,Activity,17014850118
"Jan 11, 2026, 8:57:07 PM",Kudos,Activity,17015361955
"Jan 11, 2026, 8:57:26 PM",Kudos,Activity,17014977206
"Jan 11, 2026, 8:57:30 PM",Kudos,Activity,17014161729
"Jan 11, 2026, 9:59:20 PM",Kudos,Activity,17015070537
"Jan 11, 2026, 9:59:24 PM",Kudos,Activity,17017177678
"Jan 11, 2026, 11:18:03 PM",Kudos,Activity,17017603901
"Jan 11, 2026, 11:18:28 PM",Kudos,Activity,17017695586
"Jan 11, 2026, 11:18:30 PM",Kudos,Activity,17017651291
"Jan 11, 2026, 11:18:48 PM",Kudos,Activity,17017039742
"Jan 12, 2026, 12:51:35 AM",Kudos,Activity,17018286185
"Jan 12, 2026, 11:09:55 AM",Kudos,Post,42449297
"Jan 12, 2026, 1:03:10 PM",Kudos,Activity,17021735345
"Jan 12, 2026, 1:03:13 PM",Kudos,Activity,17021153146
"Jan 12, 2026, 1:03:18 PM",Kudos,Activity,17022033440
"Jan 12, 2026, 1:41:22 PM",Kudos,Activity,17022517582
"Jan 12, 2026, 1:41:27 PM",Kudos,Activity,17022485167
"Jan 12, 2026, 3:37:42 PM",Kudos,Activity,17023370934
"Jan 12, 2026, 3:37:50 PM",Kudos,Activity,17022931368
"Jan 12, 2026, 3:37:53 PM",Kudos,Activity,17023409523
"Jan 12, 2026, 3:37:55 PM",Kudos,Activity,17022909957
"Jan 12, 2026, 3:37:56 PM",Kudos,Activity,17023226058
"Jan 12, 2026, 4:30:02 PM",Kudos,Activity,17023902978
"Jan 12, 2026, 5:37:55 PM",Kudos,Activity,17024628941
"Jan 12, 2026, 6:25:47 PM",Kudos,Activity,17025047577
"Jan 12, 2026, 8:16:29 PM",Kudos,Activity,17025536672
"Jan 12, 2026, 11:03:44 PM",Kudos,Activity,17028123049
"Jan 12, 2026, 11:05:28 PM",Kudos,Activity,17027854504
"Jan 12, 2026, 11:05:30 PM",Kudos,Activity,17028331914
"Jan 12, 2026, 11:05:33 PM",Kudos,Activity,17027757135
"Jan 13, 2026, 2:08:34 AM",Kudos,Activity,17029181959
"Jan 13, 2026, 2:08:42 AM",Kudos,Activity,17028906373
"Jan 13, 2026, 2:08:56 AM",Kudos,Activity,17028107515
"Jan 13, 2026, 2:09:00 AM",Kudos,Activity,17029001963
"Jan 13, 2026, 2:09:13 AM",Kudos,Activity,17028501336
"Jan 13, 2026, 2:09:18 AM",Kudos,Activity,17029487672
"Jan 13, 2026, 11:28:40 AM",Kudos,Activity,17030008192
"Jan 13, 2026, 11:28:56 AM",Kudos,Activity,17029562844
"Jan 13, 2026, 11:29:02 AM",Kudos,Activity,17029979939
"Jan 13, 2026, 11:29:11 AM",Kudos,Activity,17030709260
"Jan 13, 2026, 11:29:22 AM",Kudos,Activity,17029533140
"Jan 13, 2026, 1:46:13 PM",Kudos,Activity,17033509414
"Jan 13, 2026, 1:46:16 PM",Kudos,Activity,17033829472
"Jan 13, 2026, 1:46:18 PM",Kudos,Activity,17033881433
"Jan 13, 2026, 1:46:28 PM",Kudos,Activity,17034228720
"Jan 13, 2026, 1:46:59 PM",Kudos,Activity,17034123939
"Jan 13, 2026, 1:47:13 PM",Kudos,Activity,17034009804
"Jan 13, 2026, 1:47:29 PM",Kudos,Activity,17033277055
"Jan 13, 2026, 1:48:39 PM",Kudos,Activity,17033992771
"Jan 13, 2026, 1:49:07 PM",Kudos,Activity,17028664006
"Jan 13, 2026, 1:49:12 PM",Kudos,Activity,17030103452
"Jan 13, 2026, 1:49:23 PM",Kudos,Activity,17033976156
"Jan 13, 2026, 1:49:35 PM",Kudos,Activity,17028414771
"Jan 13, 2026, 2:44:00 PM",Kudos,Activity,17034822111
"Jan 13, 2026, 2:44:04 PM",Kudos,Activity,17035020235
"Jan 13, 2026, 2:44:56 PM",Kudos,Activity,17034834869
"Jan 13, 2026, 2:45:04 PM",Kudos,Activity,17034894300
"Jan 13, 2026, 2:45:05 PM",Kudos,Activity,17034801071
"Jan 13, 2026, 2:45:14 PM",Kudos,Activity,17034849602
"Jan 13, 2026, 2:45:16 PM",Kudos,Activity,17035004525
"Jan 13, 2026, 3:28:22 PM",Kudos,Activity,17035313056
"Jan 13, 2026, 3:28:26 PM",Kudos,Activity,17035498774
"Jan 13, 2026, 3:28:33 PM",Kudos,Activity,17034753032
"Jan 13, 2026, 6:25:18 PM",Kudos,Activity,17035759592
"Jan 13, 2026, 6:25:26 PM",Kudos,Activity,17036740741
"Jan 13, 2026, 6:26:18 PM",Kudos,Activity,17036907657
"Jan 13, 2026, 6:26:23 PM",Kudos,Activity,17036838873
"Jan 13, 2026, 6:26:27 PM",Kudos,Activity,17035832645
"Jan 13, 2026, 6:26:33 PM",Kudos,Activity,17036713590
"Jan 13, 2026, 6:26:40 PM",Kudos,Activity,17035563882
"Jan 13, 2026, 6:48:11 PM",Kudos,Activity,17037597402
"Jan 13, 2026, 8:17:46 PM",Kudos,Activity,17037888746
"Jan 13, 2026, 8:17:55 PM",Kudos,Activity,17038024143
"Jan 13, 2026, 11:11:10 PM",Kudos,Activity,17039622356
"Jan 13, 2026, 11:11:14 PM",Kudos,Activity,17039629445
"Jan 13, 2026, 11:11:31 PM",Kudos,Activity,17039624569
"Jan 13, 2026, 11:12:01 PM",Kudos,Activity,17040605651
"Jan 14, 2026, 1:57:58 AM",Kudos,Activity,17041395605
"Jan 14, 2026, 1:58:05 AM",Kudos,Activity,17041377525
"Jan 14, 2026, 1:58:24 AM",Kudos,Activity,17041222071
"Jan 14, 2026, 1:59:53 AM",Kudos,Activity,17041491333
"Jan 14, 2026, 2:00:21 AM",Kudos,Activity,17041453225
"Jan 14, 2026, 2:00:28 AM",Kudos,Activity,17040932676
"Jan 14, 2026, 2:00:33 AM",Kudos,Activity,17041496660
"Jan 14, 2026, 2:00:42 AM",Kudos,Activity,17041452343
"Jan 14, 2026, 2:00:56 AM",Kudos,Activity,17041159044
"Jan 14, 2026, 2:00:59 AM",Kudos,Activity,17041684625
"Jan 14, 2026, 3:30:04 AM",Kudos,Activity,17042480097
"Jan 14, 2026, 3:30:08 AM",Kudos,Activity,17042361405
"Jan 14, 2026, 3:30:53 AM",Kudos,Activity,17042013920
"Jan 14, 2026, 3:30:59 AM",Kudos,Activity,17041288272
"Jan 14, 2026, 1:00:17 PM",Kudos,Activity,17045903585
"Jan 14, 2026, 1:00:44 PM",Kudos,Activity,17045523692
"Jan 15, 2026, 3:19:55 AM",Kudos,Activity,17053723186
"Jan 15, 2026, 3:19:58 AM",Kudos,Activity,17052792179
"Jan 15, 2026, 3:20:11 AM",Kudos,Activity,17049939394
"Jan 15, 2026, 3:22:03 AM",Kudos,Activity,17051942241
"Jan 15, 2026, 3:22:09 AM",Kudos,Activity,17047264292
"Jan 15, 2026, 3:22:11 AM",Kudos,Activity,17052800609
"Jan 15, 2026, 3:22:16 AM",Kudos,Activity,17053303660
"Jan 15, 2026, 3:22:47 AM",Kudos,Activity,17050430001
"Jan 15, 2026, 3:22:55 AM",Kudos,Activity,17053050940
"Jan 15, 2026, 3:23:16 AM",Kudos,Activity,17046821220
"Jan 15, 2026, 3:23:22 AM",Kudos,Activity,17052465746
"Jan 15, 2026, 3:23:26 AM",Kudos,Activity,17053518530
"Jan 15, 2026, 3:23:48 AM",Kudos,Activity,17053652630
"Jan 15, 2026, 3:23:50 AM",Kudos,Activity,17052797742
"Jan 15, 2026, 3:23:56 AM",Kudos,Activity,17053518006
"Jan 15, 2026, 3:24:01 AM",Kudos,Activity,17052693334
"Jan 15, 2026, 3:24:03 AM",Kudos,Activity,17053766213
"Jan 15, 2026, 3:27:10 AM",Kudos,Post,42479417
"Jan 15, 2026, 3:28:52 AM",Kudos,Activity,17046538650
"Jan 15, 2026, 3:28:55 AM",Kudos,Activity,17049252588
"Jan 15, 2026, 12:02:42 PM",Kudos,Activity,17057374100
"Jan 15, 2026, 12:03:17 PM",Kudos,Activity,17045697981
"Jan 15, 2026, 1:41:08 PM",Kudos,Activity,17057737099
"Jan 15, 2026, 1:41:12 PM",Kudos,Activity,17046296694
"Jan 15, 2026, 1:41:27 PM",Kudos,Activity,17049385800
"Jan 15, 2026, 2:02:37 PM",Kudos,Activity,17058629283
"Jan 15, 2026, 3:07:03 PM",Kudos,Activity,17058908246
"Jan 15, 2026, 3:07:07 PM",Kudos,Activity,17058877007
"Jan 15, 2026, 3:08:15 PM",Kudos,Activity,17058119288
"Jan 15, 2026, 6:23:02 PM",Kudos,Activity,17060608313
"Jan 15, 2026, 6:23:07 PM",Kudos,Activity,17059980423
"Jan 15, 2026, 7:34:57 PM",Kudos,Activity,17061551944
"Jan 15, 2026, 7:36:53 PM",Kudos,Activity,17042018912
"Jan 15, 2026, 9:03:28 PM",Kudos,Activity,17062028687
"Jan 15, 2026, 9:04:03 PM",Kudos,Activity,17062798870
"Jan 15, 2026, 9:31:46 PM",Kudos,Activity,17062785580
"Jan 16, 2026, 2:33:14 AM",Kudos,Activity,17064625482
"Jan 16, 2026, 2:33:17 AM",Kudos,Activity,17064705846
"Jan 16, 2026, 2:33:18 AM",Kudos,Activity,17065213421
"Jan 16, 2026, 2:33:25 AM",Kudos,Activity,17064858263
"Jan 16, 2026, 2:33:27 AM",Kudos,Activity,17064914854
"Jan 16, 2026, 2:33:33 AM",Kudos,Activity,17065008017
"Jan 16, 2026, 2:33:58 AM",Kudos,Activity,17065427630
"Jan 16, 2026, 2:53:42 AM",Kudos,Activity,17064827193
"Jan 16, 2026, 2:11:49 PM",Kudos,Activity,17069277313
"Jan 16, 2026, 2:12:00 PM",Kudos,Activity,17068795676
"Jan 16, 2026, 2:12:02 PM",Kudos,Activity,17069242188
"Jan 16, 2026, 2:12:06 PM",Kudos,Activity,17069291561
"Jan 16, 2026, 2:12:11 PM",Kudos,Activity,17069232727
"Jan 16, 2026, 2:12:40 PM",Kudos,Activity,17068937465
"Jan 16, 2026, 2:20:10 PM",Kudos,Activity,17069413419
"Jan 16, 2026, 2:20:33 PM",Kudos,Activity,17069906454
"Jan 16, 2026, 2:20:44 PM",Kudos,Activity,17069875298
"Jan 16, 2026, 2:20:48 PM",Kudos,Post,42560292
"Jan 16, 2026, 2:20:51 PM",Kudos,Activity,17069793191
"Jan 16, 2026, 2:45:29 PM",Kudos,Activity,17069871611
"Jan 16, 2026, 2:45:34 PM",Kudos,Activity,17070179806
"Jan 16, 2026, 4:54:20 PM",Kudos,Activity,17070870725
"Jan 16, 2026, 4:54:22 PM",Kudos,Activity,17070838279
"Jan 16, 2026, 4:54:28 PM",Kudos,Activity,17070389880
"Jan 16, 2026, 4:54:34 PM",Kudos,Activity,17070441307
"Jan 16, 2026, 5:20:37 PM",Kudos,Activity,17070183643
"Jan 16, 2026, 5:20:54 PM",Kudos,Activity,17070011854
"Jan 16, 2026, 5:21:23 PM",Kudos,Activity,17070228278
"Jan 16, 2026, 6:34:32 PM",Kudos,Activity,17071916041
"Jan 16, 2026, 6:34:36 PM",Kudos,Activity,17071983959
"Jan 16, 2026, 9:24:13 PM",Kudos,Activity,17073435112
"Jan 16, 2026, 9:24:37 PM",Kudos,Activity,17072940289
"Jan 16, 2026, 10:50:50 PM",Kudos,Activity,17073835068
"Jan 16, 2026, 11:04:26 PM",Kudos,Activity,17074441269
"Jan 17, 2026, 12:32:42 AM",Kudos,Activity,17074649163
"Jan 17, 2026, 12:32:47 AM",Kudos,Activity,17075113125
"Jan 17, 2026, 2:24:19 AM",Kudos,Activity,17075570707
"Jan 17, 2026, 2:24:22 AM",Kudos,Activity,17075316549
"Jan 17, 2026, 4:05:29 PM",Kudos,Activity,17082331376
"Jan 17, 2026, 4:07:42 PM",Kudos,Activity,17082057586
"Jan 17, 2026, 4:07:50 PM",Kudos,Activity,17082251690
"Jan 17, 2026, 4:07:59 PM",Kudos,Activity,17081745884
"Jan 17, 2026, 4:08:05 PM",Kudos,Activity,17082442678
"Jan 17, 2026, 4:08:08 PM",Kudos,Activity,17081899202
"Jan 17, 2026, 4:08:14 PM",Kudos,Activity,17081946991
"Jan 17, 2026, 4:08:19 PM",Kudos,Activity,17080689180
"Jan 17, 2026, 4:08:28 PM",Kudos,Activity,17082402471
"Jan 17, 2026, 4:20:43 PM",Kudos,Activity,17082940674
"Jan 17, 2026, 4:20:59 PM",Kudos,Activity,17082910991
"Jan 17, 2026, 4:22:13 PM",Kudos,Activity,17082967644
"Jan 17, 2026, 4:25:16 PM",Kudos,Activity,17083074290
"Jan 17, 2026, 6:39:54 PM",Kudos,Activity,17083984597
"Jan 17, 2026, 6:48:14 PM",Kudos,Activity,17083384811
"Jan 17, 2026, 6:48:38 PM",Kudos,Activity,17084248061
"Jan 17, 2026, 6:48:47 PM",Kudos,Activity,17083787987
"Jan 17, 2026, 6:49:10 PM",Kudos,Activity,17083339654
"Jan 17, 2026, 8:21:38 PM",Kudos,Activity,17084602394
"Jan 17, 2026, 8:21:46 PM",Kudos,Activity,17084822422
"Jan 17, 2026, 8:23:24 PM",Kudos,Activity,17085241781
"Jan 17, 2026, 8:24:20 PM",Kudos,Activity,17084986927
"Jan 17, 2026, 8:24:27 PM",Kudos,Activity,17084523782
"Jan 17, 2026, 8:25:05 PM",Kudos,Activity,17084250731
"Jan 17, 2026, 8:25:28 PM",Kudos,Activity,17083650174
"Jan 17, 2026, 8:26:02 PM",Kudos,Activity,17084106013
"Jan 17, 2026, 8:26:40 PM",Kudos,Activity,17083640998
"Jan 17, 2026, 8:27:23 PM",Kudos,Activity,17083209694
"Jan 17, 2026, 10:30:02 PM",Kudos,Activity,17085697828
"Jan 17, 2026, 10:30:08 PM",Kudos,Activity,17085659471
"Jan 18, 2026, 2:41:40 AM",Kudos,Activity,17086696505
"Jan 18, 2026, 5:36:30 PM",Kudos,Activity,17095452454
"Jan 18, 2026, 5:36:48 PM",Kudos,Activity,17094761473
"Jan 18, 2026, 5:37:02 PM",Kudos,Activity,17094562824
"Jan 18, 2026, 5:37:13 PM",Kudos,Activity,17094257136
"Jan 18, 2026, 5:37:29 PM",Kudos,Activity,17088008055
"Jan 18, 2026, 5:37:32 PM",Kudos,Activity,17095364352
"Jan 18, 2026, 5:37:34 PM",Kudos,Activity,17095158760
"Jan 18, 2026, 5:37:39 PM",Kudos,Activity,17096027528
"Jan 18, 2026, 5:37:43 PM",Kudos,Activity,17095817404
"Jan 18, 2026, 5:37:55 PM",Kudos,Activity,17088535735
"Jan 18, 2026, 5:38:04 PM",Kudos,Activity,17094272648
"Jan 18, 2026, 6:02:50 PM",Kudos,Activity,17096193084
"Jan 18, 2026, 6:02:56 PM",Kudos,Activity,17096276694
"Jan 18, 2026, 6:03:12 PM",Kudos,Activity,17096205091
"Jan 18, 2026, 6:03:53 PM",Kudos,Activity,17095819249
"Jan 18, 2026, 6:04:02 PM",Kudos,Activity,17094869909
"Jan 18, 2026, 6:14:02 PM",Kudos,Activity,17094321514
"Jan 18, 2026, 6:15:10 PM",Kudos,Activity,17095317517
"Jan 18, 2026, 6:38:36 PM",Kudos,Activity,17095377513
"Jan 19, 2026, 2:16:30 AM",Kudos,Activity,17097810540
"Jan 19, 2026, 2:16:49 AM",Kudos,Activity,17097983532
"Jan 19, 2026, 2:18:18 AM",Kudos,Activity,17097234210
"Jan 19, 2026, 2:18:21 AM",Kudos,Activity,17097146590
"Jan 19, 2026, 2:18:52 AM",Kudos,Activity,17097909915
"Jan 19, 2026, 2:18:59 AM",Kudos,Activity,17097592357
"Jan 19, 2026, 2:19:04 AM",Kudos,Post,42640108
"Jan 19, 2026, 12:57:09 PM",Kudos,Activity,17102611316
"Jan 19, 2026, 12:58:44 PM",Kudos,Activity,17097387054
"Jan 19, 2026, 2:43:15 PM",Kudos,Activity,17103539354
"Jan 19, 2026, 2:43:18 PM",Kudos,Activity,17102884445
"Jan 19, 2026, 4:01:56 PM",Kudos,Activity,17104251984
"Jan 19, 2026, 4:02:01 PM",Kudos,Activity,17104492420
"Jan 19, 2026, 4:03:01 PM",Kudos,Activity,17103627471
"Jan 19, 2026, 4:29:36 PM",Kudos,Activity,17104905531
"Jan 19, 2026, 5:51:30 PM",Kudos,Activity,17105688408
"Jan 19, 2026, 10:15:23 PM",Kudos,Activity,17108502523
"Jan 19, 2026, 10:15:51 PM",Kudos,Activity,17108905791
"Jan 19, 2026, 10:15:57 PM",Kudos,Activity,17108866970
"Jan 19, 2026, 10:16:09 PM",Kudos,Activity,17107777670
"Jan 19, 2026, 10:16:19 PM",Kudos,Activity,17108277991
"Jan 19, 2026, 10:16:23 PM",Kudos,Activity,17107770859
"Jan 19, 2026, 10:16:27 PM",Kudos,Activity,17106336827
"Jan 19, 2026, 10:16:34 PM",Kudos,Activity,17106371327
"Jan 20, 2026, 1:21:11 AM",Kudos,Activity,17110082334
"Jan 20, 2026, 1:21:17 AM",Kudos,Activity,17109754410
"Jan 20, 2026, 1:21:40 AM",Kudos,Activity,17110124927
"Jan 20, 2026, 1:22:13 AM",Kudos,Activity,17110511610
"Jan 20, 2026, 1:22:17 AM",Kudos,Activity,17109859761
"Jan 20, 2026, 1:48:02 AM",Kudos,Activity,17109013794
"Jan 20, 2026, 2:07:18 AM",Kudos,Activity,17110041471
"Jan 20, 2026, 2:07:24 AM",Kudos,Activity,17109838036
"Jan 20, 2026, 2:07:45 AM",Kudos,Activity,17110202871
"Jan 20, 2026, 2:08:26 AM",Kudos,Activity,17109771191
"Jan 20, 2026, 2:08:33 AM",Kudos,Activity,17109924205
"Jan 20, 2026, 11:15:59 AM",Kudos,Activity,17111132262
"Jan 20, 2026, 11:16:14 AM",Kudos,Activity,17112455735
"Jan 20, 2026, 11:16:39 AM",Kudos,Activity,17109928323
"Jan 20, 2026, 1:35:46 PM",Kudos,Activity,17115262467
"Jan 20, 2026, 1:35:58 PM",Kudos,Activity,17115385796
"Jan 20, 2026, 1:36:12 PM",Kudos,Activity,17114599620
"Jan 20, 2026, 1:36:24 PM",Kudos,Activity,17114502966
"Jan 20, 2026, 1:36:30 PM",Kudos,Activity,17115086111
"Jan 20, 2026, 1:36:34 PM",Kudos,Activity,17114700079
"Jan 20, 2026, 3:06:57 PM",Kudos,Activity,17115777702
"Jan 20, 2026, 3:07:08 PM",Kudos,Activity,17115651207
"Jan 20, 2026, 3:07:45 PM",Kudos,Activity,17115864229
"Jan 20, 2026, 3:07:56 PM",Kudos,Activity,17115572473
"Jan 20, 2026, 4:29:41 PM",Kudos,Activity,17117060755
"Jan 20, 2026, 4:29:41 PM",Kudos,Activity,17116969871
"Jan 20, 2026, 7:24:24 PM",Kudos,Activity,17118329007
"Jan 20, 2026, 7:28:40 PM",Kudos,Activity,17118174097
"Jan 20, 2026, 7:29:14 PM",Kudos,Activity,17117581919
"Jan 20, 2026, 8:01:09 PM",Kudos,Activity,17119378334
"Jan 20, 2026, 10:47:51 PM",Kudos,Activity,17120904397
"Jan 20, 2026, 11:16:15 PM",Kudos,Activity,17121377173
"Jan 20, 2026, 11:16:24 PM",Kudos,Activity,17121405111
"Jan 21, 2026, 11:53:42 AM",Kudos,Activity,17125938455
"Jan 21, 2026, 11:53:48 AM",Kudos,Activity,17122313283
"Jan 21, 2026, 11:54:04 AM",Kudos,Activity,17122328982
"Jan 21, 2026, 11:54:08 AM",Kudos,Activity,17122379856
"Jan 21, 2026, 11:54:17 AM",Kudos,Activity,17123071004
"Jan 21, 2026, 11:54:31 AM",Kudos,Activity,17124019788
"Jan 21, 2026, 11:55:04 AM",Kudos,Activity,17121954638
"Jan 21, 2026, 11:55:12 AM",Kudos,Activity,17122306342
"Jan 21, 2026, 11:55:24 AM",Kudos,Activity,17122842875
"Jan 21, 2026, 11:55:26 AM",Kudos,Activity,17122543836
"Jan 21, 2026, 11:56:31 AM",Kudos,Activity,17121886254
"Jan 21, 2026, 1:51:02 PM",Kudos,Activity,17126487197
"Jan 21, 2026, 1:51:08 PM",Kudos,Activity,17127264003
"Jan 21, 2026, 1:51:16 PM",Kudos,Activity,17126462889
"Jan 21, 2026, 1:51:18 PM",Kudos,Activity,17127304541
"Jan 21, 2026, 3:49:22 PM",Kudos,Activity,17127771918
"Jan 21, 2026, 3:50:45 PM",Kudos,Activity,17127532870
"Jan 21, 2026, 3:50:54 PM",Kudos,Activity,17127627430
"Jan 21, 2026, 3:51:02 PM",Kudos,Activity,17127693191
"Jan 21, 2026, 3:51:04 PM",Kudos,Activity,17127997293
"Jan 21, 2026, 3:51:06 PM",Kudos,Activity,17128149827
"Jan 21, 2026, 3:51:08 PM",Kudos,Activity,17127820799
"Jan 21, 2026, 3:51:40 PM",Kudos,Activity,17122161073
"Jan 21, 2026, 6:24:17 PM",Kudos,Activity,17130019849
"Jan 21, 2026, 6:24:21 PM",Kudos,Activity,17129950952
"Jan 21, 2026, 6:24:27 PM",Kudos,Activity,17130031833
"Jan 21, 2026, 6:41:32 PM",Kudos,Activity,17129619249
"Jan 21, 2026, 7:51:12 PM",Kudos,Activity,17130763506
"Jan 21, 2026, 7:51:14 PM",Kudos,Activity,17130674264
"Jan 21, 2026, 10:30:24 PM",Kudos,Activity,17131893462
"Jan 21, 2026, 11:36:18 PM",Kudos,Activity,17133171472
"Jan 22, 2026, 2:05:55 AM",Kudos,Activity,17133477207
"Jan 22, 2026, 2:06:22 AM",Kudos,Activity,17134073362
"Jan 22, 2026, 2:06:27 AM",Kudos,Activity,17133403528
"Jan 22, 2026, 2:06:31 AM",Kudos,Activity,17134360983
"Jan 22, 2026, 2:06:33 AM",Kudos,Activity,17134189501
"Jan 22, 2026, 2:06:39 AM",Kudos,Activity,17133960124
"Jan 22, 2026, 2:06:42 AM",Kudos,Activity,17131790386
"Jan 22, 2026, 2:37:43 AM",Kudos,Activity,17134400906
"Jan 22, 2026, 2:37:45 AM",Kudos,Activity,17134510603
"Jan 22, 2026, 2:39:31 AM",Kudos,Post,42725585
"Jan 22, 2026, 3:34:11 AM",Kudos,Activity,17134752556
"Jan 22, 2026, 11:58:47 AM",Kudos,Activity,17135702207
"Jan 22, 2026, 11:58:54 AM",Kudos,Activity,17134932125
"Jan 22, 2026, 1:44:46 PM",Kudos,Activity,17137834867
"Jan 22, 2026, 1:45:08 PM",Kudos,Activity,17138120437
"Jan 22, 2026, 1:45:14 PM",Kudos,Activity,17137951473
"Jan 22, 2026, 1:45:36 PM",Kudos,Activity,17138506875
"Jan 22, 2026, 1:45:49 PM",Kudos,Activity,17138648856
"Jan 22, 2026, 2:42:58 PM",Kudos,Activity,17139154490
"Jan 22, 2026, 3:01:13 PM",Kudos,Activity,17138825889
"Jan 22, 2026, 3:52:41 PM",Kudos,Activity,17140010241
"Jan 22, 2026, 3:52:44 PM",Kudos,Activity,17132669932
"Jan 22, 2026, 6:15:52 PM",Kudos,Activity,17140493153
"Jan 22, 2026, 6:16:04 PM",Kudos,Activity,17135621509
"Jan 22, 2026, 6:16:37 PM",Kudos,Activity,17140211364
"Jan 22, 2026, 6:17:01 PM",Kudos,Activity,17141037814
"Jan 22, 2026, 6:17:45 PM",Kudos,Post,42738539
"Jan 22, 2026, 8:29:45 PM",Kudos,Activity,17142014338
"Jan 22, 2026, 8:29:52 PM",Kudos,Activity,17142301451
"Jan 22, 2026, 8:29:55 PM",Kudos,Activity,17141592599
"Jan 22, 2026, 8:29:57 PM",Kudos,Activity,17141516876
"Jan 23, 2026, 4:03:16 AM",Kudos,Activity,17145181698
"Jan 23, 2026, 4:03:29 AM",Kudos,Activity,17144866006
"Jan 23, 2026, 4:04:08 AM",Kudos,Activity,17144538141
"Jan 23, 2026, 4:04:30 AM",Kudos,Activity,17145443497
"Jan 23, 2026, 4:04:55 AM",Kudos,Activity,17145256580
"Jan 23, 2026, 4:04:58 AM",Kudos,Activity,17145033128
"Jan 23, 2026, 4:05:07 AM",Kudos,Activity,17145083637
"Jan 23, 2026, 4:05:14 AM",Kudos,Activity,17144568773
"Jan 23, 2026, 4:06:20 AM",Kudos,Activity,17145188783
"Jan 23, 2026, 4:06:22 AM",Kudos,Activity,17145064979
"Jan 23, 2026, 4:06:35 AM",Kudos,Activity,17145262352
"Jan 23, 2026, 11:29:16 AM",Kudos,Activity,17146286963
"Jan 23, 2026, 3:50:11 PM",Kudos,Activity,17149937738
"Jan 23, 2026, 3:50:21 PM",Kudos,Activity,17150664351
"Jan 23, 2026, 4:12:06 PM",Kudos,Activity,17150340441
"Jan 23, 2026, 4:12:26 PM",Kudos,Activity,17150427874
"Jan 23, 2026, 4:12:32 PM",Kudos,Activity,17149526293
"Jan 23, 2026, 4:12:37 PM",Kudos,Activity,17149781885
"Jan 23, 2026, 4:12:44 PM",Kudos,Activity,17149411686
"Jan 23, 2026, 4:12:51 PM",Kudos,Activity,17150755857
"Jan 23, 2026, 4:13:44 PM",Kudos,Activity,17149407881
"Jan 23, 2026, 4:57:10 PM",Kudos,Activity,17151499793
"Jan 23, 2026, 4:57:15 PM",Kudos,Activity,17151336617
"Jan 23, 2026, 10:11:21 PM",Kudos,Activity,17153179942
"Jan 23, 2026, 10:11:25 PM",Kudos,Activity,17153876877
"Jan 23, 2026, 10:11:35 PM",Kudos,Activity,17153702665
"Jan 23, 2026, 10:11:44 PM",Kudos,Activity,17151621537
"Jan 23, 2026, 10:11:47 PM",Kudos,Activity,17151842899
"Jan 23, 2026, 10:12:03 PM",Kudos,Activity,17151808569
"Jan 23, 2026, 10:12:06 PM",Kudos,Activity,17153768198
"Jan 23, 2026, 10:12:16 PM",Kudos,Activity,17153181425
"Jan 23, 2026, 10:12:20 PM",Kudos,Activity,17153994576
"Jan 24, 2026, 1:21:04 AM",Kudos,Activity,17154510898
"Jan 24, 2026, 1:26:39 AM",Kudos,Activity,17154764640
"Jan 24, 2026, 1:26:43 AM",Kudos,Activity,17155183261
"Jan 24, 2026, 3:24:24 AM",Kudos,Activity,17155242153
"Jan 24, 2026, 2:06:14 PM",Kudos,Activity,17160961041
"Jan 24, 2026, 2:06:22 PM",Kudos,Activity,17156305434
"Jan 24, 2026, 2:06:31 PM",Kudos,Activity,17157134405
"Jan 24, 2026, 5:07:49 PM",Kudos,Activity,17162709592
"Jan 24, 2026, 5:08:09 PM",Kudos,Activity,17161688402
"Jan 24, 2026, 5:08:17 PM",Kudos,Activity,17162079487
"Jan 24, 2026, 5:08:29 PM",Kudos,Activity,17163168337
"Jan 24, 2026, 5:08:43 PM",Kudos,Activity,17162575521
"Jan 24, 2026, 5:08:53 PM",Kudos,Activity,17161305998
"Jan 24, 2026, 5:14:58 PM",Kudos,Activity,17161113024
"Jan 24, 2026, 5:15:34 PM",Kudos,Activity,17162418960
"Jan 24, 2026, 5:15:37 PM",Kudos,Activity,17162792039
"Jan 24, 2026, 5:16:35 PM",Kudos,Activity,17163242539
"Jan 24, 2026, 5:16:39 PM",Kudos,Activity,17163142189
"Jan 24, 2026, 5:16:49 PM",Kudos,Activity,17154886924
"Jan 24, 2026, 7:05:53 PM",Kudos,Activity,17164220548
"Jan 24, 2026, 7:07:47 PM",Kudos,Activity,17164111435
"Jan 24, 2026, 7:07:55 PM",Kudos,Activity,17163690325
"Jan 24, 2026, 7:07:59 PM",Kudos,Activity,17163797221
"Jan 24, 2026, 7:08:01 PM",Kudos,Activity,17164374162
"Jan 24, 2026, 7:08:08 PM",Kudos,Activity,17163422708
"Jan 24, 2026, 7:08:11 PM",Kudos,Activity,17163996933
"Jan 24, 2026, 7:18:16 PM",Kudos,Activity,17164399856
"Jan 24, 2026, 7:38:38 PM",Kudos,Activity,17164564614
"Jan 24, 2026, 10:11:45 PM",Kudos,Activity,17165441544
"Jan 24, 2026, 10:11:54 PM",Kudos,Activity,17164732518
"Jan 24, 2026, 10:12:27 PM",Kudos,Activity,17165055560
"Jan 24, 2026, 10:12:32 PM",Kudos,Activity,17164742526
"Jan 24, 2026, 10:13:04 PM",Kudos,Activity,17164861487
"Jan 24, 2026, 10:13:11 PM",Kudos,Activity,17165197406
"Jan 24, 2026, 10:13:23 PM",Kudos,Activity,17164914392
"Jan 25, 2026, 4:51:55 AM",Kudos,Activity,17165820696
"Jan 25, 2026, 7:08:08 PM",Kudos,Activity,17174350199
"Jan 25, 2026, 7:08:23 PM",Kudos,Activity,17173618260
"Jan 25, 2026, 7:08:32 PM",Kudos,Activity,17174848288
"Jan 25, 2026, 7:08:38 PM",Kudos,Activity,17173874303
"Jan 25, 2026, 7:08:56 PM",Kudos,Activity,17173392366
"Jan 25, 2026, 7:09:13 PM",Kudos,Activity,17175160282
"Jan 25, 2026, 7:09:36 PM",Kudos,Activity,17172636710
"Jan 25, 2026, 7:09:40 PM",Kudos,Activity,17173986411
"Jan 25, 2026, 7:09:45 PM",Kudos,Activity,17175940701
"Jan 25, 2026, 7:09:49 PM",Kudos,Activity,17174311577
"Jan 25, 2026, 7:09:57 PM",Kudos,Activity,17176007593
"Jan 25, 2026, 7:11:37 PM",Kudos,Activity,17168300956
"Jan 25, 2026, 7:11:40 PM",Kudos,Activity,17174538921
"Jan 25, 2026, 7:12:13 PM",Kudos,Activity,17175414212
"Jan 25, 2026, 7:26:57 PM",Kudos,Activity,17175805632
"Jan 25, 2026, 7:27:11 PM",Kudos,Activity,17176009223
"Jan 26, 2026, 11:43:47 AM",Kudos,Activity,17176981203
"Jan 26, 2026, 11:43:49 AM",Kudos,Activity,17176572645
"Jan 26, 2026, 11:44:08 AM",Kudos,Activity,17177995168
"Jan 26, 2026, 11:44:14 AM",Kudos,Activity,17178186002
"Jan 26, 2026, 11:44:19 AM",Kudos,Activity,17176881196
"Jan 26, 2026, 11:44:41 AM",Kudos,Activity,17177318194
"Jan 26, 2026, 1:54:40 PM",Kudos,Activity,17182457603
"Jan 26, 2026, 4:16:06 PM",Kudos,Activity,17183202278
"Jan 26, 2026, 6:05:32 PM",Kudos,Activity,17183841601
"Jan 26, 2026, 6:05:36 PM",Kudos,Activity,17184046937
"Jan 26, 2026, 6:05:45 PM",Kudos,Activity,17184303168
"Jan 26, 2026, 6:05:48 PM",Kudos,Activity,17184089538
"Jan 26, 2026, 6:06:26 PM",Kudos,Post,42849667
"Jan 26, 2026, 7:19:24 PM",Kudos,Activity,17184752440
"Jan 26, 2026, 7:19:41 PM",Kudos,Activity,17185153204
"Jan 27, 2026, 12:43:47 PM",Kudos,Activity,17192865616
"Jan 27, 2026, 12:43:56 PM",Kudos,Activity,17189041129
"Jan 27, 2026, 12:44:01 PM",Kudos,Activity,17189166506
"Jan 27, 2026, 12:44:05 PM",Kudos,Activity,17186529040
"Jan 27, 2026, 12:44:13 PM",Kudos,Activity,17187271952
"Jan 27, 2026, 12:44:24 PM",Kudos,Activity,17188264444
"Jan 27, 2026, 12:44:36 PM",Kudos,Activity,17184523435
"Jan 27, 2026, 12:44:52 PM",Kudos,Activity,17188895503
"Jan 27, 2026, 12:45:11 PM",Kudos,Activity,17188335443
"Jan 27, 2026, 12:45:29 PM",Kudos,Activity,17188139808
"Jan 27, 2026, 12:45:32 PM",Kudos,Activity,17188905628
"Jan 27, 2026, 12:45:35 PM",Kudos,Activity,17189687863
"Jan 27, 2026, 12:45:44 PM",Kudos,Post,42829977
"Jan 27, 2026, 12:46:02 PM",Kudos,Activity,17187028501
"Jan 27, 2026, 3:01:16 PM",Kudos,Activity,17193523457
"Jan 27, 2026, 3:01:25 PM",Kudos,Activity,17193655477
"Jan 27, 2026, 3:01:37 PM",Kudos,Activity,17194430854
"Jan 27, 2026, 3:01:41 PM",Kudos,Activity,17193696662
"Jan 27, 2026, 3:01:54 PM",Kudos,Activity,17193519426
"Jan 27, 2026, 3:55:26 PM",Kudos,Activity,17194651390
"Jan 27, 2026, 3:55:28 PM",Kudos,Activity,17194920837
"Jan 27, 2026, 3:55:48 PM",Kudos,Activity,17194314895
"Jan 27, 2026, 3:56:20 PM",Kudos,Activity,17194907739
"Jan 27, 2026, 3:56:24 PM",Kudos,Activity,17194813131
"Jan 27, 2026, 3:56:36 PM",Kudos,Activity,17186627199
"Jan 27, 2026, 3:56:50 PM",Kudos,Activity,17189157757
"Jan 27, 2026, 3:57:12 PM",Kudos,Activity,17186551749
"Jan 27, 2026, 7:53:07 PM",Kudos,Activity,17195382611
"Jan 27, 2026, 7:54:33 PM",Kudos,Activity,17195752103
"Jan 27, 2026, 7:54:49 PM",Kudos,Activity,17196272320
"Jan 27, 2026, 7:55:04 PM",Kudos,Activity,17196286061
"Jan 27, 2026, 7:55:36 PM",Kudos,Activity,17194788192
"Jan 27, 2026, 11:21:19 PM",Kudos,Activity,17199336111
"Jan 27, 2026, 11:21:22 PM",Kudos,Activity,17199196323
"Jan 27, 2026, 11:21:31 PM",Kudos,Activity,17199369692
"Jan 27, 2026, 11:21:35 PM",Kudos,Activity,17199443170
"Jan 27, 2026, 11:21:43 PM",Kudos,Activity,17199434013
"Jan 28, 2026, 4:05:31 AM",Kudos,Activity,17199984068
"Jan 28, 2026, 4:05:33 AM",Kudos,Activity,17200003855
"Jan 28, 2026, 4:05:49 AM",Kudos,Activity,17200506166
"Jan 28, 2026, 4:05:55 AM",Kudos,Activity,17201104645
"Jan 28, 2026, 4:05:57 AM",Kudos,Activity,17200680225
"Jan 28, 2026, 4:06:45 AM",Kudos,Activity,17200587696
"Jan 28, 2026, 4:06:48 AM",Kudos,Activity,17200695370
"Jan 28, 2026, 4:06:52 AM",Kudos,Activity,17199255218
"Jan 28, 2026, 4:06:56 AM",Kudos,Activity,17200541555
"Jan 28, 2026, 4:06:59 AM",Kudos,Activity,17199865254
"Jan 28, 2026, 12:20:14 PM",Kudos,Activity,17204393807
"Jan 28, 2026, 12:20:21 PM",Kudos,Activity,17204623453
"Jan 28, 2026, 12:20:32 PM",Kudos,Activity,17201310461
"Jan 28, 2026, 12:20:37 PM",Kudos,Activity,17201502162
"Jan 28, 2026, 12:21:28 PM",Kudos,Activity,17200822971
"Jan 28, 2026, 12:27:30 PM",Kudos,Activity,17204676389
"Jan 28, 2026, 2:19:51 PM",Kudos,Activity,17204678280
"Jan 28, 2026, 2:19:54 PM",Kudos,Activity,17205612108
"Jan 28, 2026, 4:32:56 PM",Kudos,Activity,17206437469
"Jan 28, 2026, 4:33:30 PM",Kudos,Activity,17205561380
"Jan 28, 2026, 5:59:47 PM",Kudos,Activity,17203448708
"Jan 28, 2026, 5:59:51 PM",Kudos,Activity,17208009905
"Jan 28, 2026, 8:30:52 PM",Kudos,Activity,17208799339
"Jan 28, 2026, 8:31:06 PM",Kudos,Activity,17208791702
"Jan 28, 2026, 9:26:16 PM",Kudos,Activity,17209774480
"Jan 29, 2026, 3:09:47 AM",Kudos,Activity,17210961739
"Jan 29, 2026, 3:10:45 AM",Kudos,Activity,17211890648
"Jan 29, 2026, 3:10:50 AM",Kudos,Activity,17210952805
"Jan 29, 2026, 3:10:57 AM",Kudos,Activity,17212094160
"Jan 29, 2026, 3:11:08 AM",Kudos,Activity,17212676378
"Jan 29, 2026, 3:11:17 AM",Kudos,Activity,17210656048
"Jan 29, 2026, 3:11:19 AM",Kudos,Activity,17212483864
"Jan 29, 2026, 3:11:49 AM",Kudos,Activity,17212567784
"Jan 29, 2026, 3:11:51 AM",Kudos,Activity,17211217980
"Jan 29, 2026, 3:12:28 AM",Kudos,Activity,17212030650
"Jan 29, 2026, 3:13:04 AM",Kudos,Activity,17211886179
"Jan 29, 2026, 3:13:09 AM",Kudos,Activity,17210672148
"Jan 29, 2026, 3:13:12 AM",Kudos,Activity,17210672267
"Jan 29, 2026, 1:39:12 PM",Kudos,Activity,17216191164
"Jan 29, 2026, 1:39:38 PM",Kudos,Activity,17216496891
"Jan 29, 2026, 1:39:46 PM",Kudos,Activity,17213050926
"Jan 29, 2026, 1:39:54 PM",Kudos,Activity,17212786630
"Jan 29, 2026, 1:40:12 PM",Kudos,Activity,17212755329
"Jan 29, 2026, 7:22:50 PM",Kudos,Activity,17219324752
"Jan 29, 2026, 7:22:54 PM",Kudos,Activity,17217498592
"Jan 29, 2026, 7:23:30 PM",Kudos,Activity,17217740041
"Jan 29, 2026, 7:23:50 PM",Kudos,Activity,17219421925
"Jan 29, 2026, 7:23:58 PM",Kudos,Activity,17216834506
"Jan 29, 2026, 7:24:30 PM",Kudos,Activity,17219559128
"Jan 29, 2026, 7:24:38 PM",Kudos,Post,42931578
"Jan 29, 2026, 7:25:29 PM",Kudos,Activity,17217005917
"Jan 29, 2026, 7:25:46 PM",Kudos,Activity,17217979736
"Jan 29, 2026, 7:25:55 PM",Kudos,Activity,17218734199
"Jan 29, 2026, 7:26:03 PM",Kudos,Activity,17215121063
"Jan 29, 2026, 7:26:28 PM",Kudos,Activity,17218939197
"Jan 29, 2026, 7:26:40 PM",Kudos,Activity,17217777642
"Jan 29, 2026, 7:26:57 PM",Kudos,Activity,17218900637
"Jan 29, 2026, 7:38:47 PM",Kudos,Activity,17215120442
"Jan 29, 2026, 7:38:53 PM",Kudos,Activity,17215120624
"Jan 29, 2026, 7:38:59 PM",Kudos,Activity,17215120997
"Jan 29, 2026, 11:14:53 PM",Kudos,Activity,17221836576
"Jan 29, 2026, 11:15:25 PM",Kudos,Activity,17210658131
"Jan 30, 2026, 2:41:20 PM",Kudos,Activity,17227397004
"Jan 30, 2026, 2:41:26 PM",Kudos,Activity,17226565871
"Jan 30, 2026, 2:41:39 PM",Kudos,Activity,17222855088
"Jan 30, 2026, 2:41:51 PM",Kudos,Activity,17223047651
"Jan 30, 2026, 2:41:54 PM",Kudos,Activity,17222836657
"Jan 30, 2026, 2:42:05 PM",Kudos,Activity,17227515485
"Jan 30, 2026, 2:42:17 PM",Kudos,Activity,17222758510
"Jan 30, 2026, 2:42:26 PM",Kudos,Activity,17222957833
"Jan 30, 2026, 2:42:27 PM",Kudos,Activity,17227581667
"Jan 30, 2026, 2:42:52 PM",Kudos,Activity,17222755654
"Jan 30, 2026, 2:42:55 PM",Kudos,Activity,17222830827
"Jan 30, 2026, 3:17:54 PM",Kudos,Activity,17227925529
"Jan 30, 2026, 3:18:07 PM",Kudos,Activity,17227921351
"Jan 30, 2026, 4:27:55 PM",Kudos,Activity,17227063937
"Jan 30, 2026, 4:44:30 PM",Kudos,Activity,17223304907
"Jan 30, 2026, 4:45:18 PM",Kudos,Activity,17222282200
"Jan 30, 2026, 4:45:49 PM",Kudos,Activity,17222889226
"Jan 30, 2026, 4:46:02 PM",Kudos,Activity,17227115808
"Jan 30, 2026, 4:46:08 PM",Kudos,Activity,17221794505
"Jan 30, 2026, 4:46:33 PM",Kudos,Activity,17223403416
"Jan 30, 2026, 6:54:02 PM",Kudos,Activity,17229652506
"Jan 30, 2026, 6:54:03 PM",Kudos,Activity,17229736178
"Jan 30, 2026, 8:04:49 PM",Kudos,Activity,17230145315
"Jan 30, 2026, 8:04:51 PM",Kudos,Activity,17230026516
"Jan 30, 2026, 8:04:55 PM",Kudos,Activity,17229736174
"Jan 30, 2026, 8:05:10 PM",Kudos,Activity,17229899876
"Jan 31, 2026, 12:50:38 PM",Kudos,Activity,17234014524
"Jan 31, 2026, 12:50:41 PM",Kudos,Activity,17231424257
"Jan 31, 2026, 12:50:59 PM",Kudos,Activity,17233015887
"Jan 31, 2026, 12:51:07 PM",Kudos,Activity,17230891145
"Jan 31, 2026, 12:51:19 PM",Kudos,Activity,17232243771
"Jan 31, 2026, 12:51:24 PM",Kudos,Activity,17232381969
"Jan 31, 2026, 5:22:35 PM",Kudos,Activity,17240660991
"Jan 31, 2026, 5:22:40 PM",Kudos,Activity,17238489297
"Jan 31, 2026, 5:23:59 PM",Kudos,Activity,17240336660
"Jan 31, 2026, 5:24:06 PM",Kudos,Activity,17240446564
"Jan 31, 2026, 5:24:12 PM",Kudos,Activity,17240040479
"Jan 31, 2026, 5:24:31 PM",Kudos,Activity,17240715535
"Jan 31, 2026, 5:24:33 PM",Kudos,Activity,17240532087
"Jan 31, 2026, 5:24:40 PM",Kudos,Activity,17239323227
"Jan 31, 2026, 5:24:58 PM",Kudos,Activity,17240393119
"Jan 31, 2026, 5:25:01 PM",Kudos,Activity,17239738122
"Jan 31, 2026, 5:25:04 PM",Kudos,Activity,17240143023
"Jan 31, 2026, 5:25:13 PM",Kudos,Activity,17237848755
"Jan 31, 2026, 5:25:20 PM",Kudos,Activity,17238797899
"Jan 31, 2026, 5:25:54 PM",Kudos,Activity,17240611680
"Jan 31, 2026, 7:19:18 PM",Kudos,Activity,17241555790
"Jan 31, 2026, 7:19:25 PM",Kudos,Activity,17241363237
"Jan 31, 2026, 7:19:29 PM",Kudos,Activity,17241630988
"Jan 31, 2026, 7:19:34 PM",Kudos,Activity,17241811119
"Jan 31, 2026, 7:19:36 PM",Kudos,Activity,17241637764
"Jan 31, 2026, 7:19:44 PM",Kudos,Activity,17240880477
"Jan 31, 2026, 7:19:49 PM",Kudos,Activity,17241732396
"Jan 31, 2026, 7:48:19 PM",Kudos,Activity,17241904993
"Jan 31, 2026, 7:48:24 PM",Kudos,Activity,17242012145
"Jan 31, 2026, 9:41:18 PM",Kudos,Activity,17242230986
"Jan 31, 2026, 9:41:21 PM",Kudos,Activity,17242753653
"Jan 31, 2026, 9:41:34 PM",Kudos,Activity,17238227802
"Feb 1, 2026, 4:59:36 AM",Kudos,Activity,17243155735
"Feb 1, 2026, 4:59:44 AM",Kudos,Activity,17243964849
"Feb 1, 2026, 4:59:53 AM",Kudos,Activity,17243963427
"Feb 1, 2026, 4:59:57 AM",Kudos,Activity,17229033824
"Feb 1, 2026, 5:00:21 AM",Kudos,Post,42992714
"Feb 1, 2026, 1:48:41 PM",Kudos,Activity,17246827141
"Feb 1, 2026, 1:49:27 PM",Kudos,Activity,17240833085
"Feb 1, 2026, 1:52:42 PM",Kudos,Activity,17249961230
"Feb 1, 2026, 2:59:44 PM",Kudos,Activity,17250584447
"Feb 1, 2026, 3:00:32 PM",Kudos,Activity,17250655392
"Feb 1, 2026, 3:00:34 PM",Kudos,Activity,17250292150
"Feb 1, 2026, 3:00:38 PM",Kudos,Activity,17250427154
"Feb 1, 2026, 3:23:38 PM",Kudos,Activity,17251125882
"Feb 1, 2026, 3:52:12 PM",Kudos,Activity,17251488302
"Feb 1, 2026, 7:49:41 PM",Kudos,Activity,17252586095
"Feb 1, 2026, 7:52:30 PM",Kudos,Activity,17252939468
"Feb 1, 2026, 7:53:05 PM",Kudos,Activity,17253477702
"Feb 1, 2026, 7:53:07 PM",Kudos,Activity,17253487306
"Feb 1, 2026, 7:53:11 PM",Kudos,Activity,17252818427
"Feb 1, 2026, 7:53:13 PM",Kudos,Activity,17252921650
"Feb 1, 2026, 7:53:17 PM",Kudos,Activity,17252887780
"Feb 1, 2026, 7:53:19 PM",Kudos,Activity,17252842678
"Feb 1, 2026, 7:53:27 PM",Kudos,Activity,17253444034
"Feb 1, 2026, 7:53:37 PM",Kudos,Activity,17252893718
"Feb 1, 2026, 7:53:53 PM",Kudos,Activity,17253857877
"Feb 1, 2026, 7:54:03 PM",Kudos,Activity,17253551046
"Feb 1, 2026, 7:54:12 PM",Kudos,Activity,17253198329
"Feb 1, 2026, 7:54:14 PM",Kudos,Activity,17253033214
"Feb 1, 2026, 7:54:20 PM",Kudos,Activity,17252770236
"Feb 1, 2026, 7:54:29 PM",Kudos,Activity,17251657428
"Feb 1, 2026, 7:55:27 PM",Kudos,Activity,17253733008
"Feb 1, 2026, 7:55:39 PM",Kudos,Activity,17252530429
"Feb 1, 2026, 7:56:36 PM",Kudos,Activity,17251648897
"Feb 1, 2026, 7:56:42 PM",Kudos,Activity,17251505936
"Feb 1, 2026, 9:33:29 PM",Kudos,Activity,17241440294
"Feb 1, 2026, 9:33:31 PM",Kudos,Activity,17251373012
"Feb 1, 2026, 9:33:33 PM",Kudos,Activity,17251488407
"Feb 1, 2026, 11:10:30 PM",Kudos,Activity,17254785116
"Feb 1, 2026, 11:10:39 PM",Kudos,Activity,17255104019
"Feb 1, 2026, 11:10:51 PM",Kudos,Activity,17254938364
"Feb 1, 2026, 11:10:54 PM",Kudos,Activity,17254916697
"Feb 2, 2026, 11:48:32 AM",Kudos,Activity,17257808444
"Feb 2, 2026, 11:48:33 AM",Kudos,Activity,17256370668
"Feb 2, 2026, 2:43:11 PM",Kudos,Activity,17259233711
"Feb 2, 2026, 2:43:13 PM",Kudos,Activity,17259674120
"Feb 2, 2026, 2:43:34 PM",Kudos,Activity,17260578080
"Feb 2, 2026, 2:43:36 PM",Kudos,Activity,17259315792
"Feb 2, 2026, 2:43:40 PM",Kudos,Activity,17260656426
"Feb 2, 2026, 2:43:50 PM",Kudos,Activity,17259726566
"Feb 2, 2026, 2:44:01 PM",Kudos,Activity,17260681960
"Feb 2, 2026, 2:44:10 PM",Kudos,Activity,17239798335
"Feb 2, 2026, 2:44:13 PM",Kudos,Activity,17256520030
"Feb 2, 2026, 3:18:10 PM",Kudos,Activity,17260963702
"Feb 2, 2026, 6:31:15 PM",Kudos,Activity,17262097092
"Feb 2, 2026, 6:31:18 PM",Kudos,Activity,17262506758
"Feb 2, 2026, 6:31:35 PM",Kudos,Activity,17262091720
"Feb 2, 2026, 6:31:42 PM",Kudos,Activity,17261711651
"Feb 2, 2026, 6:31:48 PM",Kudos,Activity,17262570571
"Feb 2, 2026, 8:19:21 PM",Kudos,Activity,17263853390
"Feb 2, 2026, 8:19:27 PM",Kudos,Activity,17263794435
"Feb 2, 2026, 8:31:33 PM",Kudos,Activity,17263633874
"Feb 2, 2026, 8:47:20 PM",Kudos,Activity,17264441891
"Feb 3, 2026, 11:50:24 AM",Kudos,Activity,17266631228
"Feb 3, 2026, 11:50:30 AM",Kudos,Activity,17266090884
"Feb 3, 2026, 11:50:34 AM",Kudos,Activity,17266039142
"Feb 3, 2026, 11:50:35 AM",Kudos,Activity,17266018530
"Feb 3, 2026, 11:50:48 AM",Kudos,Activity,17266278161
"Feb 3, 2026, 11:50:56 AM",Kudos,Activity,17264731529
"Feb 3, 2026, 11:51:03 AM",Kudos,Activity,17266400130
"Feb 3, 2026, 11:52:01 AM",Kudos,Activity,17267056071
"Feb 3, 2026, 11:52:08 AM",Kudos,Activity,17267286996
"Feb 3, 2026, 11:52:11 AM",Kudos,Activity,17265077294
"Feb 3, 2026, 11:52:18 AM",Kudos,Activity,17267376573
"Feb 3, 2026, 11:52:34 AM",Kudos,Activity,17266580050
"Feb 3, 2026, 1:21:12 PM",Kudos,Activity,17271112382
"Feb 3, 2026, 1:21:20 PM",Kudos,Activity,17271150526
"Feb 3, 2026, 1:21:31 PM",Kudos,Activity,17270735305
"Feb 3, 2026, 1:21:52 PM",Kudos,Activity,17271304247
"Feb 3, 2026, 2:00:17 PM",Kudos,Activity,17271688528
"Feb 3, 2026, 2:00:24 PM",Kudos,Activity,17270606151
"Feb 3, 2026, 2:01:20 PM",Kudos,Activity,17271293264
"Feb 3, 2026, 2:01:24 PM",Kudos,Activity,17271980347
"Feb 3, 2026, 2:01:32 PM",Kudos,Activity,17271084200
"Feb 3, 2026, 2:01:42 PM",Kudos,Activity,17266407816
"Feb 3, 2026, 2:01:48 PM",Kudos,Activity,17266266611
"Feb 3, 2026, 2:01:55 PM",Kudos,Activity,17266579694
"Feb 3, 2026, 2:02:00 PM",Kudos,Activity,17265755231
"Feb 3, 2026, 8:57:38 PM",Kudos,Activity,17274709635
"Feb 3, 2026, 8:57:52 PM",Kudos,Activity,17273721641
"Feb 3, 2026, 8:58:07 PM",Kudos,Activity,17274568946
"Feb 3, 2026, 8:58:25 PM",Kudos,Activity,17274781471
"Feb 3, 2026, 8:58:27 PM",Kudos,Activity,17272105832
"Feb 3, 2026, 8:59:19 PM",Kudos,Activity,17274039204
"Feb 3, 2026, 11:48:02 PM",Kudos,Activity,17277498960
"Feb 3, 2026, 11:48:07 PM",Kudos,Activity,17277899312
"Feb 3, 2026, 11:48:11 PM",Kudos,Activity,17277096736
"Feb 3, 2026, 11:48:15 PM",Kudos,Activity,17277039817
"Feb 3, 2026, 11:48:28 PM",Kudos,Activity,17276495288
"Feb 3, 2026, 11:48:29 PM",Kudos,Activity,17277771499
"Feb 3, 2026, 11:48:32 PM",Kudos,Activity,17274792246
"Feb 3, 2026, 11:48:34 PM",Kudos,Activity,17273507119
"Feb 3, 2026, 11:48:36 PM",Kudos,Activity,17273526746
"Feb 3, 2026, 11:54:11 PM",Kudos,Activity,17270286571
"Feb 3, 2026, 11:54:15 PM",Kudos,Activity,17272609328
"Feb 3, 2026, 11:54:22 PM",Kudos,Activity,17269759175
"Feb 3, 2026, 11:54:26 PM",Kudos,Activity,17273448979
"Feb 3, 2026, 11:56:03 PM",Kudos,Activity,17271806682
"Feb 4, 2026, 2:24:51 AM",Kudos,Activity,17278476038
"Feb 4, 2026, 2:24:54 AM",Kudos,Activity,17278647405
"Feb 4, 2026, 2:25:04 AM",Kudos,Activity,17278393130
"Feb 4, 2026, 2:25:08 AM",Kudos,Activity,17278640834
"Feb 4, 2026, 2:25:30 AM",Kudos,Activity,17278202989
"Feb 4, 2026, 2:25:37 AM",Kudos,Activity,17278813767
"Feb 4, 2026, 2:25:46 AM",Kudos,Activity,17279017705
"Feb 4, 2026, 2:25:49 AM",Kudos,Activity,17278587920
"Feb 4, 2026, 2:25:55 AM",Kudos,Activity,17278529518
"Feb 4, 2026, 2:25:58 AM",Kudos,Activity,17279160013
"Feb 4, 2026, 2:26:02 AM",Kudos,Activity,17278944979
"Feb 4, 2026, 2:26:06 AM",Kudos,Activity,17278783875
"Feb 4, 2026, 2:26:25 AM",Kudos,Activity,17278717130
"Feb 4, 2026, 11:57:32 AM",Kudos,Activity,17282640205
"Feb 4, 2026, 11:58:17 AM",Kudos,Activity,17278943064
"Feb 4, 2026, 11:58:25 AM",Kudos,Activity,17279355919
"Feb 4, 2026, 1:55:40 PM",Kudos,Activity,17283467838
"Feb 4, 2026, 1:55:46 PM",Kudos,Activity,17283582957
"Feb 4, 2026, 1:55:55 PM",Kudos,Activity,17283616178
"Feb 4, 2026, 1:56:15 PM",Kudos,Activity,17282972288
"Feb 4, 2026, 1:56:19 PM",Kudos,Activity,17282898024
"Feb 4, 2026, 1:56:24 PM",Kudos,Activity,17282673568
"Feb 4, 2026, 6:39:13 PM",Kudos,Activity,17286281435
"Feb 4, 2026, 6:39:21 PM",Kudos,Activity,17285608504
"Feb 4, 2026, 6:39:55 PM",Kudos,Activity,17286744350
"Feb 4, 2026, 7:19:05 PM",Kudos,Activity,17287310017
"Feb 5, 2026, 3:40:23 AM",Kudos,Activity,17289945833
"Feb 5, 2026, 3:40:24 AM",Kudos,Activity,17289977533
"Feb 5, 2026, 3:40:36 AM",Kudos,Activity,17287934324
"Feb 5, 2026, 3:41:12 AM",Kudos,Activity,17287963668
"Feb 5, 2026, 3:41:25 AM",Kudos,Activity,17289873189
"Feb 5, 2026, 3:41:48 AM",Kudos,Activity,17288216792
"Feb 5, 2026, 3:41:54 AM",Kudos,Activity,17289405998
"Feb 5, 2026, 3:42:00 AM",Kudos,Activity,17289926949
"Feb 5, 2026, 3:42:02 AM",Kudos,Activity,17290007804
"Feb 5, 2026, 3:42:07 AM",Kudos,Activity,17288805051
"Feb 5, 2026, 3:42:16 AM",Kudos,Activity,17290756396
"Feb 5, 2026, 3:42:23 AM",Kudos,Activity,17289455894
"Feb 5, 2026, 11:58:12 AM",Kudos,Activity,17291341149
"Feb 5, 2026, 11:59:07 AM",Kudos,Activity,17293676914
"Feb 5, 2026, 2:34:08 PM",Kudos,Activity,17294968171
"Feb 5, 2026, 2:34:24 PM",Kudos,Activity,17295322684
"Feb 5, 2026, 2:34:35 PM",Kudos,Activity,17294758417
"Feb 5, 2026, 2:34:37 PM",Kudos,Activity,17295007280
"Feb 5, 2026, 2:35:06 PM",Kudos,Activity,17294338140
"Feb 5, 2026, 2:35:35 PM",Kudos,Activity,17294595496
"Feb 5, 2026, 2:35:44 PM",Kudos,Activity,17295495524
"Feb 5, 2026, 7:42:42 PM",Kudos,Activity,17297862977
"Feb 5, 2026, 7:43:13 PM",Kudos,Activity,17296904700
"Feb 5, 2026, 7:43:14 PM",Kudos,Activity,17296936523
"Feb 5, 2026, 7:43:41 PM",Kudos,Activity,17295384362
"Feb 5, 2026, 7:44:00 PM",Kudos,Activity,17296218702
"Feb 5, 2026, 7:44:03 PM",Kudos,Activity,17297331015
"Feb 5, 2026, 7:44:19 PM",Kudos,Activity,17296977445
"Feb 5, 2026, 7:44:25 PM",Kudos,Activity,17295886774
"Feb 5, 2026, 7:44:47 PM",Kudos,Activity,17297245787
"Feb 5, 2026, 7:44:50 PM",Kudos,Activity,17296871514
"Feb 5, 2026, 10:40:30 PM",Kudos,Activity,17300312176
"Feb 5, 2026, 10:40:33 PM",Kudos,Activity,17300312192
"Feb 6, 2026, 3:18:37 AM",Kudos,Activity,17300100795
"Feb 6, 2026, 3:18:40 AM",Kudos,Activity,17282127451
"Feb 6, 2026, 3:36:05 AM",Kudos,Activity,17301645411
"Feb 6, 2026, 3:37:02 AM",Kudos,Activity,17302223093
"Feb 6, 2026, 3:37:08 AM",Kudos,Activity,17302050460
"Feb 6, 2026, 3:37:11 AM",Kudos,Activity,17300994469
"Feb 6, 2026, 3:37:21 AM",Kudos,Activity,17302229753
"Feb 6, 2026, 3:37:29 AM",Kudos,Activity,17301183740
"Feb 6, 2026, 3:37:35 AM",Kudos,Activity,17301421022
"Feb 6, 2026, 3:37:38 AM",Kudos,Activity,17300988134
"Feb 6, 2026, 2:15:56 PM",Kudos,Activity,17306261514
"Feb 6, 2026, 2:15:59 PM",Kudos,Activity,17305937609
"Feb 6, 2026, 2:16:01 PM",Kudos,Activity,17305742609
"Feb 6, 2026, 2:16:03 PM",Kudos,Activity,17305764584
"Feb 6, 2026, 2:16:16 PM",Kudos,Activity,17305177508
"Feb 6, 2026, 2:16:20 PM",Kudos,Activity,17306038586
"Feb 6, 2026, 2:16:32 PM",Kudos,Activity,17305716606
"Feb 6, 2026, 2:16:35 PM",Kudos,Activity,17305155605
"Feb 6, 2026, 2:16:41 PM",Kudos,Activity,17305754690
"Feb 6, 2026, 2:29:18 PM",Kudos,Activity,17306491033
"Feb 6, 2026, 5:58:17 PM",Kudos,Activity,17306661676
"Feb 6, 2026, 6:49:30 PM",Kudos,Activity,17306019060
"Feb 6, 2026, 6:49:43 PM",Kudos,Activity,17306524933
"Feb 6, 2026, 6:49:52 PM",Kudos,Activity,17307774706
"Feb 6, 2026, 6:50:15 PM",Kudos,Activity,17306529496
"Feb 6, 2026, 6:50:25 PM",Kudos,Activity,17308781955
"Feb 6, 2026, 6:50:43 PM",Kudos,Activity,17306127106
"Feb 6, 2026, 6:51:29 PM",Kudos,Activity,17307433326
"Feb 6, 2026, 6:57:22 PM",Kudos,Activity,17307328050
"Feb 6, 2026, 6:57:50 PM",Kudos,Activity,17307934811
"Feb 6, 2026, 8:19:47 PM",Kudos,Activity,17308921356
"Feb 6, 2026, 8:19:59 PM",Kudos,Activity,17305849622
"Feb 6, 2026, 8:20:02 PM",Kudos,Activity,17309036302
"Feb 6, 2026, 8:20:23 PM",Kudos,Activity,17309068316
"Feb 6, 2026, 8:59:02 PM",Kudos,Activity,17309628162
"Feb 7, 2026, 12:02:19 AM",Kudos,Activity,17311262149
"Feb 7, 2026, 4:13:10 AM",Kudos,Activity,17311357091
"Feb 7, 2026, 4:13:14 AM",Kudos,Activity,17310432906
"Feb 7, 2026, 4:13:20 AM",Kudos,Activity,17310894620
"Feb 7, 2026, 4:13:44 AM",Kudos,Activity,17311588962
"Feb 7, 2026, 4:14:35 AM",Kudos,Post,43147896
"Feb 7, 2026, 5:04:51 PM",Kudos,Activity,17318536447
"Feb 7, 2026, 5:05:04 PM",Kudos,Activity,17318478145
"Feb 7, 2026, 5:05:05 PM",Kudos,Activity,17318144279
"Feb 7, 2026, 5:05:12 PM",Kudos,Activity,17318491309
"Feb 7, 2026, 5:05:44 PM",Kudos,Activity,17317873246
"Feb 7, 2026, 5:05:55 PM",Kudos,Activity,17317170723
"Feb 7, 2026, 5:06:33 PM",Kudos,Activity,17318715192
"Feb 7, 2026, 5:06:45 PM",Kudos,Activity,17319286057
"Feb 7, 2026, 5:06:47 PM",Kudos,Activity,17316118847
"Feb 7, 2026, 5:06:51 PM",Kudos,Activity,17317311952
"Feb 7, 2026, 5:07:07 PM",Kudos,Activity,17319471785
"Feb 7, 2026, 5:07:08 PM",Kudos,Activity,17319300921
"Feb 7, 2026, 5:07:27 PM",Kudos,Post,43166557
"Feb 7, 2026, 5:07:32 PM",Kudos,Activity,17319246363
"Feb 7, 2026, 5:07:44 PM",Kudos,Activity,17319300937
"Feb 7, 2026, 7:12:30 PM",Kudos,Activity,17320198969
"Feb 7, 2026, 7:13:18 PM",Kudos,Activity,17320070607
"Feb 7, 2026, 7:13:38 PM",Kudos,Activity,17320104931
"Feb 7, 2026, 7:13:45 PM",Kudos,Activity,17320489027
"Feb 7, 2026, 7:13:54 PM",Kudos,Activity,17320340905
"Feb 7, 2026, 7:14:22 PM",Kudos,Activity,17320488992
"Feb 7, 2026, 7:14:28 PM",Kudos,Activity,17319828694
"Feb 7, 2026, 9:01:47 PM",Kudos,Activity,17320870777
"Feb 8, 2026, 1:04:19 AM",Kudos,Activity,17322503539
"Feb 8, 2026, 1:04:21 AM",Kudos,Activity,17321796704
"Feb 8, 2026, 1:04:30 AM",Kudos,Activity,17322301598
"Feb 8, 2026, 1:04:36 AM",Kudos,Activity,17322922124
"Feb 8, 2026, 1:04:45 AM",Kudos,Activity,17321860710
"Feb 8, 2026, 4:07:22 PM",Kudos,Activity,17329880212
"Feb 9, 2026, 3:45:49 AM",Kudos,Activity,17333369599
"Feb 9, 2026, 3:45:54 AM",Kudos,Activity,17333132017
"Feb 9, 2026, 3:46:45 AM",Kudos,Activity,17332681506
"Feb 9, 2026, 3:46:51 AM",Kudos,Activity,17331889068
"Feb 9, 2026, 3:46:54 AM",Kudos,Activity,17329980352
"Feb 9, 2026, 3:47:10 AM",Kudos,Activity,17334221281
"Feb 9, 2026, 3:47:11 AM",Kudos,Activity,17334242751
"Feb 9, 2026, 3:47:14 AM",Kudos,Activity,17329605499
"Feb 9, 2026, 3:47:33 AM",Kudos,Activity,17329361178
"Feb 9, 2026, 3:47:56 AM",Kudos,Activity,17331724065
"Feb 9, 2026, 3:47:58 AM",Kudos,Activity,17331064587
"Feb 9, 2026, 3:48:11 AM",Kudos,Activity,17328595570
"Feb 9, 2026, 3:48:30 AM",Kudos,Activity,17331526968
"Feb 9, 2026, 3:48:51 AM",Kudos,Activity,17333087301
"Feb 9, 2026, 3:48:58 AM",Kudos,Activity,17331547636
"Feb 9, 2026, 3:49:03 AM",Kudos,Activity,17320858184
"Feb 9, 2026, 3:49:05 AM",Kudos,Activity,17334226176
"Feb 9, 2026, 3:49:44 AM",Kudos,Activity,17331624141
"Feb 9, 2026, 3:49:53 AM",Kudos,Activity,17333932692
"Feb 9, 2026, 3:50:24 AM",Kudos,Activity,17331223938
"Feb 9, 2026, 3:50:27 AM",Kudos,Activity,17333839624
"Feb 9, 2026, 3:50:53 AM",Kudos,Activity,17332001408
"Feb 9, 2026, 1:18:37 PM",Kudos,Activity,17338193966
"Feb 9, 2026, 1:18:41 PM",Kudos,Activity,17332856327
"Feb 9, 2026, 1:18:58 PM",Kudos,Activity,17338820634
"Feb 9, 2026, 1:19:33 PM",Kudos,Activity,17338172272
"Feb 9, 2026, 6:09:43 PM",Kudos,Activity,17341293935
"Feb 9, 2026, 6:09:46 PM",Kudos,Activity,17340157836
"Feb 9, 2026, 6:09:48 PM",Kudos,Activity,17340214270
"Feb 9, 2026, 6:10:08 PM",Kudos,Activity,17339981653
"Feb 9, 2026, 6:15:38 PM",Kudos,Activity,17339531421
"Feb 9, 2026, 6:17:39 PM",Kudos,Activity,17340673608
"Feb 9, 2026, 6:18:02 PM",Kudos,Activity,17331309306
"Feb 9, 2026, 11:15:01 PM",Kudos,Activity,17343034839
"Feb 9, 2026, 11:15:42 PM",Kudos,Activity,17344090429
"Feb 9, 2026, 11:15:52 PM",Kudos,Post,43231253
"Feb 9, 2026, 11:15:53 PM",Kudos,Activity,17341923117
"Feb 9, 2026, 11:15:55 PM",Kudos,Activity,17343301045
"Feb 9, 2026, 11:16:07 PM",Kudos,Activity,17343730203
"Feb 9, 2026, 11:16:11 PM",Kudos,Activity,17344607555
"Feb 9, 2026, 11:16:19 PM",Kudos,Activity,17341018270
"Feb 9, 2026, 11:22:19 PM",Kudos,Activity,17344602607
"Feb 9, 2026, 11:22:27 PM",Kudos,Activity,17341391562
"Feb 9, 2026, 11:22:30 PM",Kudos,Activity,17344816451
"Feb 10, 2026, 12:09:20 AM",Kudos,Activity,17345193622
"Feb 10, 2026, 12:09:26 AM",Kudos,Activity,17344910726
"Feb 10, 2026, 2:20:29 AM",Kudos,Activity,17345510785
"Feb 10, 2026, 1:39:58 PM",Kudos,Activity,17350447271
"Feb 10, 2026, 1:40:15 PM",Kudos,Activity,17349794612
"Feb 10, 2026, 1:40:19 PM",Kudos,Activity,17350697115
"Feb 10, 2026, 2:15:35 PM",Kudos,Activity,17350552404
"Feb 10, 2026, 2:15:38 PM",Kudos,Activity,17346055835
"Feb 10, 2026, 2:15:40 PM",Kudos,Activity,17350527373
"Feb 10, 2026, 2:15:42 PM",Kudos,Activity,17351073989
"Feb 10, 2026, 2:16:21 PM",Kudos,Activity,17350790125
"Feb 10, 2026, 2:16:43 PM",Kudos,Activity,17348865773
"Feb 10, 2026, 2:16:45 PM",Kudos,Activity,17350448882
"Feb 10, 2026, 2:17:10 PM",Kudos,Activity,17345636864
"Feb 10, 2026, 2:17:24 PM",Kudos,Activity,17344704468
"Feb 10, 2026, 2:17:30 PM",Kudos,Activity,17345756828
"Feb 10, 2026, 2:18:38 PM",Kudos,Activity,17345003571
"Feb 10, 2026, 2:18:42 PM",Kudos,Activity,17349892938
"Feb 10, 2026, 2:19:22 PM",Kudos,Activity,17345595895
"Feb 10, 2026, 2:19:34 PM",Kudos,Activity,17332198990
"Feb 10, 2026, 2:19:51 PM",Kudos,Activity,17344740476
"Feb 10, 2026, 2:41:50 PM",Kudos,Activity,17350441970
"Feb 10, 2026, 2:42:03 PM",Kudos,Post,43247856
"Feb 10, 2026, 3:18:30 PM",Kudos,Activity,17351080278
"Feb 10, 2026, 3:18:34 PM",Kudos,Activity,17351250550
"Feb 10, 2026, 4:25:34 PM",Kudos,Activity,17352230195
"Feb 10, 2026, 4:25:37 PM",Kudos,Activity,17351684685
"Feb 10, 2026, 4:26:01 PM",Kudos,Activity,17346705319
"Feb 10, 2026, 4:27:15 PM",Kudos,Activity,17350832779
"Feb 10, 2026, 4:27:59 PM",Kudos,Activity,17328715993
"Feb 10, 2026, 7:38:22 PM",Kudos,Activity,17353478978
"Feb 10, 2026, 7:39:06 PM",Kudos,Activity,17352964807
"Feb 10, 2026, 7:39:11 PM",Kudos,Activity,17353381313
"Feb 10, 2026, 7:39:15 PM",Kudos,Activity,17351555708
"Feb 10, 2026, 7:39:23 PM",Kudos,Activity,17352876909
"Feb 10, 2026, 7:39:32 PM",Kudos,Activity,17352714405
"Feb 10, 2026, 7:39:52 PM",Kudos,Activity,17352758033
"Feb 10, 2026, 7:40:35 PM",Kudos,Activity,17352496467
"Feb 10, 2026, 7:40:37 PM",Kudos,Activity,17352589885
"Feb 10, 2026, 7:41:28 PM",Kudos,Post,43250044
"Feb 10, 2026, 7:41:36 PM",Kudos,Activity,17333594270
"Feb 10, 2026, 7:41:57 PM",Kudos,Activity,17321099955
"Feb 11, 2026, 12:47:00 AM",Kudos,Activity,17357073366
"Feb 11, 2026, 12:47:04 AM",Kudos,Activity,17356718664
"Feb 11, 2026, 12:47:13 AM",Kudos,Activity,17357381452
"Feb 11, 2026, 12:47:21 AM",Kudos,Activity,17356952784
"Feb 11, 2026, 12:47:23 AM",Kudos,Activity,17357029201
"Feb 11, 2026, 12:47:25 AM",Kudos,Activity,17357230604
"Feb 11, 2026, 12:52:33 AM",Kudos,Activity,17357253996
"Feb 11, 2026, 12:53:09 AM",Kudos,Activity,17357046020
"Feb 11, 2026, 12:53:12 AM",Kudos,Activity,17357147696
"Feb 11, 2026, 12:53:21 AM",Kudos,Activity,17354736630
"Feb 11, 2026, 2:17:14 AM",Kudos,Activity,17357929066
"Feb 11, 2026, 2:17:19 AM",Kudos,Activity,17358046423
"Feb 11, 2026, 2:17:24 AM",Kudos,Activity,17358047370
"Feb 11, 2026, 2:17:55 AM",Kudos,Activity,17356213948
"Feb 11, 2026, 2:18:11 AM",Kudos,Activity,17355735464
"Feb 11, 2026, 11:15:44 AM",Kudos,Activity,17357889852
"Feb 11, 2026, 11:16:20 AM",Kudos,Activity,17358295686
"Feb 11, 2026, 11:16:24 AM",Kudos,Activity,17358138914
"Feb 11, 2026, 1:54:53 PM",Kudos,Activity,17362183683
"Feb 11, 2026, 1:55:07 PM",Kudos,Activity,17361396307
"Feb 11, 2026, 1:55:11 PM",Kudos,Activity,17362225274
"Feb 11, 2026, 1:56:16 PM",Kudos,Activity,17362564509
"Feb 11, 2026, 1:56:23 PM",Kudos,Activity,17361502412
"Feb 11, 2026, 1:56:56 PM",Kudos,Activity,17361617073
"Feb 11, 2026, 1:57:12 PM",Kudos,Activity,17358094339
"Feb 11, 2026, 1:57:23 PM",Kudos,Activity,17361578901
"Feb 11, 2026, 3:17:18 PM",Kudos,Activity,17363084532
"Feb 11, 2026, 3:17:21 PM",Kudos,Activity,17360423109
"Feb 11, 2026, 3:18:13 PM",Kudos,Activity,17358676968
"Feb 11, 2026, 5:52:34 PM",Kudos,Activity,17364326307
"Feb 11, 2026, 5:52:42 PM",Kudos,Activity,17364212862
"Feb 11, 2026, 5:52:47 PM",Kudos,Activity,17364397075
"Feb 11, 2026, 5:52:50 PM",Kudos,Activity,17363990531
"Feb 11, 2026, 9:05:02 PM",Kudos,Activity,17365168927
"Feb 11, 2026, 9:05:10 PM",Kudos,Activity,17364901577
"Feb 11, 2026, 9:05:12 PM",Kudos,Activity,17365004996
"Feb 11, 2026, 9:05:30 PM",Kudos,Activity,17365556691
"Feb 12, 2026, 12:53:38 AM",Kudos,Activity,17368038719
"Feb 12, 2026, 3:31:45 AM",Kudos,Activity,17368503319
"Feb 12, 2026, 3:31:54 AM",Kudos,Activity,17368005105
"Feb 12, 2026, 3:32:33 AM",Kudos,Activity,17368341696
"Feb 12, 2026, 3:32:41 AM",Kudos,Activity,17368495367
"Feb 12, 2026, 3:32:45 AM",Kudos,Activity,17368113328
"Feb 12, 2026, 3:33:29 AM",Kudos,Activity,17367727601
"Feb 12, 2026, 11:33:33 AM",Kudos,Activity,17370027140
"Feb 12, 2026, 12:52:17 PM",Kudos,Activity,17372618053
"Feb 12, 2026, 12:52:20 PM",Kudos,Activity,17372702814
"Feb 12, 2026, 2:14:20 PM",Kudos,Activity,17373092267
"Feb 12, 2026, 2:45:01 PM",Kudos,Activity,17373688225
"Feb 12, 2026, 2:45:05 PM",Kudos,Activity,17373398057
"Feb 12, 2026, 2:45:29 PM",Kudos,Activity,17373511151
"Feb 12, 2026, 2:46:08 PM",Kudos,Activity,17373790818
"Feb 12, 2026, 4:40:54 PM",Kudos,Activity,17373781106
"Feb 12, 2026, 4:40:56 PM",Kudos,Activity,17374374233
"Feb 12, 2026, 9:18:53 PM",Kudos,Activity,17376825739
"Feb 12, 2026, 9:19:37 PM",Kudos,Activity,17377143566
"Feb 12, 2026, 9:20:00 PM",Kudos,Activity,17375567299
"Feb 12, 2026, 9:20:07 PM",Kudos,Activity,17376957116
"Feb 12, 2026, 10:57:11 PM",Kudos,Activity,17378237892
"Feb 12, 2026, 10:57:47 PM",Kudos,Activity,17378371273
"Feb 13, 2026, 1:46:23 AM",Kudos,Activity,17378891943
"Feb 13, 2026, 1:46:27 AM",Kudos,Activity,17378835617
"Feb 13, 2026, 1:46:41 AM",Kudos,Activity,17379157172
"Feb 13, 2026, 1:47:13 AM",Kudos,Activity,17379275750
"Feb 13, 2026, 1:47:18 AM",Kudos,Activity,17378725170
"Feb 13, 2026, 1:47:31 AM",Kudos,Activity,17379067568
"Feb 13, 2026, 1:47:36 AM",Kudos,Activity,17379283949
"Feb 13, 2026, 1:47:39 AM",Kudos,Activity,17379707400
"Feb 13, 2026, 1:47:46 AM",Kudos,Activity,17379700008
"Feb 13, 2026, 1:47:50 AM",Kudos,Activity,17379154469
"Feb 13, 2026, 1:47:55 AM",Kudos,Activity,17379645675
"Feb 13, 2026, 1:48:04 AM",Kudos,Activity,17379459941
"Feb 13, 2026, 1:48:32 AM",Kudos,Activity,17379275743
"Feb 13, 2026, 1:49:16 AM",Kudos,Activity,17379447881
"Feb 13, 2026, 3:12:21 AM",Kudos,Activity,17379659103
"Feb 13, 2026, 3:12:24 AM",Kudos,Activity,17379866782
"Feb 13, 2026, 2:22:00 PM",Kudos,Activity,17384178730
"Feb 13, 2026, 2:22:02 PM",Kudos,Activity,17383746097
"Feb 13, 2026, 2:22:04 PM",Kudos,Activity,17383760644
"Feb 13, 2026, 2:22:08 PM",Kudos,Activity,17383248718
"Feb 13, 2026, 2:22:11 PM",Kudos,Activity,17384233105
"Feb 13, 2026, 2:22:15 PM",Kudos,Activity,17384316518
"Feb 13, 2026, 2:22:16 PM",Kudos,Activity,17384328634
"Feb 13, 2026, 2:22:23 PM",Kudos,Activity,17383083792
"Feb 13, 2026, 2:22:28 PM",Kudos,Activity,17373718039
"Feb 13, 2026, 2:55:06 PM",Kudos,Activity,17384688363
"Feb 13, 2026, 4:02:15 PM",Kudos,Activity,17385010908
"Feb 13, 2026, 4:12:02 PM",Kudos,Activity,17385036375
"Feb 13, 2026, 4:12:03 PM",Kudos,Activity,17385419305
"Feb 13, 2026, 4:12:59 PM",Kudos,Activity,17384259779
"Feb 15, 2026, 2:10:24 AM",Kudos,Activity,17399734604
"Feb 15, 2026, 2:10:31 AM",Kudos,Activity,17400424829
"Feb 15, 2026, 2:10:40 AM",Kudos,Activity,17397811293
"Feb 15, 2026, 2:10:46 AM",Kudos,Activity,17396664755
"Feb 15, 2026, 2:11:02 AM",Kudos,Activity,17400010201
"Feb 15, 2026, 2:11:07 AM",Kudos,Activity,17395616027
"Feb 15, 2026, 2:11:25 AM",Kudos,Activity,17395619844
"Feb 15, 2026, 2:11:29 AM",Kudos,Activity,17398052149
"Feb 15, 2026, 2:12:17 AM",Kudos,Activity,17399958154
"Feb 15, 2026, 2:12:20 AM",Kudos,Activity,17396854809
"Feb 15, 2026, 2:12:29 AM",Kudos,Activity,17399318850
"Feb 15, 2026, 2:12:34 AM",Kudos,Activity,17396884457
"Feb 15, 2026, 2:12:36 AM",Kudos,Activity,17400723794
"Feb 15, 2026, 2:12:39 AM",Kudos,Activity,17400340610
"Feb 15, 2026, 2:12:41 AM",Kudos,Activity,17398211260
"Feb 15, 2026, 5:57:16 AM",Kudos,Activity,17401059836
"Feb 15, 2026, 5:57:25 AM",Kudos,Activity,17400251507
"Feb 15, 2026, 5:57:53 AM",Kudos,Activity,17398796959
"Feb 15, 2026, 5:58:04 AM",Kudos,Activity,17397345192
"Feb 15, 2026, 5:58:12 AM",Kudos,Activity,17397811332
"Feb 15, 2026, 5:58:44 AM",Kudos,Activity,17397473398
"Feb 15, 2026, 5:58:47 AM",Kudos,Activity,17395459031
"Feb 15, 2026, 5:58:55 AM",Kudos,Activity,17397753810
"Feb 15, 2026, 6:02:20 AM",Kudos,Activity,17398221598
"Feb 15, 2026, 6:02:22 AM",Kudos,Activity,17397811282
"Feb 15, 2026, 2:33:34 PM",Kudos,Activity,17405983266
"Feb 15, 2026, 2:33:36 PM",Kudos,Activity,17406228027
"Feb 15, 2026, 2:33:55 PM",Kudos,Activity,17405223959
"Feb 15, 2026, 2:34:09 PM",Kudos,Activity,17396180228
"Feb 15, 2026, 2:34:28 PM",Kudos,Activity,17394890957
"Feb 15, 2026, 2:35:10 PM",Kudos,Activity,17395432060
"Feb 15, 2026, 2:35:27 PM",Kudos,Activity,17389223371
"Feb 15, 2026, 2:35:42 PM",Kudos,Activity,17397401162
"Feb 15, 2026, 2:35:48 PM",Kudos,Activity,17397257926
"Feb 15, 2026, 2:36:12 PM",Kudos,Activity,17389545509
"Feb 15, 2026, 2:36:28 PM",Kudos,Activity,17397366681
"Feb 15, 2026, 2:36:39 PM",Kudos,Activity,17396611230
"Feb 15, 2026, 2:37:33 PM",Kudos,Activity,17395414426
"Feb 15, 2026, 2:37:49 PM",Kudos,Activity,17389529270
"Feb 15, 2026, 2:38:09 PM",Kudos,Activity,17397047947
"Feb 15, 2026, 2:38:26 PM",Kudos,Activity,17396050159
"Feb 15, 2026, 2:38:41 PM",Kudos,Activity,17396962394
"Feb 15, 2026, 2:39:36 PM",Kudos,Activity,17389665573
"Feb 15, 2026, 2:39:39 PM",Kudos,Activity,17397582863
"Feb 15, 2026, 2:40:14 PM",Kudos,Activity,17388565624
"Feb 15, 2026, 9:25:00 PM",Kudos,Activity,17410475183
"Feb 15, 2026, 9:25:50 PM",Kudos,Activity,17410075487
"Feb 15, 2026, 9:25:59 PM",Kudos,Activity,17410259185
"Feb 15, 2026, 9:26:01 PM",Kudos,Activity,17410031373
"Feb 15, 2026, 9:26:12 PM",Kudos,Activity,17409884526
"Feb 15, 2026, 9:26:20 PM",Kudos,Activity,17408531545
"Feb 15, 2026, 9:26:38 PM",Kudos,Activity,17409777137
"Feb 15, 2026, 9:27:48 PM",Kudos,Activity,17409136467
"Feb 15, 2026, 9:27:55 PM",Kudos,Activity,17409857797
"Feb 15, 2026, 9:27:58 PM",Kudos,Activity,17409482560
"Feb 15, 2026, 9:28:01 PM",Kudos,Activity,17409649810
"Feb 16, 2026, 2:47:40 AM",Kudos,Activity,17411772380
"Feb 16, 2026, 2:47:45 AM",Kudos,Activity,17410678752
"Feb 16, 2026, 2:47:48 AM",Kudos,Post,43391918
"Feb 16, 2026, 2:47:56 AM",Kudos,Activity,17411190705
"Feb 16, 2026, 2:48:07 AM",Kudos,Activity,17411707386
"Feb 16, 2026, 2:48:29 AM",Kudos,Activity,17411053135
"Feb 16, 2026, 2:48:35 AM",Kudos,Activity,17407190873
"Feb 16, 2026, 2:49:33 AM",Kudos,Activity,17407502575
"Feb 16, 2026, 2:49:35 AM",Kudos,Activity,17406987740
"Feb 16, 2026, 4:46:35 AM",Kudos,Activity,17400066328
"Feb 16, 2026, 4:47:36 AM",Kudos,Activity,17395394517
"Feb 16, 2026, 4:47:54 AM",Kudos,Activity,17396470835
"Feb 16, 2026, 4:48:07 AM",Kudos,Activity,17409383021
"Feb 16, 2026, 6:49:22 PM",Kudos,Activity,17417845255
"Feb 16, 2026, 6:49:31 PM",Kudos,Activity,17417641962
"Feb 16, 2026, 6:49:41 PM",Kudos,Activity,17418654376
"Feb 16, 2026, 6:50:03 PM",Kudos,Activity,17417391220
"Feb 16, 2026, 6:50:18 PM",Kudos,Activity,17418229102
"Feb 16, 2026, 6:50:32 PM",Kudos,Activity,17416037359
"Feb 16, 2026, 11:07:29 PM",Kudos,Activity,17421296722
"Feb 16, 2026, 11:07:43 PM",Kudos,Activity,17421253144
"Feb 16, 2026, 11:07:59 PM",Kudos,Activity,17421289195
"Feb 16, 2026, 11:09:04 PM",Kudos,Activity,17420596295
"Feb 16, 2026, 11:09:43 PM",Kudos,Activity,17420693460
"Feb 16, 2026, 11:10:02 PM",Kudos,Activity,17420419478
"Feb 16, 2026, 11:10:13 PM",Kudos,Activity,17420535166
"Feb 16, 2026, 11:10:42 PM",Kudos,Activity,17414171754
"Feb 17, 2026, 2:21:14 AM",Kudos,Activity,17421884397
"Feb 17, 2026, 2:21:16 AM",Kudos,Activity,17420265044
"Feb 17, 2026, 2:21:25 AM",Kudos,Activity,17421379654
"Feb 17, 2026, 2:21:58 AM",Kudos,Activity,17421812016
"Feb 17, 2026, 2:22:01 AM",Kudos,Activity,17422367062
"Feb 17, 2026, 2:22:06 AM",Kudos,Activity,17420329407
"Feb 17, 2026, 2:22:12 AM",Kudos,Activity,17418003264
"Feb 17, 2026, 3:17:29 AM",Kudos,Activity,17416340356
"Feb 17, 2026, 11:27:29 AM",Kudos,Activity,17423428143
"Feb 17, 2026, 11:27:46 AM",Kudos,Activity,17406242524
"Feb 17, 2026, 11:28:40 AM",Kudos,Activity,17409129207
"Feb 17, 2026, 11:29:13 AM",Kudos,Activity,17398057721
"Feb 17, 2026, 11:29:29 AM",Kudos,Activity,17408754837
"Feb 17, 2026, 1:17:48 PM",Kudos,Activity,17426513871
"Feb 17, 2026, 1:18:01 PM",Kudos,Activity,17426518931
"Feb 17, 2026, 1:18:12 PM",Kudos,Activity,17426855017
"Feb 17, 2026, 1:19:38 PM",Kudos,Activity,17426563337
"Feb 17, 2026, 7:02:09 PM",Kudos,Activity,17430185587
"Feb 17, 2026, 7:02:44 PM",Kudos,Activity,17427810682
"Feb 17, 2026, 7:03:48 PM",Kudos,Activity,17429645285
"Feb 17, 2026, 7:04:03 PM",Kudos,Activity,17428211625
"Feb 17, 2026, 7:04:08 PM",Kudos,Activity,17427732102
"Feb 17, 2026, 7:04:13 PM",Kudos,Activity,17427738384
"Feb 17, 2026, 7:04:19 PM",Kudos,Activity,17429414367
"Feb 17, 2026, 7:04:43 PM",Kudos,Activity,17427792664
"Feb 17, 2026, 9:24:27 PM",Kudos,Activity,17431169784
"Feb 17, 2026, 9:24:36 PM",Kudos,Activity,17431629904
"Feb 17, 2026, 9:25:20 PM",Kudos,Activity,17431768359
"Feb 17, 2026, 11:57:44 PM",Kudos,Activity,17433237108
"Feb 17, 2026, 11:57:47 PM",Kudos,Activity,17433702898
"Feb 17, 2026, 11:58:02 PM",Kudos,Activity,17433608042
"Feb 17, 2026, 11:58:05 PM",Kudos,Activity,17433554108
"Feb 17, 2026, 11:58:45 PM",Kudos,Activity,17433776358
"Feb 18, 2026, 12:52:19 AM",Kudos,Activity,17434252818
"Feb 18, 2026, 12:52:23 AM",Kudos,Activity,17433951116
"Feb 18, 2026, 12:52:30 AM",Kudos,Activity,17434084490
"Feb 18, 2026, 12:52:32 AM",Kudos,Activity,17434093177
"Feb 18, 2026, 12:52:34 AM",Kudos,Activity,17434232957
"Feb 18, 2026, 12:53:02 AM",Kudos,Activity,17434176177
"Feb 18, 2026, 2:13:37 AM",Kudos,Activity,17434525237
"Feb 18, 2026, 2:13:40 AM",Kudos,Activity,17434614415
"Feb 18, 2026, 2:13:45 AM",Kudos,Activity,17434292743
"Feb 18, 2026, 2:13:53 AM",Kudos,Activity,17434359585
"Feb 18, 2026, 1:36:10 PM",Kudos,Activity,17438258521
"Feb 18, 2026, 1:36:20 PM",Kudos,Activity,17438197611
"Feb 18, 2026, 1:40:11 PM",Kudos,Activity,17434920896
"Feb 18, 2026, 1:40:15 PM",Kudos,Activity,17438321846
"Feb 18, 2026, 1:40:19 PM",Kudos,Activity,17438264119
"Feb 18, 2026, 2:01:39 PM",Kudos,Activity,17438999464
"Feb 18, 2026, 2:02:03 PM",Kudos,Activity,17439288311
"Feb 18, 2026, 2:28:44 PM",Kudos,Activity,17439538689
"Feb 18, 2026, 2:28:48 PM",Kudos,Activity,17439589107
"Feb 18, 2026, 2:28:56 PM",Kudos,Activity,17439442931
"Feb 18, 2026, 2:29:00 PM",Kudos,Activity,17434897667
"Feb 18, 2026, 3:09:39 PM",Kudos,Activity,17439926052
"Feb 18, 2026, 9:52:56 PM",Kudos,Activity,17441847119
"Feb 18, 2026, 9:53:20 PM",Kudos,Activity,17443751784
"Feb 18, 2026, 9:53:23 PM",Kudos,Activity,17443975773
"Feb 18, 2026, 9:53:27 PM",Kudos,Activity,17442152316
"Feb 18, 2026, 9:53:36 PM",Kudos,Activity,17440772323
"Feb 18, 2026, 9:53:46 PM",Kudos,Activity,17440453476
"Feb 18, 2026, 9:53:50 PM",Kudos,Activity,17442073813
"Feb 18, 2026, 9:54:48 PM",Kudos,Activity,17441428930
"Feb 18, 2026, 9:55:17 PM",Kudos,Activity,17443431728
"Feb 18, 2026, 9:55:20 PM",Kudos,Activity,17441044782
"Feb 18, 2026, 9:55:31 PM",Kudos,Activity,17439927844
"Feb 18, 2026, 10:07:58 PM",Kudos,Activity,17364675161
"Feb 19, 2026, 1:26:06 AM",Kudos,Activity,17445140454
"Feb 19, 2026, 1:26:17 AM",Kudos,Activity,17440034546
"Feb 19, 2026, 1:26:30 AM",Kudos,Activity,17444920492
"Feb 19, 2026, 1:27:08 AM",Kudos,Activity,17445117024
"Feb 19, 2026, 1:27:24 AM",Kudos,Activity,17445122311
"Feb 19, 2026, 1:27:30 AM",Kudos,Activity,17444522678
"Feb 19, 2026, 3:38:22 AM",Kudos,Activity,17446239664
"Feb 19, 2026, 3:38:33 AM",Kudos,Activity,17445958340
"Feb 19, 2026, 1:05:34 PM",Kudos,Activity,17449893948
"Feb 19, 2026, 1:05:36 PM",Kudos,Activity,17449817074
"Feb 19, 2026, 11:20:16 PM",Kudos,Activity,17452000614
"Feb 20, 2026, 1:01:39 AM",Kudos,Activity,17456426198
"Feb 20, 2026, 1:01:57 AM",Kudos,Activity,17456436101
"Feb 20, 2026, 1:02:04 AM",Kudos,Activity,17456460276
"Feb 20, 2026, 1:09:27 AM",Kudos,Activity,17456407350
"Feb 20, 2026, 1:09:28 AM",Kudos,Activity,17456413070
"Feb 20, 2026, 1:09:31 AM",Kudos,Activity,17456402058
"Feb 20, 2026, 1:09:57 AM",Kudos,Activity,17456422783
"Feb 20, 2026, 1:10:05 AM",Kudos,Activity,17456151702
"Feb 20, 2026, 1:11:36 AM",Kudos,Activity,17455997266
"Feb 20, 2026, 1:11:43 AM",Kudos,Activity,17453391699
"Feb 20, 2026, 1:12:51 AM",Kudos,Activity,17450664054
"Feb 20, 2026, 3:32:47 AM",Kudos,Activity,17457014359
"Feb 20, 2026, 3:33:12 AM",Kudos,Activity,17456703705
"Feb 20, 2026, 3:33:34 AM",Kudos,Activity,17456449266
"Feb 20, 2026, 3:33:52 AM",Kudos,Activity,17456626850
"Feb 20, 2026, 3:33:57 AM",Kudos,Activity,17456544084
"Feb 20, 2026, 3:34:00 AM",Kudos,Activity,17457154934
"Feb 20, 2026, 3:34:05 AM",Kudos,Activity,17456518036
"Feb 20, 2026, 3:34:17 AM",Kudos,Activity,17455591155
"Feb 20, 2026, 3:34:30 AM",Kudos,Activity,17449798422
"Feb 20, 2026, 3:35:31 AM",Kudos,Activity,17452530165
"Feb 20, 2026, 3:35:49 AM",Kudos,Activity,17449480801
"Feb 20, 2026, 2:21:26 PM",Kudos,Activity,17460761284
"Feb 20, 2026, 2:21:28 PM",Kudos,Activity,17461153093
"Feb 20, 2026, 2:21:30 PM",Kudos,Activity,17461030537
"Feb 20, 2026, 2:22:21 PM",Kudos,Activity,17460735887
"Feb 20, 2026, 2:22:24 PM",Kudos,Activity,17460748074
"Feb 20, 2026, 2:22:29 PM",Kudos,Activity,17460818745
"Feb 20, 2026, 2:22:34 PM",Kudos,Activity,17461241178
"Feb 20, 2026, 2:22:39 PM",Kudos,Activity,17459722927
"Feb 20, 2026, 2:22:50 PM",Kudos,Activity,17460907175
"Feb 20, 2026, 2:22:57 PM",Kudos,Activity,17460205251
"Feb 20, 2026, 2:23:09 PM",Kudos,Activity,17457216813
"Feb 20, 2026, 2:23:11 PM",Kudos,Activity,17460437791
"Feb 20, 2026, 2:23:14 PM",Kudos,Activity,17459004833
"Feb 20, 2026, 2:23:21 PM",Kudos,Activity,17458997384
"Feb 20, 2026, 2:23:23 PM",Kudos,Activity,17457357187
"Feb 20, 2026, 2:44:31 PM",Kudos,Activity,17461505914
"Feb 20, 2026, 2:44:38 PM",Kudos,Activity,17449977341
"Feb 20, 2026, 2:44:59 PM",Kudos,Activity,17446539501
"Feb 20, 2026, 2:45:02 PM",Kudos,Activity,17454558707
"Feb 20, 2026, 2:45:31 PM",Kudos,Activity,17450320514
"Feb 20, 2026, 3:36:49 PM",Kudos,Activity,17462070085
"Feb 20, 2026, 3:36:52 PM",Kudos,Activity,17461513276
"Feb 20, 2026, 3:37:47 PM",Kudos,Activity,17460860863
"Feb 20, 2026, 3:38:36 PM",Kudos,Activity,17461573972
"Feb 20, 2026, 3:38:46 PM",Kudos,Activity,17446414496
"Feb 20, 2026, 3:40:48 PM",Kudos,Activity,17450280454
"Feb 20, 2026, 3:41:30 PM",Kudos,Activity,17452411385
"Feb 20, 2026, 3:42:42 PM",Kudos,Activity,17451997684
"Feb 20, 2026, 3:43:28 PM",Kudos,Activity,17455181570
"Feb 20, 2026, 6:55:21 PM",Kudos,Activity,17463579733
"Feb 20, 2026, 6:55:54 PM",Kudos,Activity,17462443412
"Feb 20, 2026, 6:56:21 PM",Kudos,Post,43494367
"Feb 20, 2026, 6:56:28 PM",Kudos,Activity,17462224193
"Feb 20, 2026, 6:56:37 PM",Kudos,Activity,17462692045
"Feb 20, 2026, 6:56:50 PM",Kudos,Activity,17462323590
"Feb 20, 2026, 6:57:08 PM",Kudos,Activity,17461106769
"Feb 20, 2026, 6:57:11 PM",Kudos,Activity,17462699149
"Feb 20, 2026, 6:57:46 PM",Kudos,Activity,17462336520
"Feb 20, 2026, 6:58:34 PM",Kudos,Activity,17462726452
"Feb 20, 2026, 8:09:29 PM",Kudos,Activity,17464343758
"Feb 20, 2026, 8:22:48 PM",Kudos,Activity,17445049711
"Feb 20, 2026, 10:10:17 PM",Kudos,Activity,17465316898
"Feb 20, 2026, 10:13:18 PM",Kudos,Activity,17442424075
"Feb 20, 2026, 10:13:59 PM",Kudos,Activity,17449780652
"Feb 21, 2026, 1:27:54 AM",Kudos,Activity,17465951392
"Feb 21, 2026, 1:27:58 AM",Kudos,Activity,17466567056
"Feb 21, 2026, 1:28:01 AM",Kudos,Activity,17465814196
"Feb 21, 2026, 1:28:06 AM",Kudos,Activity,17466576685
"Feb 21, 2026, 1:28:11 AM",Kudos,Activity,17466445789
"Feb 21, 2026, 1:28:16 AM",Kudos,Activity,17466010601
"Feb 21, 2026, 12:20:34 PM",Kudos,Activity,17470730296
"Feb 21, 2026, 12:20:37 PM",Kudos,Activity,17454558350
"Feb 21, 2026, 4:32:05 PM",Kudos,Activity,17473123303
"Feb 21, 2026, 4:32:08 PM",Kudos,Activity,17473933964
"Feb 21, 2026, 4:32:13 PM",Kudos,Activity,17473716013
"Feb 21, 2026, 4:32:21 PM",Kudos,Activity,17472000637
"Feb 21, 2026, 4:32:51 PM",Kudos,Activity,17473771839
"Feb 21, 2026, 4:32:57 PM",Kudos,Activity,17473879008
"Feb 21, 2026, 5:33:56 PM",Kudos,Activity,17474323206
"Feb 21, 2026, 5:33:56 PM",Kudos,Activity,17474271290
"Feb 21, 2026, 5:34:04 PM",Kudos,Activity,17469561827
"Feb 21, 2026, 5:34:06 PM",Kudos,Activity,17469070482
"Feb 21, 2026, 6:28:16 PM",Kudos,Activity,17475350088
"Feb 21, 2026, 6:28:47 PM",Kudos,Activity,17474902682
"Feb 21, 2026, 7:38:07 PM",Kudos,Activity,17475264764
"Feb 21, 2026, 7:38:13 PM",Kudos,Activity,17475940480
"Feb 21, 2026, 7:38:22 PM",Kudos,Activity,17475224375
"Feb 21, 2026, 7:38:53 PM",Kudos,Activity,17475831185
"Feb 21, 2026, 7:39:03 PM",Kudos,Activity,17475535328
"Feb 21, 2026, 7:39:30 PM",Kudos,Activity,17475871482
"Feb 21, 2026, 7:39:31 PM",Kudos,Activity,17475926465
"Feb 21, 2026, 7:39:42 PM",Kudos,Activity,17475541392
"Feb 21, 2026, 7:40:23 PM",Kudos,Activity,17475118518
"Feb 21, 2026, 7:42:24 PM",Kudos,Activity,17475200726
"Feb 21, 2026, 7:42:27 PM",Kudos,Activity,17475436903
"Feb 21, 2026, 7:42:30 PM",Kudos,Activity,17475389500
"Feb 21, 2026, 7:42:36 PM",Kudos,Activity,17474439832
"Feb 21, 2026, 7:42:44 PM",Kudos,Activity,17475277867
"Feb 22, 2026, 5:07:08 AM",Kudos,Activity,17477490618
"Feb 22, 2026, 5:07:20 AM",Kudos,Activity,17477378820
"Feb 22, 2026, 5:09:11 AM",Kudos,Activity,17476611526
"Feb 22, 2026, 5:11:06 AM",Kudos,Activity,17474148607
"Feb 22, 2026, 5:11:37 AM",Kudos,Activity,17477543418
"Feb 22, 2026, 4:02:31 PM",Kudos,Activity,17484147671
"Feb 22, 2026, 4:02:35 PM",Kudos,Activity,17485481462
"Feb 22, 2026, 4:03:50 PM",Kudos,Activity,17483732384
"Feb 22, 2026, 4:03:53 PM",Kudos,Activity,17485244358
"Feb 22, 2026, 4:04:00 PM",Kudos,Activity,17481458138
"Feb 22, 2026, 4:04:39 PM",Kudos,Activity,17476205639
"Feb 22, 2026, 4:05:56 PM",Kudos,Activity,17476537082
"Feb 22, 2026, 4:06:03 PM",Kudos,Activity,17475794455
"Feb 22, 2026, 4:06:50 PM",Kudos,Activity,17477799625
"Feb 22, 2026, 8:03:59 PM",Kudos,Activity,17487836512
"Feb 22, 2026, 8:15:02 PM",Kudos,Activity,17487692317
"Feb 22, 2026, 8:15:13 PM",Kudos,Activity,17487380993
"Feb 22, 2026, 8:15:47 PM",Kudos,Activity,17486344392
"Feb 22, 2026, 8:16:03 PM",Kudos,Activity,17486108317
"Feb 22, 2026, 8:16:18 PM",Kudos,Activity,17486124147
"Feb 22, 2026, 8:17:07 PM",Kudos,Activity,17487328979
"Feb 22, 2026, 8:20:25 PM",Kudos,Activity,17487240265
"Feb 22, 2026, 8:20:34 PM",Kudos,Activity,17485717339
"Feb 22, 2026, 8:21:09 PM",Kudos,Activity,17487964684
"Feb 22, 2026, 8:21:17 PM",Kudos,Activity,17488058859
"Feb 22, 2026, 11:07:14 PM",Kudos,Activity,17488818877
"Feb 22, 2026, 11:07:38 PM",Kudos,Activity,17488194470
"Feb 22, 2026, 11:08:17 PM",Kudos,Activity,17488942518
"Feb 22, 2026, 11:08:20 PM",Kudos,Activity,17488207829
"Feb 23, 2026, 12:08:10 AM",Kudos,Activity,17489459221
"Feb 23, 2026, 12:08:14 AM",Kudos,Activity,17487500497
"Feb 23, 2026, 12:08:18 AM",Kudos,Activity,17489317243
"Feb 23, 2026, 4:00:21 AM",Kudos,Activity,17489888355
"Feb 23, 2026, 4:00:24 AM",Kudos,Activity,17488726079
"Feb 23, 2026, 4:01:20 AM",Kudos,Activity,17489606531
"Feb 23, 2026, 2:22:39 PM",Kudos,Activity,17494470027
"Feb 23, 2026, 2:22:45 PM",Kudos,Activity,17493594140
"Feb 23, 2026, 2:22:52 PM",Kudos,Activity,17493026152
"Feb 23, 2026, 2:23:07 PM",Kudos,Activity,17493284407
"Feb 23, 2026, 3:37:13 PM",Kudos,Activity,17494988209
"Feb 23, 2026, 3:37:15 PM",Kudos,Activity,17494804991
"Feb 23, 2026, 7:33:33 PM",Kudos,Activity,17495390693
"Feb 23, 2026, 7:33:36 PM",Kudos,Activity,17495616535
"Feb 23, 2026, 7:33:46 PM",Kudos,Activity,17496043587
"Feb 23, 2026, 7:33:48 PM",Kudos,Activity,17495450141
"Feb 23, 2026, 7:33:49 PM",Kudos,Activity,17495348648
"Feb 23, 2026, 7:33:51 PM",Kudos,Activity,17496856216
"Feb 23, 2026, 10:48:40 PM",Kudos,Activity,17499075595
"Feb 23, 2026, 10:48:55 PM",Kudos,Activity,17499534361
"Feb 23, 2026, 10:49:00 PM",Kudos,Activity,17498549451
"Feb 24, 2026, 11:44:32 AM",Kudos,Activity,17501366948
"Feb 24, 2026, 11:45:07 AM",Kudos,Activity,17500900236
"Feb 24, 2026, 11:45:19 AM",Kudos,Activity,17499688382
"Feb 24, 2026, 11:45:31 AM",Kudos,Activity,17498955117
"Feb 24, 2026, 11:45:49 AM",Kudos,Activity,17500617873
"Feb 24, 2026, 11:46:15 AM",Kudos,Activity,17500386773
"Feb 24, 2026, 1:59:08 PM",Kudos,Activity,17504874181
"Feb 24, 2026, 1:59:13 PM",Kudos,Activity,17505513601
"Feb 24, 2026, 1:59:23 PM",Kudos,Activity,17505792692
"Feb 24, 2026, 6:54:50 PM",Kudos,Activity,17508780131
"Feb 24, 2026, 6:55:04 PM",Kudos,Activity,17509079815
"Feb 24, 2026, 6:55:07 PM",Kudos,Activity,17508296186
"Feb 24, 2026, 6:55:28 PM",Kudos,Activity,17508141904
"Feb 24, 2026, 6:55:54 PM",Kudos,Activity,17507147774
"Feb 24, 2026, 6:55:56 PM",Kudos,Activity,17508013709
"Feb 24, 2026, 6:55:58 PM",Kudos,Activity,17507682700
"Feb 24, 2026, 6:56:17 PM",Kudos,Post,43625374
"Feb 24, 2026, 6:56:21 PM",Kudos,Activity,17506189831
"Feb 24, 2026, 11:34:16 PM",Kudos,Activity,17511508377
"Feb 25, 2026, 1:13:09 AM",Kudos,Activity,17512269268
"Feb 25, 2026, 1:13:33 AM",Kudos,Activity,17512619623
"Feb 25, 2026, 1:15:19 AM",Kudos,Activity,17512461266
"Feb 25, 2026, 1:15:21 AM",Kudos,Activity,17512599814
"Feb 25, 2026, 1:15:28 AM",Kudos,Activity,17512693186
"Feb 25, 2026, 1:15:35 AM",Kudos,Activity,17512160811
"Feb 25, 2026, 1:15:38 AM",Kudos,Activity,17512327741
"Feb 25, 2026, 1:15:52 AM",Kudos,Activity,17512141515
"Feb 25, 2026, 1:15:57 AM",Kudos,Activity,17512483505
"Feb 25, 2026, 1:15:59 AM",Kudos,Activity,17512448784
"Feb 25, 2026, 1:16:07 AM",Kudos,Post,43630994
"Feb 25, 2026, 1:16:16 AM",Kudos,Activity,17512392156
"Feb 25, 2026, 1:16:36 AM",Kudos,Activity,17511322591
"Feb 25, 2026, 1:16:55 AM",Kudos,Activity,17511743681
"Feb 25, 2026, 1:18:28 AM",Kudos,Activity,17511670730
"Feb 25, 2026, 1:18:45 AM",Kudos,Activity,17512002704
"Feb 25, 2026, 1:18:48 AM",Kudos,Activity,17511504853
"Feb 25, 2026, 1:18:55 AM",Kudos,Activity,17510050324
"Feb 25, 2026, 1:19:10 AM",Kudos,Activity,17511459377
"Feb 25, 2026, 1:19:14 AM",Kudos,Activity,17511371800
"Feb 25, 2026, 2:20:59 PM",Kudos,Activity,17517644028
"Feb 25, 2026, 2:21:30 PM",Kudos,Activity,17517749500
"Feb 25, 2026, 2:21:36 PM",Kudos,Activity,17515547015
"Feb 25, 2026, 2:21:45 PM",Kudos,Activity,17516909453
"Feb 25, 2026, 2:22:01 PM",Kudos,Activity,17516780706
"Feb 25, 2026, 2:22:03 PM",Kudos,Activity,17513227949
"Feb 25, 2026, 2:22:14 PM",Kudos,Activity,17513113882
"Feb 25, 2026, 2:22:22 PM",Kudos,Activity,17516859379
"Feb 25, 2026, 2:22:31 PM",Kudos,Activity,17512943698
"Feb 25, 2026, 2:23:51 PM",Kudos,Activity,17513659875
"Feb 25, 2026, 2:24:10 PM",Kudos,Activity,17516854388
"Feb 25, 2026, 3:28:31 PM",Kudos,Activity,17518717359
"Feb 25, 2026, 3:28:48 PM",Kudos,Activity,17518902072
"Feb 25, 2026, 3:28:53 PM",Kudos,Activity,17517182214
"Feb 25, 2026, 3:28:55 PM",Kudos,Activity,17512948055
"Feb 25, 2026, 3:29:14 PM",Kudos,Activity,17513047538
"Feb 25, 2026, 3:29:17 PM",Kudos,Activity,17511230774
"Feb 25, 2026, 3:29:47 PM",Kudos,Activity,17511743508
"Feb 25, 2026, 3:56:20 PM",Kudos,Activity,17519391696
"Feb 25, 2026, 5:08:09 PM",Kudos,Activity,17518819372
"Feb 25, 2026, 5:08:12 PM",Kudos,Activity,17519797150
"Feb 25, 2026, 9:02:57 PM",Kudos,Activity,17523175918
"Feb 25, 2026, 9:02:59 PM",Kudos,Activity,17521179383
"Feb 26, 2026, 4:01:56 AM",Kudos,Activity,17525793722
"Feb 26, 2026, 4:02:08 AM",Kudos,Activity,17523232619
"Feb 26, 2026, 4:02:19 AM",Kudos,Activity,17524371627
"Feb 26, 2026, 4:02:31 AM",Kudos,Activity,17524696666
"Feb 26, 2026, 4:02:54 AM",Kudos,Activity,17524753851
"Feb 26, 2026, 4:02:56 AM",Kudos,Activity,17525652962
"Feb 26, 2026, 4:03:03 AM",Kudos,Activity,17524236159
"Feb 26, 2026, 4:03:16 AM",Kudos,Activity,17524522605
"Feb 26, 2026, 4:03:32 AM",Kudos,Activity,17524700284
"Feb 26, 2026, 4:04:15 AM",Kudos,Activity,17524521281
"Feb 26, 2026, 4:04:24 AM",Kudos,Activity,17524385803
"Feb 26, 2026, 4:04:26 AM",Kudos,Activity,17524048207
"Feb 26, 2026, 1:22:37 PM",Kudos,Activity,17528885143
"Feb 26, 2026, 1:23:17 PM",Kudos,Activity,17529228819
"Feb 26, 2026, 1:23:56 PM",Kudos,Activity,17529802006
"Feb 26, 2026, 1:23:58 PM",Kudos,Activity,17529544607
"Feb 26, 2026, 1:24:11 PM",Kudos,Activity,17529853057
"Feb 26, 2026, 1:44:13 PM",Kudos,Activity,17530055779
"Feb 26, 2026, 5:00:38 PM",Kudos,Activity,17530640761
"Feb 26, 2026, 5:00:58 PM",Kudos,Activity,17530587930
"Feb 26, 2026, 5:02:09 PM",Kudos,Activity,17530802507
"Feb 26, 2026, 5:38:34 PM",Kudos,Activity,17532317385
"Feb 26, 2026, 5:38:36 PM",Kudos,Activity,17532551421
"Feb 26, 2026, 5:42:40 PM",Kudos,Activity,17532428723
"Feb 26, 2026, 6:17:36 PM",Kudos,Activity,17532823066
"Feb 26, 2026, 6:20:41 PM",Kudos,Activity,17532956493
"Feb 26, 2026, 7:27:54 PM",Kudos,Activity,17531814269
"Feb 26, 2026, 10:59:01 PM",Kudos,Activity,17535211930
"Feb 26, 2026, 10:59:12 PM",Kudos,Activity,17535660349
"Feb 27, 2026, 12:59:05 AM",Kudos,Activity,17536298341
"Feb 27, 2026, 12:59:06 AM",Kudos,Activity,17536421013
"Feb 27, 2026, 12:59:09 AM",Kudos,Activity,17536560249
"Feb 27, 2026, 1:01:05 AM",Kudos,Activity,17535974083
"Feb 27, 2026, 1:02:35 AM",Kudos,Activity,17536016257
"Feb 27, 2026, 1:02:38 AM",Kudos,Activity,17535973900
"Feb 27, 2026, 1:02:51 AM",Kudos,Activity,17535749066
"Feb 27, 2026, 1:59:18 AM",Kudos,Activity,17536858971
"Feb 27, 2026, 1:59:23 AM",Kudos,Activity,17536899649
"Feb 27, 2026, 1:59:35 AM",Kudos,Activity,17536627288
"Feb 27, 2026, 1:59:37 AM",Kudos,Activity,17536641427
"Feb 27, 2026, 3:41:41 AM",Kudos,Activity,17536750991
"Feb 27, 2026, 3:41:44 AM",Kudos,Activity,17537215230
"Feb 27, 2026, 3:41:46 AM",Kudos,Activity,17536944346
"Feb 27, 2026, 3:42:04 AM",Kudos,Activity,17536805176
"Feb 27, 2026, 3:42:10 AM",Kudos,Activity,17536899475
"Feb 27, 2026, 3:42:20 AM",Kudos,Activity,17532984854
"Feb 27, 2026, 3:42:50 AM",Kudos,Activity,17528036189
"Feb 27, 2026, 3:43:10 AM",Kudos,Activity,17503603412
"Feb 27, 2026, 3:43:12 AM",Kudos,Activity,17536118302
"Feb 27, 2026, 3:43:16 AM",Kudos,Post,43688813
"Feb 27, 2026, 3:43:23 AM",Kudos,Activity,17520849629
"Feb 27, 2026, 11:46:56 AM",Kudos,Activity,17537509129
"Feb 27, 2026, 11:48:51 AM",Kudos,Activity,17537887777
"Feb 27, 2026, 2:22:54 PM",Kudos,Activity,17541430829
"Feb 27, 2026, 2:22:58 PM",Kudos,Activity,17541132400
"Feb 27, 2026, 2:23:04 PM",Kudos,Activity,17540922083
"Feb 27, 2026, 2:23:06 PM",Kudos,Activity,17540919596
"Feb 27, 2026, 2:23:12 PM",Kudos,Activity,17541578474
"Feb 27, 2026, 2:23:19 PM",Kudos,Activity,17540398137
"Feb 28, 2026, 4:26:40 AM",Kudos,Activity,17548041652
"Feb 28, 2026, 4:26:45 AM",Kudos,Activity,17547135262
"Feb 28, 2026, 4:27:07 AM",Kudos,Activity,17546129354
"Feb 28, 2026, 4:27:10 AM",Kudos,Activity,17545715632
"Feb 28, 2026, 4:27:13 AM",Kudos,Activity,17545666679
"Feb 28, 2026, 4:27:34 AM",Kudos,Activity,17541877947
"Feb 28, 2026, 4:27:38 AM",Kudos,Activity,17547168520
"Feb 28, 2026, 4:27:50 AM",Kudos,Activity,17543944357
"Feb 28, 2026, 4:29:10 AM",Kudos,Activity,17546020646
"Feb 28, 2026, 4:29:13 AM",Kudos,Activity,17547416164
"Feb 28, 2026, 4:29:20 AM",Kudos,Activity,17546969590
"Feb 28, 2026, 4:29:26 AM",Kudos,Activity,17541659166
"Feb 28, 2026, 4:29:30 AM",Kudos,Activity,17547076521
"Feb 28, 2026, 4:29:36 AM",Kudos,Activity,17543858799
"Feb 28, 2026, 4:29:37 AM",Kudos,Activity,17541271655
"Feb 28, 2026, 4:29:48 AM",Kudos,Activity,17540942358
"Feb 28, 2026, 4:29:50 AM",Kudos,Activity,17543673857
"Feb 28, 2026, 4:30:12 AM",Kudos,Activity,17546868995
"Feb 28, 2026, 4:30:40 AM",Kudos,Activity,17543186896
"Feb 28, 2026, 4:30:41 AM",Kudos,Activity,17543187745
"Feb 28, 2026, 4:30:54 AM",Kudos,Activity,17545296881
"Feb 28, 2026, 4:31:02 AM",Kudos,Activity,17543858679
"Mar 1, 2026, 3:39:55 PM",Kudos,Activity,17565550563
"Mar 1, 2026, 3:40:05 PM",Kudos,Activity,17565699668
"Mar 1, 2026, 3:40:33 PM",Kudos,Activity,17559714953
"Mar 1, 2026, 3:40:38 PM",Kudos,Activity,17566109352
"Mar 1, 2026, 3:40:58 PM",Kudos,Post,43756202
"Mar 1, 2026, 3:41:01 PM",Kudos,Activity,17566486299
"Mar 1, 2026, 3:41:10 PM",Kudos,Activity,17564324347
"Mar 1, 2026, 3:41:24 PM",Kudos,Activity,17557390720
"Mar 1, 2026, 3:41:37 PM",Kudos,Activity,17555125090
"Mar 1, 2026, 3:41:50 PM",Kudos,Activity,17556475845
"Mar 1, 2026, 3:42:15 PM",Kudos,Activity,17556504040
"Mar 1, 2026, 3:42:21 PM",Kudos,Activity,17553689007
"Mar 1, 2026, 3:42:36 PM",Kudos,Activity,17561680639
"Mar 1, 2026, 3:43:00 PM",Kudos,Activity,17556691979
"Mar 1, 2026, 3:43:39 PM",Kudos,Activity,17557392584
"Mar 1, 2026, 3:43:44 PM",Kudos,Activity,17553594257
"Mar 1, 2026, 3:43:50 PM",Kudos,Activity,17552648932
"Mar 1, 2026, 3:44:05 PM",Kudos,Activity,17555441254
"Mar 1, 2026, 3:44:15 PM",Kudos,Activity,17555128720
"Mar 1, 2026, 3:44:20 PM",Kudos,Activity,17556699598
"Mar 1, 2026, 3:44:23 PM",Kudos,Activity,17555297505
"Mar 1, 2026, 3:44:25 PM",Kudos,Activity,17555243936
"Mar 1, 2026, 3:45:35 PM",Kudos,Activity,17555219183
"Mar 1, 2026, 3:45:48 PM",Kudos,Activity,17555068588
"Mar 1, 2026, 3:46:01 PM",Kudos,Activity,17556029600
"Mar 1, 2026, 3:46:10 PM",Kudos,Activity,17558402543
"Mar 1, 2026, 3:46:12 PM",Kudos,Activity,17556212233
"Mar 1, 2026, 3:46:21 PM",Kudos,Activity,17556775377
"Mar 1, 2026, 3:46:27 PM",Kudos,Activity,17556668337
"Mar 1, 2026, 3:46:38 PM",Kudos,Activity,17553441711
"Mar 1, 2026, 3:46:46 PM",Kudos,Activity,17550384427
"Mar 2, 2026, 4:33:33 AM",Kudos,Activity,17568651153
"Mar 2, 2026, 4:36:40 AM",Kudos,Activity,17569000236
"Mar 2, 2026, 4:38:51 AM",Kudos,Activity,17570465591
"Mar 2, 2026, 5:04:54 AM",Kudos,Activity,17569307339
"Mar 2, 2026, 5:05:22 AM",Kudos,Activity,17567877103
"Mar 2, 2026, 5:05:44 AM",Kudos,Activity,17568560521
"Mar 2, 2026, 5:06:10 AM",Kudos,Activity,17567129990
"Mar 2, 2026, 5:06:26 AM",Kudos,Activity,17570692630
"Mar 2, 2026, 5:06:30 AM",Kudos,Activity,17568185645
"Mar 2, 2026, 5:06:36 AM",Kudos,Activity,17557020448
"Mar 2, 2026, 5:06:47 AM",Kudos,Activity,17558167416
"Mar 2, 2026, 5:07:00 AM",Kudos,Activity,17548379188
"Mar 2, 2026, 5:08:27 AM",Kudos,Activity,17555902884
"Mar 2, 2026, 5:08:32 AM",Kudos,Activity,17551634150
"Mar 2, 2026, 5:08:51 AM",Kudos,Activity,17554850437
"Mar 2, 2026, 5:08:57 AM",Kudos,Activity,17558210779
"Mar 2, 2026, 5:08:59 AM",Kudos,Activity,17553756579
"Mar 2, 2026, 6:28:15 PM",Kudos,Activity,17578030581
"Mar 2, 2026, 6:28:58 PM",Kudos,Activity,17578712375
"Mar 2, 2026, 6:29:33 PM",Kudos,Activity,17576360141
"Mar 2, 2026, 6:29:53 PM",Kudos,Activity,17578030578
"Mar 2, 2026, 6:29:58 PM",Kudos,Activity,17576581218
"Mar 2, 2026, 6:43:11 PM",Kudos,Activity,17577619379
"Mar 2, 2026, 6:45:08 PM",Kudos,Post,43781646
"Mar 2, 2026, 6:45:16 PM",Kudos,Activity,17574572005
"Mar 2, 2026, 6:46:50 PM",Kudos,Activity,17574735899
"Mar 2, 2026, 6:46:54 PM",Kudos,Activity,17576541759
"Mar 2, 2026, 6:47:14 PM",Kudos,Activity,17568098482
"Mar 2, 2026, 6:47:18 PM",Kudos,Activity,17567797824
"Mar 3, 2026, 3:14:52 PM",Kudos,Activity,17588420525
"Mar 3, 2026, 3:15:05 PM",Kudos,Activity,17587131519
"Mar 3, 2026, 3:15:30 PM",Kudos,Activity,17586046892
"Mar 3, 2026, 3:15:41 PM",Kudos,Activity,17586786845
"Mar 3, 2026, 3:16:11 PM",Kudos,Activity,17586991848
"Mar 3, 2026, 3:16:19 PM",Kudos,Activity,17586584805
"Mar 3, 2026, 3:17:03 PM",Kudos,Activity,17588292891
"Mar 3, 2026, 3:17:14 PM",Kudos,Activity,17587293705
"Mar 3, 2026, 3:17:18 PM",Kudos,Activity,17588638598
"Mar 3, 2026, 3:17:24 PM",Kudos,Activity,17586560055
"Mar 3, 2026, 3:17:31 PM",Kudos,Activity,17587540189
"Mar 3, 2026, 4:49:37 PM",Kudos,Activity,17588917163
"Mar 3, 2026, 4:49:45 PM",Kudos,Activity,17581996527
"Mar 3, 2026, 4:55:28 PM",Kudos,Activity,17581980945
"Mar 3, 2026, 4:56:21 PM",Kudos,Activity,17582204750
"Mar 3, 2026, 4:56:39 PM",Kudos,Activity,17582604397
"Mar 3, 2026, 4:56:41 PM",Kudos,Activity,17582677654
"Mar 3, 2026, 4:56:46 PM",Kudos,Activity,17583600930
"Mar 3, 2026, 4:56:55 PM",Kudos,Activity,17575945682
"Mar 3, 2026, 4:56:58 PM",Kudos,Activity,17570931083
"Mar 3, 2026, 4:58:14 PM",Kudos,Post,43790157
"Mar 3, 2026, 4:58:26 PM",Kudos,Activity,17582343071
"Mar 3, 2026, 4:58:32 PM",Kudos,Activity,17582443688
"Mar 3, 2026, 5:00:04 PM",Kudos,Activity,17580483528
"Mar 3, 2026, 5:00:45 PM",Kudos,Activity,17582421594
"Mar 3, 2026, 5:39:43 PM",Kudos,Activity,17590420608
"Mar 3, 2026, 5:53:40 PM",Kudos,Activity,17590585912
"Mar 3, 2026, 5:57:05 PM",Kudos,Activity,17590492054
"Mar 3, 2026, 5:57:49 PM",Kudos,Activity,17581252793
"Mar 3, 2026, 5:57:58 PM",Kudos,Activity,17583520036
"Mar 3, 2026, 5:57:59 PM",Kudos,Activity,17566925761
"Mar 3, 2026, 7:46:53 PM",Kudos,Activity,17592291540
"Mar 3, 2026, 7:46:56 PM",Kudos,Activity,17590736048
"Mar 3, 2026, 7:47:37 PM",Kudos,Activity,17591397419
"Mar 3, 2026, 7:47:40 PM",Kudos,Activity,17582121333
"Mar 3, 2026, 7:47:43 PM",Kudos,Activity,17581993957
"Mar 3, 2026, 7:47:54 PM",Kudos,Activity,17555942110
"Mar 3, 2026, 7:47:56 PM",Kudos,Activity,17558286586
"Mar 3, 2026, 9:17:40 PM",Kudos,Activity,17559216837
"Mar 3, 2026, 9:17:43 PM",Kudos,Activity,17555208150
"Mar 3, 2026, 9:17:49 PM",Kudos,Activity,17559172581
"Mar 3, 2026, 11:01:54 PM",Kudos,Activity,17594076779
"Mar 4, 2026, 1:02:51 AM",Kudos,Activity,17595339365
"Mar 4, 2026, 1:03:24 AM",Kudos,Activity,17594442221
"Mar 4, 2026, 1:03:27 AM",Kudos,Activity,17594836978
"Mar 4, 2026, 4:14:58 AM",Kudos,Activity,17596081611
"Mar 4, 2026, 4:15:01 AM",Kudos,Activity,17596030272
"Mar 4, 2026, 4:15:23 AM",Kudos,Activity,17595790223
"Mar 4, 2026, 4:15:42 AM",Kudos,Activity,17595580159
"Mar 4, 2026, 4:16:00 AM",Kudos,Activity,17590081979
"Mar 4, 2026, 4:16:45 AM",Kudos,Activity,17595069706
"Mar 4, 2026, 4:16:49 AM",Kudos,Activity,17595180721
"Mar 4, 2026, 3:11:05 PM",Kudos,Activity,17601534052
"Mar 4, 2026, 3:11:14 PM",Kudos,Activity,17601421547
"Mar 4, 2026, 3:11:22 PM",Kudos,Activity,17600459410
"Mar 4, 2026, 3:11:26 PM",Kudos,Activity,17599169623
"Mar 4, 2026, 3:11:30 PM",Kudos,Activity,17598799169
"Mar 4, 2026, 3:12:00 PM",Kudos,Activity,17601250286
"Mar 4, 2026, 3:12:14 PM",Kudos,Activity,17600310063
"Mar 4, 2026, 3:12:17 PM",Kudos,Activity,17599421433
"Mar 4, 2026, 3:51:01 PM",Kudos,Activity,17601878970
"Mar 4, 2026, 3:51:14 PM",Kudos,Activity,17601956633
"Mar 4, 2026, 3:51:27 PM",Kudos,Activity,17599751866
"Mar 4, 2026, 3:51:49 PM",Kudos,Activity,17598324303
"Mar 4, 2026, 3:51:55 PM",Kudos,Activity,17594610867
"Mar 4, 2026, 3:51:57 PM",Kudos,Activity,17594577542
"Mar 4, 2026, 3:52:07 PM",Kudos,Activity,17595079246
"Mar 4, 2026, 5:40:59 PM",Kudos,Activity,17602988844
"Mar 4, 2026, 5:41:34 PM",Kudos,Activity,17603068890
"Mar 4, 2026, 5:41:50 PM",Kudos,Activity,17602876213
"Mar 4, 2026, 8:10:50 PM",Kudos,Activity,17603689856
"Mar 4, 2026, 8:11:13 PM",Kudos,Activity,17603946398
"Mar 5, 2026, 6:09:07 AM",Kudos,Activity,17608178555
"Mar 5, 2026, 6:09:14 AM",Kudos,Activity,17607069376
"Mar 5, 2026, 6:09:25 AM",Kudos,Activity,17607216516
"Mar 5, 2026, 6:09:28 AM",Kudos,Activity,17607475285
"Mar 5, 2026, 6:10:20 AM",Kudos,Activity,17607720907
"Mar 5, 2026, 6:10:21 AM",Kudos,Activity,17607904540
"Mar 5, 2026, 6:10:23 AM",Kudos,Activity,17607291041
"Mar 5, 2026, 6:10:35 AM",Kudos,Activity,17607557458
"Mar 5, 2026, 6:10:40 AM",Kudos,Activity,17608219364
"Mar 5, 2026, 6:10:47 AM",Kudos,Activity,17607348087
"Mar 5, 2026, 6:10:56 AM",Kudos,Activity,17607601567
"Mar 5, 2026, 6:11:01 AM",Kudos,Activity,17607062444
"Mar 5, 2026, 6:11:04 AM",Kudos,Activity,17607645562
"Mar 5, 2026, 6:11:17 AM",Kudos,Activity,17607554230
"Mar 5, 2026, 6:11:26 AM",Kudos,Activity,17607979484
"Mar 5, 2026, 4:09:03 PM",Kudos,Activity,17613871135
"Mar 5, 2026, 4:09:10 PM",Kudos,Activity,17611784631
"Mar 5, 2026, 4:09:14 PM",Kudos,Activity,17612139196
"Mar 5, 2026, 4:09:30 PM",Kudos,Activity,17613502772
"Mar 5, 2026, 4:09:41 PM",Kudos,Activity,17610004797
"Mar 5, 2026, 4:09:46 PM",Kudos,Activity,17611378968
"Mar 5, 2026, 4:09:58 PM",Kudos,Activity,17611559305
"Mar 5, 2026, 4:10:08 PM",Kudos,Activity,17612808220
"Mar 5, 2026, 8:31:03 PM",Kudos,Activity,17616678822
"Mar 5, 2026, 8:31:14 PM",Kudos,Activity,17616851761
"Mar 5, 2026, 8:31:22 PM",Kudos,Activity,17616411641
"Mar 5, 2026, 8:31:31 PM",Kudos,Activity,17616866884
"Mar 5, 2026, 8:31:56 PM",Kudos,Activity,17615773024
"Mar 5, 2026, 8:32:09 PM",Kudos,Activity,17616595621
"Mar 5, 2026, 8:32:40 PM",Kudos,Activity,17615523987
"Mar 5, 2026, 8:33:02 PM",Kudos,Activity,17614607946
"Mar 5, 2026, 8:33:12 PM",Kudos,Activity,17616851888
"Mar 5, 2026, 8:33:27 PM",Kudos,Activity,17608422163
"Mar 5, 2026, 11:27:27 PM",Kudos,Activity,17618318843
"Mar 5, 2026, 11:27:35 PM",Kudos,Activity,17618919363
"Mar 5, 2026, 11:27:41 PM",Kudos,Activity,17618900187
"Mar 5, 2026, 11:27:48 PM",Kudos,Activity,17618013662
"Mar 5, 2026, 11:27:52 PM",Kudos,Activity,17616851749
"Mar 5, 2026, 11:27:55 PM",Kudos,Activity,17616851768
"Mar 6, 2026, 1:42:15 AM",Kudos,Activity,17619985582
"Mar 6, 2026, 1:42:19 AM",Kudos,Activity,17619874241
"Mar 6, 2026, 1:42:33 AM",Kudos,Activity,17619452426
"Mar 6, 2026, 2:48:22 AM",Kudos,Activity,17620121606
"Mar 6, 2026, 2:48:25 AM",Kudos,Activity,17619194283
"Mar 6, 2026, 2:48:26 AM",Kudos,Activity,17619122224
"Mar 6, 2026, 11:43:46 AM",Kudos,Activity,17623200416
"Mar 6, 2026, 11:43:56 AM",Kudos,Activity,17619802555
"Mar 6, 2026, 11:44:09 AM",Kudos,Activity,17620416246
"Mar 6, 2026, 2:07:27 PM",Kudos,Activity,17624550128
"Mar 6, 2026, 2:07:30 PM",Kudos,Activity,17623773843
"Mar 6, 2026, 2:08:10 PM",Kudos,Activity,17624128289
"Mar 6, 2026, 2:08:44 PM",Kudos,Activity,17623633400
"Mar 6, 2026, 2:09:27 PM",Kudos,Activity,17624197498
"Mar 6, 2026, 2:09:28 PM",Kudos,Activity,17624610983
"Mar 6, 2026, 2:09:34 PM",Kudos,Activity,17624776485
"Mar 6, 2026, 4:02:54 PM",Kudos,Activity,17625685395
"Mar 6, 2026, 4:03:01 PM",Kudos,Activity,17625611637
"Mar 6, 2026, 4:03:14 PM",Kudos,Activity,17624128204
"Mar 6, 2026, 4:03:18 PM",Kudos,Activity,17624927902
"Mar 6, 2026, 6:53:42 PM",Kudos,Activity,17627396262
"Mar 6, 2026, 6:54:48 PM",Kudos,Activity,17626957858
"Mar 6, 2026, 6:55:11 PM",Kudos,Activity,17627298928
"Mar 6, 2026, 6:55:39 PM",Kudos,Activity,17626663656
"Mar 6, 2026, 6:55:42 PM",Kudos,Activity,17626729650
"Mar 6, 2026, 7:13:48 PM",Kudos,Activity,17626830140
"Mar 6, 2026, 8:56:05 PM",Kudos,Activity,17627487190
"Mar 6, 2026, 11:20:27 PM",Kudos,Activity,17629458265
"Mar 6, 2026, 11:20:58 PM",Kudos,Activity,17629023067
"Mar 6, 2026, 11:21:07 PM",Kudos,Activity,17613932935
"Mar 7, 2026, 3:56:51 AM",Kudos,Activity,17629075205
"Mar 7, 2026, 3:56:54 AM",Kudos,Activity,17630631739
"Mar 7, 2026, 3:57:01 AM",Kudos,Activity,17630389667
"Mar 7, 2026, 3:57:04 AM",Kudos,Activity,17630291317
"Mar 7, 2026, 3:57:07 AM",Kudos,Activity,17629870145
"Mar 7, 2026, 3:57:09 AM",Kudos,Activity,17630040612
"Mar 7, 2026, 3:57:12 AM",Kudos,Activity,17629660862
"Mar 7, 2026, 1:02:28 PM",Kudos,Activity,17631246690
"Mar 7, 2026, 1:02:31 PM",Kudos,Activity,17634365988
"Mar 7, 2026, 1:02:39 PM",Kudos,Activity,17635131680
"Mar 7, 2026, 1:02:42 PM",Kudos,Activity,17626347651
"Mar 7, 2026, 1:02:45 PM",Kudos,Activity,17630346761
"Mar 7, 2026, 1:02:57 PM",Kudos,Activity,17601362670
"Mar 7, 2026, 5:18:55 PM",Kudos,Activity,17638044645
"Mar 7, 2026, 5:20:28 PM",Kudos,Activity,17637341894
"Mar 7, 2026, 5:20:32 PM",Kudos,Activity,17639009173
"Mar 7, 2026, 5:20:34 PM",Kudos,Activity,17639016324
"Mar 7, 2026, 5:20:43 PM",Kudos,Activity,17639013017
"Mar 7, 2026, 5:21:29 PM",Kudos,Activity,17638256046
"Mar 7, 2026, 5:21:35 PM",Kudos,Activity,17638466474
"Mar 7, 2026, 5:21:54 PM",Kudos,Activity,17636705693
"Mar 7, 2026, 5:22:17 PM",Kudos,Activity,17637495850
"Mar 7, 2026, 5:22:37 PM",Kudos,Activity,17636744541
"Mar 7, 2026, 5:22:42 PM",Kudos,Activity,17638617259
"Mar 7, 2026, 5:22:43 PM",Kudos,Activity,17638287344
"Mar 7, 2026, 5:22:48 PM",Kudos,Activity,17638383951
"Mar 7, 2026, 5:22:52 PM",Kudos,Activity,17637524878
"Mar 7, 2026, 5:23:09 PM",Kudos,Activity,17638705288
"Mar 7, 2026, 5:31:23 PM",Kudos,Activity,17638872320
"Mar 7, 2026, 5:31:27 PM",Kudos,Activity,17638872330
"Mar 7, 2026, 5:31:30 PM",Kudos,Activity,17639078042
"Mar 7, 2026, 5:32:53 PM",Kudos,Activity,17639050743
"Mar 7, 2026, 5:32:58 PM",Kudos,Activity,17639077678
"Mar 7, 2026, 8:59:18 PM",Kudos,Activity,17640194490
"Mar 7, 2026, 8:59:43 PM",Kudos,Activity,17639269114
"Mar 7, 2026, 10:34:56 PM",Kudos,Activity,17641007173
"Mar 8, 2026, 1:32:54 AM",Kudos,Activity,17641836271
"Mar 8, 2026, 2:12:44 AM",Kudos,Activity,17639232298
"Mar 8, 2026, 2:12:59 AM",Kudos,Activity,17639662698
"Mar 8, 2026, 2:13:14 AM",Kudos,Activity,17641853235
"Mar 8, 2026, 2:13:16 AM",Kudos,Activity,17641667979
"Mar 8, 2026, 2:13:22 AM",Kudos,Activity,17640102703
"Mar 8, 2026, 2:13:42 AM",Kudos,Activity,17639343955
"Mar 8, 2026, 2:33:39 AM",Kudos,Activity,17640367083
"Mar 8, 2026, 2:34:01 AM",Kudos,Activity,17639503011
"Mar 8, 2026, 2:34:19 AM",Kudos,Activity,17642074531
"Mar 8, 2026, 2:34:23 AM",Kudos,Activity,17639077741
"Mar 8, 2026, 4:03:56 AM",Kudos,Activity,17639868514
"Mar 8, 2026, 12:26:14 PM",Kudos,Activity,17647010000
"Mar 8, 2026, 12:26:27 PM",Kudos,Activity,17647054239
"Mar 8, 2026, 12:26:32 PM",Kudos,Activity,17647032963
"Mar 8, 2026, 12:26:41 PM",Kudos,Activity,17641102291
"Mar 8, 2026, 2:21:13 PM",Kudos,Activity,17648217670
"Mar 8, 2026, 2:21:31 PM",Kudos,Activity,17649134962
"Mar 8, 2026, 2:21:36 PM",Kudos,Activity,17648353461
"Mar 8, 2026, 2:54:16 PM",Kudos,Activity,17649716808
"Mar 8, 2026, 2:54:21 PM",Kudos,Activity,17649700172
"Mar 8, 2026, 2:54:24 PM",Kudos,Activity,17649650285
"Mar 8, 2026, 4:33:27 PM",Kudos,Activity,17650008455
"Mar 8, 2026, 4:36:16 PM",Kudos,Activity,17650654921
"Mar 8, 2026, 4:37:04 PM",Kudos,Activity,17650063925
"Mar 8, 2026, 4:37:11 PM",Kudos,Activity,17650798405
"Mar 8, 2026, 4:53:36 PM",Kudos,Activity,17651229377
"Mar 8, 2026, 4:54:04 PM",Kudos,Activity,17650030621
"Mar 8, 2026, 6:42:23 PM",Kudos,Activity,17651930749
"Mar 8, 2026, 6:42:42 PM",Kudos,Activity,17652332580
"Mar 8, 2026, 6:42:55 PM",Kudos,Activity,17651984472
"Mar 8, 2026, 6:43:02 PM",Kudos,Activity,17652233244
"Mar 8, 2026, 6:43:12 PM",Kudos,Activity,17652046549
"Mar 8, 2026, 6:43:21 PM",Kudos,Activity,17651595110
"Mar 8, 2026, 6:43:29 PM",Kudos,Activity,17652359122
"Mar 8, 2026, 6:45:19 PM",Kudos,Activity,17652428966
"Mar 8, 2026, 6:45:23 PM",Kudos,Activity,17652235655
"Mar 8, 2026, 10:14:08 PM",Kudos,Activity,17653456954
"Mar 8, 2026, 10:23:49 PM",Kudos,Activity,17652878982
"Mar 8, 2026, 10:24:05 PM",Kudos,Activity,17654045629
"Mar 8, 2026, 10:24:10 PM",Kudos,Activity,17653390157
"Mar 8, 2026, 10:24:25 PM",Kudos,Activity,17654317880
"Mar 8, 2026, 10:24:27 PM",Kudos,Activity,17653577423
"Mar 8, 2026, 10:24:29 PM",Kudos,Activity,17650097519
"Mar 9, 2026, 12:13:45 PM",Kudos,Activity,17658114257
"Mar 9, 2026, 12:13:48 PM",Kudos,Activity,17658111682
"Mar 9, 2026, 12:17:04 PM",Kudos,Activity,17658294447
"Mar 9, 2026, 12:17:14 PM",Kudos,Activity,17655032722
"Mar 9, 2026, 12:17:20 PM",Kudos,Activity,17655454112
"Mar 9, 2026, 12:17:31 PM",Kudos,Activity,17655389165
"Mar 9, 2026, 12:18:25 PM",Kudos,Activity,17654719660
"Mar 9, 2026, 12:18:35 PM",Kudos,Activity,17654820267
"Mar 9, 2026, 12:50:51 PM",Kudos,Activity,17654270210
"Mar 9, 2026, 12:51:43 PM",Kudos,Activity,17653712409
"Mar 9, 2026, 12:52:09 PM",Kudos,Activity,17654053640
"Mar 9, 2026, 6:34:26 PM",Kudos,Activity,17662702145
"Mar 9, 2026, 6:34:33 PM",Kudos,Activity,17662470062
"Mar 9, 2026, 6:34:56 PM",Kudos,Activity,17662413062
"Mar 9, 2026, 6:34:59 PM",Kudos,Activity,17661036573
"Mar 9, 2026, 6:38:20 PM",Kudos,Activity,17660428096
"Mar 9, 2026, 6:38:21 PM",Kudos,Activity,17661938729
"Mar 10, 2026, 1:58:56 AM",Kudos,Activity,17665834496
"Mar 10, 2026, 1:58:57 AM",Kudos,Activity,17665713687
"Mar 10, 2026, 1:58:59 AM",Kudos,Activity,17665718773
"Mar 10, 2026, 2:00:39 AM",Kudos,Activity,17663969351
"Mar 10, 2026, 2:01:20 AM",Kudos,Activity,17664775446
"Mar 10, 2026, 2:01:22 AM",Kudos,Activity,17664998243
"Mar 10, 2026, 2:01:53 AM",Kudos,Activity,17664026270
"Mar 10, 2026, 2:01:59 AM",Kudos,Activity,17664183224
"Mar 10, 2026, 2:02:13 AM",Kudos,Activity,17666601291
"Mar 10, 2026, 2:02:20 AM",Kudos,Activity,17663517724
"Mar 10, 2026, 2:05:14 AM",Kudos,Activity,17667357696
"Mar 10, 2026, 2:05:19 AM",Kudos,Activity,17665592412
"Mar 10, 2026, 2:05:26 AM",Kudos,Activity,17667280439
"Mar 10, 2026, 2:05:59 AM",Kudos,Activity,17663874070
"Mar 10, 2026, 2:06:19 AM",Kudos,Activity,17667264470
"Mar 10, 2026, 2:06:26 AM",Kudos,Activity,17665267692
"Mar 10, 2026, 2:06:28 AM",Kudos,Activity,17665366814
"Mar 10, 2026, 2:06:30 AM",Kudos,Activity,17666440094
"Mar 10, 2026, 2:06:32 AM",Kudos,Activity,17664579444
"Mar 10, 2026, 2:06:47 AM",Kudos,Activity,17664564842
"Mar 10, 2026, 2:07:12 AM",Kudos,Activity,17665484711
"Mar 10, 2026, 2:07:32 AM",Kudos,Activity,17665461900
"Mar 10, 2026, 2:07:38 AM",Kudos,Activity,17666492140
"Mar 10, 2026, 12:25:48 PM",Kudos,Activity,17669708709
"Mar 10, 2026, 12:27:04 PM",Kudos,Activity,17671397841
"Mar 10, 2026, 12:27:06 PM",Kudos,Activity,17670058637
"Mar 10, 2026, 12:27:20 PM",Kudos,Activity,17670598632
"Mar 10, 2026, 12:27:56 PM",Kudos,Activity,17667821325
"Mar 10, 2026, 12:28:45 PM",Kudos,Activity,17671237379
"Mar 10, 2026, 12:29:04 PM",Kudos,Activity,17670686678
"Mar 10, 2026, 12:29:10 PM",Kudos,Activity,17670468175
"Mar 10, 2026, 12:47:15 PM",Kudos,Activity,17671145322
"Mar 10, 2026, 12:47:23 PM",Kudos,Activity,17671720426
"Mar 10, 2026, 12:47:31 PM",Kudos,Activity,17671705838
"Mar 10, 2026, 1:27:01 PM",Kudos,Activity,17672224957
"Mar 10, 2026, 6:18:57 PM",Kudos,Activity,17674949801
"Mar 10, 2026, 6:19:46 PM",Kudos,Activity,17674611079
"Mar 10, 2026, 6:21:20 PM",Kudos,Activity,17674918789
"Mar 10, 2026, 6:24:55 PM",Kudos,Activity,17673365108
"Mar 10, 2026, 6:24:58 PM",Kudos,Activity,17675243639
"Mar 10, 2026, 6:25:16 PM",Kudos,Activity,17672326872
"Mar 10, 2026, 6:25:47 PM",Kudos,Activity,17672441047
"Mar 10, 2026, 6:26:28 PM",Kudos,Activity,17670731327
"Mar 10, 2026, 6:26:30 PM",Kudos,Activity,17672726893
"Mar 10, 2026, 6:28:24 PM",Kudos,Activity,17673694977
"Mar 10, 2026, 6:28:30 PM",Kudos,Activity,17670337870
"Mar 10, 2026, 6:28:38 PM",Kudos,Activity,17674311702
"Mar 10, 2026, 6:28:54 PM",Kudos,Activity,17675146968
"Mar 10, 2026, 6:28:59 PM",Kudos,Activity,17670974767
"Mar 10, 2026, 9:54:13 PM",Kudos,Activity,17678154374
"Mar 10, 2026, 10:14:03 PM",Kudos,Activity,17678400110
"Mar 10, 2026, 10:14:06 PM",Kudos,Activity,17677728089
"Mar 10, 2026, 10:28:36 PM",Kudos,Activity,17678508097
"Mar 10, 2026, 10:28:47 PM",Kudos,Activity,17678514429
"Mar 10, 2026, 10:28:49 PM",Kudos,Activity,17678514389
"Mar 10, 2026, 10:29:18 PM",Kudos,Activity,17678438100
"Mar 11, 2026, 12:19:53 AM",Kudos,Activity,17678739381
"Mar 11, 2026, 12:20:03 AM",Kudos,Activity,17678522221
"Mar 11, 2026, 12:20:10 AM",Kudos,Activity,17679044446
"Mar 11, 2026, 12:20:14 AM",Kudos,Activity,17679625330
"Mar 11, 2026, 12:20:17 AM",Kudos,Activity,17678890386
"Mar 11, 2026, 12:20:23 AM",Kudos,Activity,17679232122
"Mar 11, 2026, 12:20:29 AM",Kudos,Activity,17678938348
"Mar 11, 2026, 12:20:31 AM",Kudos,Activity,17679146973
"Mar 11, 2026, 12:20:33 AM",Kudos,Activity,17679016415
"Mar 11, 2026, 12:57:04 AM",Kudos,Activity,17679443987
"Mar 11, 2026, 12:57:47 AM",Kudos,Activity,17679441986
"Mar 11, 2026, 12:57:53 AM",Kudos,Activity,17673801460
"Mar 11, 2026, 1:29:45 AM",Kudos,Activity,17679833215
"Mar 11, 2026, 1:30:05 AM",Kudos,Activity,17679051316
"Mar 11, 2026, 1:30:42 AM",Kudos,Activity,17679315407
"Mar 11, 2026, 2:21:02 AM",Kudos,Activity,17679668193
"Mar 11, 2026, 2:21:14 AM",Kudos,Activity,17680290369
"Mar 11, 2026, 1:10:53 PM",Kudos,Activity,17684318119
"Mar 11, 2026, 1:11:32 PM",Kudos,Activity,17683536337
"Mar 11, 2026, 1:11:43 PM",Kudos,Activity,17683914654
"Mar 11, 2026, 1:11:57 PM",Kudos,Activity,17684371997
"Mar 11, 2026, 1:12:01 PM",Kudos,Activity,17683885977
"Mar 11, 2026, 1:12:07 PM",Kudos,Activity,17684368647
"Mar 11, 2026, 2:42:11 PM",Kudos,Activity,17684898754
"Mar 11, 2026, 2:42:16 PM",Kudos,Activity,17684087161
"Mar 11, 2026, 2:44:04 PM",Kudos,Activity,17683191814
"Mar 11, 2026, 2:44:06 PM",Kudos,Activity,17685006727
"Mar 11, 2026, 2:44:16 PM",Kudos,Activity,17685299154
"Mar 11, 2026, 5:59:30 PM",Kudos,Activity,17687031830
"Mar 11, 2026, 5:59:38 PM",Kudos,Activity,17686187566
"Mar 11, 2026, 5:59:40 PM",Kudos,Activity,17687330352
"Mar 11, 2026, 6:00:32 PM",Kudos,Activity,17686619453
"Mar 11, 2026, 6:00:38 PM",Kudos,Activity,17686460130
"Mar 11, 2026, 6:00:44 PM",Kudos,Activity,17686715575
"Mar 11, 2026, 6:01:08 PM",Kudos,Activity,17686988491
"Mar 11, 2026, 6:01:12 PM",Kudos,Activity,17687032608
"Mar 11, 2026, 6:01:16 PM",Kudos,Activity,17686391430
"Mar 11, 2026, 7:53:48 PM",Kudos,Activity,17689293086
"Mar 11, 2026, 9:54:20 PM",Kudos,Activity,17689511790
"Mar 11, 2026, 9:54:39 PM",Kudos,Activity,17689644840
"Mar 12, 2026, 10:41:38 AM",Kudos,Activity,17692290085
"Mar 12, 2026, 10:42:02 AM",Kudos,Activity,17692026548
"Mar 12, 2026, 10:42:07 AM",Kudos,Activity,17690586764
"Mar 12, 2026, 10:42:31 AM",Kudos,Activity,17691870120
"Mar 12, 2026, 10:42:42 AM",Kudos,Activity,17691383908
"Mar 12, 2026, 10:42:52 AM",Kudos,Activity,17691800017
"Mar 12, 2026, 10:43:16 AM",Kudos,Activity,17691094929
"Mar 12, 2026, 10:43:23 AM",Kudos,Activity,17691096833
"Mar 12, 2026, 10:44:36 AM",Kudos,Activity,17691589666
"Mar 12, 2026, 10:44:41 AM",Kudos,Activity,17692250493
"Mar 12, 2026, 10:44:55 AM",Kudos,Activity,17692061361
"Mar 12, 2026, 10:44:56 AM",Kudos,Activity,17692629387
"Mar 12, 2026, 10:45:01 AM",Kudos,Activity,17691886803
"Mar 12, 2026, 10:45:09 AM",Kudos,Activity,17690987552
"Mar 12, 2026, 12:46:39 PM",Kudos,Activity,17695690979
"Mar 12, 2026, 12:47:16 PM",Kudos,Activity,17695469505
"Mar 12, 2026, 12:47:21 PM",Kudos,Activity,17696287712
"Mar 12, 2026, 12:47:48 PM",Kudos,Activity,17696067977
"Mar 12, 2026, 12:47:49 PM",Kudos,Activity,17695892697
"Mar 12, 2026, 12:47:52 PM",Kudos,Activity,17690798477
"Mar 12, 2026, 12:48:14 PM",Kudos,Activity,17691940266
"Mar 12, 2026, 12:48:16 PM",Kudos,Activity,17691154185
"Mar 12, 2026, 12:48:42 PM",Kudos,Activity,17691568682
"Mar 12, 2026, 12:48:49 PM",Kudos,Activity,17690839315
"Mar 12, 2026, 12:48:54 PM",Kudos,Activity,17691166998
"Mar 12, 2026, 12:49:39 PM",Kudos,Post,44027440
"Mar 12, 2026, 4:07:57 PM",Kudos,Activity,17696418218
"Mar 12, 2026, 4:08:29 PM",Kudos,Activity,17697044959
"Mar 12, 2026, 4:08:31 PM",Kudos,Activity,17697825867
"Mar 12, 2026, 4:08:35 PM",Kudos,Activity,17696938649
"Mar 12, 2026, 4:08:37 PM",Kudos,Activity,17696561103
"Mar 12, 2026, 4:08:42 PM",Kudos,Activity,17692981650
"Mar 12, 2026, 5:16:21 PM",Kudos,Activity,17698767512
"Mar 12, 2026, 5:16:30 PM",Kudos,Activity,17698483307
"Mar 12, 2026, 5:16:53 PM",Kudos,Activity,17698791322
"Mar 12, 2026, 5:21:56 PM",Kudos,Activity,17699058044
"Mar 12, 2026, 5:56:55 PM",Kudos,Activity,17699331206
"Mar 12, 2026, 5:57:00 PM",Kudos,Activity,17699078611
"Mar 12, 2026, 5:57:10 PM",Kudos,Activity,17699373087
"Mar 12, 2026, 6:38:47 PM",Kudos,Activity,17699905537
"Mar 12, 2026, 8:37:05 PM",Kudos,Activity,17701010698
"Mar 12, 2026, 8:37:34 PM",Kudos,Activity,17700332260
"Mar 12, 2026, 10:43:49 PM",Kudos,Activity,17695139520
"Mar 12, 2026, 10:43:52 PM",Kudos,Activity,17701939886
"Mar 13, 2026, 1:57:29 AM",Kudos,Activity,17702649533
"Mar 13, 2026, 1:57:32 AM",Kudos,Activity,17702846396
"Mar 13, 2026, 1:57:33 AM",Kudos,Activity,17702892627
"Mar 13, 2026, 1:57:38 AM",Kudos,Activity,17703184091
"Mar 13, 2026, 1:57:41 AM",Kudos,Activity,17703115387
"Mar 13, 2026, 1:57:45 AM",Kudos,Activity,17703135674
"Mar 13, 2026, 1:58:01 AM",Kudos,Activity,17703077016
"Mar 13, 2026, 1:58:10 AM",Kudos,Activity,17702847925
"Mar 13, 2026, 1:58:18 AM",Kudos,Activity,17702952128
"Mar 13, 2026, 1:58:22 AM",Kudos,Activity,17702653430
"Mar 13, 2026, 1:58:23 AM",Kudos,Activity,17702889016
"Mar 13, 2026, 1:58:29 AM",Kudos,Activity,17702458445
"Mar 13, 2026, 2:10:36 AM",Kudos,Activity,17703765936
"Mar 13, 2026, 1:10:39 PM",Kudos,Activity,17707284344
"Mar 13, 2026, 1:10:51 PM",Kudos,Activity,17706566455
"Mar 13, 2026, 1:10:54 PM",Kudos,Activity,17706946726
"Mar 13, 2026, 1:11:03 PM",Kudos,Activity,17707160396
"Mar 13, 2026, 1:11:20 PM",Kudos,Activity,17707491691
"Mar 13, 2026, 1:11:24 PM",Kudos,Activity,17707530924
"Mar 13, 2026, 1:11:27 PM",Kudos,Activity,17707101564
"Mar 13, 2026, 1:14:35 PM",Kudos,Activity,17707159934
"Mar 13, 2026, 1:14:37 PM",Kudos,Activity,17707646519
"Mar 13, 2026, 1:14:38 PM",Kudos,Activity,17707716043
"Mar 13, 2026, 1:14:40 PM",Kudos,Activity,17707685158
"Mar 13, 2026, 1:14:44 PM",Kudos,Activity,17707056182
"Mar 13, 2026, 1:14:47 PM",Kudos,Activity,17707050605
"Mar 13, 2026, 1:14:49 PM",Kudos,Activity,17707729454
"Mar 13, 2026, 1:14:53 PM",Kudos,Activity,17707178520
"Mar 13, 2026, 1:15:04 PM",Kudos,Activity,17707311512
"Mar 13, 2026, 1:22:36 PM",Kudos,Activity,17707762239
"Mar 13, 2026, 2:10:26 PM",Kudos,Activity,17707982873
"Mar 13, 2026, 3:37:10 PM",Kudos,Activity,17708267934
"Mar 13, 2026, 3:37:12 PM",Kudos,Activity,17708835212
"Mar 13, 2026, 6:21:32 PM",Kudos,Activity,17709521639
"Mar 13, 2026, 6:22:23 PM",Kudos,Activity,17710045399
"Mar 13, 2026, 6:22:40 PM",Kudos,Activity,17709330545
"Mar 13, 2026, 7:07:19 PM",Kudos,Activity,17711055369
"Mar 13, 2026, 7:38:22 PM",Kudos,Activity,17711238629
"Mar 13, 2026, 7:53:02 PM",Kudos,Activity,17711525183
"Mar 14, 2026, 2:22:20 AM",Kudos,Activity,17713152626
"Mar 14, 2026, 2:22:24 AM",Kudos,Activity,17713165235
"Mar 14, 2026, 2:22:27 AM",Kudos,Activity,17711662062
"Mar 14, 2026, 12:59:41 PM",Kudos,Activity,17717053294
"Mar 14, 2026, 12:59:46 PM",Kudos,Activity,17713551200
"Mar 14, 2026, 4:56:44 PM",Kudos,Activity,17719746117
"Mar 14, 2026, 4:56:56 PM",Kudos,Activity,17721126334
"Mar 14, 2026, 4:57:22 PM",Kudos,Activity,17721442818
"Mar 14, 2026, 4:57:48 PM",Kudos,Activity,17720838774
"Mar 14, 2026, 4:58:01 PM",Kudos,Activity,17721476621
"Mar 14, 2026, 4:58:14 PM",Kudos,Activity,17720151568
"Mar 14, 2026, 4:58:44 PM",Kudos,Activity,17721487411
"Mar 14, 2026, 4:58:50 PM",Kudos,Activity,17720572847
"Mar 14, 2026, 4:58:58 PM",Kudos,Activity,17719329934
"Mar 14, 2026, 4:59:08 PM",Kudos,Activity,17719840165
"Mar 14, 2026, 4:59:10 PM",Kudos,Activity,17720438670
"Mar 14, 2026, 4:59:20 PM",Kudos,Activity,17720216547
"Mar 14, 2026, 4:59:22 PM",Kudos,Activity,17721443210
"Mar 14, 2026, 4:59:28 PM",Kudos,Activity,17720147179
"Mar 14, 2026, 5:48:19 PM",Kudos,Activity,17722082748
"Mar 14, 2026, 5:48:26 PM",Kudos,Activity,17722339010
"Mar 14, 2026, 5:48:27 PM",Kudos,Activity,17722495405
"Mar 14, 2026, 5:48:36 PM",Kudos,Activity,17721826044
"Mar 14, 2026, 5:48:41 PM",Kudos,Activity,17722434858
"Mar 14, 2026, 5:49:07 PM",Kudos,Activity,17720530849
"Mar 14, 2026, 5:49:41 PM",Kudos,Activity,17720421030
"Mar 14, 2026, 5:49:42 PM",Kudos,Activity,17721741641
"Mar 14, 2026, 7:17:06 PM",Kudos,Activity,17722947292
"Mar 14, 2026, 7:17:14 PM",Kudos,Activity,17723240754
"Mar 14, 2026, 7:17:18 PM",Kudos,Activity,17722709900
"Mar 14, 2026, 7:17:56 PM",Kudos,Activity,17722698352
"Mar 14, 2026, 7:17:59 PM",Kudos,Activity,17720435915
"Mar 14, 2026, 8:19:46 PM",Kudos,Activity,17723676561
"Mar 14, 2026, 11:51:00 PM",Kudos,Activity,17724375009
"Mar 14, 2026, 11:51:02 PM",Kudos,Activity,17724372841
"Mar 14, 2026, 11:51:04 PM",Kudos,Activity,17724715550
"Mar 14, 2026, 11:51:51 PM",Kudos,Activity,17724487560
"Mar 15, 2026, 3:34:38 AM",Kudos,Activity,17724132157
"Mar 15, 2026, 3:35:02 AM",Kudos,Activity,17725175879
"Mar 15, 2026, 3:35:08 AM",Kudos,Activity,17724418839
"Mar 15, 2026, 3:35:15 AM",Kudos,Activity,17725912067
"Mar 15, 2026, 3:35:18 AM",Kudos,Activity,17723869732
"Mar 15, 2026, 3:09:06 PM",Kudos,Activity,17732247851
"Mar 15, 2026, 3:09:19 PM",Kudos,Activity,17731839627
"Mar 15, 2026, 3:09:30 PM",Kudos,Activity,17731310302
"Mar 15, 2026, 3:09:43 PM",Kudos,Activity,17730721038
"Mar 15, 2026, 3:09:59 PM",Kudos,Activity,17732595601
"Mar 15, 2026, 3:10:02 PM",Kudos,Activity,17731929527
"Mar 15, 2026, 3:10:04 PM",Kudos,Activity,17729172289
"Mar 15, 2026, 3:10:20 PM",Kudos,Activity,17732596019
"Mar 15, 2026, 3:10:45 PM",Kudos,Activity,17732587417
"Mar 15, 2026, 3:10:52 PM",Kudos,Activity,17732278069
"Mar 15, 2026, 3:11:07 PM",Kudos,Activity,17724369162
"Mar 15, 2026, 5:35:57 PM",Kudos,Activity,17733718874
"Mar 15, 2026, 5:36:00 PM",Kudos,Activity,17733016609
"Mar 15, 2026, 5:36:15 PM",Kudos,Activity,17734611048
"Mar 15, 2026, 5:36:29 PM",Kudos,Activity,17733424822
"Mar 15, 2026, 5:36:45 PM",Kudos,Activity,17734336406
"Mar 15, 2026, 5:36:46 PM",Kudos,Activity,17733538216
"Mar 15, 2026, 5:36:48 PM",Kudos,Activity,17732980935
"Mar 15, 2026, 5:36:58 PM",Kudos,Activity,17734104014
"Mar 15, 2026, 5:37:07 PM",Kudos,Activity,17734262095
"Mar 15, 2026, 9:03:28 PM",Kudos,Activity,17736013651
"Mar 15, 2026, 9:03:35 PM",Kudos,Activity,17736028235
"Mar 15, 2026, 9:03:40 PM",Kudos,Activity,17736081127
"Mar 15, 2026, 9:03:51 PM",Kudos,Activity,17736042893
"Mar 15, 2026, 9:42:54 PM",Kudos,Activity,17736478200
"Mar 15, 2026, 9:42:58 PM",Kudos,Activity,17736744132
"Mar 16, 2026, 12:07:08 AM",Kudos,Activity,17737212642
"Mar 16, 2026, 12:07:16 AM",Kudos,Activity,17737457729
"Mar 16, 2026, 12:07:20 AM",Kudos,Activity,17737484819
"Mar 16, 2026, 12:07:24 AM",Kudos,Activity,17737467752
"Mar 16, 2026, 11:27:06 AM",Kudos,Activity,17739362203
"Mar 16, 2026, 11:27:12 AM",Kudos,Activity,17740532442
"Mar 16, 2026, 5:19:45 PM",Kudos,Activity,17743392912
"Mar 16, 2026, 5:19:47 PM",Kudos,Activity,17742211277
"Mar 16, 2026, 5:19:51 PM",Kudos,Activity,17741941729
"Mar 16, 2026, 5:19:55 PM",Kudos,Activity,17741431200
"Mar 16, 2026, 5:19:56 PM",Kudos,Activity,17742357158
"Mar 16, 2026, 5:19:58 PM",Kudos,Activity,17742508608
"Mar 16, 2026, 5:20:02 PM",Kudos,Activity,17741835277
"Mar 16, 2026, 5:20:06 PM",Kudos,Activity,17742369876
"Mar 16, 2026, 5:20:09 PM",Kudos,Activity,17741850871
"Mar 16, 2026, 5:20:12 PM",Kudos,Activity,17740879456
"Mar 16, 2026, 6:17:57 PM",Kudos,Activity,17744737729
"Mar 16, 2026, 9:22:49 PM",Kudos,Activity,17745909336
"Mar 16, 2026, 9:23:37 PM",Kudos,Activity,17745174305
"Mar 16, 2026, 9:23:47 PM",Kudos,Activity,17746825112
"Mar 16, 2026, 9:31:38 PM",Kudos,Activity,17747038805
"Mar 16, 2026, 9:31:40 PM",Kudos,Activity,17747073707
"Mar 16, 2026, 9:32:08 PM",Kudos,Activity,17731061695
"Mar 16, 2026, 10:42:25 PM",Kudos,Activity,17747322945
"Mar 16, 2026, 10:43:09 PM",Kudos,Activity,17747090970
"Mar 16, 2026, 10:43:15 PM",Kudos,Activity,17747343633
"Mar 16, 2026, 10:43:54 PM",Kudos,Activity,17720419025
"Mar 17, 2026, 12:35:35 AM",Kudos,Activity,17747054105
"Mar 17, 2026, 12:35:44 AM",Kudos,Activity,17747863081
"Mar 17, 2026, 12:35:47 AM",Kudos,Activity,17747730523
"Mar 17, 2026, 12:36:07 AM",Kudos,Activity,17748145380
"Mar 17, 2026, 12:36:11 AM",Kudos,Activity,17747888208
"Mar 17, 2026, 2:01:05 AM",Kudos,Activity,17749026697
"Mar 17, 2026, 2:01:10 AM",Kudos,Activity,17749014298
"Mar 17, 2026, 10:58:46 AM",Kudos,Activity,17751221539
"Mar 17, 2026, 10:59:22 AM",Kudos,Activity,17749318549
"Mar 17, 2026, 10:59:38 AM",Kudos,Activity,17749594955
"Mar 17, 2026, 12:25:59 PM",Kudos,Activity,17752597078
"Mar 17, 2026, 12:26:05 PM",Kudos,Activity,17753066549
"Mar 17, 2026, 12:26:27 PM",Kudos,Activity,17752804800
"Mar 17, 2026, 12:46:37 PM",Kudos,Activity,17753398340
"Mar 17, 2026, 12:46:39 PM",Kudos,Activity,17753523078
"Mar 17, 2026, 2:33:38 PM",Kudos,Activity,17753942537
"Mar 17, 2026, 2:33:40 PM",Kudos,Activity,17753690486
"Mar 17, 2026, 2:33:43 PM",Kudos,Activity,17753978565
"Mar 17, 2026, 2:33:47 PM",Kudos,Activity,17753710467
"Mar 17, 2026, 2:33:50 PM",Kudos,Activity,17753959124
"Mar 17, 2026, 2:33:56 PM",Kudos,Activity,17753743348
"Mar 17, 2026, 2:34:02 PM",Kudos,Activity,17754527615
"Mar 17, 2026, 2:34:10 PM",Kudos,Activity,17752312155
"Mar 17, 2026, 3:01:09 PM",Kudos,Activity,17754889765
"Mar 17, 2026, 4:44:46 PM",Kudos,Activity,17755086801
"Mar 17, 2026, 4:44:53 PM",Kudos,Activity,17753965931
"Mar 17, 2026, 5:59:40 PM",Kudos,Activity,17756151750
"Mar 18, 2026, 2:01:37 AM",Kudos,Activity,17760331915
"Mar 18, 2026, 2:01:45 AM",Kudos,Activity,17761096538
"Mar 18, 2026, 2:02:04 AM",Kudos,Activity,17760900259
"Mar 18, 2026, 2:02:15 AM",Kudos,Activity,17760394777
"Mar 18, 2026, 2:02:19 AM",Kudos,Activity,17761122315
"Mar 18, 2026, 2:02:33 AM",Kudos,Activity,17761059852
"Mar 18, 2026, 2:02:36 AM",Kudos,Activity,17761636274
"Mar 18, 2026, 2:02:49 AM",Kudos,Activity,17760457459
"Mar 18, 2026, 2:02:53 AM",Kudos,Activity,17759357274
"Mar 18, 2026, 2:03:02 AM",Kudos,Activity,17760875496
"Mar 18, 2026, 2:03:05 AM",Kudos,Activity,17757681550
"Mar 18, 2026, 2:03:11 AM",Kudos,Activity,17757767723
"Mar 18, 2026, 2:03:26 AM",Kudos,Activity,17760845885
"Mar 18, 2026, 2:03:31 AM",Kudos,Activity,17761382205
"Mar 18, 2026, 2:03:44 AM",Kudos,Activity,17760212075
"Mar 18, 2026, 2:03:50 AM",Kudos,Activity,17761705221
"Mar 18, 2026, 2:03:56 AM",Kudos,Activity,17760976061
"Mar 18, 2026, 2:04:01 AM",Kudos,Activity,17761075585
"Mar 18, 2026, 2:04:02 AM",Kudos,Activity,17761671355
"Mar 18, 2026, 2:04:07 AM",Kudos,Activity,17760035481
"Mar 18, 2026, 2:04:11 AM",Kudos,Activity,17761064054
"Mar 18, 2026, 2:04:33 AM",Kudos,Activity,17756242675
"Mar 18, 2026, 2:30:30 AM",Kudos,Activity,17761857016
"Mar 18, 2026, 2:30:34 AM",Kudos,Activity,17760525368
"Mar 18, 2026, 12:45:06 PM",Kudos,Activity,17764979996
"Mar 18, 2026, 12:45:38 PM",Kudos,Activity,17765930685
"Mar 18, 2026, 12:45:56 PM",Kudos,Activity,17764708651
"Mar 18, 2026, 12:45:58 PM",Kudos,Activity,17765595337
"Mar 18, 2026, 12:46:14 PM",Kudos,Activity,17758273255
"Mar 18, 2026, 12:47:19 PM",Kudos,Activity,17765413075
"Mar 18, 2026, 12:47:55 PM",Kudos,Activity,17757364687
"Mar 18, 2026, 1:24:46 PM",Kudos,Activity,17766497019
"Mar 18, 2026, 1:25:23 PM",Kudos,Activity,17766474125
"Mar 18, 2026, 1:26:03 PM",Kudos,Activity,17766502945
"Mar 18, 2026, 5:27:22 PM",Kudos,Activity,17766940728
"Mar 18, 2026, 5:27:27 PM",Kudos,Activity,17767246061
"Mar 18, 2026, 5:27:29 PM",Kudos,Activity,17767233362
"Mar 18, 2026, 5:27:38 PM",Kudos,Activity,17768586219
"Mar 18, 2026, 5:41:59 PM",Kudos,Activity,17767975516
"Mar 18, 2026, 5:42:15 PM",Kudos,Activity,17768593968
"Mar 18, 2026, 5:42:26 PM",Kudos,Activity,17767149780
"Mar 18, 2026, 5:43:24 PM",Kudos,Activity,17768691196
"Mar 18, 2026, 5:43:27 PM",Kudos,Activity,17768929583
"Mar 18, 2026, 6:40:57 PM",Kudos,Activity,17769451312
"Mar 18, 2026, 6:41:36 PM",Kudos,Activity,17765264914
"Mar 18, 2026, 8:56:43 PM",Kudos,Activity,17770973768
"Mar 18, 2026, 8:56:45 PM",Kudos,Activity,17770302003
"Mar 18, 2026, 8:57:02 PM",Kudos,Activity,17771393808
"Mar 18, 2026, 8:57:58 PM",Kudos,Activity,17771229168
"Mar 18, 2026, 9:12:25 PM",Kudos,Activity,17771960706
"Mar 18, 2026, 9:12:36 PM",Kudos,Activity,17768348273
"Mar 18, 2026, 10:38:42 PM",Kudos,Activity,17772700628
"Mar 18, 2026, 10:38:48 PM",Kudos,Activity,17772596992
"Mar 19, 2026, 2:06:06 AM",Kudos,Activity,17773210439
"Mar 19, 2026, 2:06:16 AM",Kudos,Activity,17773140593
"Mar 19, 2026, 2:06:28 AM",Kudos,Activity,17773915277
"Mar 19, 2026, 2:06:33 AM",Kudos,Activity,17772904209
"Mar 19, 2026, 2:06:42 AM",Kudos,Activity,17773915870
"Mar 19, 2026, 2:33:29 AM",Kudos,Activity,17772809722
"Mar 19, 2026, 10:45:24 AM",Kudos,Activity,17774605143
"Mar 19, 2026, 10:45:39 AM",Kudos,Activity,17775800914
"Mar 19, 2026, 10:46:08 AM",Kudos,Activity,17773083172
"Mar 19, 2026, 10:46:13 AM",Kudos,Activity,17773705751
"Mar 19, 2026, 10:46:26 AM",Kudos,Activity,17772969944
"Mar 19, 2026, 10:46:47 AM",Kudos,Activity,17773390963
"Mar 19, 2026, 12:31:03 PM",Kudos,Activity,17777747350
"Mar 19, 2026, 12:32:29 PM",Kudos,Activity,17777618930
"Mar 19, 2026, 12:32:38 PM",Kudos,Activity,17777877004
"Mar 19, 2026, 12:58:49 PM",Kudos,Activity,17778535329
"Mar 19, 2026, 2:16:52 PM",Kudos,Activity,17779075812
"Mar 19, 2026, 2:17:45 PM",Kudos,Activity,17778587988
"Mar 19, 2026, 2:17:51 PM",Kudos,Activity,17778861856
"Mar 19, 2026, 2:18:11 PM",Kudos,Activity,17779414473
"Mar 19, 2026, 2:18:21 PM",Kudos,Activity,17778653532
"Mar 19, 2026, 2:18:28 PM",Kudos,Activity,17778803586
"Mar 20, 2026, 12:16:53 AM",Kudos,Activity,17785492858
"Mar 20, 2026, 12:16:57 AM",Kudos,Activity,17785691684
"Mar 20, 2026, 12:17:07 AM",Kudos,Activity,17785511882
"Mar 20, 2026, 12:17:56 AM",Kudos,Activity,17785847406
"Mar 20, 2026, 12:18:00 AM",Kudos,Activity,17785712053
"Mar 20, 2026, 12:18:15 AM",Kudos,Activity,17785859666
"Mar 20, 2026, 12:18:21 AM",Kudos,Activity,17785798345
"Mar 20, 2026, 12:18:31 AM",Kudos,Activity,17782454486
"Mar 20, 2026, 12:18:45 AM",Kudos,Activity,17779973861
"Mar 20, 2026, 12:19:02 AM",Kudos,Activity,17780993927
"Mar 20, 2026, 12:37:36 AM",Kudos,Activity,17785922889
"Mar 20, 2026, 12:37:40 AM",Kudos,Activity,17783521538
"Mar 20, 2026, 12:37:48 AM",Kudos,Activity,17785132988
"Mar 20, 2026, 12:38:08 AM",Kudos,Activity,17782266122
"Mar 20, 2026, 12:38:10 AM",Kudos,Activity,17783243445
"Mar 20, 2026, 12:38:13 AM",Kudos,Activity,17780447632
"Mar 20, 2026, 12:38:14 AM",Kudos,Activity,17780406715
"Mar 20, 2026, 12:38:18 AM",Kudos,Activity,17785322311
"Mar 20, 2026, 12:38:20 AM",Kudos,Activity,17785316041
"Mar 20, 2026, 12:38:21 AM",Kudos,Activity,17779831928
"Mar 20, 2026, 12:38:25 AM",Kudos,Activity,17781875340
"Mar 20, 2026, 1:40:35 AM",Kudos,Activity,17785485796
"Mar 20, 2026, 1:41:04 AM",Kudos,Activity,17786171900
"Mar 20, 2026, 1:41:14 AM",Kudos,Activity,17786127676
"Mar 20, 2026, 1:41:22 AM",Kudos,Activity,17780757462
"Mar 20, 2026, 1:41:57 AM",Kudos,Activity,17771726009
"Mar 20, 2026, 2:00:23 AM",Kudos,Activity,17786390744
"Mar 20, 2026, 2:02:26 AM",Kudos,Activity,17786483929
"Mar 20, 2026, 10:35:26 AM",Kudos,Activity,17788579021
"Mar 20, 2026, 1:17:52 PM",Kudos,Activity,17789500527
"Mar 20, 2026, 1:18:10 PM",Kudos,Activity,17790284684
"Mar 20, 2026, 1:18:12 PM",Kudos,Activity,17790157754
"Mar 20, 2026, 1:18:14 PM",Kudos,Activity,17790073360
"Mar 20, 2026, 3:58:18 PM",Kudos,Activity,17790936765
"Mar 20, 2026, 3:58:58 PM",Kudos,Activity,17790457085
"Mar 20, 2026, 3:59:21 PM",Kudos,Activity,17791115591
"Mar 20, 2026, 3:59:29 PM",Kudos,Activity,17791382118
"Mar 20, 2026, 3:59:35 PM",Kudos,Activity,17792176819
"Mar 20, 2026, 3:59:41 PM",Kudos,Activity,17792481273
"Mar 20, 2026, 4:00:07 PM",Kudos,Activity,17792459945
"Mar 20, 2026, 4:00:30 PM",Kudos,Activity,17790911211
"Mar 20, 2026, 4:00:34 PM",Kudos,Activity,17790553006
"Mar 20, 2026, 4:00:43 PM",Kudos,Activity,17790526997
"Mar 20, 2026, 4:01:13 PM",Kudos,Activity,17790086861
"Mar 20, 2026, 4:01:27 PM",Kudos,Activity,17790284298
"Mar 20, 2026, 4:01:29 PM",Kudos,Activity,17790086993
"Mar 20, 2026, 5:44:47 PM",Kudos,Activity,17793276601
"Mar 20, 2026, 5:44:54 PM",Kudos,Activity,17792643521
"Mar 20, 2026, 5:44:58 PM",Kudos,Activity,17792566320
"Mar 20, 2026, 5:45:01 PM",Kudos,Activity,17792939481
"Mar 20, 2026, 5:45:14 PM",Kudos,Activity,17792785696
"Mar 20, 2026, 5:45:18 PM",Kudos,Activity,17793201766
"Mar 20, 2026, 5:45:35 PM",Kudos,Activity,17790965079
"Mar 20, 2026, 5:46:19 PM",Kudos,Activity,17790490311
"Mar 20, 2026, 9:22:26 PM",Kudos,Activity,17795304716
"Mar 20, 2026, 9:22:38 PM",Kudos,Activity,17795640697
"Mar 20, 2026, 9:22:53 PM",Kudos,Activity,17794591943
"Mar 20, 2026, 9:22:59 PM",Kudos,Activity,17795200860
"Mar 21, 2026, 12:14:50 AM",Kudos,Activity,17796290469
"Mar 21, 2026, 12:14:52 AM",Kudos,Activity,17796496977
"Mar 21, 2026, 12:15:25 AM",Kudos,Activity,17796987372
"Mar 21, 2026, 12:15:29 AM",Kudos,Activity,17796899978
"Mar 21, 2026, 12:15:56 AM",Kudos,Activity,17796617050
"Mar 21, 2026, 12:16:04 AM",Kudos,Activity,17796210520
"Mar 21, 2026, 12:16:07 AM",Kudos,Activity,17796916135
"Mar 21, 2026, 12:16:46 AM",Kudos,Activity,17796847188
"Mar 21, 2026, 12:16:55 AM",Kudos,Activity,17796874454
"Mar 21, 2026, 12:19:54 AM",Kudos,Activity,17795862279
"Mar 21, 2026, 12:19:58 AM",Kudos,Activity,17796629204
"Mar 21, 2026, 12:20:04 AM",Kudos,Activity,17796809975
"Mar 21, 2026, 12:20:05 AM",Kudos,Activity,17796917407
"Mar 21, 2026, 12:29:39 AM",Kudos,Activity,17797036763
"Mar 21, 2026, 10:30:07 AM",Kudos,Activity,17797305991
"Mar 21, 2026, 4:55:31 PM",Kudos,Activity,17805007598
"Mar 21, 2026, 5:02:23 PM",Kudos,Activity,17804640688
"Mar 21, 2026, 5:02:34 PM",Kudos,Activity,17804865943
"Mar 21, 2026, 5:02:41 PM",Kudos,Activity,17805494945
"Mar 21, 2026, 5:02:46 PM",Kudos,Activity,17804690388
"Mar 21, 2026, 5:02:49 PM",Kudos,Activity,17805354859
"Mar 21, 2026, 5:03:01 PM",Kudos,Activity,17805194636
"Mar 21, 2026, 5:03:23 PM",Kudos,Activity,17805108238
"Mar 21, 2026, 5:03:29 PM",Kudos,Activity,17804898045
"Mar 21, 2026, 5:03:32 PM",Kudos,Activity,17805241612
"Mar 22, 2026, 1:59:02 AM",Kudos,Activity,17807749668
"Mar 22, 2026, 1:59:04 AM",Kudos,Activity,17806152053
"Mar 22, 2026, 1:59:28 AM",Kudos,Activity,17809107302
"Mar 22, 2026, 1:59:31 AM",Kudos,Activity,17809643376
"Mar 22, 2026, 1:59:33 AM",Kudos,Activity,17809447292
"Mar 22, 2026, 1:59:40 AM",Kudos,Activity,17809420115
"Mar 22, 2026, 1:59:52 AM",Kudos,Activity,17807404155
"Mar 22, 2026, 2:00:05 AM",Kudos,Activity,17805890911
"Mar 22, 2026, 2:00:11 AM",Kudos,Activity,17807533049
"Mar 22, 2026, 2:00:26 AM",Kudos,Activity,17805934298
"Mar 22, 2026, 2:00:31 AM",Kudos,Activity,17805651973
"Mar 22, 2026, 2:00:33 AM",Kudos,Activity,17807945603
"Mar 22, 2026, 2:00:39 AM",Kudos,Activity,17806490561
"Mar 22, 2026, 2:00:46 AM",Kudos,Activity,17805864449
"Mar 22, 2026, 2:02:17 AM",Kudos,Activity,17808551723
"Mar 22, 2026, 2:02:18 AM",Kudos,Activity,17808487651
"Mar 22, 2026, 2:02:26 AM",Kudos,Activity,17806156909
"Mar 22, 2026, 2:02:38 AM",Kudos,Post,44268700
"Mar 22, 2026, 2:03:46 AM",Kudos,Activity,17806784403
"Mar 22, 2026, 11:56:05 AM",Kudos,Activity,17807812643
"Mar 22, 2026, 11:58:11 AM",Kudos,Activity,17814286586
"Mar 22, 2026, 11:58:15 AM",Kudos,Activity,17810846402
"Mar 22, 2026, 11:58:21 AM",Kudos,Activity,17809059223
"Mar 22, 2026, 11:58:26 AM",Kudos,Activity,17808389001
"Mar 22, 2026, 11:58:52 AM",Kudos,Activity,17804879098
"Mar 22, 2026, 11:59:20 AM",Kudos,Activity,17806129242
"Mar 22, 2026, 11:59:22 AM",Kudos,Activity,17806120484
"Mar 22, 2026, 12:00:30 PM",Kudos,Activity,17803037978
"Mar 22, 2026, 12:00:36 PM",Kudos,Activity,17806836149
"Mar 22, 2026, 12:00:42 PM",Kudos,Activity,17804239566
"Mar 22, 2026, 12:00:48 PM",Kudos,Activity,17806215525
"Mar 22, 2026, 12:00:55 PM",Kudos,Activity,17803291755
"Mar 22, 2026, 12:01:23 PM",Kudos,Activity,17805250943
"Mar 22, 2026, 12:01:31 PM",Kudos,Activity,17808827495
"Mar 22, 2026, 12:01:37 PM",Kudos,Activity,17803020113
"Mar 22, 2026, 1:46:13 PM",Kudos,Activity,17816149668
"Mar 22, 2026, 1:46:19 PM",Kudos,Activity,17801443324
"Mar 22, 2026, 1:46:25 PM",Kudos,Activity,17815060719
"Mar 22, 2026, 2:24:40 PM",Kudos,Activity,17816429784
"Mar 22, 2026, 2:24:42 PM",Kudos,Activity,17816440062
"Mar 22, 2026, 2:25:06 PM",Kudos,Activity,17804265601
"Mar 22, 2026, 2:27:23 PM",Kudos,Activity,17801562076
"Mar 22, 2026, 2:27:27 PM",Kudos,Activity,17804921899
"Mar 22, 2026, 3:51:46 PM",Kudos,Activity,17817812482
"Mar 22, 2026, 3:51:54 PM",Kudos,Activity,17817661189
"Mar 22, 2026, 3:51:56 PM",Kudos,Activity,17818186884
"Mar 22, 2026, 3:52:26 PM",Kudos,Activity,17817870500
"Mar 22, 2026, 3:52:33 PM",Kudos,Activity,17808415476
"Mar 22, 2026, 3:52:43 PM",Kudos,Activity,17805197717
"Mar 22, 2026, 3:52:50 PM",Kudos,Activity,17807586089
"Mar 22, 2026, 3:52:53 PM",Kudos,Activity,17802514265
"Mar 22, 2026, 9:14:43 PM",Kudos,Activity,17819925962
"Mar 22, 2026, 9:14:50 PM",Kudos,Activity,17818835720
"Mar 22, 2026, 10:53:18 PM",Kudos,Activity,17822042716
"Mar 22, 2026, 10:53:33 PM",Kudos,Activity,17818322505
"Mar 22, 2026, 10:54:31 PM",Kudos,Activity,17818852190
"Mar 22, 2026, 10:55:05 PM",Kudos,Activity,17820009445
"Mar 22, 2026, 10:55:19 PM",Kudos,Activity,17819887160
"Mar 22, 2026, 10:55:29 PM",Kudos,Activity,17820466163
"Mar 22, 2026, 10:55:41 PM",Kudos,Post,44301291
"Mar 22, 2026, 10:55:51 PM",Kudos,Activity,17819779681
"Mar 22, 2026, 11:15:07 PM",Kudos,Activity,17820373636
"Mar 22, 2026, 11:15:10 PM",Kudos,Activity,17821967690
"Mar 22, 2026, 11:15:36 PM",Kudos,Activity,17820002910
"Mar 22, 2026, 11:15:44 PM",Kudos,Activity,17820107613
"Mar 22, 2026, 11:16:43 PM",Kudos,Activity,17819338634
"Mar 22, 2026, 11:16:59 PM",Kudos,Activity,17822270762
"Mar 22, 2026, 11:17:02 PM",Kudos,Activity,17818733079
"Mar 22, 2026, 11:17:06 PM",Kudos,Activity,17818747836
"Mar 22, 2026, 11:17:26 PM",Kudos,Activity,17818741187
"Mar 22, 2026, 11:17:33 PM",Kudos,Activity,17821360449
"Mar 22, 2026, 11:17:34 PM",Kudos,Activity,17821352905
"Mar 23, 2026, 11:18:00 AM",Kudos,Activity,17826062352
"Mar 23, 2026, 11:18:37 AM",Kudos,Activity,17819597143
"Mar 23, 2026, 4:37:06 PM",Kudos,Activity,17829074376
"Mar 23, 2026, 4:37:31 PM",Kudos,Activity,17828998553
"Mar 23, 2026, 4:38:36 PM",Kudos,Activity,17827235982
"Mar 23, 2026, 4:38:39 PM",Kudos,Activity,17826603959
"Mar 23, 2026, 4:39:15 PM",Kudos,Activity,17825793471
"Mar 23, 2026, 7:54:37 PM",Kudos,Activity,17831446302
"Mar 23, 2026, 7:55:02 PM",Kudos,Activity,17829864502
"Mar 23, 2026, 7:55:05 PM",Kudos,Activity,17829834956
"Mar 23, 2026, 7:55:14 PM",Kudos,Activity,17829937160
"Mar 23, 2026, 7:55:22 PM",Kudos,Activity,17825300711
"Mar 23, 2026, 8:23:16 PM",Kudos,Activity,17832129261
"Mar 23, 2026, 8:23:21 PM",Kudos,Activity,17832304458
"Mar 23, 2026, 8:54:46 PM",Kudos,Activity,17832586633
"Mar 23, 2026, 10:00:04 PM",Kudos,Activity,17833056387
"Mar 23, 2026, 10:45:59 PM",Kudos,Activity,17833588326
"Mar 23, 2026, 10:46:10 PM",Kudos,Activity,17833561087
"Mar 23, 2026, 10:46:29 PM",Kudos,Activity,17833463449
"Mar 24, 2026, 1:10:59 AM",Kudos,Activity,17834042056
"Mar 24, 2026, 1:11:05 AM",Kudos,Activity,17834200565
"Mar 24, 2026, 1:11:11 AM",Kudos,Activity,17834502972
"Mar 24, 2026, 1:11:13 AM",Kudos,Activity,17834613994
"Mar 24, 2026, 1:11:14 AM",Kudos,Activity,17834681271
"Mar 24, 2026, 1:11:17 AM",Kudos,Activity,17833653529
"Mar 24, 2026, 1:24:45 AM",Kudos,Activity,17834019782
"Mar 24, 2026, 1:24:53 AM",Kudos,Activity,17834585387
"Mar 24, 2026, 10:48:18 AM",Kudos,Activity,17834067355
"Mar 24, 2026, 10:48:21 AM",Kudos,Activity,17834002957
"Mar 24, 2026, 10:49:19 AM",Kudos,Post,44327226
"Mar 24, 2026, 10:49:26 AM",Kudos,Activity,17834062203
"Mar 24, 2026, 10:49:39 AM",Kudos,Activity,17834365966
"Mar 24, 2026, 12:52:30 PM",Kudos,Activity,17838578570
"Mar 24, 2026, 12:52:52 PM",Kudos,Activity,17839684436
"Mar 24, 2026, 12:53:05 PM",Kudos,Activity,17839462511
"Mar 24, 2026, 12:54:17 PM",Kudos,Activity,17839518490
"Mar 24, 2026, 12:54:20 PM",Kudos,Activity,17837894944
"Mar 24, 2026, 12:54:26 PM",Kudos,Activity,17839611985
"Mar 24, 2026, 12:54:31 PM",Kudos,Activity,17839046465
"Mar 24, 2026, 2:07:24 PM",Kudos,Activity,17840200665
"Mar 24, 2026, 2:12:46 PM",Kudos,Activity,17840057471
"Mar 24, 2026, 2:12:48 PM",Kudos,Activity,17840556265
"Mar 24, 2026, 2:12:51 PM",Kudos,Activity,17839974630
"Mar 24, 2026, 2:13:29 PM",Kudos,Activity,17840212901
"Mar 24, 2026, 2:13:36 PM",Kudos,Activity,17834290506
"Mar 24, 2026, 4:30:48 PM",Kudos,Activity,17842015608
"Mar 24, 2026, 4:33:12 PM",Kudos,Activity,17842130591
"Mar 24, 2026, 4:33:28 PM",Kudos,Activity,17841360216
"Mar 24, 2026, 6:55:25 PM",Kudos,Activity,17842351634
"Mar 24, 2026, 6:55:57 PM",Kudos,Activity,17842787647
"Mar 24, 2026, 6:56:19 PM",Kudos,Activity,17842517300
"Mar 24, 2026, 8:11:38 PM",Kudos,Activity,17843933318
"Mar 24, 2026, 8:11:47 PM",Kudos,Activity,17842586772
"Mar 24, 2026, 8:11:53 PM",Kudos,Activity,17842527672
"Mar 24, 2026, 11:59:49 PM",Kudos,Activity,17847094000
"Mar 25, 2026, 1:10:40 AM",Kudos,Activity,17847683305
"Mar 25, 2026, 1:10:41 AM",Kudos,Activity,17847747675
"Mar 25, 2026, 1:11:00 AM",Kudos,Activity,17847013463
"Mar 25, 2026, 2:10:24 AM",Kudos,Activity,17847736873
"Mar 25, 2026, 2:11:47 AM",Kudos,Activity,17847570268
"Mar 25, 2026, 2:11:51 AM",Kudos,Activity,17847460517
"Mar 25, 2026, 2:12:29 AM",Kudos,Activity,17848156342
"Mar 25, 2026, 2:12:31 AM",Kudos,Activity,17847161296
"Mar 25, 2026, 2:12:36 AM",Kudos,Activity,17847309113
"Mar 25, 2026, 2:12:59 AM",Kudos,Activity,17846966964
"Mar 25, 2026, 2:13:13 AM",Kudos,Activity,17848169279
"Mar 25, 2026, 2:13:33 AM",Kudos,Activity,17846903325
"Mar 25, 2026, 2:13:42 AM",Kudos,Activity,17846848224
"Mar 25, 2026, 2:14:09 AM",Kudos,Activity,17847379165
"Mar 25, 2026, 2:14:12 AM",Kudos,Activity,17847563519
"Mar 25, 2026, 2:14:25 AM",Kudos,Activity,17847481903
"Mar 25, 2026, 2:56:41 AM",Kudos,Activity,17848501161
"Mar 25, 2026, 2:56:49 AM",Kudos,Activity,17846859987
"Mar 25, 2026, 12:30:23 PM",Kudos,Activity,17851709820
"Mar 25, 2026, 12:30:27 PM",Kudos,Activity,17852512695
"Mar 25, 2026, 12:30:37 PM",Kudos,Activity,17851886685
"Mar 25, 2026, 12:30:43 PM",Kudos,Activity,17851664786
"Mar 25, 2026, 12:30:58 PM",Kudos,Activity,17849290595
"Mar 25, 2026, 12:31:03 PM",Kudos,Activity,17851856387
"Mar 25, 2026, 12:31:18 PM",Kudos,Activity,17852113095
"Mar 25, 2026, 12:31:41 PM",Kudos,Activity,17850991166
"Mar 25, 2026, 12:31:49 PM",Kudos,Activity,17851769281
"Mar 25, 2026, 12:31:57 PM",Kudos,Activity,17852549787
"Mar 25, 2026, 12:32:00 PM",Kudos,Activity,17847453870
"Mar 25, 2026, 12:32:11 PM",Kudos,Activity,17839513238
"Mar 25, 2026, 12:42:13 PM",Kudos,Activity,17847642827
"Mar 25, 2026, 12:42:26 PM",Kudos,Activity,17842337967
"Mar 25, 2026, 12:53:45 PM",Kudos,Activity,17846985326
"Mar 25, 2026, 1:21:31 PM",Kudos,Activity,17853097663
"Mar 25, 2026, 1:21:35 PM",Kudos,Activity,17853224521
"Mar 25, 2026, 1:21:39 PM",Kudos,Activity,17842480306
"Mar 25, 2026, 3:53:25 PM",Kudos,Activity,17853452545
"Mar 25, 2026, 3:53:27 PM",Kudos,Activity,17854579027
"Mar 25, 2026, 3:53:41 PM",Kudos,Activity,17854240404
"Mar 25, 2026, 3:53:46 PM",Kudos,Activity,17853411633
"Mar 25, 2026, 6:37:48 PM",Kudos,Activity,17855983512
"Mar 25, 2026, 6:37:49 PM",Kudos,Activity,17856165845
"Mar 25, 2026, 6:38:00 PM",Kudos,Activity,17855833302
"Mar 25, 2026, 6:39:26 PM",Kudos,Activity,17856393978
"Mar 25, 2026, 9:22:38 PM",Kudos,Activity,17857402483
"Mar 25, 2026, 9:22:52 PM",Kudos,Activity,17856776223
"Mar 25, 2026, 9:23:01 PM",Kudos,Activity,17858047564
"Mar 25, 2026, 11:17:34 PM",Kudos,Activity,17858518019
"Mar 25, 2026, 11:17:40 PM",Kudos,Activity,17859060215
"Mar 25, 2026, 11:17:44 PM",Kudos,Activity,17858610149
"Mar 25, 2026, 11:17:46 PM",Kudos,Activity,17858927852
"Mar 25, 2026, 11:18:11 PM",Kudos,Activity,17858372542
"Mar 25, 2026, 11:18:16 PM",Kudos,Activity,17859382852
"Mar 25, 2026, 11:18:18 PM",Kudos,Activity,17859387802
"Mar 25, 2026, 11:18:24 PM",Kudos,Activity,17859431527
"Mar 26, 2026, 1:05:30 AM",Kudos,Activity,17859843379
"Mar 26, 2026, 1:05:40 AM",Kudos,Activity,17859552880
"Mar 26, 2026, 1:05:44 AM",Kudos,Activity,17859663258
"Mar 26, 2026, 1:35:06 AM",Kudos,Activity,17859757317
"Mar 26, 2026, 1:35:16 AM",Kudos,Activity,17859771508
"Mar 26, 2026, 1:36:06 AM",Kudos,Activity,17859798787
"Mar 26, 2026, 1:36:28 AM",Kudos,Activity,17859847182
"Mar 26, 2026, 1:36:47 AM",Kudos,Activity,17860209656
"Mar 26, 2026, 1:36:49 AM",Kudos,Activity,17860439842
"Mar 26, 2026, 1:37:00 AM",Kudos,Activity,17860418310
"Mar 26, 2026, 10:43:56 AM",Kudos,Activity,17862793360
"Mar 26, 2026, 10:44:00 AM",Kudos,Activity,17860928728
"Mar 26, 2026, 10:44:08 AM",Kudos,Activity,17851663316
"Mar 26, 2026, 10:44:31 AM",Kudos,Activity,17860218856
"Mar 26, 2026, 12:57:53 PM",Kudos,Activity,17864034058
"Mar 26, 2026, 12:58:22 PM",Kudos,Activity,17864394506
"Mar 26, 2026, 12:58:34 PM",Kudos,Activity,17864986677
"Mar 26, 2026, 12:58:44 PM",Kudos,Activity,17863723319
"Mar 26, 2026, 12:58:52 PM",Kudos,Activity,17864673871
"Mar 26, 2026, 12:59:18 PM",Kudos,Activity,17864377864
"Mar 26, 2026, 12:59:25 PM",Kudos,Activity,17864542087
"Mar 26, 2026, 3:00:47 PM",Kudos,Activity,17866160825
"Mar 26, 2026, 3:01:32 PM",Kudos,Activity,17865178983
"Mar 26, 2026, 5:10:32 PM",Kudos,Activity,17867301451
"Mar 26, 2026, 5:10:42 PM",Kudos,Activity,17866228200
"Mar 26, 2026, 5:11:04 PM",Kudos,Activity,17867182622
"Mar 26, 2026, 5:11:11 PM",Kudos,Activity,17867113573
"Mar 26, 2026, 5:12:26 PM",Kudos,Activity,17866226343
"Mar 26, 2026, 6:21:11 PM",Kudos,Activity,17868205472
"Mar 26, 2026, 6:21:34 PM",Kudos,Activity,17867800172
"Mar 26, 2026, 6:21:48 PM",Kudos,Activity,17867515865
"Mar 26, 2026, 6:21:55 PM",Kudos,Activity,17866826238
"Mar 26, 2026, 6:22:07 PM",Kudos,Activity,17866674570
"Mar 26, 2026, 6:23:57 PM",Kudos,Activity,17867781436
"Mar 26, 2026, 11:09:32 PM",Kudos,Activity,17869178047
"Mar 26, 2026, 11:09:37 PM",Kudos,Activity,17868557177
"Mar 27, 2026, 12:22:38 AM",Kudos,Activity,17871121988
"Mar 27, 2026, 12:22:43 AM",Kudos,Activity,17870791602
"Mar 27, 2026, 12:22:57 AM",Kudos,Activity,17870718369
"Mar 27, 2026, 12:23:00 AM",Kudos,Activity,17871579784
"Mar 27, 2026, 12:23:07 AM",Kudos,Activity,17871616766
"Mar 27, 2026, 12:23:13 AM",Kudos,Activity,17871611703
"Mar 27, 2026, 12:23:23 AM",Kudos,Activity,17871361451
"Mar 27, 2026, 12:23:53 AM",Kudos,Activity,17871611683
"Mar 27, 2026, 12:23:57 AM",Kudos,Activity,17871614811
"Mar 27, 2026, 12:23:58 AM",Kudos,Activity,17871763262
"Mar 27, 2026, 12:24:00 AM",Kudos,Activity,17870518782
"Mar 27, 2026, 12:24:09 AM",Kudos,Activity,17869487869
"Mar 27, 2026, 12:25:40 AM",Kudos,Activity,17870594522
"Mar 27, 2026, 2:46:52 AM",Kudos,Activity,17871657649
"Mar 27, 2026, 2:47:15 AM",Kudos,Activity,17872223683
"Mar 27, 2026, 2:47:34 AM",Kudos,Activity,17872408719
"Mar 27, 2026, 2:47:48 AM",Kudos,Activity,17872318056
"Mar 27, 2026, 2:47:50 AM",Kudos,Activity,17872126893
"Mar 27, 2026, 2:47:54 AM",Kudos,Activity,17872035737
"Mar 27, 2026, 2:48:25 AM",Kudos,Activity,17872472361
"Mar 27, 2026, 2:48:33 AM",Kudos,Activity,17872667184
"Mar 27, 2026, 2:48:43 AM",Kudos,Activity,17872348212
"Mar 27, 2026, 2:48:47 AM",Kudos,Activity,17871870197
"Mar 27, 2026, 2:48:49 AM",Kudos,Activity,17871866725
"Mar 27, 2026, 2:49:29 AM",Kudos,Activity,17871886016
"Mar 27, 2026, 10:39:05 AM",Kudos,Activity,17874933057
"Mar 27, 2026, 2:39:31 PM",Kudos,Activity,17876420207
"Mar 27, 2026, 2:39:58 PM",Kudos,Activity,17875926618
"Mar 27, 2026, 2:40:08 PM",Kudos,Activity,17875375841
"Mar 27, 2026, 2:40:16 PM",Kudos,Activity,17877126582
"Mar 27, 2026, 2:40:28 PM",Kudos,Activity,17876366528
"Mar 27, 2026, 2:40:30 PM",Kudos,Activity,17875900286
"Mar 27, 2026, 2:40:32 PM",Kudos,Activity,17875909717
"Mar 27, 2026, 2:40:35 PM",Kudos,Activity,17876544164
"Mar 27, 2026, 2:40:38 PM",Kudos,Activity,17876371118
"Mar 27, 2026, 2:42:50 PM",Kudos,Activity,17875285839
"Mar 27, 2026, 2:43:04 PM",Kudos,Activity,17876199421
"Mar 27, 2026, 2:43:21 PM",Kudos,Activity,17876699253
"Mar 27, 2026, 2:43:33 PM",Kudos,Activity,17875188495
"Mar 27, 2026, 3:43:41 PM",Kudos,Activity,17875925015
"Mar 27, 2026, 3:43:59 PM",Kudos,Activity,17876383254
"Mar 27, 2026, 3:44:27 PM",Kudos,Activity,17877621032
"Mar 27, 2026, 3:44:33 PM",Kudos,Activity,17876183260
"Mar 27, 2026, 5:11:43 PM",Kudos,Activity,17878585242
"Mar 27, 2026, 5:11:45 PM",Kudos,Activity,17878070652
"Mar 27, 2026, 5:12:08 PM",Kudos,Activity,17878063993
"Mar 27, 2026, 6:22:13 PM",Kudos,Activity,17879228977
"Mar 27, 2026, 6:22:35 PM",Kudos,Activity,17879245927
"Mar 27, 2026, 6:23:35 PM",Kudos,Activity,17879628900
"Mar 27, 2026, 6:23:43 PM",Kudos,Activity,17879228792
"Mar 27, 2026, 11:19:32 PM",Kudos,Activity,17879979467
"Mar 27, 2026, 11:19:40 PM",Kudos,Activity,17881284588
"Mar 27, 2026, 11:19:46 PM",Kudos,Activity,17881841381
"Mar 27, 2026, 11:20:27 PM",Kudos,Activity,17880775446
"Mar 27, 2026, 11:20:37 PM",Kudos,Activity,17880843188
"Mar 27, 2026, 11:20:42 PM",Kudos,Activity,17880855388
"Mar 27, 2026, 11:20:57 PM",Kudos,Activity,17880857973
"Mar 27, 2026, 11:21:04 PM",Kudos,Activity,17881781185
"Mar 28, 2026, 12:04:31 PM",Kudos,Activity,17886280368
"Mar 28, 2026, 12:04:40 PM",Kudos,Activity,17883534603
"Mar 28, 2026, 12:04:50 PM",Kudos,Activity,17885395674
"Mar 28, 2026, 12:04:58 PM",Kudos,Activity,17881818197
"Mar 28, 2026, 12:05:10 PM",Kudos,Activity,17882064791
"Mar 28, 2026, 12:49:55 PM",Kudos,Activity,17887705910
"Mar 28, 2026, 12:50:00 PM",Kudos,Activity,17887874467
"Mar 28, 2026, 12:50:04 PM",Kudos,Activity,17887638836
"Mar 28, 2026, 12:50:22 PM",Kudos,Activity,17883569894
"Mar 28, 2026, 3:52:30 PM",Kudos,Activity,17888414570
"Mar 28, 2026, 3:52:49 PM",Kudos,Activity,17889771444
"Mar 28, 2026, 3:52:52 PM",Kudos,Activity,17889649859
"Mar 28, 2026, 3:52:54 PM",Kudos,Activity,17889650996
"Mar 28, 2026, 3:52:55 PM",Kudos,Activity,17889621459
"Mar 28, 2026, 3:53:06 PM",Kudos,Activity,17890268333
"Mar 28, 2026, 3:53:19 PM",Kudos,Activity,17889686907
"Mar 28, 2026, 3:53:25 PM",Kudos,Activity,17888896197
"Mar 28, 2026, 3:53:41 PM",Kudos,Activity,17888683439
"Mar 28, 2026, 3:53:46 PM",Kudos,Activity,17889748621
"Mar 28, 2026, 3:53:48 PM",Kudos,Activity,17889165949
"Mar 28, 2026, 3:53:50 PM",Kudos,Activity,17889175878
"Mar 28, 2026, 3:53:52 PM",Kudos,Activity,17889748613
"Mar 28, 2026, 3:53:55 PM",Kudos,Activity,17888700450
"Mar 28, 2026, 3:54:02 PM",Kudos,Activity,17890305066
"Mar 28, 2026, 3:54:04 PM",Kudos,Activity,17889153034
"Mar 28, 2026, 3:54:08 PM",Kudos,Activity,17889499586
"Mar 28, 2026, 5:46:37 PM",Kudos,Activity,17889800976
"Mar 28, 2026, 5:47:38 PM",Kudos,Activity,17891132119
"Mar 28, 2026, 5:48:25 PM",Kudos,Activity,17891422595
"Mar 28, 2026, 5:48:54 PM",Kudos,Activity,17890510533
"Mar 28, 2026, 5:49:06 PM",Kudos,Activity,17890392821
"Mar 28, 2026, 5:49:39 PM",Kudos,Activity,17891433241
"Mar 28, 2026, 5:49:46 PM",Kudos,Activity,17891186306
"Mar 28, 2026, 5:50:21 PM",Kudos,Activity,17890685659
"Mar 28, 2026, 5:50:46 PM",Kudos,Activity,17890942965
"Mar 28, 2026, 5:51:01 PM",Kudos,Activity,17891357392
"Mar 28, 2026, 5:51:16 PM",Kudos,Activity,17891629446
"Mar 28, 2026, 5:51:22 PM",Kudos,Activity,17891007523
"Mar 28, 2026, 5:51:37 PM",Kudos,Activity,17891290281
"Mar 29, 2026, 12:09:20 AM",Kudos,Activity,17894412830
"Mar 29, 2026, 12:09:21 AM",Kudos,Activity,17894416999
"Mar 29, 2026, 12:09:39 AM",Kudos,Activity,17892108190
"Mar 29, 2026, 12:10:03 AM",Kudos,Activity,17894251878
"Mar 29, 2026, 12:10:20 AM",Kudos,Activity,17892140950
"Mar 29, 2026, 12:11:45 AM",Kudos,Activity,17892696050
"Mar 29, 2026, 12:11:54 AM",Kudos,Activity,17892461634
"Mar 29, 2026, 12:13:35 AM",Kudos,Activity,17894274390
"Mar 29, 2026, 12:13:42 AM",Kudos,Activity,17889313624
"Mar 29, 2026, 2:45:31 AM",Kudos,Activity,17892299912
"Mar 29, 2026, 2:45:44 AM",Kudos,Activity,17882800617
"Mar 29, 2026, 2:45:52 AM",Kudos,Activity,17891383574
"Mar 29, 2026, 12:26:18 PM",Kudos,Activity,17899117384
"Mar 29, 2026, 12:26:45 PM",Kudos,Activity,17896219427
"Mar 29, 2026, 12:27:04 PM",Kudos,Activity,17890814806
"Mar 30, 2026, 12:59:24 AM",Kudos,Activity,17904949045
"Mar 30, 2026, 1:00:07 AM",Kudos,Activity,17904845310
"Mar 30, 2026, 1:00:12 AM",Kudos,Activity,17903760650
"Mar 30, 2026, 1:00:25 AM",Kudos,Activity,17906968071
"Mar 30, 2026, 1:00:31 AM",Kudos,Activity,17902910495
"Mar 30, 2026, 1:00:42 AM",Kudos,Activity,17903068426
"Mar 30, 2026, 1:01:25 AM",Kudos,Activity,17904960288
"Mar 30, 2026, 1:01:29 AM",Kudos,Activity,17904275239
"Mar 30, 2026, 1:01:34 AM",Kudos,Activity,17906539518
"Mar 30, 2026, 1:01:42 AM",Kudos,Activity,17902955293
"Mar 30, 2026, 1:01:46 AM",Kudos,Activity,17904406829
"Mar 30, 2026, 1:01:53 AM",Kudos,Activity,17906221717
"Mar 30, 2026, 1:03:34 AM",Kudos,Activity,17906571491
"Mar 30, 2026, 2:17:35 AM",Kudos,Activity,17904017900
"Mar 30, 2026, 2:17:40 AM",Kudos,Activity,17901461954
"Mar 30, 2026, 2:18:01 AM",Kudos,Activity,17904337364
"Mar 30, 2026, 2:18:08 AM",Kudos,Activity,17903720612
"Mar 30, 2026, 2:18:36 AM",Kudos,Activity,17900977508
"Mar 30, 2026, 2:18:59 AM",Kudos,Activity,17906281187
"Mar 30, 2026, 2:19:21 AM",Kudos,Activity,17902074325
"Mar 30, 2026, 2:20:07 AM",Kudos,Activity,17904782518
"Mar 30, 2026, 2:20:11 AM",Kudos,Activity,17905971912
"Mar 30, 2026, 2:20:21 AM",Kudos,Activity,17903974745
"Mar 30, 2026, 2:20:25 AM",Kudos,Activity,17904045790
"Mar 30, 2026, 2:20:31 AM",Kudos,Activity,17906797022
"Mar 30, 2026, 9:59:20 PM",Kudos,Activity,17917240785
"Mar 30, 2026, 9:59:52 PM",Kudos,Activity,17912007918
"Mar 30, 2026, 10:00:00 PM",Kudos,Activity,17912632587
"Mar 30, 2026, 10:00:02 PM",Kudos,Activity,17910648521
"Mar 30, 2026, 10:00:06 PM",Kudos,Activity,17911990629
"Mar 30, 2026, 10:00:10 PM",Kudos,Activity,17911896485
"Mar 30, 2026, 10:00:36 PM",Kudos,Activity,17914436437
"Mar 30, 2026, 10:02:14 PM",Kudos,Activity,17911952888
"Mar 30, 2026, 10:02:32 PM",Kudos,Activity,17910982005
"Mar 30, 2026, 10:02:44 PM",Kudos,Activity,17916542739
"Mar 30, 2026, 10:02:50 PM",Kudos,Activity,17911366934
"Mar 30, 2026, 10:02:54 PM",Kudos,Activity,17911125191
"Mar 30, 2026, 10:03:08 PM",Kudos,Activity,17913854139
"Mar 30, 2026, 10:03:16 PM",Kudos,Activity,17915961684
"Mar 30, 2026, 10:03:21 PM",Kudos,Activity,17912168947
"Mar 31, 2026, 12:04:17 AM",Kudos,Activity,17918239396
"Mar 31, 2026, 12:04:41 AM",Kudos,Activity,17918083103
"Mar 31, 2026, 12:04:52 AM",Kudos,Activity,17918246644
"Mar 31, 2026, 12:05:04 AM",Kudos,Activity,17917895984
"Mar 31, 2026, 12:05:06 AM",Kudos,Activity,17917805967
"Mar 31, 2026, 12:05:08 AM",Kudos,Activity,17917864149
"Mar 31, 2026, 12:06:25 AM",Kudos,Activity,17918597518
"Mar 31, 2026, 12:06:32 AM",Kudos,Activity,17918529828
"Mar 31, 2026, 12:23:21 AM",Kudos,Activity,17919076969
"Mar 31, 2026, 12:23:22 AM",Kudos,Activity,17918965157
"Mar 31, 2026, 12:23:25 AM",Kudos,Activity,17918990032
"Mar 31, 2026, 12:23:33 AM",Kudos,Activity,17918989785
"Mar 31, 2026, 12:23:40 AM",Kudos,Activity,17908008581
"Mar 31, 2026, 12:23:55 AM",Kudos,Activity,17906805719
"Mar 31, 2026, 12:23:58 AM",Kudos,Activity,17907725692
"Mar 31, 2026, 1:49:18 AM",Kudos,Activity,17919210894
"Mar 31, 2026, 1:49:45 AM",Kudos,Activity,17913870967
"Mar 31, 2026, 1:49:48 AM",Kudos,Activity,17912169489
"Mar 31, 2026, 1:59:44 AM",Kudos,Activity,17905684360
"Mar 31, 2026, 1:59:54 AM",Kudos,Activity,17907155554
"Mar 31, 2026, 12:37:02 PM",Kudos,Activity,17923269093
"Mar 31, 2026, 12:37:22 PM",Kudos,Activity,17924271217
"Mar 31, 2026, 12:37:33 PM",Kudos,Activity,17923171654
"Mar 31, 2026, 12:37:39 PM",Kudos,Activity,17923632864
"Mar 31, 2026, 12:37:42 PM",Kudos,Activity,17923688928
"Mar 31, 2026, 12:37:51 PM",Kudos,Activity,17923913987
"Mar 31, 2026, 12:38:37 PM",Kudos,Activity,17923782905
"Mar 31, 2026, 12:38:47 PM",Kudos,Activity,17920248307
"Mar 31, 2026, 12:38:54 PM",Kudos,Activity,17920100684
"Mar 31, 2026, 12:39:00 PM",Kudos,Activity,17920099648
"Mar 31, 2026, 12:39:20 PM",Kudos,Activity,17920087345
"Mar 31, 2026, 12:52:34 PM",Kudos,Activity,17923842388
"Mar 31, 2026, 12:52:37 PM",Kudos,Activity,17924326637
"Mar 31, 2026, 12:52:41 PM",Kudos,Activity,17920040617
"Mar 31, 2026, 1:39:50 PM",Kudos,Activity,17924543342
"Mar 31, 2026, 2:19:02 PM",Kudos,Activity,17924637473
"Mar 31, 2026, 2:19:10 PM",Kudos,Activity,17925054804
"Mar 31, 2026, 5:35:28 PM",Kudos,Activity,17926657324
"Mar 31, 2026, 6:30:40 PM",Kudos,Activity,17927934416
"Mar 31, 2026, 6:30:44 PM",Kudos,Activity,17928452533
"Mar 31, 2026, 7:27:45 PM",Kudos,Activity,17929057124
"Apr 1, 2026, 12:24:30 AM",Kudos,Activity,17931567323
"Apr 1, 2026, 12:24:32 AM",Kudos,Activity,17931044673
"Apr 1, 2026, 12:24:40 AM",Kudos,Activity,17931851169
"Apr 1, 2026, 12:24:57 AM",Kudos,Activity,17930117963
"Apr 1, 2026, 12:25:33 AM",Kudos,Activity,17931323250
"Apr 1, 2026, 12:25:35 AM",Kudos,Activity,17931747513
"Apr 1, 2026, 12:25:39 AM",Kudos,Activity,17929685073
"Apr 1, 2026, 12:25:44 AM",Kudos,Activity,17931137350
"Apr 1, 2026, 12:25:49 AM",Kudos,Activity,17931686342
"Apr 1, 2026, 12:26:26 AM",Kudos,Activity,17930718230
"Apr 1, 2026, 1:25:08 AM",Kudos,Activity,17932404180
"Apr 1, 2026, 1:26:18 AM",Kudos,Activity,17931868901
"Apr 1, 2026, 1:26:28 AM",Kudos,Activity,17932385442
"Apr 1, 2026, 1:26:56 AM",Kudos,Activity,17931802989
"Apr 1, 2026, 2:08:36 AM",Kudos,Activity,17932640088
"Apr 1, 2026, 2:08:48 AM",Kudos,Activity,17932694302
"Apr 1, 2026, 11:42:40 AM",Kudos,Activity,17936060452
"Apr 1, 2026, 11:42:48 AM",Kudos,Activity,17931923633
"Apr 1, 2026, 11:43:31 AM",Kudos,Activity,17936441386
"Apr 1, 2026, 11:43:40 AM",Kudos,Activity,17932767939
"Apr 1, 2026, 11:43:57 AM",Kudos,Activity,17932869619
"Apr 1, 2026, 11:44:12 AM",Kudos,Activity,17933021689
"Apr 1, 2026, 12:36:42 PM",Kudos,Activity,17936427159
"Apr 1, 2026, 12:37:30 PM",Kudos,Activity,17936817611
"Apr 1, 2026, 12:59:48 PM",Kudos,Activity,17937164881
"Apr 1, 2026, 12:59:51 PM",Kudos,Activity,17937379924
"Apr 1, 2026, 2:13:14 PM",Kudos,Activity,17937284068
"Apr 1, 2026, 2:13:54 PM",Kudos,Activity,17937788848
"Apr 1, 2026, 2:14:02 PM",Kudos,Activity,17938010988
"Apr 1, 2026, 2:14:10 PM",Kudos,Activity,17935163609
"Apr 1, 2026, 4:48:42 PM",Kudos,Activity,17937725802
"Apr 1, 2026, 4:53:46 PM",Kudos,Activity,17938121529
"Apr 1, 2026, 4:53:48 PM",Kudos,Activity,17939305669
"Apr 1, 2026, 4:53:50 PM",Kudos,Activity,17939628999
"Apr 1, 2026, 6:40:14 PM",Kudos,Activity,17940608852
"Apr 1, 2026, 7:06:52 PM",Kudos,Activity,17941372921
"Apr 1, 2026, 7:07:13 PM",Kudos,Activity,17940640021
"Apr 1, 2026, 7:07:42 PM",Kudos,Activity,17940397956
"Apr 1, 2026, 7:08:02 PM",Kudos,Post,44559711
"Apr 1, 2026, 8:00:29 PM",Kudos,Activity,17942078353
"Apr 1, 2026, 8:00:36 PM",Kudos,Activity,17937862625
"Apr 1, 2026, 11:13:09 PM",Kudos,Activity,17942773335
"Apr 1, 2026, 11:13:11 PM",Kudos,Activity,17942616503
"Apr 1, 2026, 11:13:15 PM",Kudos,Activity,17943371171
"Apr 1, 2026, 11:13:24 PM",Kudos,Activity,17943432672
"Apr 1, 2026, 11:13:29 PM",Kudos,Activity,17943595486
"Apr 1, 2026, 11:13:46 PM",Kudos,Activity,17943703260
"Apr 1, 2026, 11:14:01 PM",Kudos,Activity,17943328930
"Apr 1, 2026, 11:14:07 PM",Kudos,Activity,17943487522
"Apr 2, 2026, 1:59:29 AM",Kudos,Activity,17943554847
"Apr 2, 2026, 1:59:31 AM",Kudos,Activity,17944031140
"Apr 2, 2026, 2:38:45 AM",Kudos,Activity,17945120009
"Apr 2, 2026, 2:38:51 AM",Kudos,Activity,17945041690
"Apr 2, 2026, 2:39:01 AM",Kudos,Activity,17945123303
"Apr 2, 2026, 2:39:15 AM",Kudos,Activity,17944427773
"Apr 2, 2026, 2:39:18 AM",Kudos,Activity,17944301384
"Apr 2, 2026, 11:59:19 AM",Kudos,Activity,17948125349
"Apr 2, 2026, 11:59:26 AM",Kudos,Activity,17948770040
"Apr 2, 2026, 11:59:35 AM",Kudos,Activity,17946210939
"Apr 2, 2026, 12:00:28 PM",Kudos,Activity,17945392509
"Apr 2, 2026, 1:13:44 PM",Kudos,Activity,17949650966
"Apr 2, 2026, 2:35:51 PM",Kudos,Activity,17950114817
"Apr 2, 2026, 2:35:53 PM",Kudos,Activity,17950256161
"Apr 2, 2026, 2:48:38 PM",Kudos,Activity,17950454519
"Apr 2, 2026, 4:42:40 PM",Kudos,Activity,17951649073
"Apr 2, 2026, 5:27:46 PM",Kudos,Activity,17952517352
"Apr 2, 2026, 5:27:49 PM",Kudos,Activity,17952417896
"Apr 2, 2026, 5:27:54 PM",Kudos,Activity,17952522868
"Apr 2, 2026, 5:28:02 PM",Kudos,Activity,17947868469
"Apr 2, 2026, 5:28:39 PM",Kudos,Activity,17951471976
"Apr 2, 2026, 7:20:05 PM",Kudos,Activity,17952711218
"Apr 2, 2026, 7:20:09 PM",Kudos,Activity,17953681090
"Apr 2, 2026, 7:20:15 PM",Kudos,Activity,17952852972
"Apr 2, 2026, 7:53:33 PM",Kudos,Activity,17954111484
"Apr 2, 2026, 7:53:51 PM",Kudos,Activity,17952793147
"Apr 2, 2026, 8:25:24 PM",Kudos,Activity,17954219591
"Apr 2, 2026, 9:13:41 PM",Kudos,Activity,17954517014
"Apr 2, 2026, 9:46:38 PM",Kudos,Activity,17954884971
"Apr 2, 2026, 9:46:45 PM",Kudos,Activity,17954691684
"Apr 2, 2026, 9:47:01 PM",Kudos,Activity,17954481650
"Apr 2, 2026, 10:20:28 PM",Kudos,Activity,17955027738
"Apr 2, 2026, 10:20:38 PM",Kudos,Activity,17955018832
"Apr 2, 2026, 10:52:26 PM",Kudos,Activity,17955340086
"Apr 2, 2026, 11:08:15 PM",Kudos,Activity,17955552339
"Apr 2, 2026, 11:08:20 PM",Kudos,Activity,17955597309
"Apr 3, 2026, 1:20:02 AM",Kudos,Activity,17955788670
"Apr 3, 2026, 1:20:12 AM",Kudos,Activity,17956033010
"Apr 3, 2026, 1:20:14 AM",Kudos,Activity,17956271626
"Apr 3, 2026, 1:20:15 AM",Kudos,Activity,17956391217
"Apr 3, 2026, 1:20:24 AM",Kudos,Activity,17956406646
"Apr 3, 2026, 1:22:01 AM",Kudos,Activity,17955998705
"Apr 3, 2026, 1:22:16 AM",Kudos,Activity,17955862104
"Apr 3, 2026, 1:23:27 AM",Kudos,Activity,17956372355
"Apr 3, 2026, 1:23:35 AM",Kudos,Activity,17955619888
"Apr 3, 2026, 1:23:38 AM",Kudos,Activity,17956011322
"Apr 3, 2026, 1:23:45 AM",Kudos,Activity,17955844439
"Apr 3, 2026, 10:43:50 AM",Kudos,Activity,17955984156
"Apr 3, 2026, 1:25:48 PM",Kudos,Activity,17962205655
"Apr 3, 2026, 1:25:49 PM",Kudos,Activity,17962179501
"Apr 3, 2026, 1:25:59 PM",Kudos,Activity,17962218140
"Apr 3, 2026, 1:26:03 PM",Kudos,Activity,17960509744
"Apr 3, 2026, 1:26:08 PM",Kudos,Activity,17961379575
"Apr 3, 2026, 1:26:14 PM",Kudos,Activity,17961287546
"Apr 3, 2026, 1:26:26 PM",Kudos,Activity,17961412291
"Apr 3, 2026, 1:26:29 PM",Kudos,Activity,17961336273
"Apr 3, 2026, 1:26:31 PM",Kudos,Activity,17961331760
"Apr 3, 2026, 1:26:32 PM",Kudos,Activity,17961375266
"Apr 3, 2026, 1:26:40 PM",Kudos,Activity,17960683414
"Apr 3, 2026, 1:27:32 PM",Kudos,Activity,17962072694
"Apr 3, 2026, 1:27:36 PM",Kudos,Activity,17962007660
"Apr 3, 2026, 1:27:38 PM",Kudos,Activity,17961880108
"Apr 3, 2026, 1:27:49 PM",Kudos,Activity,17959768167
"Apr 3, 2026, 1:27:53 PM",Kudos,Activity,17957097357
"Apr 3, 2026, 1:28:16 PM",Kudos,Activity,17957244702
"Apr 3, 2026, 2:59:58 PM",Kudos,Activity,17962815683
"Apr 3, 2026, 3:00:26 PM",Kudos,Activity,17962183813
"Apr 3, 2026, 3:00:30 PM",Kudos,Activity,17962769502
"Apr 3, 2026, 4:16:03 PM",Kudos,Activity,17964025498
"Apr 3, 2026, 6:01:51 PM",Kudos,Activity,17964752898
"Apr 3, 2026, 6:01:58 PM",Kudos,Activity,17964594208
"Apr 3, 2026, 6:02:41 PM",Kudos,Activity,17965427625
"Apr 3, 2026, 6:02:58 PM",Kudos,Activity,17965554138
"Apr 3, 2026, 6:57:15 PM",Kudos,Activity,17966024490
"Apr 3, 2026, 9:47:46 PM",Kudos,Activity,17966671277
"Apr 3, 2026, 9:47:50 PM",Kudos,Activity,17967329380
"Apr 3, 2026, 9:47:52 PM",Kudos,Activity,17966806663
"Apr 3, 2026, 9:47:56 PM",Kudos,Activity,17967178376
"Apr 3, 2026, 10:46:47 PM",Kudos,Activity,17967630673
"Apr 3, 2026, 10:46:59 PM",Kudos,Activity,17967438605
"Apr 4, 2026, 12:28:44 AM",Kudos,Activity,17968594345
"Apr 4, 2026, 1:10:30 AM",Kudos,Activity,17968113994
"Apr 4, 2026, 1:12:13 AM",Kudos,Activity,17968622284
"Apr 4, 2026, 1:12:44 AM",Kudos,Activity,17968667902
"Oct 6, 2023, 1:19:28 AM",Like,Comment,1645076898
"Nov 21, 2023, 3:14:15 AM",Like,Comment,1674758423
"Nov 24, 2023, 8:43:24 PM",Like,Comment,1677708257
"Dec 22, 2023, 2:35:11 PM",Like,Comment,1692930419
"Mar 20, 2024, 10:17:02 AM",Like,Comment,1753725999
"Apr 7, 2024, 6:15:18 PM",Like,Comment,1768837625
"May 18, 2024, 9:21:03 PM",Like,Comment,1806280127
"May 19, 2024, 12:22:23 AM",Like,Comment,1806426346
"May 19, 2024, 10:07:54 PM",Like,Comment,1807739414
"May 19, 2024, 10:08:01 PM",Like,Comment,1807726618
"May 19, 2024, 10:07:58 PM",Like,Comment,1807235628
"May 21, 2024, 10:30:40 PM",Like,Comment,1809348854
"May 23, 2024, 4:43:24 PM",Like,Comment,1810453870
"Jun 25, 2024, 9:50:55 PM",Like,Comment,1837157424
"Jul 12, 2024, 11:40:24 AM",Like,Comment,1852063905
"Jul 12, 2024, 11:40:25 AM",Like,Comment,1852217549
"Jul 21, 2024, 12:10:08 AM",Like,Comment,1860713022
"Jul 26, 2024, 3:24:02 PM",Like,Comment,1862507031
"Jul 27, 2024, 3:25:43 AM",Like,Comment,1865762088
"Aug 4, 2024, 3:29:00 AM",Like,Comment,1872537591
"Aug 8, 2024, 5:11:45 PM",Like,Comment,1876206793
"Aug 10, 2024, 5:44:48 PM",Like,Comment,1878460062
"Aug 10, 2024, 5:44:48 PM",Like,Comment,1878460003
"Aug 10, 2024, 8:52:24 PM",Like,Comment,1878655561
"Aug 14, 2024, 7:27:40 PM",Like,Comment,1882185347
"Aug 17, 2024, 3:55:24 PM",Like,Comment,1884582140
"Aug 20, 2024, 3:21:57 PM",Like,Comment,1887054437
"Aug 21, 2024, 2:30:07 PM",Like,Comment,1888287604
"Aug 21, 2024, 2:30:16 PM",Like,Comment,1888272433
"Aug 21, 2024, 2:30:06 PM",Like,Comment,1888272919
"Aug 21, 2024, 6:47:23 PM",Like,Comment,1888426336
"Aug 23, 2024, 1:55:33 PM",Like,Comment,1889840269
"Aug 26, 2024, 5:48:35 PM",Like,Comment,1893277749
"Aug 31, 2024, 7:26:01 PM",Like,Comment,1897321696
"Sep 3, 2024, 9:08:57 PM",Like,Comment,1900333604
"Sep 4, 2024, 2:28:54 AM",Like,Comment,1900798371
"Sep 8, 2024, 4:51:46 PM",Like,Comment,1905236762
"Sep 8, 2024, 4:51:57 PM",Like,Comment,1905257320
"Sep 8, 2024, 4:51:49 PM",Like,Comment,1905257099
"Sep 8, 2024, 4:51:56 PM",Like,Comment,1905259295
"Sep 8, 2024, 4:51:57 PM",Like,Comment,1905295288
"Sep 8, 2024, 4:51:58 PM",Like,Comment,1905329115
"Sep 8, 2024, 9:30:45 PM",Like,Comment,1905487672
"Sep 8, 2024, 9:30:47 PM",Like,Comment,1905548687
"Sep 8, 2024, 9:30:46 PM",Like,Comment,1905508036
"Sep 17, 2024, 1:59:10 PM",Like,Comment,1913634997
"Sep 17, 2024, 1:59:09 PM",Like,Comment,1913629574
"Sep 19, 2024, 1:05:25 PM",Like,Comment,1914858147
"Sep 24, 2024, 8:38:34 PM",Like,Comment,1920243901
"Sep 25, 2024, 6:40:20 PM",Like,Comment,1921094457
"Sep 27, 2024, 2:46:19 PM",Like,Comment,1922161776
"Oct 5, 2024, 3:30:10 PM",Like,Comment,1929916695
"Oct 24, 2024, 6:58:22 PM",Like,Comment,1948350890
"Nov 3, 2024, 3:22:45 PM",Like,Comment,1957184658
"Nov 3, 2024, 3:22:47 PM",Like,Comment,1957340771
"Nov 3, 2024, 7:06:56 PM",Like,Comment,1957396521
"Nov 10, 2024, 12:58:26 AM",Like,Comment,1962202219
"Nov 10, 2024, 12:58:23 AM",Like,Comment,1962349725
"Nov 21, 2024, 12:00:16 PM",Like,Comment,1971661365
"Nov 27, 2024, 9:27:04 PM",Like,Comment,1977407573
"Dec 6, 2024, 11:39:20 AM",Like,Comment,1986304328
"Dec 9, 2024, 8:48:26 PM",Like,Comment,1989149366
"Dec 12, 2024, 2:02:54 AM",Like,Comment,1990440641
"Dec 13, 2024, 1:54:30 PM",Like,Comment,1991018925
"Dec 15, 2024, 11:58:13 PM",Like,Comment,1993268527
"Dec 17, 2024, 2:23:26 PM",Like,Comment,1994152428
"Dec 23, 2024, 3:09:38 PM",Like,Comment,1995834274
"Dec 26, 2024, 2:01:59 AM",Like,Comment,1999469945
"Dec 26, 2024, 2:02:04 AM",Like,Comment,1999588773
"Dec 26, 2024, 2:02:01 AM",Like,Comment,1999523112
"Dec 27, 2024, 3:00:28 PM",Like,Comment,2000510968
"Jan 3, 2025, 3:42:48 PM",Like,Comment,2006218665
"Jan 7, 2025, 12:57:00 PM",Like,Comment,2009636825
"Jan 7, 2025, 4:06:02 PM",Like,Comment,2009926898
"Jan 10, 2025, 7:16:53 PM",Like,Comment,2012135547
"Jan 10, 2025, 7:18:01 PM",Like,Comment,2012121824
"Jan 11, 2025, 8:26:40 PM",Like,Comment,2013091038
"Jan 12, 2025, 12:45:54 AM",Like,Comment,2013375148
"Jan 13, 2025, 2:42:00 AM",Like,Comment,2014729775
"Jan 13, 2025, 2:41:59 AM",Like,Comment,2014743339
"Jan 13, 2025, 11:28:30 PM",Like,Comment,2015273199
"Jan 15, 2025, 12:17:13 AM",Like,Comment,2015531302
"Jan 16, 2025, 9:48:40 PM",Like,Comment,2017496666
"Jan 17, 2025, 3:42:41 PM",Like,Comment,2017869430
"Jan 18, 2025, 5:11:32 PM",Like,Comment,2018288338
"Jan 22, 2025, 2:16:05 AM",Like,Comment,2022289092
"Jan 22, 2025, 8:54:02 PM",Like,Comment,2022836368
"Jan 24, 2025, 2:00:44 PM",Like,Comment,2023807143
"Jan 25, 2025, 4:56:29 PM",Like,Comment,2025065320
"Jan 26, 2025, 6:03:23 AM",Like,Comment,2025577019
"Jan 31, 2025, 1:59:42 PM",Like,Comment,2030107483
"Feb 2, 2025, 3:43:13 AM",Like,Comment,2031784081
"Feb 3, 2025, 2:40:57 AM",Like,Comment,2031828370
"Feb 7, 2025, 2:27:59 PM",Like,Comment,2036452418
"Feb 7, 2025, 10:47:44 PM",Like,Comment,2036238879
"Feb 8, 2025, 5:16:17 PM",Like,Comment,2037477137
"Feb 12, 2025, 2:15:49 AM",Like,Comment,2040881327
"Feb 13, 2025, 2:20:44 PM",Like,Comment,2041849566
"Feb 16, 2025, 5:18:10 AM",Like,Comment,2044027372
"Feb 16, 2025, 7:27:14 PM",Like,Comment,2045343766
"Feb 17, 2025, 11:17:49 PM",Like,Comment,2046363114
"Feb 22, 2025, 10:42:51 PM",Like,Comment,2050300066
"Feb 22, 2025, 10:43:07 PM",Like,Comment,2050236376
"Feb 22, 2025, 10:43:04 PM",Like,Comment,2050250006
"Feb 22, 2025, 10:43:05 PM",Like,Comment,2050471247
"Feb 23, 2025, 4:56:52 AM",Like,Comment,2050751582
"Feb 26, 2025, 2:16:11 AM",Like,Comment,2053899727
"Feb 28, 2025, 3:32:19 PM",Like,Comment,2055764551
"Feb 28, 2025, 5:33:19 PM",Like,Comment,2055833137
"Feb 28, 2025, 6:00:25 PM",Like,Comment,2055880773
"Mar 1, 2025, 5:29:42 AM",Like,Comment,2056203160
"Mar 1, 2025, 8:03:09 PM",Like,Comment,2057103905
"Mar 2, 2025, 6:32:58 PM",Like,Comment,2057459060
"Mar 5, 2025, 2:05:54 PM",Like,Comment,2060914579
"Mar 8, 2025, 7:51:48 PM",Like,Comment,2063816512
"Mar 11, 2025, 11:36:10 AM",Like,Comment,2066787976
"Mar 11, 2025, 11:36:29 AM",Like,Comment,2066939511
"Mar 11, 2025, 10:05:03 PM",Like,Comment,2067537986
"Mar 13, 2025, 12:42:27 AM",Like,Comment,2068368741
"Mar 13, 2025, 12:48:54 PM",Like,Comment,2068647254
"Mar 14, 2025, 2:53:43 PM",Like,Comment,2069427672
"Mar 15, 2025, 5:47:21 PM",Like,Comment,2070557932
"Mar 16, 2025, 3:14:56 AM",Like,Comment,2071054192
"Mar 18, 2025, 1:49:30 AM",Like,Comment,2073918200
"Mar 19, 2025, 3:20:38 AM",Like,Comment,2073979595
"Mar 22, 2025, 8:26:28 AM",Like,Comment,2077284984
"Mar 25, 2025, 1:34:50 PM",Like,Comment,2081453397
"Mar 26, 2025, 1:38:21 AM",Like,Comment,2081987235
"Mar 26, 2025, 1:02:36 PM",Like,Comment,2082267923
"Mar 28, 2025, 7:29:13 PM",Like,Comment,2084072208
"Mar 28, 2025, 7:29:06 PM",Like,Comment,2083984929
"Mar 29, 2025, 11:13:50 AM",Like,Comment,2084544498
"Mar 30, 2025, 5:34:57 PM",Like,Comment,2086531451
"Mar 30, 2025, 5:34:59 PM",Like,Comment,2086740258
"Mar 30, 2025, 5:35:01 PM",Like,Comment,2086744894
"Mar 30, 2025, 6:36:04 PM",Like,Comment,2086862150
"Mar 30, 2025, 6:35:07 PM",Like,Comment,2086752217
"Mar 30, 2025, 7:00:43 PM",Like,Comment,2086895156
"Mar 30, 2025, 9:26:19 PM",Like,Comment,2086988769
"Mar 30, 2025, 9:26:22 PM",Like,Comment,2087104187
"Mar 30, 2025, 11:54:55 PM",Like,Comment,2087206046
"Apr 3, 2025, 12:14:27 PM",Like,Comment,2090066601
"Apr 4, 2025, 11:15:21 PM",Like,Comment,2091329470
"Apr 6, 2025, 11:47:32 PM",Like,Comment,2094893484
"Apr 8, 2025, 1:49:02 AM",Like,Comment,2096032269
"Apr 11, 2025, 11:19:07 AM",Like,Comment,2098598017
"Apr 23, 2025, 6:21:12 PM",Like,Comment,2112912010
"Apr 24, 2025, 7:29:37 PM",Like,Comment,2113796988
"Apr 25, 2025, 5:21:57 PM",Like,Comment,2114773541
"Apr 27, 2025, 6:24:52 PM",Like,Comment,2119080502
"Apr 27, 2025, 6:24:53 PM",Like,Comment,2119083778
"Apr 27, 2025, 8:07:37 PM",Like,Comment,2119307282
"Apr 27, 2025, 8:09:49 PM",Like,Comment,2119090116
"Apr 27, 2025, 8:51:02 PM",Like,Comment,2119432910
"Apr 27, 2025, 11:03:46 PM",Like,Comment,2119619471
"Apr 27, 2025, 11:03:47 PM",Like,Comment,2119646780
"Apr 30, 2025, 10:46:37 AM",Like,Comment,2121784322
"May 3, 2025, 6:15:27 PM",Like,Comment,2128272010
"May 3, 2025, 6:15:28 PM",Like,Comment,2128343530
"May 3, 2025, 6:15:25 PM",Like,Comment,2128261659
"May 4, 2025, 10:59:39 PM",Like,Comment,2130572042
"May 4, 2025, 10:59:43 PM",Like,Comment,2130354158
"May 4, 2025, 10:59:42 PM",Like,Comment,2130554291
"May 4, 2025, 11:41:56 PM",Like,Comment,2130972728
"May 5, 2025, 6:13:04 PM",Like,Comment,2131573155
"May 6, 2025, 4:15:50 PM",Like,Comment,2133059232
"May 6, 2025, 6:36:32 PM",Like,Comment,2133080701
"May 8, 2025, 5:12:31 PM",Like,Comment,2134344123
"May 11, 2025, 2:22:19 AM",Like,Comment,2138102725
"May 11, 2025, 7:47:03 PM",Like,Comment,2139745800
"May 16, 2025, 1:51:57 AM",Like,Comment,2108605523
"May 16, 2025, 4:29:20 PM",Like,Comment,2146989511
"May 16, 2025, 6:03:22 PM",Like,Comment,2147009233
"May 17, 2025, 5:52:15 PM",Like,Comment,2148649619
"May 17, 2025, 5:52:10 PM",Like,Comment,2148631077
"May 17, 2025, 5:52:13 PM",Like,Comment,2148641695
"May 17, 2025, 5:52:09 PM",Like,Comment,2148622194
"May 17, 2025, 6:56:01 PM",Like,Comment,2148676521
"May 17, 2025, 6:56:05 PM",Like,Comment,2148751348
"May 17, 2025, 6:56:04 PM",Like,Comment,2148709882
"May 17, 2025, 6:56:02 PM",Like,Comment,2148691563
"May 17, 2025, 9:01:23 PM",Like,Comment,2148852142
"May 17, 2025, 9:01:22 PM",Like,Comment,2148849381
"May 20, 2025, 11:29:57 AM",Like,Comment,2152046833
"May 22, 2025, 10:32:34 PM",Like,Comment,2154586783
"May 29, 2025, 6:52:30 PM",Like,Comment,2161913609
"May 30, 2025, 3:18:33 PM",Like,Comment,2162743314
"May 31, 2025, 2:23:11 AM",Like,Comment,2162965509
"Jun 1, 2025, 10:48:05 PM",Like,Comment,2166300719
"Jun 1, 2025, 10:48:04 PM",Like,Comment,2166260824
"Jun 2, 2025, 1:41:55 AM",Like,Comment,2166396174
"Jun 3, 2025, 11:49:29 PM",Like,Comment,2168131905
"Jun 4, 2025, 11:01:39 AM",Like,Comment,2168276907
"Jun 5, 2025, 2:02:45 AM",Like,Comment,2169144049
"Jun 5, 2025, 2:02:36 AM",Like,Comment,2169061603
"Jun 6, 2025, 3:17:18 AM",Like,Comment,2169996370
"Jun 6, 2025, 3:17:17 AM",Like,Comment,2169966591
"Jun 6, 2025, 3:17:19 AM",Like,Comment,2170005461
"Jun 6, 2025, 3:28:10 PM",Like,Comment,2170296017
"Jun 9, 2025, 12:06:48 PM",Like,Comment,2174187775
"Jun 14, 2025, 3:03:16 PM",Like,Comment,2179200524
"Jun 14, 2025, 4:28:22 PM",Like,Comment,2179310583
"Jun 14, 2025, 8:07:00 PM",Like,Comment,2179645020
"Jun 14, 2025, 8:07:01 PM",Like,Comment,2179653207
"Jun 15, 2025, 3:34:49 PM",Like,Comment,2179975139
"Jun 15, 2025, 8:36:22 PM",Like,Comment,2181445788
"Jun 18, 2025, 1:34:10 PM",Like,Comment,2183822662
"Jun 21, 2025, 4:24:06 PM",Like,Comment,2186802925
"Jun 23, 2025, 6:48:52 PM",Like,Comment,2189256736
"Jun 23, 2025, 9:02:01 PM",Like,Comment,2189514347
"Jun 25, 2025, 12:50:57 PM",Like,Comment,2190812175
"Jun 25, 2025, 12:50:56 PM",Like,Comment,2190809802
"Jun 25, 2025, 1:20:45 PM",Like,Comment,2190833252
"Jun 25, 2025, 10:00:27 PM",Like,Comment,2191030035
"Jun 26, 2025, 1:00:37 PM",Like,Comment,2191343198
"Jun 27, 2025, 10:49:07 AM",Like,Comment,2192142358
"Jun 27, 2025, 4:16:19 PM",Like,Comment,2192430144
"Jun 28, 2025, 11:53:04 AM",Like,Comment,2192921980
"Jul 2, 2025, 2:54:55 PM",Like,Comment,2197240042
"Jul 3, 2025, 3:30:57 PM",Like,Comment,2198553658
"Jul 4, 2025, 9:39:32 PM",Like,Comment,2199903905
"Jul 6, 2025, 4:18:24 PM",Like,Comment,2201473061
"Jul 9, 2025, 1:12:23 PM",Like,Comment,2204530550
"Jul 12, 2025, 10:22:34 PM",Like,Comment,2207827727
"Jul 16, 2025, 12:23:40 PM",Like,Comment,2211624755
"Jul 16, 2025, 5:33:37 PM",Like,Comment,2212115789
"Jul 20, 2025, 1:11:25 PM",Like,Comment,2214216052
"Jul 24, 2025, 1:03:50 PM",Like,Comment,2219580991
"Jul 25, 2025, 11:15:58 AM",Like,Comment,2220855226
"Jul 28, 2025, 2:54:00 PM",Like,Comment,2225607409
"Jul 28, 2025, 3:49:17 PM",Like,Comment,2225641260
"Jul 30, 2025, 6:16:04 PM",Like,Comment,2227569302
"Jul 31, 2025, 1:53:33 AM",Like,Comment,2227824445
"Jul 31, 2025, 1:30:13 PM",Like,Comment,2228245039
"Jul 31, 2025, 1:43:45 PM",Like,Comment,2228269684
"Aug 2, 2025, 4:10:22 PM",Like,Comment,2230491423
"Aug 2, 2025, 5:30:14 PM",Like,Comment,2230559161
"Aug 5, 2025, 1:54:15 PM",Like,Comment,2233865697
"Aug 5, 2025, 3:02:56 PM",Like,Comment,2233928950
"Aug 10, 2025, 11:38:09 PM",Like,Comment,2235911241
"Aug 11, 2025, 5:43:14 PM",Like,Comment,2240860229
"Aug 16, 2025, 1:23:14 PM",Like,Comment,2245460424
"Aug 17, 2025, 3:57:25 PM",Like,Comment,2247010522
"Aug 18, 2025, 2:09:39 PM",Like,Comment,2247186799
"Aug 18, 2025, 2:09:50 PM",Like,Comment,2248179349
"Aug 18, 2025, 2:09:35 PM",Like,Comment,2247006416
"Aug 18, 2025, 4:51:41 PM",Like,Comment,2247355463
"Aug 19, 2025, 8:11:31 PM",Like,Comment,2249204631
"Aug 21, 2025, 3:04:12 AM",Like,Comment,2250436527
"Aug 21, 2025, 3:04:12 AM",Like,Comment,2249698656
"Aug 22, 2025, 11:19:37 PM",Like,Comment,2252158300
"Aug 24, 2025, 7:45:18 PM",Like,Comment,2254520511
"Aug 29, 2025, 2:13:27 PM",Like,Comment,2258925273
"Sep 2, 2025, 4:49:29 PM",Like,Comment,2263734049
"Sep 6, 2025, 5:10:34 PM",Like,Comment,2267508142
"Sep 6, 2025, 7:06:08 PM",Like,Comment,2267298770
"Sep 6, 2025, 7:06:11 PM",Like,Comment,2267776098
"Sep 6, 2025, 7:06:10 PM",Like,Comment,2267716723
"Sep 6, 2025, 7:06:04 PM",Like,Comment,2267296923
"Sep 7, 2025, 9:20:39 AM",Like,Comment,2268225767
"Sep 7, 2025, 9:20:28 AM",Like,Comment,2268196655
"Sep 8, 2025, 11:43:49 AM",Like,Comment,2270048315
"Sep 8, 2025, 11:43:39 AM",Like,Comment,2269616563
"Sep 8, 2025, 11:43:30 AM",Like,Comment,2269553226
"Sep 8, 2025, 11:43:37 AM",Like,Comment,2269585649
"Sep 8, 2025, 11:43:35 AM",Like,Comment,2269584186
"Sep 8, 2025, 11:42:13 AM",Like,Comment,2268878837
"Sep 8, 2025, 11:43:33 AM",Like,Comment,2269583232
"Sep 8, 2025, 11:43:28 AM",Like,Comment,2269550749
"Sep 8, 2025, 11:43:42 AM",Like,Comment,2269798447
"Sep 8, 2025, 11:43:47 AM",Like,Comment,2269998939
"Sep 8, 2025, 11:43:50 AM",Like,Comment,2270108909
"Sep 8, 2025, 11:43:44 AM",Like,Comment,2269993575
"Sep 8, 2025, 11:43:40 AM",Like,Comment,2269677597
"Sep 8, 2025, 12:48:44 PM",Like,Comment,2270415971
"Sep 10, 2025, 1:02:50 PM",Like,Comment,2270961113
"Sep 10, 2025, 1:02:52 PM",Like,Comment,2271803271
"Sep 13, 2025, 9:08:34 PM",Like,Comment,2275365259
"Sep 15, 2025, 3:54:38 PM",Like,Comment,2277909969
"Sep 15, 2025, 3:55:54 PM",Like,Comment,2275604507
"Sep 15, 2025, 10:11:55 PM",Like,Comment,2278213277
"Sep 17, 2025, 4:34:32 PM",Like,Comment,2279553738
"Sep 19, 2025, 2:33:54 AM",Like,Comment,2280722571
"Sep 21, 2025, 6:48:32 PM",Like,Comment,2284563547
"Sep 23, 2025, 12:47:51 PM",Like,Comment,2285865460
"Sep 29, 2025, 12:37:45 PM",Like,Comment,2292487977
"Sep 29, 2025, 1:37:20 PM",Like,Comment,2292526284
"Sep 29, 2025, 1:37:17 PM",Like,Comment,2292491175
"Sep 29, 2025, 1:37:19 PM",Like,Comment,2292499867
"Sep 29, 2025, 2:25:25 PM",Like,Comment,2292540810
"Sep 30, 2025, 5:31:48 PM",Like,Comment,2292988658
"Sep 30, 2025, 7:08:13 PM",Like,Comment,2293765064
"Oct 2, 2025, 2:42:00 AM",Like,Comment,2294872729
"Oct 2, 2025, 1:05:29 PM",Like,Comment,2295135890
"Oct 3, 2025, 1:04:06 PM",Like,Comment,2295547334
"Oct 8, 2025, 1:12:39 PM",Like,Comment,2301334411
"Oct 9, 2025, 8:40:32 AM",Like,Comment,2301972148
"Oct 10, 2025, 3:46:26 AM",Like,Comment,2302687680
"Oct 11, 2025, 3:20:12 PM",Like,Comment,2304026234
"Oct 13, 2025, 11:02:53 AM",Like,Comment,2306583470
"Oct 14, 2025, 12:20:10 AM",Like,Comment,2307766117
"Oct 16, 2025, 10:47:06 PM",Like,Comment,2310076136
"Oct 20, 2025, 2:06:39 AM",Like,Comment,2314413252
"Oct 24, 2025, 2:10:45 PM",Like,Comment,2317361214
"Oct 27, 2025, 3:42:13 PM",Like,Comment,2321170038
"Oct 29, 2025, 4:27:51 PM",Like,Comment,2322587074
"Nov 2, 2025, 5:10:13 PM",Like,Comment,2326065734
"Nov 2, 2025, 5:10:11 PM",Like,Comment,2326035308
"Nov 2, 2025, 5:10:16 PM",Like,Comment,2326199633
"Nov 2, 2025, 5:10:15 PM",Like,Comment,2326199024
"Nov 2, 2025, 5:15:57 PM",Like,Comment,2326155412
"Nov 2, 2025, 6:34:47 PM",Like,Comment,2326315233
"Nov 9, 2025, 3:51:06 PM",Like,Comment,2333078351
"Nov 9, 2025, 5:07:46 PM",Like,Comment,2333214810
"Nov 9, 2025, 6:31:34 PM",Like,Comment,2333376158
"Nov 9, 2025, 6:31:38 PM",Like,Comment,2333495482
"Nov 9, 2025, 6:31:36 PM",Like,Comment,2333464793
"Nov 9, 2025, 6:31:37 PM",Like,Comment,2333485433
"Nov 9, 2025, 7:42:03 PM",Like,Comment,2333538083
"Nov 9, 2025, 8:26:30 PM",Like,Comment,2333688948
"Nov 9, 2025, 8:26:29 PM",Like,Comment,2333683335
"Nov 10, 2025, 12:52:07 AM",Like,Comment,2333907612
"Nov 10, 2025, 12:52:06 AM",Like,Comment,2333922067
"Nov 10, 2025, 2:17:39 AM",Like,Comment,2333973796
"Nov 11, 2025, 12:55:13 AM",Like,Comment,2334726446
"Nov 11, 2025, 5:06:32 PM",Like,Comment,2335318269
"Nov 15, 2025, 5:01:59 PM",Like,Comment,2338583618
"Nov 15, 2025, 5:03:18 PM",Like,Comment,2338574286
"Nov 17, 2025, 12:10:22 AM",Like,Comment,2340654841
"Nov 18, 2025, 5:22:21 PM",Like,Comment,2341826459
"Nov 24, 2025, 12:20:00 AM",Like,Comment,2346739254
"Nov 28, 2025, 1:02:36 AM",Like,Comment,2349731121
"Nov 28, 2025, 1:02:34 AM",Like,Comment,2349730968
"Nov 29, 2025, 6:15:20 PM",Like,Comment,2350453838
"Nov 30, 2025, 8:56:12 PM",Like,Comment,2352661785
"Dec 2, 2025, 3:05:47 AM",Like,Comment,2353638536
"Dec 9, 2025, 2:03:21 AM",Like,Comment,2367362696
"Dec 9, 2025, 2:11:21 PM",Like,Comment,2368992597
"Dec 10, 2025, 3:04:36 PM",Like,Comment,2370712251
"Dec 10, 2025, 6:09:05 PM",Like,Comment,2370830766
"Dec 10, 2025, 7:23:43 PM",Like,Comment,2370863751
"Dec 12, 2025, 6:16:40 PM",Like,Comment,2374164357
"Dec 16, 2025, 4:06:23 AM",Like,Comment,2379624758
"Dec 17, 2025, 3:29:06 PM",Like,Comment,2381837609
"Dec 22, 2025, 7:09:26 PM",Like,Comment,2388712940
"Dec 26, 2025, 6:26:03 PM",Like,Comment,2392258067
"Dec 29, 2025, 2:14:54 PM",Like,Comment,2394622956
"Dec 29, 2025, 7:19:00 PM",Like,Comment,2395106659
"Jan 2, 2026, 4:42:29 PM",Like,Comment,2398852994
"Jan 5, 2026, 3:31:07 PM",Like,Comment,2400041697
"Jan 6, 2026, 3:30:04 PM",Like,Comment,2402625288
"Jan 11, 2026, 2:29:56 AM",Like,Comment,2406569115
"Jan 12, 2026, 3:38:06 PM",Like,Comment,2408366130
"Jan 12, 2026, 3:38:05 PM",Like,Comment,2408353414
"Jan 13, 2026, 1:49:41 PM",Like,Comment,2409095936
"Jan 13, 2026, 2:47:17 PM",Like,Comment,2409138552
"Jan 14, 2026, 1:59:41 AM",Like,Comment,2409594328
"Jan 15, 2026, 3:07:15 PM",Like,Comment,2410849921
"Jan 15, 2026, 3:07:13 PM",Like,Comment,2410839652
"Jan 16, 2026, 4:55:03 PM",Like,Comment,2411671469
"Jan 17, 2026, 6:48:02 PM",Like,Comment,2412988960
"Jan 21, 2026, 11:56:46 AM",Like,Comment,2416765812
"Jan 23, 2026, 11:29:26 AM",Like,Comment,2418398101
"Jan 24, 2026, 7:07:20 PM",Like,Comment,2419740390
"Jan 25, 2026, 4:52:16 AM",Like,Comment,2420444767
"Jan 25, 2026, 4:51:19 AM",Like,Comment,2420445059
"Jan 29, 2026, 1:40:42 PM",Like,Comment,2424261365
"Jan 29, 2026, 7:22:18 PM",Like,Comment,2424651119
"Jan 30, 2026, 3:17:16 PM",Like,Comment,2425454806
"Jan 31, 2026, 7:48:33 PM",Like,Comment,2426819965
"Feb 1, 2026, 3:24:31 PM",Like,Comment,2427986536
"Feb 3, 2026, 11:52:48 AM",Like,Comment,2429507533
"Feb 7, 2026, 4:14:53 AM",Like,Comment,2432573182
"Feb 8, 2026, 4:13:51 PM",Like,Comment,2434890566
"Feb 8, 2026, 4:13:55 PM",Like,Comment,2434927880
"Feb 9, 2026, 3:51:16 AM",Like,Comment,2435102441
"Feb 9, 2026, 3:51:17 AM",Like,Comment,2435173930
"Feb 9, 2026, 1:21:11 PM",Like,Comment,2435618999
"Feb 22, 2026, 11:08:09 PM",Like,Comment,2447628651
"Feb 25, 2026, 1:16:22 AM",Like,Comment,2450839798
"Feb 25, 2026, 1:20:44 AM",Like,Comment,2450792124
"Mar 2, 2026, 5:07:22 AM",Like,Comment,2456639159
"Mar 2, 2026, 6:47:16 PM",Like,Comment,2456167266
"Mar 5, 2026, 4:11:38 PM",Like,Comment,2459219940
"Mar 5, 2026, 8:30:23 PM",Like,Comment,2459971091
"Mar 8, 2026, 4:33:17 PM",Like,Comment,2463746706
"Mar 10, 2026, 6:42:31 PM",Like,Comment,2466161568
"Mar 11, 2026, 2:21:34 AM",Like,Comment,2466530786
"Mar 11, 2026, 1:25:27 PM",Like,Comment,2466838918
"Mar 12, 2026, 12:47:56 PM",Like,Comment,2467345515
"Mar 12, 2026, 4:08:24 PM",Like,Comment,2467811051
"Mar 13, 2026, 1:36:06 PM",Like,Comment,2468547025
"Mar 13, 2026, 6:21:40 PM",Like,Comment,2468712001
"Mar 14, 2026, 5:49:48 PM",Like,Comment,2469922916
"Mar 14, 2026, 5:49:47 PM",Like,Comment,2469920401
"Mar 14, 2026, 7:17:02 PM",Like,Comment,2470099061
"Mar 14, 2026, 8:20:05 PM",Like,Comment,2470160003
"Mar 16, 2026, 12:08:53 AM",Like,Comment,2472466357
"Mar 16, 2026, 11:27:28 AM",Like,Comment,2472674093
"Mar 18, 2026, 5:28:03 PM",Like,Comment,2474677804
"Mar 18, 2026, 5:33:35 PM",Like,Comment,2474713314
"Mar 18, 2026, 5:36:39 PM",Like,Comment,2474775528
"Mar 18, 2026, 6:41:20 PM",Like,Comment,2474934510
"Mar 18, 2026, 10:39:05 PM",Like,Comment,2475175768
"Mar 18, 2026, 10:39:19 PM",Like,Comment,2475095468
"Mar 22, 2026, 2:12:18 AM",Like,Comment,2478501447
"Mar 23, 2026, 8:43:46 PM",Like,Comment,2481725173
"Mar 27, 2026, 2:48:59 AM",Like,Comment,2484682703
"Apr 1, 2026, 11:18:40 PM",Like,Comment,2492120365
